f1e19	NOK,pIOK,pNOK,IsUV	add	NOK,pIOK,pNOK,IsUV
f1e19	NOK,pIOK,pNOK,IsUV	bors	NOK,pIOK,pNOK,IsUV
f1e19	NOK,pIOK,pNOK,IsUV	dec	NOK,pNOK
f1e19	NOK,pIOK,pNOK,IsUV	fbors	NOK,pIOK,pNOK,IsUV
f1e19	NOK,pIOK,pNOK,IsUV	inc	NOK,pNOK
f1e19	NOK,pIOK,pNOK,IsUV	iv	NOK,pIOK,pNOK,IsUV
f1e19	NOK,pIOK,pNOK,IsUV	nv	NOK,pIOK,pNOK,IsUV
f1e19	NOK,pIOK,pNOK,IsUV	str	NOK,pIOK,pNOK,IsUV
f1e19	NOK,pNOK	add	NOK,pIOK,pNOK,IsUV
f1e19	NOK,pNOK	bors	NOK,pIOK,pNOK,IsUV
f1e19	NOK,pNOK	dec	NOK,pNOK
f1e19	NOK,pNOK	fbors	NOK,pNOK
f1e19	NOK,pNOK	inc	NOK,pNOK
f1e19	NOK,pNOK	iv	NOK,pIOK,pNOK,IsUV
f1e19	NOK,pNOK	nv	NOK,pNOK
f1e19	NOK,pNOK	str	NOK,pNOK
f3	IOK,NOK,POK,pIOK,pNOK,pPOK	add	IOK,NOK,POK,pIOK,pNOK,pPOK
f3	IOK,NOK,POK,pIOK,pNOK,pPOK	bors	IOK,NOK,POK,pIOK,pNOK,pPOK
f3	IOK,NOK,POK,pIOK,pNOK,pPOK	cat0	POK,pPOK
f3	IOK,NOK,POK,pIOK,pNOK,pPOK	catx	POK,pPOK
f3	IOK,NOK,POK,pIOK,pNOK,pPOK	copy	IOK,NOK,POK,pIOK,pNOK,pPOK
f3	IOK,NOK,POK,pIOK,pNOK,pPOK	dec	IOK,pIOK
f3	IOK,NOK,POK,pIOK,pNOK,pPOK	fbors	IOK,NOK,POK,pIOK,pNOK,pPOK
f3	IOK,NOK,POK,pIOK,pNOK,pPOK	inc	IOK,pIOK
f3	IOK,NOK,POK,pIOK,pNOK,pPOK	iv	IOK,NOK,POK,pIOK,pNOK,pPOK
f3	IOK,NOK,POK,pIOK,pNOK,pPOK	nv	IOK,NOK,POK,pIOK,pNOK,pPOK
f3	IOK,NOK,POK,pIOK,pNOK,pPOK	rng	IOK,NOK,POK,pIOK,pNOK,pPOK
f3	IOK,NOK,POK,pIOK,pNOK,pPOK	str	IOK,NOK,POK,pIOK,pNOK,pPOK
f3	IOK,NOK,POK,pIOK,pNOK,pPOK	utf8	IOK,NOK,POK,pIOK,pNOK,pPOK,UTF8
f3	IOK,NOK,POK,pIOK,pNOK,pPOK,UTF8	add	IOK,NOK,POK,pIOK,pNOK,pPOK,UTF8
f3	IOK,NOK,POK,pIOK,pNOK,pPOK,UTF8	bors	IOK,NOK,POK,pIOK,pNOK,pPOK,UTF8
f3	IOK,NOK,POK,pIOK,pNOK,pPOK,UTF8	cat0	POK,pPOK,UTF8
f3	IOK,NOK,POK,pIOK,pNOK,pPOK,UTF8	catx	POK,pPOK,UTF8
f3	IOK,NOK,POK,pIOK,pNOK,pPOK,UTF8	copy	IOK,NOK,POK,pIOK,pNOK,pPOK,UTF8
f3	IOK,NOK,POK,pIOK,pNOK,pPOK,UTF8	dec	IOK,pIOK
f3	IOK,NOK,POK,pIOK,pNOK,pPOK,UTF8	fbors	IOK,NOK,POK,pIOK,pNOK,pPOK,UTF8
f3	IOK,NOK,POK,pIOK,pNOK,pPOK,UTF8	inc	IOK,pIOK
f3	IOK,NOK,POK,pIOK,pNOK,pPOK,UTF8	iv	IOK,NOK,POK,pIOK,pNOK,pPOK,UTF8
f3	IOK,NOK,POK,pIOK,pNOK,pPOK,UTF8	nv	IOK,NOK,POK,pIOK,pNOK,pPOK,UTF8
f3	IOK,NOK,POK,pIOK,pNOK,pPOK,UTF8	rng	IOK,NOK,POK,pIOK,pNOK,pPOK,UTF8
f3	IOK,NOK,POK,pIOK,pNOK,pPOK,UTF8	str	IOK,NOK,POK,pIOK,pNOK,pPOK,UTF8
f3	IOK,NOK,POK,pIOK,pNOK,pPOK,UTF8	utf8	IOK,NOK,POK,pIOK,pNOK,pPOK,UTF8
f3	IOK,NOK,pIOK,pNOK	add	IOK,NOK,pIOK,pNOK
f3	IOK,NOK,pIOK,pNOK	bors	IOK,NOK,pIOK,pNOK
f3	IOK,NOK,pIOK,pNOK	cat0	POK,pPOK
f3	IOK,NOK,pIOK,pNOK	catx	POK,pPOK
f3	IOK,NOK,pIOK,pNOK	copy	IOK,NOK,pIOK,pNOK
f3	IOK,NOK,pIOK,pNOK	dec	IOK,pIOK
f3	IOK,NOK,pIOK,pNOK	fbors	IOK,NOK,pIOK,pNOK,pPOK
f3	IOK,NOK,pIOK,pNOK	inc	IOK,pIOK
f3	IOK,NOK,pIOK,pNOK	iv	IOK,NOK,pIOK,pNOK
f3	IOK,NOK,pIOK,pNOK	nv	IOK,NOK,pIOK,pNOK
f3	IOK,NOK,pIOK,pNOK	rng	IOK,NOK,pIOK,pNOK
f3	IOK,NOK,pIOK,pNOK	str	IOK,NOK,pIOK,pNOK,pPOK
f3	IOK,NOK,pIOK,pNOK	utf8	POK,pPOK,UTF8
f3	IOK,NOK,pIOK,pNOK,pPOK	add	IOK,NOK,pIOK,pNOK,pPOK
f3	IOK,NOK,pIOK,pNOK,pPOK	bors	IOK,NOK,pIOK,pNOK,pPOK
f3	IOK,NOK,pIOK,pNOK,pPOK	cat0	POK,pPOK
f3	IOK,NOK,pIOK,pNOK,pPOK	catx	POK,pPOK
f3	IOK,NOK,pIOK,pNOK,pPOK	copy	IOK,NOK,pIOK,pNOK,pPOK
f3	IOK,NOK,pIOK,pNOK,pPOK	dec	IOK,pIOK
f3	IOK,NOK,pIOK,pNOK,pPOK	fbors	IOK,NOK,pIOK,pNOK,pPOK
f3	IOK,NOK,pIOK,pNOK,pPOK	inc	IOK,pIOK
f3	IOK,NOK,pIOK,pNOK,pPOK	iv	IOK,NOK,pIOK,pNOK,pPOK
f3	IOK,NOK,pIOK,pNOK,pPOK	nv	IOK,NOK,pIOK,pNOK,pPOK
f3	IOK,NOK,pIOK,pNOK,pPOK	rng	IOK,NOK,pIOK,pNOK,pPOK
f3	IOK,NOK,pIOK,pNOK,pPOK	str	IOK,NOK,pIOK,pNOK,pPOK
f3	IOK,NOK,pIOK,pNOK,pPOK	utf8	POK,pPOK,UTF8
f3	IOK,POK,pIOK,pPOK	add	IOK,POK,pIOK,pPOK
f3	IOK,POK,pIOK,pPOK	bors	IOK,POK,pIOK,pPOK
f3	IOK,POK,pIOK,pPOK	cat0	POK,pPOK
f3	IOK,POK,pIOK,pPOK	catx	POK,pPOK
f3	IOK,POK,pIOK,pPOK	copy	IOK,POK,pIOK,pPOK
f3	IOK,POK,pIOK,pPOK	dec	IOK,pIOK
f3	IOK,POK,pIOK,pPOK	fbors	IOK,POK,pIOK,pPOK
f3	IOK,POK,pIOK,pPOK	inc	IOK,pIOK
f3	IOK,POK,pIOK,pPOK	iv	IOK,POK,pIOK,pPOK
f3	IOK,POK,pIOK,pPOK	nv	IOK,NOK,POK,pIOK,pNOK,pPOK
f3	IOK,POK,pIOK,pPOK	rng	IOK,POK,pIOK,pPOK
f3	IOK,POK,pIOK,pPOK	str	IOK,POK,pIOK,pPOK
f3	IOK,POK,pIOK,pPOK	utf8	IOK,POK,pIOK,pPOK,UTF8
f3	IOK,POK,pIOK,pPOK,UTF8	add	IOK,POK,pIOK,pPOK,UTF8
f3	IOK,POK,pIOK,pPOK,UTF8	bors	IOK,POK,pIOK,pPOK,UTF8
f3	IOK,POK,pIOK,pPOK,UTF8	cat0	POK,pPOK,UTF8
f3	IOK,POK,pIOK,pPOK,UTF8	catx	POK,pPOK,UTF8
f3	IOK,POK,pIOK,pPOK,UTF8	copy	IOK,POK,pIOK,pPOK,UTF8
f3	IOK,POK,pIOK,pPOK,UTF8	dec	IOK,pIOK
f3	IOK,POK,pIOK,pPOK,UTF8	fbors	IOK,POK,pIOK,pPOK,UTF8
f3	IOK,POK,pIOK,pPOK,UTF8	inc	IOK,pIOK
f3	IOK,POK,pIOK,pPOK,UTF8	iv	IOK,POK,pIOK,pPOK,UTF8
f3	IOK,POK,pIOK,pPOK,UTF8	nv	IOK,NOK,POK,pIOK,pNOK,pPOK,UTF8
f3	IOK,POK,pIOK,pPOK,UTF8	rng	IOK,POK,pIOK,pPOK,UTF8
f3	IOK,POK,pIOK,pPOK,UTF8	str	IOK,POK,pIOK,pPOK,UTF8
f3	IOK,POK,pIOK,pPOK,UTF8	utf8	IOK,POK,pIOK,pPOK,UTF8
f3	IOK,pIOK	add	IOK,pIOK
f3	IOK,pIOK	bors	IOK,pIOK
f3	IOK,pIOK	cat0	POK,pPOK
f3	IOK,pIOK	catx	POK,pPOK
f3	IOK,pIOK	copy	IOK,pIOK
f3	IOK,pIOK	dec	IOK,pIOK
f3	IOK,pIOK	fbors	IOK,pIOK,pPOK
f3	IOK,pIOK	inc	IOK,pIOK
f3	IOK,pIOK	iv	IOK,pIOK
f3	IOK,pIOK	nv	IOK,NOK,pIOK,pNOK
f3	IOK,pIOK	rng	IOK,pIOK
f3	IOK,pIOK	str	IOK,pIOK,pPOK
f3	IOK,pIOK	utf8	POK,pPOK,UTF8
f3	IOK,pIOK,pPOK	add	IOK,pIOK,pPOK
f3	IOK,pIOK,pPOK	bors	IOK,pIOK,pPOK
f3	IOK,pIOK,pPOK	cat0	POK,pPOK
f3	IOK,pIOK,pPOK	catx	POK,pPOK
f3	IOK,pIOK,pPOK	copy	IOK,pIOK,pPOK
f3	IOK,pIOK,pPOK	dec	IOK,pIOK
f3	IOK,pIOK,pPOK	fbors	IOK,pIOK,pPOK
f3	IOK,pIOK,pPOK	inc	IOK,pIOK
f3	IOK,pIOK,pPOK	iv	IOK,pIOK,pPOK
f3	IOK,pIOK,pPOK	nv	IOK,NOK,pIOK,pNOK,pPOK
f3	IOK,pIOK,pPOK	rng	IOK,pIOK,pPOK
f3	IOK,pIOK,pPOK	str	IOK,pIOK,pPOK
f3	IOK,pIOK,pPOK	utf8	POK,pPOK,UTF8
f3	NOK,POK,pNOK,pPOK	add	IOK,NOK,POK,pIOK,pNOK,pPOK
f3	NOK,POK,pNOK,pPOK	bors	IOK,NOK,POK,pIOK,pNOK,pPOK
f3	NOK,POK,pNOK,pPOK	cat0	POK,pPOK
f3	NOK,POK,pNOK,pPOK	catx	POK,pPOK
f3	NOK,POK,pNOK,pPOK	copy	NOK,POK,pNOK,pPOK
f3	NOK,POK,pNOK,pPOK	dec	NOK,pNOK
f3	NOK,POK,pNOK,pPOK	fbors	NOK,POK,pNOK,pPOK
f3	NOK,POK,pNOK,pPOK	inc	IOK,pIOK
f3	NOK,POK,pNOK,pPOK	iv	IOK,NOK,POK,pIOK,pNOK,pPOK
f3	NOK,POK,pNOK,pPOK	nv	NOK,POK,pNOK,pPOK
f3	NOK,POK,pNOK,pPOK	rng	IOK,NOK,POK,pIOK,pNOK,pPOK
f3	NOK,POK,pNOK,pPOK	str	NOK,POK,pNOK,pPOK
f3	NOK,POK,pNOK,pPOK	utf8	NOK,POK,pNOK,pPOK,UTF8
f3	NOK,POK,pNOK,pPOK,UTF8	add	IOK,NOK,POK,pIOK,pNOK,pPOK,UTF8
f3	NOK,POK,pNOK,pPOK,UTF8	bors	IOK,NOK,POK,pIOK,pNOK,pPOK,UTF8
f3	NOK,POK,pNOK,pPOK,UTF8	cat0	POK,pPOK,UTF8
f3	NOK,POK,pNOK,pPOK,UTF8	catx	POK,pPOK,UTF8
f3	NOK,POK,pNOK,pPOK,UTF8	copy	NOK,POK,pNOK,pPOK,UTF8
f3	NOK,POK,pNOK,pPOK,UTF8	dec	NOK,pNOK
f3	NOK,POK,pNOK,pPOK,UTF8	fbors	NOK,POK,pNOK,pPOK,UTF8
f3	NOK,POK,pNOK,pPOK,UTF8	inc	IOK,pIOK
f3	NOK,POK,pNOK,pPOK,UTF8	iv	IOK,NOK,POK,pIOK,pNOK,pPOK,UTF8
f3	NOK,POK,pNOK,pPOK,UTF8	nv	NOK,POK,pNOK,pPOK,UTF8
f3	NOK,POK,pNOK,pPOK,UTF8	rng	IOK,NOK,POK,pIOK,pNOK,pPOK,UTF8
f3	NOK,POK,pNOK,pPOK,UTF8	str	NOK,POK,pNOK,pPOK,UTF8
f3	NOK,POK,pNOK,pPOK,UTF8	utf8	NOK,POK,pNOK,pPOK,UTF8
f3	NOK,pNOK	add	IOK,NOK,pIOK,pNOK
f3	NOK,pNOK	bors	IOK,NOK,pIOK,pNOK
f3	NOK,pNOK	cat0	POK,pPOK
f3	NOK,pNOK	catx	POK,pPOK
f3	NOK,pNOK	copy	NOK,pNOK
f3	NOK,pNOK	dec	NOK,pNOK
f3	NOK,pNOK	fbors	NOK,pNOK
f3	NOK,pNOK	inc	IOK,pIOK
f3	NOK,pNOK	iv	IOK,NOK,pIOK,pNOK
f3	NOK,pNOK	nv	NOK,pNOK
f3	NOK,pNOK	rng	IOK,NOK,pIOK,pNOK
f3	NOK,pNOK	str	NOK,pNOK
f3	NOK,pNOK	utf8	POK,pPOK,UTF8
f3	POK,pIOK,pNOK,pPOK	add	POK,pIOK,pNOK,pPOK
f3	POK,pIOK,pNOK,pPOK	bors	POK,pIOK,pNOK,pPOK
f3	POK,pIOK,pNOK,pPOK	cat0	POK,pIOK,pNOK,pPOK
f3	POK,pIOK,pNOK,pPOK	catx	POK,pIOK,pNOK,pPOK
f3	POK,pIOK,pNOK,pPOK	copy	POK,pIOK,pNOK,pPOK
f3	POK,pIOK,pNOK,pPOK	dec	NOK,pNOK
f3	POK,pIOK,pNOK,pPOK	fbors	POK,pIOK,pNOK,pPOK
f3	POK,pIOK,pNOK,pPOK	inc	NOK,pNOK
f3	POK,pIOK,pNOK,pPOK	iv	POK,pIOK,pNOK,pPOK
f3	POK,pIOK,pNOK,pPOK	nv	POK,pIOK,pNOK,pPOK
f3	POK,pIOK,pNOK,pPOK	rng	POK,pIOK,pNOK,pPOK
f3	POK,pIOK,pNOK,pPOK	str	POK,pIOK,pNOK,pPOK
f3	POK,pIOK,pNOK,pPOK	utf8	POK,pIOK,pNOK,pPOK,UTF8
f3	POK,pIOK,pNOK,pPOK,UTF8	add	POK,pIOK,pNOK,pPOK,UTF8
f3	POK,pIOK,pNOK,pPOK,UTF8	bors	POK,pIOK,pNOK,pPOK,UTF8
f3	POK,pIOK,pNOK,pPOK,UTF8	cat0	POK,pIOK,pNOK,pPOK,UTF8
f3	POK,pIOK,pNOK,pPOK,UTF8	catx	POK,pIOK,pNOK,pPOK,UTF8
f3	POK,pIOK,pNOK,pPOK,UTF8	copy	POK,pIOK,pNOK,pPOK,UTF8
f3	POK,pIOK,pNOK,pPOK,UTF8	dec	NOK,pNOK
f3	POK,pIOK,pNOK,pPOK,UTF8	fbors	POK,pIOK,pNOK,pPOK,UTF8
f3	POK,pIOK,pNOK,pPOK,UTF8	inc	NOK,pNOK
f3	POK,pIOK,pNOK,pPOK,UTF8	iv	POK,pIOK,pNOK,pPOK,UTF8
f3	POK,pIOK,pNOK,pPOK,UTF8	nv	POK,pIOK,pNOK,pPOK,UTF8
f3	POK,pIOK,pNOK,pPOK,UTF8	rng	POK,pIOK,pNOK,pPOK,UTF8
f3	POK,pIOK,pNOK,pPOK,UTF8	str	POK,pIOK,pNOK,pPOK,UTF8
f3	POK,pIOK,pNOK,pPOK,UTF8	utf8	POK,pIOK,pNOK,pPOK,UTF8
f3	POK,pNOK,pPOK	add	POK,pIOK,pNOK,pPOK
f3	POK,pNOK,pPOK	bors	POK,pIOK,pNOK,pPOK
f3	POK,pNOK,pPOK	cat0	POK,pNOK,pPOK
f3	POK,pNOK,pPOK	catx	POK,pNOK,pPOK
f3	POK,pNOK,pPOK	copy	POK,pNOK,pPOK
f3	POK,pNOK,pPOK	dec	NOK,pNOK
f3	POK,pNOK,pPOK	fbors	POK,pNOK,pPOK
f3	POK,pNOK,pPOK	inc	NOK,pNOK
f3	POK,pNOK,pPOK	iv	POK,pIOK,pNOK,pPOK
f3	POK,pNOK,pPOK	nv	POK,pNOK,pPOK
f3	POK,pNOK,pPOK	rng	POK,pIOK,pNOK,pPOK
f3	POK,pNOK,pPOK	str	POK,pNOK,pPOK
f3	POK,pNOK,pPOK	utf8	POK,pNOK,pPOK,UTF8
f3	POK,pNOK,pPOK,UTF8	add	POK,pIOK,pNOK,pPOK,UTF8
f3	POK,pNOK,pPOK,UTF8	bors	POK,pIOK,pNOK,pPOK,UTF8
f3	POK,pNOK,pPOK,UTF8	cat0	POK,pNOK,pPOK,UTF8
f3	POK,pNOK,pPOK,UTF8	catx	POK,pNOK,pPOK,UTF8
f3	POK,pNOK,pPOK,UTF8	copy	POK,pNOK,pPOK,UTF8
f3	POK,pNOK,pPOK,UTF8	dec	NOK,pNOK
f3	POK,pNOK,pPOK,UTF8	fbors	POK,pNOK,pPOK,UTF8
f3	POK,pNOK,pPOK,UTF8	inc	NOK,pNOK
f3	POK,pNOK,pPOK,UTF8	iv	POK,pIOK,pNOK,pPOK,UTF8
f3	POK,pNOK,pPOK,UTF8	nv	POK,pNOK,pPOK,UTF8
f3	POK,pNOK,pPOK,UTF8	rng	POK,pIOK,pNOK,pPOK,UTF8
f3	POK,pNOK,pPOK,UTF8	str	POK,pNOK,pPOK,UTF8
f3	POK,pNOK,pPOK,UTF8	utf8	POK,pNOK,pPOK,UTF8
f3	POK,pPOK	add	POK,pIOK,pNOK,pPOK	CONFLICT(IOK,POK,pIOK,pPOK|POK,pIOK,pNOK,pPOK)
f3	POK,pPOK	bors	POK,pPOK
f3	POK,pPOK	cat0	POK,pPOK
f3	POK,pPOK	catx	POK,pPOK
f3	POK,pPOK	copy	POK,pPOK
f3	POK,pPOK	dec	NOK,pNOK	CONFLICT(IOK,pIOK|NOK,pNOK)
f3	POK,pPOK	fbors	POK,pPOK
f3	POK,pPOK	inc	NOK,pNOK	CONFLICT(NOK,pNOK|POK,pPOK)
f3	POK,pPOK	iv	POK,pIOK,pNOK,pPOK	CONFLICT(IOK,POK,pIOK,pPOK|POK,pIOK,pNOK,pPOK)
f3	POK,pPOK	nv	POK,pNOK,pPOK	CONFLICT(NOK,POK,pNOK,pPOK|POK,pNOK,pPOK)
f3	POK,pPOK	rng	POK,pPOK	CONFLICT(IOK,NOK,POK,pIOK,pNOK,pPOK|POK,pPOK)
f3	POK,pPOK	str	POK,pPOK
f3	POK,pPOK	utf8	POK,pPOK,UTF8
f3	POK,pPOK,UTF8	add	IOK,POK,pIOK,pPOK,UTF8	CONFLICT(IOK,POK,pIOK,pPOK,UTF8|POK,pIOK,pNOK,pPOK,UTF8)
f3	POK,pPOK,UTF8	bors	POK,pPOK,UTF8
f3	POK,pPOK,UTF8	cat0	POK,pPOK,UTF8
f3	POK,pPOK,UTF8	catx	POK,pPOK,UTF8
f3	POK,pPOK,UTF8	copy	POK,pPOK,UTF8
f3	POK,pPOK,UTF8	dec	IOK,pIOK	CONFLICT(IOK,pIOK|NOK,pNOK)
f3	POK,pPOK,UTF8	fbors	POK,pPOK,UTF8
f3	POK,pPOK,UTF8	inc	POK,pPOK,UTF8	CONFLICT(NOK,pNOK|POK,pPOK,UTF8)
f3	POK,pPOK,UTF8	iv	IOK,POK,pIOK,pPOK,UTF8	CONFLICT(IOK,POK,pIOK,pPOK,UTF8|POK,pIOK,pNOK,pPOK,UTF8)
f3	POK,pPOK,UTF8	nv	NOK,POK,pNOK,pPOK,UTF8	CONFLICT(NOK,POK,pNOK,pPOK,UTF8|POK,pNOK,pPOK,UTF8)
f3	POK,pPOK,UTF8	rng	IOK,NOK,POK,pIOK,pNOK,pPOK,UTF8	CONFLICT(IOK,NOK,POK,pIOK,pNOK,pPOK,UTF8|POK,pPOK,UTF8)
f3	POK,pPOK,UTF8	str	POK,pPOK,UTF8
f3	POK,pPOK,UTF8	utf8	POK,pPOK,UTF8
f3_5	NOK,POK,pIOK,pNOK,pPOK	add	NOK,POK,pIOK,pNOK,pPOK
f3_5	NOK,POK,pIOK,pNOK,pPOK	bors	NOK,POK,pIOK,pNOK,pPOK
f3_5	NOK,POK,pIOK,pNOK,pPOK	cat0	POK,pPOK
f3_5	NOK,POK,pIOK,pNOK,pPOK	catx	POK,pPOK
f3_5	NOK,POK,pIOK,pNOK,pPOK	copy	NOK,POK,pIOK,pNOK,pPOK
f3_5	NOK,POK,pIOK,pNOK,pPOK	dec	NOK,pNOK
f3_5	NOK,POK,pIOK,pNOK,pPOK	fbors	NOK,POK,pIOK,pNOK,pPOK
f3_5	NOK,POK,pIOK,pNOK,pPOK	inc	NOK,pNOK
f3_5	NOK,POK,pIOK,pNOK,pPOK	iv	NOK,POK,pIOK,pNOK,pPOK
f3_5	NOK,POK,pIOK,pNOK,pPOK	nv	NOK,POK,pIOK,pNOK,pPOK
f3_5	NOK,POK,pIOK,pNOK,pPOK	rng	NOK,POK,pIOK,pNOK,pPOK
f3_5	NOK,POK,pIOK,pNOK,pPOK	str	NOK,POK,pIOK,pNOK,pPOK
f3_5	NOK,POK,pIOK,pNOK,pPOK	utf8	NOK,POK,pIOK,pNOK,pPOK,UTF8
f3_5	NOK,POK,pIOK,pNOK,pPOK,UTF8	add	NOK,POK,pIOK,pNOK,pPOK,UTF8
f3_5	NOK,POK,pIOK,pNOK,pPOK,UTF8	bors	NOK,POK,pIOK,pNOK,pPOK,UTF8
f3_5	NOK,POK,pIOK,pNOK,pPOK,UTF8	cat0	POK,pPOK,UTF8
f3_5	NOK,POK,pIOK,pNOK,pPOK,UTF8	catx	POK,pPOK,UTF8
f3_5	NOK,POK,pIOK,pNOK,pPOK,UTF8	copy	NOK,POK,pIOK,pNOK,pPOK,UTF8
f3_5	NOK,POK,pIOK,pNOK,pPOK,UTF8	dec	NOK,pNOK
f3_5	NOK,POK,pIOK,pNOK,pPOK,UTF8	fbors	NOK,POK,pIOK,pNOK,pPOK,UTF8
f3_5	NOK,POK,pIOK,pNOK,pPOK,UTF8	inc	NOK,pNOK
f3_5	NOK,POK,pIOK,pNOK,pPOK,UTF8	iv	NOK,POK,pIOK,pNOK,pPOK,UTF8
f3_5	NOK,POK,pIOK,pNOK,pPOK,UTF8	nv	NOK,POK,pIOK,pNOK,pPOK,UTF8
f3_5	NOK,POK,pIOK,pNOK,pPOK,UTF8	rng	NOK,POK,pIOK,pNOK,pPOK,UTF8
f3_5	NOK,POK,pIOK,pNOK,pPOK,UTF8	str	NOK,POK,pIOK,pNOK,pPOK,UTF8
f3_5	NOK,POK,pIOK,pNOK,pPOK,UTF8	utf8	NOK,POK,pIOK,pNOK,pPOK,UTF8
f3_5	NOK,POK,pNOK,pPOK	add	NOK,POK,pIOK,pNOK,pPOK
f3_5	NOK,POK,pNOK,pPOK	bors	NOK,POK,pIOK,pNOK,pPOK
f3_5	NOK,POK,pNOK,pPOK	cat0	POK,pPOK
f3_5	NOK,POK,pNOK,pPOK	catx	POK,pPOK
f3_5	NOK,POK,pNOK,pPOK	copy	NOK,POK,pNOK,pPOK
f3_5	NOK,POK,pNOK,pPOK	dec	NOK,pNOK
f3_5	NOK,POK,pNOK,pPOK	fbors	NOK,POK,pNOK,pPOK
f3_5	NOK,POK,pNOK,pPOK	inc	NOK,pNOK
f3_5	NOK,POK,pNOK,pPOK	iv	NOK,POK,pIOK,pNOK,pPOK
f3_5	NOK,POK,pNOK,pPOK	nv	NOK,POK,pNOK,pPOK
f3_5	NOK,POK,pNOK,pPOK	rng	NOK,POK,pIOK,pNOK,pPOK
f3_5	NOK,POK,pNOK,pPOK	str	NOK,POK,pNOK,pPOK
f3_5	NOK,POK,pNOK,pPOK	utf8	NOK,POK,pNOK,pPOK,UTF8
f3_5	NOK,POK,pNOK,pPOK,UTF8	add	NOK,POK,pIOK,pNOK,pPOK,UTF8
f3_5	NOK,POK,pNOK,pPOK,UTF8	bors	NOK,POK,pIOK,pNOK,pPOK,UTF8
f3_5	NOK,POK,pNOK,pPOK,UTF8	cat0	POK,pPOK,UTF8
f3_5	NOK,POK,pNOK,pPOK,UTF8	catx	POK,pPOK,UTF8
f3_5	NOK,POK,pNOK,pPOK,UTF8	copy	NOK,POK,pNOK,pPOK,UTF8
f3_5	NOK,POK,pNOK,pPOK,UTF8	dec	NOK,pNOK
f3_5	NOK,POK,pNOK,pPOK,UTF8	fbors	NOK,POK,pNOK,pPOK,UTF8
f3_5	NOK,POK,pNOK,pPOK,UTF8	inc	NOK,pNOK
f3_5	NOK,POK,pNOK,pPOK,UTF8	iv	NOK,POK,pIOK,pNOK,pPOK,UTF8
f3_5	NOK,POK,pNOK,pPOK,UTF8	nv	NOK,POK,pNOK,pPOK,UTF8
f3_5	NOK,POK,pNOK,pPOK,UTF8	rng	NOK,POK,pIOK,pNOK,pPOK,UTF8
f3_5	NOK,POK,pNOK,pPOK,UTF8	str	NOK,POK,pNOK,pPOK,UTF8
f3_5	NOK,POK,pNOK,pPOK,UTF8	utf8	NOK,POK,pNOK,pPOK,UTF8
f3_5	NOK,pIOK,pNOK	add	NOK,pIOK,pNOK
f3_5	NOK,pIOK,pNOK	bors	NOK,pIOK,pNOK
f3_5	NOK,pIOK,pNOK	cat0	POK,pPOK
f3_5	NOK,pIOK,pNOK	catx	POK,pPOK
f3_5	NOK,pIOK,pNOK	copy	NOK,pIOK,pNOK
f3_5	NOK,pIOK,pNOK	dec	NOK,pNOK
f3_5	NOK,pIOK,pNOK	fbors	NOK,pIOK,pNOK
f3_5	NOK,pIOK,pNOK	inc	NOK,pNOK
f3_5	NOK,pIOK,pNOK	iv	NOK,pIOK,pNOK
f3_5	NOK,pIOK,pNOK	nv	NOK,pIOK,pNOK
f3_5	NOK,pIOK,pNOK	rng	NOK,pIOK,pNOK
f3_5	NOK,pIOK,pNOK	str	NOK,pIOK,pNOK
f3_5	NOK,pIOK,pNOK	utf8	POK,pPOK,UTF8
f3_5	NOK,pNOK	add	NOK,pIOK,pNOK
f3_5	NOK,pNOK	bors	NOK,pIOK,pNOK
f3_5	NOK,pNOK	cat0	POK,pPOK
f3_5	NOK,pNOK	catx	POK,pPOK
f3_5	NOK,pNOK	copy	NOK,pNOK
f3_5	NOK,pNOK	dec	NOK,pNOK
f3_5	NOK,pNOK	fbors	NOK,pNOK
f3_5	NOK,pNOK	inc	NOK,pNOK
f3_5	NOK,pNOK	iv	NOK,pIOK,pNOK
f3_5	NOK,pNOK	nv	NOK,pNOK
f3_5	NOK,pNOK	rng	NOK,pIOK,pNOK
f3_5	NOK,pNOK	str	NOK,pNOK
f3_5	NOK,pNOK	utf8	POK,pPOK,UTF8
f3_5	POK,pIOK,pNOK,pPOK	add	POK,pIOK,pNOK,pPOK
f3_5	POK,pIOK,pNOK,pPOK	bors	POK,pIOK,pNOK,pPOK
f3_5	POK,pIOK,pNOK,pPOK	cat0	POK,pIOK,pNOK,pPOK
f3_5	POK,pIOK,pNOK,pPOK	catx	POK,pIOK,pNOK,pPOK
f3_5	POK,pIOK,pNOK,pPOK	copy	POK,pIOK,pNOK,pPOK
f3_5	POK,pIOK,pNOK,pPOK	dec	NOK,pNOK
f3_5	POK,pIOK,pNOK,pPOK	fbors	POK,pIOK,pNOK,pPOK
f3_5	POK,pIOK,pNOK,pPOK	inc	NOK,pNOK
f3_5	POK,pIOK,pNOK,pPOK	iv	POK,pIOK,pNOK,pPOK
f3_5	POK,pIOK,pNOK,pPOK	nv	POK,pIOK,pNOK,pPOK
f3_5	POK,pIOK,pNOK,pPOK	rng	POK,pIOK,pNOK,pPOK
f3_5	POK,pIOK,pNOK,pPOK	str	POK,pIOK,pNOK,pPOK
f3_5	POK,pIOK,pNOK,pPOK	utf8	POK,pIOK,pNOK,pPOK,UTF8
f3_5	POK,pIOK,pNOK,pPOK,UTF8	add	POK,pIOK,pNOK,pPOK,UTF8
f3_5	POK,pIOK,pNOK,pPOK,UTF8	bors	POK,pIOK,pNOK,pPOK,UTF8
f3_5	POK,pIOK,pNOK,pPOK,UTF8	cat0	POK,pIOK,pNOK,pPOK,UTF8
f3_5	POK,pIOK,pNOK,pPOK,UTF8	catx	POK,pIOK,pNOK,pPOK,UTF8
f3_5	POK,pIOK,pNOK,pPOK,UTF8	copy	POK,pIOK,pNOK,pPOK,UTF8
f3_5	POK,pIOK,pNOK,pPOK,UTF8	dec	NOK,pNOK
f3_5	POK,pIOK,pNOK,pPOK,UTF8	fbors	POK,pIOK,pNOK,pPOK,UTF8
f3_5	POK,pIOK,pNOK,pPOK,UTF8	inc	NOK,pNOK
f3_5	POK,pIOK,pNOK,pPOK,UTF8	iv	POK,pIOK,pNOK,pPOK,UTF8
f3_5	POK,pIOK,pNOK,pPOK,UTF8	nv	POK,pIOK,pNOK,pPOK,UTF8
f3_5	POK,pIOK,pNOK,pPOK,UTF8	rng	POK,pIOK,pNOK,pPOK,UTF8
f3_5	POK,pIOK,pNOK,pPOK,UTF8	str	POK,pIOK,pNOK,pPOK,UTF8
f3_5	POK,pIOK,pNOK,pPOK,UTF8	utf8	POK,pIOK,pNOK,pPOK,UTF8
f3_5	POK,pNOK,pPOK	add	POK,pIOK,pNOK,pPOK
f3_5	POK,pNOK,pPOK	bors	POK,pIOK,pNOK,pPOK
f3_5	POK,pNOK,pPOK	cat0	POK,pNOK,pPOK
f3_5	POK,pNOK,pPOK	catx	POK,pNOK,pPOK
f3_5	POK,pNOK,pPOK	copy	POK,pNOK,pPOK
f3_5	POK,pNOK,pPOK	dec	NOK,pNOK
f3_5	POK,pNOK,pPOK	fbors	POK,pNOK,pPOK
f3_5	POK,pNOK,pPOK	inc	NOK,pNOK
f3_5	POK,pNOK,pPOK	iv	POK,pIOK,pNOK,pPOK
f3_5	POK,pNOK,pPOK	nv	POK,pNOK,pPOK
f3_5	POK,pNOK,pPOK	rng	POK,pIOK,pNOK,pPOK
f3_5	POK,pNOK,pPOK	str	POK,pNOK,pPOK
f3_5	POK,pNOK,pPOK	utf8	POK,pNOK,pPOK,UTF8
f3_5	POK,pNOK,pPOK,UTF8	add	POK,pIOK,pNOK,pPOK,UTF8
f3_5	POK,pNOK,pPOK,UTF8	bors	POK,pIOK,pNOK,pPOK,UTF8
f3_5	POK,pNOK,pPOK,UTF8	cat0	POK,pNOK,pPOK,UTF8
f3_5	POK,pNOK,pPOK,UTF8	catx	POK,pNOK,pPOK,UTF8
f3_5	POK,pNOK,pPOK,UTF8	copy	POK,pNOK,pPOK,UTF8
f3_5	POK,pNOK,pPOK,UTF8	dec	NOK,pNOK
f3_5	POK,pNOK,pPOK,UTF8	fbors	POK,pNOK,pPOK,UTF8
f3_5	POK,pNOK,pPOK,UTF8	inc	NOK,pNOK
f3_5	POK,pNOK,pPOK,UTF8	iv	POK,pIOK,pNOK,pPOK,UTF8
f3_5	POK,pNOK,pPOK,UTF8	nv	POK,pNOK,pPOK,UTF8
f3_5	POK,pNOK,pPOK,UTF8	rng	POK,pIOK,pNOK,pPOK,UTF8
f3_5	POK,pNOK,pPOK,UTF8	str	POK,pNOK,pPOK,UTF8
f3_5	POK,pNOK,pPOK,UTF8	utf8	POK,pNOK,pPOK,UTF8
f3_5	POK,pPOK	add	POK,pIOK,pNOK,pPOK	CONFLICT(NOK,POK,pIOK,pNOK,pPOK|POK,pIOK,pNOK,pPOK)
f3_5	POK,pPOK	bors	POK,pPOK
f3_5	POK,pPOK	cat0	POK,pPOK
f3_5	POK,pPOK	catx	POK,pPOK
f3_5	POK,pPOK	copy	POK,pPOK
f3_5	POK,pPOK	dec	NOK,pNOK
f3_5	POK,pPOK	fbors	POK,pPOK
f3_5	POK,pPOK	inc	NOK,pNOK
f3_5	POK,pPOK	iv	POK,pIOK,pNOK,pPOK	CONFLICT(NOK,POK,pIOK,pNOK,pPOK|POK,pIOK,pNOK,pPOK)
f3_5	POK,pPOK	nv	POK,pNOK,pPOK	CONFLICT(NOK,POK,pNOK,pPOK|POK,pNOK,pPOK)
f3_5	POK,pPOK	rng	POK,pPOK	CONFLICT(NOK,POK,pIOK,pNOK,pPOK|POK,pPOK)
f3_5	POK,pPOK	str	POK,pPOK
f3_5	POK,pPOK	utf8	POK,pPOK,UTF8
f3_5	POK,pPOK,UTF8	add	NOK,POK,pIOK,pNOK,pPOK,UTF8	CONFLICT(NOK,POK,pIOK,pNOK,pPOK,UTF8|POK,pIOK,pNOK,pPOK,UTF8)
f3_5	POK,pPOK,UTF8	bors	POK,pPOK,UTF8
f3_5	POK,pPOK,UTF8	cat0	POK,pPOK,UTF8
f3_5	POK,pPOK,UTF8	catx	POK,pPOK,UTF8
f3_5	POK,pPOK,UTF8	copy	POK,pPOK,UTF8
f3_5	POK,pPOK,UTF8	dec	NOK,pNOK
f3_5	POK,pPOK,UTF8	fbors	POK,pPOK,UTF8
f3_5	POK,pPOK,UTF8	inc	NOK,pNOK
f3_5	POK,pPOK,UTF8	iv	NOK,POK,pIOK,pNOK,pPOK,UTF8	CONFLICT(NOK,POK,pIOK,pNOK,pPOK,UTF8|POK,pIOK,pNOK,pPOK,UTF8)
f3_5	POK,pPOK,UTF8	nv	NOK,POK,pNOK,pPOK,UTF8	CONFLICT(NOK,POK,pNOK,pPOK,UTF8|POK,pNOK,pPOK,UTF8)
f3_5	POK,pPOK,UTF8	rng	NOK,POK,pIOK,pNOK,pPOK,UTF8	CONFLICT(NOK,POK,pIOK,pNOK,pPOK,UTF8|POK,pPOK,UTF8)
f3_5	POK,pPOK,UTF8	str	POK,pPOK,UTF8
f3_5	POK,pPOK,UTF8	utf8	POK,pPOK,UTF8
i10	IOK,NOK,POK,pIOK,pNOK,pPOK	add	IOK,NOK,POK,pIOK,pNOK,pPOK
i10	IOK,NOK,POK,pIOK,pNOK,pPOK	bors	IOK,NOK,POK,pIOK,pNOK,pPOK
i10	IOK,NOK,POK,pIOK,pNOK,pPOK	cat0	POK,pPOK
i10	IOK,NOK,POK,pIOK,pNOK,pPOK	catx	POK,pPOK
i10	IOK,NOK,POK,pIOK,pNOK,pPOK	copy	IOK,NOK,POK,pIOK,pNOK,pPOK
i10	IOK,NOK,POK,pIOK,pNOK,pPOK	dec	IOK,pIOK
i10	IOK,NOK,POK,pIOK,pNOK,pPOK	fbors	IOK,NOK,POK,pIOK,pNOK,pPOK
i10	IOK,NOK,POK,pIOK,pNOK,pPOK	inc	IOK,pIOK
i10	IOK,NOK,POK,pIOK,pNOK,pPOK	iv	IOK,NOK,POK,pIOK,pNOK,pPOK
i10	IOK,NOK,POK,pIOK,pNOK,pPOK	nv	IOK,NOK,POK,pIOK,pNOK,pPOK
i10	IOK,NOK,POK,pIOK,pNOK,pPOK	rng	IOK,NOK,POK,pIOK,pNOK,pPOK
i10	IOK,NOK,POK,pIOK,pNOK,pPOK	str	IOK,NOK,POK,pIOK,pNOK,pPOK
i10	IOK,NOK,POK,pIOK,pNOK,pPOK	utf8	IOK,NOK,POK,pIOK,pNOK,pPOK,UTF8
i10	IOK,NOK,POK,pIOK,pNOK,pPOK,UTF8	add	IOK,NOK,POK,pIOK,pNOK,pPOK,UTF8
i10	IOK,NOK,POK,pIOK,pNOK,pPOK,UTF8	bors	IOK,NOK,POK,pIOK,pNOK,pPOK,UTF8
i10	IOK,NOK,POK,pIOK,pNOK,pPOK,UTF8	cat0	POK,pPOK,UTF8
i10	IOK,NOK,POK,pIOK,pNOK,pPOK,UTF8	catx	POK,pPOK,UTF8
i10	IOK,NOK,POK,pIOK,pNOK,pPOK,UTF8	copy	IOK,NOK,POK,pIOK,pNOK,pPOK,UTF8
i10	IOK,NOK,POK,pIOK,pNOK,pPOK,UTF8	dec	IOK,pIOK
i10	IOK,NOK,POK,pIOK,pNOK,pPOK,UTF8	fbors	IOK,NOK,POK,pIOK,pNOK,pPOK,UTF8
i10	IOK,NOK,POK,pIOK,pNOK,pPOK,UTF8	inc	IOK,pIOK
i10	IOK,NOK,POK,pIOK,pNOK,pPOK,UTF8	iv	IOK,NOK,POK,pIOK,pNOK,pPOK,UTF8
i10	IOK,NOK,POK,pIOK,pNOK,pPOK,UTF8	nv	IOK,NOK,POK,pIOK,pNOK,pPOK,UTF8
i10	IOK,NOK,POK,pIOK,pNOK,pPOK,UTF8	rng	IOK,NOK,POK,pIOK,pNOK,pPOK,UTF8
i10	IOK,NOK,POK,pIOK,pNOK,pPOK,UTF8	str	IOK,NOK,POK,pIOK,pNOK,pPOK,UTF8
i10	IOK,NOK,POK,pIOK,pNOK,pPOK,UTF8	utf8	IOK,NOK,POK,pIOK,pNOK,pPOK,UTF8
i10	IOK,NOK,pIOK,pNOK	add	IOK,NOK,pIOK,pNOK
i10	IOK,NOK,pIOK,pNOK	bors	IOK,NOK,pIOK,pNOK
i10	IOK,NOK,pIOK,pNOK	cat0	POK,pPOK
i10	IOK,NOK,pIOK,pNOK	catx	POK,pPOK
i10	IOK,NOK,pIOK,pNOK	copy	IOK,NOK,pIOK,pNOK
i10	IOK,NOK,pIOK,pNOK	dec	IOK,pIOK
i10	IOK,NOK,pIOK,pNOK	fbors	IOK,NOK,pIOK,pNOK,pPOK
i10	IOK,NOK,pIOK,pNOK	inc	IOK,pIOK
i10	IOK,NOK,pIOK,pNOK	iv	IOK,NOK,pIOK,pNOK
i10	IOK,NOK,pIOK,pNOK	nv	IOK,NOK,pIOK,pNOK
i10	IOK,NOK,pIOK,pNOK	rng	IOK,NOK,pIOK,pNOK
i10	IOK,NOK,pIOK,pNOK	str	IOK,NOK,pIOK,pNOK,pPOK
i10	IOK,NOK,pIOK,pNOK	utf8	POK,pPOK,UTF8
i10	IOK,NOK,pIOK,pNOK,pPOK	add	IOK,NOK,pIOK,pNOK,pPOK
i10	IOK,NOK,pIOK,pNOK,pPOK	bors	IOK,NOK,pIOK,pNOK,pPOK
i10	IOK,NOK,pIOK,pNOK,pPOK	cat0	POK,pPOK
i10	IOK,NOK,pIOK,pNOK,pPOK	catx	POK,pPOK
i10	IOK,NOK,pIOK,pNOK,pPOK	copy	IOK,NOK,pIOK,pNOK,pPOK
i10	IOK,NOK,pIOK,pNOK,pPOK	dec	IOK,pIOK
i10	IOK,NOK,pIOK,pNOK,pPOK	fbors	IOK,NOK,pIOK,pNOK,pPOK
i10	IOK,NOK,pIOK,pNOK,pPOK	inc	IOK,pIOK
i10	IOK,NOK,pIOK,pNOK,pPOK	iv	IOK,NOK,pIOK,pNOK,pPOK
i10	IOK,NOK,pIOK,pNOK,pPOK	nv	IOK,NOK,pIOK,pNOK,pPOK
i10	IOK,NOK,pIOK,pNOK,pPOK	rng	IOK,NOK,pIOK,pNOK,pPOK
i10	IOK,NOK,pIOK,pNOK,pPOK	str	IOK,NOK,pIOK,pNOK,pPOK
i10	IOK,NOK,pIOK,pNOK,pPOK	utf8	POK,pPOK,UTF8
i10	IOK,POK,pIOK,pPOK	add	IOK,POK,pIOK,pPOK
i10	IOK,POK,pIOK,pPOK	bors	IOK,POK,pIOK,pPOK
i10	IOK,POK,pIOK,pPOK	cat0	POK,pPOK
i10	IOK,POK,pIOK,pPOK	catx	POK,pPOK
i10	IOK,POK,pIOK,pPOK	copy	IOK,POK,pIOK,pPOK
i10	IOK,POK,pIOK,pPOK	dec	IOK,pIOK
i10	IOK,POK,pIOK,pPOK	fbors	IOK,POK,pIOK,pPOK
i10	IOK,POK,pIOK,pPOK	inc	IOK,pIOK
i10	IOK,POK,pIOK,pPOK	iv	IOK,POK,pIOK,pPOK
i10	IOK,POK,pIOK,pPOK	nv	IOK,NOK,POK,pIOK,pNOK,pPOK
i10	IOK,POK,pIOK,pPOK	rng	IOK,POK,pIOK,pPOK
i10	IOK,POK,pIOK,pPOK	str	IOK,POK,pIOK,pPOK
i10	IOK,POK,pIOK,pPOK	utf8	IOK,POK,pIOK,pPOK,UTF8
i10	IOK,POK,pIOK,pPOK,UTF8	add	IOK,POK,pIOK,pPOK,UTF8
i10	IOK,POK,pIOK,pPOK,UTF8	bors	IOK,POK,pIOK,pPOK,UTF8
i10	IOK,POK,pIOK,pPOK,UTF8	cat0	POK,pPOK,UTF8
i10	IOK,POK,pIOK,pPOK,UTF8	catx	POK,pPOK,UTF8
i10	IOK,POK,pIOK,pPOK,UTF8	copy	IOK,POK,pIOK,pPOK,UTF8
i10	IOK,POK,pIOK,pPOK,UTF8	dec	IOK,pIOK
i10	IOK,POK,pIOK,pPOK,UTF8	fbors	IOK,POK,pIOK,pPOK,UTF8
i10	IOK,POK,pIOK,pPOK,UTF8	inc	IOK,pIOK
i10	IOK,POK,pIOK,pPOK,UTF8	iv	IOK,POK,pIOK,pPOK,UTF8
i10	IOK,POK,pIOK,pPOK,UTF8	nv	IOK,NOK,POK,pIOK,pNOK,pPOK,UTF8
i10	IOK,POK,pIOK,pPOK,UTF8	rng	IOK,POK,pIOK,pPOK,UTF8
i10	IOK,POK,pIOK,pPOK,UTF8	str	IOK,POK,pIOK,pPOK,UTF8
i10	IOK,POK,pIOK,pPOK,UTF8	utf8	IOK,POK,pIOK,pPOK,UTF8
i10	IOK,pIOK	add	IOK,pIOK
i10	IOK,pIOK	bors	IOK,pIOK
i10	IOK,pIOK	cat0	POK,pPOK
i10	IOK,pIOK	catx	POK,pPOK
i10	IOK,pIOK	copy	IOK,pIOK
i10	IOK,pIOK	dec	IOK,pIOK
i10	IOK,pIOK	fbors	IOK,pIOK,pPOK
i10	IOK,pIOK	inc	IOK,pIOK
i10	IOK,pIOK	iv	IOK,pIOK
i10	IOK,pIOK	nv	IOK,NOK,pIOK,pNOK
i10	IOK,pIOK	rng	IOK,pIOK
i10	IOK,pIOK	str	IOK,pIOK,pPOK
i10	IOK,pIOK	utf8	POK,pPOK,UTF8
i10	IOK,pIOK,pPOK	add	IOK,pIOK,pPOK
i10	IOK,pIOK,pPOK	bors	IOK,pIOK,pPOK
i10	IOK,pIOK,pPOK	cat0	POK,pPOK
i10	IOK,pIOK,pPOK	catx	POK,pPOK
i10	IOK,pIOK,pPOK	copy	IOK,pIOK,pPOK
i10	IOK,pIOK,pPOK	dec	IOK,pIOK
i10	IOK,pIOK,pPOK	fbors	IOK,pIOK,pPOK
i10	IOK,pIOK,pPOK	inc	IOK,pIOK
i10	IOK,pIOK,pPOK	iv	IOK,pIOK,pPOK
i10	IOK,pIOK,pPOK	nv	IOK,NOK,pIOK,pNOK,pPOK
i10	IOK,pIOK,pPOK	rng	IOK,pIOK,pPOK
i10	IOK,pIOK,pPOK	str	IOK,pIOK,pPOK
i10	IOK,pIOK,pPOK	utf8	POK,pPOK,UTF8
i10	NOK,POK,pNOK,pPOK	add	IOK,NOK,POK,pIOK,pNOK,pPOK
i10	NOK,POK,pNOK,pPOK	bors	IOK,NOK,POK,pIOK,pNOK,pPOK
i10	NOK,POK,pNOK,pPOK	cat0	POK,pPOK
i10	NOK,POK,pNOK,pPOK	catx	POK,pPOK
i10	NOK,POK,pNOK,pPOK	copy	NOK,POK,pNOK,pPOK
i10	NOK,POK,pNOK,pPOK	dec	NOK,pNOK
i10	NOK,POK,pNOK,pPOK	fbors	NOK,POK,pNOK,pPOK
i10	NOK,POK,pNOK,pPOK	inc	IOK,pIOK
i10	NOK,POK,pNOK,pPOK	iv	IOK,NOK,POK,pIOK,pNOK,pPOK
i10	NOK,POK,pNOK,pPOK	nv	NOK,POK,pNOK,pPOK
i10	NOK,POK,pNOK,pPOK	rng	IOK,NOK,POK,pIOK,pNOK,pPOK
i10	NOK,POK,pNOK,pPOK	str	NOK,POK,pNOK,pPOK
i10	NOK,POK,pNOK,pPOK	utf8	NOK,POK,pNOK,pPOK,UTF8
i10	NOK,POK,pNOK,pPOK,UTF8	add	IOK,NOK,POK,pIOK,pNOK,pPOK,UTF8
i10	NOK,POK,pNOK,pPOK,UTF8	bors	IOK,NOK,POK,pIOK,pNOK,pPOK,UTF8
i10	NOK,POK,pNOK,pPOK,UTF8	cat0	POK,pPOK,UTF8
i10	NOK,POK,pNOK,pPOK,UTF8	catx	POK,pPOK,UTF8
i10	NOK,POK,pNOK,pPOK,UTF8	copy	NOK,POK,pNOK,pPOK,UTF8
i10	NOK,POK,pNOK,pPOK,UTF8	dec	NOK,pNOK
i10	NOK,POK,pNOK,pPOK,UTF8	fbors	NOK,POK,pNOK,pPOK,UTF8
i10	NOK,POK,pNOK,pPOK,UTF8	inc	IOK,pIOK
i10	NOK,POK,pNOK,pPOK,UTF8	iv	IOK,NOK,POK,pIOK,pNOK,pPOK,UTF8
i10	NOK,POK,pNOK,pPOK,UTF8	nv	NOK,POK,pNOK,pPOK,UTF8
i10	NOK,POK,pNOK,pPOK,UTF8	rng	IOK,NOK,POK,pIOK,pNOK,pPOK,UTF8
i10	NOK,POK,pNOK,pPOK,UTF8	str	NOK,POK,pNOK,pPOK,UTF8
i10	NOK,POK,pNOK,pPOK,UTF8	utf8	NOK,POK,pNOK,pPOK,UTF8
i10	NOK,pNOK	add	IOK,NOK,pIOK,pNOK
i10	NOK,pNOK	bors	IOK,NOK,pIOK,pNOK
i10	NOK,pNOK	cat0	POK,pPOK
i10	NOK,pNOK	catx	POK,pPOK
i10	NOK,pNOK	copy	NOK,pNOK
i10	NOK,pNOK	dec	NOK,pNOK
i10	NOK,pNOK	fbors	NOK,pNOK
i10	NOK,pNOK	inc	IOK,pIOK
i10	NOK,pNOK	iv	IOK,NOK,pIOK,pNOK
i10	NOK,pNOK	nv	NOK,pNOK
i10	NOK,pNOK	rng	IOK,NOK,pIOK,pNOK
i10	NOK,pNOK	str	NOK,pNOK
i10	NOK,pNOK	utf8	POK,pPOK,UTF8
i10	POK,pIOK,pNOK,pPOK	add	POK,pIOK,pNOK,pPOK
i10	POK,pIOK,pNOK,pPOK	bors	POK,pIOK,pNOK,pPOK
i10	POK,pIOK,pNOK,pPOK	cat0	POK,pIOK,pNOK,pPOK
i10	POK,pIOK,pNOK,pPOK	catx	POK,pIOK,pNOK,pPOK
i10	POK,pIOK,pNOK,pPOK	copy	POK,pIOK,pNOK,pPOK
i10	POK,pIOK,pNOK,pPOK	dec	NOK,pNOK
i10	POK,pIOK,pNOK,pPOK	fbors	POK,pIOK,pNOK,pPOK
i10	POK,pIOK,pNOK,pPOK	inc	NOK,pNOK
i10	POK,pIOK,pNOK,pPOK	iv	POK,pIOK,pNOK,pPOK
i10	POK,pIOK,pNOK,pPOK	nv	POK,pIOK,pNOK,pPOK
i10	POK,pIOK,pNOK,pPOK	rng	POK,pIOK,pNOK,pPOK
i10	POK,pIOK,pNOK,pPOK	str	POK,pIOK,pNOK,pPOK
i10	POK,pIOK,pNOK,pPOK	utf8	POK,pIOK,pNOK,pPOK,UTF8
i10	POK,pIOK,pNOK,pPOK,UTF8	add	POK,pIOK,pNOK,pPOK,UTF8
i10	POK,pIOK,pNOK,pPOK,UTF8	bors	POK,pIOK,pNOK,pPOK,UTF8
i10	POK,pIOK,pNOK,pPOK,UTF8	cat0	POK,pIOK,pNOK,pPOK,UTF8
i10	POK,pIOK,pNOK,pPOK,UTF8	catx	POK,pIOK,pNOK,pPOK,UTF8
i10	POK,pIOK,pNOK,pPOK,UTF8	copy	POK,pIOK,pNOK,pPOK,UTF8
i10	POK,pIOK,pNOK,pPOK,UTF8	dec	NOK,pNOK
i10	POK,pIOK,pNOK,pPOK,UTF8	fbors	POK,pIOK,pNOK,pPOK,UTF8
i10	POK,pIOK,pNOK,pPOK,UTF8	inc	NOK,pNOK
i10	POK,pIOK,pNOK,pPOK,UTF8	iv	POK,pIOK,pNOK,pPOK,UTF8
i10	POK,pIOK,pNOK,pPOK,UTF8	nv	POK,pIOK,pNOK,pPOK,UTF8
i10	POK,pIOK,pNOK,pPOK,UTF8	rng	POK,pIOK,pNOK,pPOK,UTF8
i10	POK,pIOK,pNOK,pPOK,UTF8	str	POK,pIOK,pNOK,pPOK,UTF8
i10	POK,pIOK,pNOK,pPOK,UTF8	utf8	POK,pIOK,pNOK,pPOK,UTF8
i10	POK,pNOK,pPOK	add	POK,pIOK,pNOK,pPOK
i10	POK,pNOK,pPOK	bors	POK,pIOK,pNOK,pPOK
i10	POK,pNOK,pPOK	cat0	POK,pNOK,pPOK
i10	POK,pNOK,pPOK	catx	POK,pNOK,pPOK
i10	POK,pNOK,pPOK	copy	POK,pNOK,pPOK
i10	POK,pNOK,pPOK	dec	NOK,pNOK
i10	POK,pNOK,pPOK	fbors	POK,pNOK,pPOK
i10	POK,pNOK,pPOK	inc	NOK,pNOK
i10	POK,pNOK,pPOK	iv	POK,pIOK,pNOK,pPOK
i10	POK,pNOK,pPOK	nv	POK,pNOK,pPOK
i10	POK,pNOK,pPOK	rng	POK,pIOK,pNOK,pPOK
i10	POK,pNOK,pPOK	str	POK,pNOK,pPOK
i10	POK,pNOK,pPOK	utf8	POK,pNOK,pPOK,UTF8
i10	POK,pNOK,pPOK,UTF8	add	POK,pIOK,pNOK,pPOK,UTF8
i10	POK,pNOK,pPOK,UTF8	bors	POK,pIOK,pNOK,pPOK,UTF8
i10	POK,pNOK,pPOK,UTF8	cat0	POK,pNOK,pPOK,UTF8
i10	POK,pNOK,pPOK,UTF8	catx	POK,pNOK,pPOK,UTF8
i10	POK,pNOK,pPOK,UTF8	copy	POK,pNOK,pPOK,UTF8
i10	POK,pNOK,pPOK,UTF8	dec	NOK,pNOK
i10	POK,pNOK,pPOK,UTF8	fbors	POK,pNOK,pPOK,UTF8
i10	POK,pNOK,pPOK,UTF8	inc	NOK,pNOK
i10	POK,pNOK,pPOK,UTF8	iv	POK,pIOK,pNOK,pPOK,UTF8
i10	POK,pNOK,pPOK,UTF8	nv	POK,pNOK,pPOK,UTF8
i10	POK,pNOK,pPOK,UTF8	rng	POK,pIOK,pNOK,pPOK,UTF8
i10	POK,pNOK,pPOK,UTF8	str	POK,pNOK,pPOK,UTF8
i10	POK,pNOK,pPOK,UTF8	utf8	POK,pNOK,pPOK,UTF8
i10	POK,pPOK	add	POK,pIOK,pNOK,pPOK	CONFLICT(IOK,POK,pIOK,pPOK|POK,pIOK,pNOK,pPOK)
i10	POK,pPOK	bors	POK,pPOK
i10	POK,pPOK	cat0	POK,pPOK
i10	POK,pPOK	catx	POK,pPOK
i10	POK,pPOK	copy	POK,pPOK
i10	POK,pPOK	dec	NOK,pNOK	CONFLICT(IOK,pIOK|NOK,pNOK)
i10	POK,pPOK	fbors	POK,pPOK
i10	POK,pPOK	inc	NOK,pNOK	CONFLICT(NOK,pNOK|POK,pPOK)
i10	POK,pPOK	iv	POK,pIOK,pNOK,pPOK	CONFLICT(IOK,POK,pIOK,pPOK|POK,pIOK,pNOK,pPOK)
i10	POK,pPOK	nv	POK,pNOK,pPOK	CONFLICT(NOK,POK,pNOK,pPOK|POK,pNOK,pPOK)
i10	POK,pPOK	rng	POK,pPOK	CONFLICT(IOK,NOK,POK,pIOK,pNOK,pPOK|POK,pPOK)
i10	POK,pPOK	str	POK,pPOK
i10	POK,pPOK	utf8	POK,pPOK,UTF8
i10	POK,pPOK,UTF8	add	POK,pIOK,pNOK,pPOK,UTF8	CONFLICT(IOK,POK,pIOK,pPOK,UTF8|POK,pIOK,pNOK,pPOK,UTF8)
i10	POK,pPOK,UTF8	bors	POK,pPOK,UTF8
i10	POK,pPOK,UTF8	cat0	POK,pPOK,UTF8
i10	POK,pPOK,UTF8	catx	POK,pPOK,UTF8
i10	POK,pPOK,UTF8	copy	POK,pPOK,UTF8
i10	POK,pPOK,UTF8	dec	NOK,pNOK	CONFLICT(IOK,pIOK|NOK,pNOK)
i10	POK,pPOK,UTF8	fbors	POK,pPOK,UTF8
i10	POK,pPOK,UTF8	inc	NOK,pNOK	CONFLICT(NOK,pNOK|POK,pPOK,UTF8)
i10	POK,pPOK,UTF8	iv	POK,pIOK,pNOK,pPOK,UTF8	CONFLICT(IOK,POK,pIOK,pPOK,UTF8|POK,pIOK,pNOK,pPOK,UTF8)
i10	POK,pPOK,UTF8	nv	POK,pNOK,pPOK,UTF8	CONFLICT(NOK,POK,pNOK,pPOK,UTF8|POK,pNOK,pPOK,UTF8)
i10	POK,pPOK,UTF8	rng	POK,pPOK,UTF8	CONFLICT(IOK,NOK,POK,pIOK,pNOK,pPOK,UTF8|POK,pPOK,UTF8)
i10	POK,pPOK,UTF8	str	POK,pPOK,UTF8
i10	POK,pPOK,UTF8	utf8	POK,pPOK,UTF8
iMax	IOK,NOK,pIOK,pNOK,IsUV	add	IOK,NOK,pIOK,pNOK,IsUV
iMax	IOK,NOK,pIOK,pNOK,IsUV	bors	IOK,NOK,pIOK,pNOK,IsUV
iMax	IOK,NOK,pIOK,pNOK,IsUV	dec	IOK,pIOK,IsUV
iMax	IOK,NOK,pIOK,pNOK,IsUV	fbors	IOK,NOK,pIOK,pNOK,pPOK,IsUV
iMax	IOK,NOK,pIOK,pNOK,IsUV	inc	IOK,pIOK,IsUV
iMax	IOK,NOK,pIOK,pNOK,IsUV	iv	IOK,NOK,pIOK,pNOK,IsUV
iMax	IOK,NOK,pIOK,pNOK,IsUV	nv	IOK,NOK,pIOK,pNOK,IsUV
iMax	IOK,NOK,pIOK,pNOK,IsUV	str	IOK,NOK,pIOK,pNOK,pPOK,IsUV
iMax	IOK,NOK,pIOK,pNOK,pPOK,IsUV	add	IOK,NOK,pIOK,pNOK,pPOK,IsUV
iMax	IOK,NOK,pIOK,pNOK,pPOK,IsUV	bors	IOK,NOK,pIOK,pNOK,pPOK,IsUV
iMax	IOK,NOK,pIOK,pNOK,pPOK,IsUV	dec	IOK,pIOK,IsUV
iMax	IOK,NOK,pIOK,pNOK,pPOK,IsUV	fbors	IOK,NOK,pIOK,pNOK,pPOK,IsUV
iMax	IOK,NOK,pIOK,pNOK,pPOK,IsUV	inc	IOK,pIOK,IsUV
iMax	IOK,NOK,pIOK,pNOK,pPOK,IsUV	iv	IOK,NOK,pIOK,pNOK,pPOK,IsUV
iMax	IOK,NOK,pIOK,pNOK,pPOK,IsUV	nv	IOK,NOK,pIOK,pNOK,pPOK,IsUV
iMax	IOK,NOK,pIOK,pNOK,pPOK,IsUV	str	IOK,NOK,pIOK,pNOK,pPOK,IsUV
iMax	IOK,pIOK	add	IOK,pIOK
iMax	IOK,pIOK	bors	IOK,pIOK
iMax	IOK,pIOK	cat0	POK,pPOK
iMax	IOK,pIOK	catx	POK,pPOK
iMax	IOK,pIOK	copy	IOK,pIOK
iMax	IOK,pIOK	dec	IOK,pIOK
iMax	IOK,pIOK	fbors	IOK,pIOK,pPOK
iMax	IOK,pIOK	inc	IOK,pIOK,IsUV
iMax	IOK,pIOK	iv	IOK,pIOK
iMax	IOK,pIOK	nv	IOK,pIOK,pNOK
iMax	IOK,pIOK	rng	IOK,pIOK
iMax	IOK,pIOK	str	IOK,pIOK,pPOK
iMax	IOK,pIOK	utf8	POK,pPOK,UTF8
iMax	IOK,pIOK,IsUV	add	IOK,pIOK,IsUV
iMax	IOK,pIOK,IsUV	bors	IOK,pIOK,IsUV
iMax	IOK,pIOK,IsUV	dec	IOK,pIOK,IsUV
iMax	IOK,pIOK,IsUV	fbors	IOK,pIOK,pPOK,IsUV
iMax	IOK,pIOK,IsUV	inc	IOK,pIOK,IsUV
iMax	IOK,pIOK,IsUV	iv	IOK,pIOK,IsUV
iMax	IOK,pIOK,IsUV	nv	IOK,NOK,pIOK,pNOK,IsUV
iMax	IOK,pIOK,IsUV	str	IOK,pIOK,pPOK,IsUV
iMax	IOK,pIOK,pNOK	add	IOK,pIOK,pNOK
iMax	IOK,pIOK,pNOK	bors	IOK,pIOK,pNOK
iMax	IOK,pIOK,pNOK	cat0	POK,pPOK
iMax	IOK,pIOK,pNOK	catx	POK,pPOK
iMax	IOK,pIOK,pNOK	copy	IOK,pIOK,pNOK
iMax	IOK,pIOK,pNOK	dec	IOK,pIOK
iMax	IOK,pIOK,pNOK	fbors	IOK,pIOK,pNOK,pPOK
iMax	IOK,pIOK,pNOK	inc	IOK,pIOK,IsUV
iMax	IOK,pIOK,pNOK	iv	IOK,pIOK,pNOK
iMax	IOK,pIOK,pNOK	nv	IOK,pIOK,pNOK
iMax	IOK,pIOK,pNOK	rng	IOK,pIOK,pNOK
iMax	IOK,pIOK,pNOK	str	IOK,pIOK,pNOK,pPOK
iMax	IOK,pIOK,pNOK	utf8	POK,pPOK,UTF8
iMax	IOK,pIOK,pNOK,pPOK	add	IOK,pIOK,pNOK,pPOK
iMax	IOK,pIOK,pNOK,pPOK	bors	IOK,pIOK,pNOK,pPOK
iMax	IOK,pIOK,pNOK,pPOK	cat0	POK,pPOK
iMax	IOK,pIOK,pNOK,pPOK	catx	POK,pPOK
iMax	IOK,pIOK,pNOK,pPOK	copy	IOK,pIOK,pNOK,pPOK
iMax	IOK,pIOK,pNOK,pPOK	dec	IOK,pIOK
iMax	IOK,pIOK,pNOK,pPOK	fbors	IOK,pIOK,pNOK,pPOK
iMax	IOK,pIOK,pNOK,pPOK	inc	IOK,pIOK,IsUV
iMax	IOK,pIOK,pNOK,pPOK	iv	IOK,pIOK,pNOK,pPOK
iMax	IOK,pIOK,pNOK,pPOK	nv	IOK,pIOK,pNOK,pPOK
iMax	IOK,pIOK,pNOK,pPOK	rng	IOK,pIOK,pNOK,pPOK
iMax	IOK,pIOK,pNOK,pPOK	str	IOK,pIOK,pNOK,pPOK
iMax	IOK,pIOK,pNOK,pPOK	utf8	POK,pPOK,UTF8
iMax	IOK,pIOK,pPOK	add	IOK,pIOK,pPOK
iMax	IOK,pIOK,pPOK	bors	IOK,pIOK,pPOK
iMax	IOK,pIOK,pPOK	cat0	POK,pPOK
iMax	IOK,pIOK,pPOK	catx	POK,pPOK
iMax	IOK,pIOK,pPOK	copy	IOK,pIOK,pPOK
iMax	IOK,pIOK,pPOK	dec	IOK,pIOK
iMax	IOK,pIOK,pPOK	fbors	IOK,pIOK,pPOK
iMax	IOK,pIOK,pPOK	inc	IOK,pIOK,IsUV
iMax	IOK,pIOK,pPOK	iv	IOK,pIOK,pPOK
iMax	IOK,pIOK,pPOK	nv	IOK,pIOK,pNOK,pPOK
iMax	IOK,pIOK,pPOK	rng	IOK,pIOK,pPOK
iMax	IOK,pIOK,pPOK	str	IOK,pIOK,pPOK
iMax	IOK,pIOK,pPOK	utf8	POK,pPOK,UTF8
s09	IOK,NOK,POK,pIOK,pNOK,pPOK	add	IOK,NOK,POK,pIOK,pNOK,pPOK
s09	IOK,NOK,POK,pIOK,pNOK,pPOK	bors	IOK,NOK,POK,pIOK,pNOK,pPOK
s09	IOK,NOK,POK,pIOK,pNOK,pPOK	cat0	POK,pPOK
s09	IOK,NOK,POK,pIOK,pNOK,pPOK	catx	POK,pPOK
s09	IOK,NOK,POK,pIOK,pNOK,pPOK	copy	IOK,NOK,POK,pIOK,pNOK,pPOK
s09	IOK,NOK,POK,pIOK,pNOK,pPOK	dec	IOK,pIOK
s09	IOK,NOK,POK,pIOK,pNOK,pPOK	fbors	IOK,NOK,POK,pIOK,pNOK,pPOK
s09	IOK,NOK,POK,pIOK,pNOK,pPOK	inc	IOK,pIOK
s09	IOK,NOK,POK,pIOK,pNOK,pPOK	iv	IOK,NOK,POK,pIOK,pNOK,pPOK
s09	IOK,NOK,POK,pIOK,pNOK,pPOK	nv	IOK,NOK,POK,pIOK,pNOK,pPOK
s09	IOK,NOK,POK,pIOK,pNOK,pPOK	rng	IOK,NOK,POK,pIOK,pNOK,pPOK
s09	IOK,NOK,POK,pIOK,pNOK,pPOK	str	IOK,NOK,POK,pIOK,pNOK,pPOK
s09	IOK,NOK,POK,pIOK,pNOK,pPOK	utf8	IOK,NOK,POK,pIOK,pNOK,pPOK,UTF8
s09	IOK,NOK,POK,pIOK,pNOK,pPOK,UTF8	add	IOK,NOK,POK,pIOK,pNOK,pPOK,UTF8
s09	IOK,NOK,POK,pIOK,pNOK,pPOK,UTF8	bors	IOK,NOK,POK,pIOK,pNOK,pPOK,UTF8
s09	IOK,NOK,POK,pIOK,pNOK,pPOK,UTF8	cat0	POK,pPOK,UTF8
s09	IOK,NOK,POK,pIOK,pNOK,pPOK,UTF8	catx	POK,pPOK,UTF8
s09	IOK,NOK,POK,pIOK,pNOK,pPOK,UTF8	copy	IOK,NOK,POK,pIOK,pNOK,pPOK,UTF8
s09	IOK,NOK,POK,pIOK,pNOK,pPOK,UTF8	dec	IOK,pIOK
s09	IOK,NOK,POK,pIOK,pNOK,pPOK,UTF8	fbors	IOK,NOK,POK,pIOK,pNOK,pPOK,UTF8
s09	IOK,NOK,POK,pIOK,pNOK,pPOK,UTF8	inc	IOK,pIOK
s09	IOK,NOK,POK,pIOK,pNOK,pPOK,UTF8	iv	IOK,NOK,POK,pIOK,pNOK,pPOK,UTF8
s09	IOK,NOK,POK,pIOK,pNOK,pPOK,UTF8	nv	IOK,NOK,POK,pIOK,pNOK,pPOK,UTF8
s09	IOK,NOK,POK,pIOK,pNOK,pPOK,UTF8	rng	IOK,NOK,POK,pIOK,pNOK,pPOK,UTF8
s09	IOK,NOK,POK,pIOK,pNOK,pPOK,UTF8	str	IOK,NOK,POK,pIOK,pNOK,pPOK,UTF8
s09	IOK,NOK,POK,pIOK,pNOK,pPOK,UTF8	utf8	IOK,NOK,POK,pIOK,pNOK,pPOK,UTF8
s09	IOK,NOK,pIOK,pNOK	add	IOK,NOK,pIOK,pNOK
s09	IOK,NOK,pIOK,pNOK	bors	IOK,NOK,pIOK,pNOK
s09	IOK,NOK,pIOK,pNOK	cat0	POK,pPOK
s09	IOK,NOK,pIOK,pNOK	catx	POK,pPOK
s09	IOK,NOK,pIOK,pNOK	copy	IOK,NOK,pIOK,pNOK
s09	IOK,NOK,pIOK,pNOK	dec	IOK,pIOK
s09	IOK,NOK,pIOK,pNOK	fbors	IOK,NOK,pIOK,pNOK,pPOK
s09	IOK,NOK,pIOK,pNOK	inc	IOK,pIOK
s09	IOK,NOK,pIOK,pNOK	iv	IOK,NOK,pIOK,pNOK
s09	IOK,NOK,pIOK,pNOK	nv	IOK,NOK,pIOK,pNOK
s09	IOK,NOK,pIOK,pNOK	rng	IOK,NOK,pIOK,pNOK
s09	IOK,NOK,pIOK,pNOK	str	IOK,NOK,pIOK,pNOK,pPOK
s09	IOK,NOK,pIOK,pNOK	utf8	POK,pPOK,UTF8
s09	IOK,NOK,pIOK,pNOK,pPOK	add	IOK,NOK,pIOK,pNOK,pPOK
s09	IOK,NOK,pIOK,pNOK,pPOK	bors	IOK,NOK,pIOK,pNOK,pPOK
s09	IOK,NOK,pIOK,pNOK,pPOK	cat0	POK,pPOK
s09	IOK,NOK,pIOK,pNOK,pPOK	catx	POK,pPOK
s09	IOK,NOK,pIOK,pNOK,pPOK	copy	IOK,NOK,pIOK,pNOK,pPOK
s09	IOK,NOK,pIOK,pNOK,pPOK	dec	IOK,pIOK
s09	IOK,NOK,pIOK,pNOK,pPOK	fbors	IOK,NOK,pIOK,pNOK,pPOK
s09	IOK,NOK,pIOK,pNOK,pPOK	inc	IOK,pIOK
s09	IOK,NOK,pIOK,pNOK,pPOK	iv	IOK,NOK,pIOK,pNOK,pPOK
s09	IOK,NOK,pIOK,pNOK,pPOK	nv	IOK,NOK,pIOK,pNOK,pPOK
s09	IOK,NOK,pIOK,pNOK,pPOK	rng	IOK,NOK,pIOK,pNOK,pPOK
s09	IOK,NOK,pIOK,pNOK,pPOK	str	IOK,NOK,pIOK,pNOK,pPOK
s09	IOK,NOK,pIOK,pNOK,pPOK	utf8	POK,pPOK,UTF8
s09	IOK,POK,pIOK,pPOK	add	IOK,POK,pIOK,pPOK
s09	IOK,POK,pIOK,pPOK	bors	IOK,POK,pIOK,pPOK
s09	IOK,POK,pIOK,pPOK	cat0	POK,pPOK
s09	IOK,POK,pIOK,pPOK	catx	POK,pPOK
s09	IOK,POK,pIOK,pPOK	copy	IOK,POK,pIOK,pPOK
s09	IOK,POK,pIOK,pPOK	dec	IOK,pIOK
s09	IOK,POK,pIOK,pPOK	fbors	IOK,POK,pIOK,pPOK
s09	IOK,POK,pIOK,pPOK	inc	IOK,pIOK
s09	IOK,POK,pIOK,pPOK	iv	IOK,POK,pIOK,pPOK
s09	IOK,POK,pIOK,pPOK	nv	IOK,NOK,POK,pIOK,pNOK,pPOK
s09	IOK,POK,pIOK,pPOK	rng	IOK,POK,pIOK,pPOK
s09	IOK,POK,pIOK,pPOK	str	IOK,POK,pIOK,pPOK
s09	IOK,POK,pIOK,pPOK	utf8	IOK,POK,pIOK,pPOK,UTF8
s09	IOK,POK,pIOK,pPOK,UTF8	add	IOK,POK,pIOK,pPOK,UTF8
s09	IOK,POK,pIOK,pPOK,UTF8	bors	IOK,POK,pIOK,pPOK,UTF8
s09	IOK,POK,pIOK,pPOK,UTF8	cat0	POK,pPOK,UTF8
s09	IOK,POK,pIOK,pPOK,UTF8	catx	POK,pPOK,UTF8
s09	IOK,POK,pIOK,pPOK,UTF8	copy	IOK,POK,pIOK,pPOK,UTF8
s09	IOK,POK,pIOK,pPOK,UTF8	dec	IOK,pIOK
s09	IOK,POK,pIOK,pPOK,UTF8	fbors	IOK,POK,pIOK,pPOK,UTF8
s09	IOK,POK,pIOK,pPOK,UTF8	inc	IOK,pIOK
s09	IOK,POK,pIOK,pPOK,UTF8	iv	IOK,POK,pIOK,pPOK,UTF8
s09	IOK,POK,pIOK,pPOK,UTF8	nv	IOK,NOK,POK,pIOK,pNOK,pPOK,UTF8
s09	IOK,POK,pIOK,pPOK,UTF8	rng	IOK,POK,pIOK,pPOK,UTF8
s09	IOK,POK,pIOK,pPOK,UTF8	str	IOK,POK,pIOK,pPOK,UTF8
s09	IOK,POK,pIOK,pPOK,UTF8	utf8	IOK,POK,pIOK,pPOK,UTF8
s09	IOK,pIOK	add	IOK,pIOK
s09	IOK,pIOK	bors	IOK,pIOK
s09	IOK,pIOK	cat0	POK,pPOK
s09	IOK,pIOK	catx	POK,pPOK
s09	IOK,pIOK	copy	IOK,pIOK
s09	IOK,pIOK	dec	IOK,pIOK
s09	IOK,pIOK	fbors	IOK,pIOK,pPOK
s09	IOK,pIOK	inc	IOK,pIOK
s09	IOK,pIOK	iv	IOK,pIOK
s09	IOK,pIOK	nv	IOK,NOK,pIOK,pNOK
s09	IOK,pIOK	rng	IOK,pIOK
s09	IOK,pIOK	str	IOK,pIOK,pPOK
s09	IOK,pIOK	utf8	POK,pPOK,UTF8
s09	IOK,pIOK,pPOK	add	IOK,pIOK,pPOK
s09	IOK,pIOK,pPOK	bors	IOK,pIOK,pPOK
s09	IOK,pIOK,pPOK	cat0	POK,pPOK
s09	IOK,pIOK,pPOK	catx	POK,pPOK
s09	IOK,pIOK,pPOK	copy	IOK,pIOK,pPOK
s09	IOK,pIOK,pPOK	dec	IOK,pIOK
s09	IOK,pIOK,pPOK	fbors	IOK,pIOK,pPOK
s09	IOK,pIOK,pPOK	inc	IOK,pIOK
s09	IOK,pIOK,pPOK	iv	IOK,pIOK,pPOK
s09	IOK,pIOK,pPOK	nv	IOK,NOK,pIOK,pNOK,pPOK
s09	IOK,pIOK,pPOK	rng	IOK,pIOK,pPOK
s09	IOK,pIOK,pPOK	str	IOK,pIOK,pPOK
s09	IOK,pIOK,pPOK	utf8	POK,pPOK,UTF8
s09	NOK,POK,pNOK,pPOK	add	IOK,NOK,POK,pIOK,pNOK,pPOK
s09	NOK,POK,pNOK,pPOK	bors	IOK,NOK,POK,pIOK,pNOK,pPOK
s09	NOK,POK,pNOK,pPOK	cat0	POK,pPOK
s09	NOK,POK,pNOK,pPOK	catx	POK,pPOK
s09	NOK,POK,pNOK,pPOK	copy	NOK,POK,pNOK,pPOK
s09	NOK,POK,pNOK,pPOK	dec	NOK,pNOK
s09	NOK,POK,pNOK,pPOK	fbors	NOK,POK,pNOK,pPOK
s09	NOK,POK,pNOK,pPOK	inc	IOK,pIOK
s09	NOK,POK,pNOK,pPOK	iv	IOK,NOK,POK,pIOK,pNOK,pPOK
s09	NOK,POK,pNOK,pPOK	nv	NOK,POK,pNOK,pPOK
s09	NOK,POK,pNOK,pPOK	rng	IOK,NOK,POK,pIOK,pNOK,pPOK
s09	NOK,POK,pNOK,pPOK	str	NOK,POK,pNOK,pPOK
s09	NOK,POK,pNOK,pPOK	utf8	NOK,POK,pNOK,pPOK,UTF8
s09	NOK,POK,pNOK,pPOK,UTF8	add	IOK,NOK,POK,pIOK,pNOK,pPOK,UTF8
s09	NOK,POK,pNOK,pPOK,UTF8	bors	IOK,NOK,POK,pIOK,pNOK,pPOK,UTF8
s09	NOK,POK,pNOK,pPOK,UTF8	cat0	POK,pPOK,UTF8
s09	NOK,POK,pNOK,pPOK,UTF8	catx	POK,pPOK,UTF8
s09	NOK,POK,pNOK,pPOK,UTF8	copy	NOK,POK,pNOK,pPOK,UTF8
s09	NOK,POK,pNOK,pPOK,UTF8	dec	NOK,pNOK
s09	NOK,POK,pNOK,pPOK,UTF8	fbors	NOK,POK,pNOK,pPOK,UTF8
s09	NOK,POK,pNOK,pPOK,UTF8	inc	IOK,pIOK
s09	NOK,POK,pNOK,pPOK,UTF8	iv	IOK,NOK,POK,pIOK,pNOK,pPOK,UTF8
s09	NOK,POK,pNOK,pPOK,UTF8	nv	NOK,POK,pNOK,pPOK,UTF8
s09	NOK,POK,pNOK,pPOK,UTF8	rng	IOK,NOK,POK,pIOK,pNOK,pPOK,UTF8
s09	NOK,POK,pNOK,pPOK,UTF8	str	NOK,POK,pNOK,pPOK,UTF8
s09	NOK,POK,pNOK,pPOK,UTF8	utf8	NOK,POK,pNOK,pPOK,UTF8
s09	NOK,pNOK	add	IOK,NOK,pIOK,pNOK
s09	NOK,pNOK	bors	IOK,NOK,pIOK,pNOK
s09	NOK,pNOK	cat0	POK,pPOK
s09	NOK,pNOK	catx	POK,pPOK
s09	NOK,pNOK	copy	NOK,pNOK
s09	NOK,pNOK	dec	NOK,pNOK
s09	NOK,pNOK	fbors	NOK,pNOK
s09	NOK,pNOK	inc	IOK,pIOK
s09	NOK,pNOK	iv	IOK,NOK,pIOK,pNOK
s09	NOK,pNOK	nv	NOK,pNOK
s09	NOK,pNOK	rng	IOK,NOK,pIOK,pNOK
s09	NOK,pNOK	str	NOK,pNOK
s09	NOK,pNOK	utf8	POK,pPOK,UTF8
s09	POK,pIOK,pNOK,pPOK	add	POK,pIOK,pNOK,pPOK
s09	POK,pIOK,pNOK,pPOK	bors	POK,pIOK,pNOK,pPOK
s09	POK,pIOK,pNOK,pPOK	cat0	POK,pIOK,pNOK,pPOK
s09	POK,pIOK,pNOK,pPOK	catx	POK,pIOK,pNOK,pPOK
s09	POK,pIOK,pNOK,pPOK	copy	POK,pIOK,pNOK,pPOK
s09	POK,pIOK,pNOK,pPOK	dec	NOK,pNOK
s09	POK,pIOK,pNOK,pPOK	fbors	POK,pIOK,pNOK,pPOK
s09	POK,pIOK,pNOK,pPOK	inc	NOK,pNOK
s09	POK,pIOK,pNOK,pPOK	iv	POK,pIOK,pNOK,pPOK
s09	POK,pIOK,pNOK,pPOK	nv	POK,pIOK,pNOK,pPOK
s09	POK,pIOK,pNOK,pPOK	rng	POK,pIOK,pNOK,pPOK
s09	POK,pIOK,pNOK,pPOK	str	POK,pIOK,pNOK,pPOK
s09	POK,pIOK,pNOK,pPOK	utf8	POK,pIOK,pNOK,pPOK,UTF8
s09	POK,pIOK,pNOK,pPOK,UTF8	add	POK,pIOK,pNOK,pPOK,UTF8
s09	POK,pIOK,pNOK,pPOK,UTF8	bors	POK,pIOK,pNOK,pPOK,UTF8
s09	POK,pIOK,pNOK,pPOK,UTF8	cat0	POK,pIOK,pNOK,pPOK,UTF8
s09	POK,pIOK,pNOK,pPOK,UTF8	catx	POK,pIOK,pNOK,pPOK,UTF8
s09	POK,pIOK,pNOK,pPOK,UTF8	copy	POK,pIOK,pNOK,pPOK,UTF8
s09	POK,pIOK,pNOK,pPOK,UTF8	dec	NOK,pNOK
s09	POK,pIOK,pNOK,pPOK,UTF8	fbors	POK,pIOK,pNOK,pPOK,UTF8
s09	POK,pIOK,pNOK,pPOK,UTF8	inc	NOK,pNOK
s09	POK,pIOK,pNOK,pPOK,UTF8	iv	POK,pIOK,pNOK,pPOK,UTF8
s09	POK,pIOK,pNOK,pPOK,UTF8	nv	POK,pIOK,pNOK,pPOK,UTF8
s09	POK,pIOK,pNOK,pPOK,UTF8	rng	POK,pIOK,pNOK,pPOK,UTF8
s09	POK,pIOK,pNOK,pPOK,UTF8	str	POK,pIOK,pNOK,pPOK,UTF8
s09	POK,pIOK,pNOK,pPOK,UTF8	utf8	POK,pIOK,pNOK,pPOK,UTF8
s09	POK,pNOK,pPOK	add	POK,pIOK,pNOK,pPOK
s09	POK,pNOK,pPOK	bors	POK,pIOK,pNOK,pPOK
s09	POK,pNOK,pPOK	cat0	POK,pNOK,pPOK
s09	POK,pNOK,pPOK	catx	POK,pNOK,pPOK
s09	POK,pNOK,pPOK	copy	POK,pNOK,pPOK
s09	POK,pNOK,pPOK	dec	NOK,pNOK
s09	POK,pNOK,pPOK	fbors	POK,pNOK,pPOK
s09	POK,pNOK,pPOK	inc	NOK,pNOK
s09	POK,pNOK,pPOK	iv	POK,pIOK,pNOK,pPOK
s09	POK,pNOK,pPOK	nv	POK,pNOK,pPOK
s09	POK,pNOK,pPOK	rng	POK,pIOK,pNOK,pPOK
s09	POK,pNOK,pPOK	str	POK,pNOK,pPOK
s09	POK,pNOK,pPOK	utf8	POK,pNOK,pPOK,UTF8
s09	POK,pNOK,pPOK,UTF8	add	POK,pIOK,pNOK,pPOK,UTF8
s09	POK,pNOK,pPOK,UTF8	bors	POK,pIOK,pNOK,pPOK,UTF8
s09	POK,pNOK,pPOK,UTF8	cat0	POK,pNOK,pPOK,UTF8
s09	POK,pNOK,pPOK,UTF8	catx	POK,pNOK,pPOK,UTF8
s09	POK,pNOK,pPOK,UTF8	copy	POK,pNOK,pPOK,UTF8
s09	POK,pNOK,pPOK,UTF8	dec	NOK,pNOK
s09	POK,pNOK,pPOK,UTF8	fbors	POK,pNOK,pPOK,UTF8
s09	POK,pNOK,pPOK,UTF8	inc	NOK,pNOK
s09	POK,pNOK,pPOK,UTF8	iv	POK,pIOK,pNOK,pPOK,UTF8
s09	POK,pNOK,pPOK,UTF8	nv	POK,pNOK,pPOK,UTF8
s09	POK,pNOK,pPOK,UTF8	rng	POK,pIOK,pNOK,pPOK,UTF8
s09	POK,pNOK,pPOK,UTF8	str	POK,pNOK,pPOK,UTF8
s09	POK,pNOK,pPOK,UTF8	utf8	POK,pNOK,pPOK,UTF8
s09	POK,pPOK	add	POK,pIOK,pNOK,pPOK	CONFLICT(IOK,POK,pIOK,pPOK|POK,pIOK,pNOK,pPOK)
s09	POK,pPOK	bors	POK,pPOK
s09	POK,pPOK	cat0	POK,pPOK
s09	POK,pPOK	catx	POK,pPOK
s09	POK,pPOK	copy	POK,pPOK
s09	POK,pPOK	dec	NOK,pNOK	CONFLICT(IOK,pIOK|NOK,pNOK)
s09	POK,pPOK	fbors	POK,pPOK
s09	POK,pPOK	inc	NOK,pNOK	CONFLICT(NOK,pNOK|POK,pPOK)
s09	POK,pPOK	iv	POK,pIOK,pNOK,pPOK	CONFLICT(IOK,POK,pIOK,pPOK|POK,pIOK,pNOK,pPOK)
s09	POK,pPOK	nv	POK,pNOK,pPOK	CONFLICT(NOK,POK,pNOK,pPOK|POK,pNOK,pPOK)
s09	POK,pPOK	rng	POK,pPOK	CONFLICT(IOK,NOK,POK,pIOK,pNOK,pPOK|POK,pPOK)
s09	POK,pPOK	str	POK,pPOK
s09	POK,pPOK	utf8	POK,pPOK,UTF8
s09	POK,pPOK,UTF8	add	IOK,POK,pIOK,pPOK,UTF8	CONFLICT(IOK,POK,pIOK,pPOK,UTF8|POK,pIOK,pNOK,pPOK,UTF8)
s09	POK,pPOK,UTF8	bors	POK,pPOK,UTF8
s09	POK,pPOK,UTF8	cat0	POK,pPOK,UTF8
s09	POK,pPOK,UTF8	catx	POK,pPOK,UTF8
s09	POK,pPOK,UTF8	copy	POK,pPOK,UTF8
s09	POK,pPOK,UTF8	dec	IOK,pIOK	CONFLICT(IOK,pIOK|NOK,pNOK)
s09	POK,pPOK,UTF8	fbors	POK,pPOK,UTF8
s09	POK,pPOK,UTF8	inc	POK,pPOK,UTF8	CONFLICT(NOK,pNOK|POK,pPOK,UTF8)
s09	POK,pPOK,UTF8	iv	IOK,POK,pIOK,pPOK,UTF8	CONFLICT(IOK,POK,pIOK,pPOK,UTF8|POK,pIOK,pNOK,pPOK,UTF8)
s09	POK,pPOK,UTF8	nv	NOK,POK,pNOK,pPOK,UTF8	CONFLICT(NOK,POK,pNOK,pPOK,UTF8|POK,pNOK,pPOK,UTF8)
s09	POK,pPOK,UTF8	rng	IOK,NOK,POK,pIOK,pNOK,pPOK,UTF8	CONFLICT(IOK,NOK,POK,pIOK,pNOK,pPOK,UTF8|POK,pPOK,UTF8)
s09	POK,pPOK,UTF8	str	POK,pPOK,UTF8
s09	POK,pPOK,UTF8	utf8	POK,pPOK,UTF8
s10	IOK,NOK,POK,pIOK,pNOK,pPOK	add	IOK,NOK,POK,pIOK,pNOK,pPOK
s10	IOK,NOK,POK,pIOK,pNOK,pPOK	bors	IOK,NOK,POK,pIOK,pNOK,pPOK
s10	IOK,NOK,POK,pIOK,pNOK,pPOK	cat0	POK,pPOK
s10	IOK,NOK,POK,pIOK,pNOK,pPOK	catx	POK,pPOK
s10	IOK,NOK,POK,pIOK,pNOK,pPOK	copy	IOK,NOK,POK,pIOK,pNOK,pPOK
s10	IOK,NOK,POK,pIOK,pNOK,pPOK	dec	IOK,pIOK
s10	IOK,NOK,POK,pIOK,pNOK,pPOK	fbors	IOK,NOK,POK,pIOK,pNOK,pPOK
s10	IOK,NOK,POK,pIOK,pNOK,pPOK	inc	IOK,pIOK
s10	IOK,NOK,POK,pIOK,pNOK,pPOK	iv	IOK,NOK,POK,pIOK,pNOK,pPOK
s10	IOK,NOK,POK,pIOK,pNOK,pPOK	nv	IOK,NOK,POK,pIOK,pNOK,pPOK
s10	IOK,NOK,POK,pIOK,pNOK,pPOK	rng	IOK,NOK,POK,pIOK,pNOK,pPOK
s10	IOK,NOK,POK,pIOK,pNOK,pPOK	str	IOK,NOK,POK,pIOK,pNOK,pPOK
s10	IOK,NOK,POK,pIOK,pNOK,pPOK	utf8	IOK,NOK,POK,pIOK,pNOK,pPOK,UTF8
s10	IOK,NOK,POK,pIOK,pNOK,pPOK,UTF8	add	IOK,NOK,POK,pIOK,pNOK,pPOK,UTF8
s10	IOK,NOK,POK,pIOK,pNOK,pPOK,UTF8	bors	IOK,NOK,POK,pIOK,pNOK,pPOK,UTF8
s10	IOK,NOK,POK,pIOK,pNOK,pPOK,UTF8	cat0	POK,pPOK,UTF8
s10	IOK,NOK,POK,pIOK,pNOK,pPOK,UTF8	catx	POK,pPOK,UTF8
s10	IOK,NOK,POK,pIOK,pNOK,pPOK,UTF8	copy	IOK,NOK,POK,pIOK,pNOK,pPOK,UTF8
s10	IOK,NOK,POK,pIOK,pNOK,pPOK,UTF8	dec	IOK,pIOK
s10	IOK,NOK,POK,pIOK,pNOK,pPOK,UTF8	fbors	IOK,NOK,POK,pIOK,pNOK,pPOK,UTF8
s10	IOK,NOK,POK,pIOK,pNOK,pPOK,UTF8	inc	IOK,pIOK
s10	IOK,NOK,POK,pIOK,pNOK,pPOK,UTF8	iv	IOK,NOK,POK,pIOK,pNOK,pPOK,UTF8
s10	IOK,NOK,POK,pIOK,pNOK,pPOK,UTF8	nv	IOK,NOK,POK,pIOK,pNOK,pPOK,UTF8
s10	IOK,NOK,POK,pIOK,pNOK,pPOK,UTF8	rng	IOK,NOK,POK,pIOK,pNOK,pPOK,UTF8
s10	IOK,NOK,POK,pIOK,pNOK,pPOK,UTF8	str	IOK,NOK,POK,pIOK,pNOK,pPOK,UTF8
s10	IOK,NOK,POK,pIOK,pNOK,pPOK,UTF8	utf8	IOK,NOK,POK,pIOK,pNOK,pPOK,UTF8
s10	IOK,NOK,pIOK,pNOK	add	IOK,NOK,pIOK,pNOK
s10	IOK,NOK,pIOK,pNOK	bors	IOK,NOK,pIOK,pNOK
s10	IOK,NOK,pIOK,pNOK	cat0	POK,pPOK
s10	IOK,NOK,pIOK,pNOK	catx	POK,pPOK
s10	IOK,NOK,pIOK,pNOK	copy	IOK,NOK,pIOK,pNOK
s10	IOK,NOK,pIOK,pNOK	dec	IOK,pIOK
s10	IOK,NOK,pIOK,pNOK	fbors	IOK,NOK,pIOK,pNOK,pPOK
s10	IOK,NOK,pIOK,pNOK	inc	IOK,pIOK
s10	IOK,NOK,pIOK,pNOK	iv	IOK,NOK,pIOK,pNOK
s10	IOK,NOK,pIOK,pNOK	nv	IOK,NOK,pIOK,pNOK
s10	IOK,NOK,pIOK,pNOK	rng	IOK,NOK,pIOK,pNOK
s10	IOK,NOK,pIOK,pNOK	str	IOK,NOK,pIOK,pNOK,pPOK
s10	IOK,NOK,pIOK,pNOK	utf8	POK,pPOK,UTF8
s10	IOK,NOK,pIOK,pNOK,pPOK	add	IOK,NOK,pIOK,pNOK,pPOK
s10	IOK,NOK,pIOK,pNOK,pPOK	bors	IOK,NOK,pIOK,pNOK,pPOK
s10	IOK,NOK,pIOK,pNOK,pPOK	cat0	POK,pPOK
s10	IOK,NOK,pIOK,pNOK,pPOK	catx	POK,pPOK
s10	IOK,NOK,pIOK,pNOK,pPOK	copy	IOK,NOK,pIOK,pNOK,pPOK
s10	IOK,NOK,pIOK,pNOK,pPOK	dec	IOK,pIOK
s10	IOK,NOK,pIOK,pNOK,pPOK	fbors	IOK,NOK,pIOK,pNOK,pPOK
s10	IOK,NOK,pIOK,pNOK,pPOK	inc	IOK,pIOK
s10	IOK,NOK,pIOK,pNOK,pPOK	iv	IOK,NOK,pIOK,pNOK,pPOK
s10	IOK,NOK,pIOK,pNOK,pPOK	nv	IOK,NOK,pIOK,pNOK,pPOK
s10	IOK,NOK,pIOK,pNOK,pPOK	rng	IOK,NOK,pIOK,pNOK,pPOK
s10	IOK,NOK,pIOK,pNOK,pPOK	str	IOK,NOK,pIOK,pNOK,pPOK
s10	IOK,NOK,pIOK,pNOK,pPOK	utf8	POK,pPOK,UTF8
s10	IOK,POK,pIOK,pPOK	add	IOK,POK,pIOK,pPOK
s10	IOK,POK,pIOK,pPOK	bors	IOK,POK,pIOK,pPOK
s10	IOK,POK,pIOK,pPOK	cat0	POK,pPOK
s10	IOK,POK,pIOK,pPOK	catx	POK,pPOK
s10	IOK,POK,pIOK,pPOK	copy	IOK,POK,pIOK,pPOK
s10	IOK,POK,pIOK,pPOK	dec	IOK,pIOK
s10	IOK,POK,pIOK,pPOK	fbors	IOK,POK,pIOK,pPOK
s10	IOK,POK,pIOK,pPOK	inc	IOK,pIOK
s10	IOK,POK,pIOK,pPOK	iv	IOK,POK,pIOK,pPOK
s10	IOK,POK,pIOK,pPOK	nv	IOK,NOK,POK,pIOK,pNOK,pPOK
s10	IOK,POK,pIOK,pPOK	rng	IOK,POK,pIOK,pPOK
s10	IOK,POK,pIOK,pPOK	str	IOK,POK,pIOK,pPOK
s10	IOK,POK,pIOK,pPOK	utf8	IOK,POK,pIOK,pPOK,UTF8
s10	IOK,POK,pIOK,pPOK,UTF8	add	IOK,POK,pIOK,pPOK,UTF8
s10	IOK,POK,pIOK,pPOK,UTF8	bors	IOK,POK,pIOK,pPOK,UTF8
s10	IOK,POK,pIOK,pPOK,UTF8	cat0	POK,pPOK,UTF8
s10	IOK,POK,pIOK,pPOK,UTF8	catx	POK,pPOK,UTF8
s10	IOK,POK,pIOK,pPOK,UTF8	copy	IOK,POK,pIOK,pPOK,UTF8
s10	IOK,POK,pIOK,pPOK,UTF8	dec	IOK,pIOK
s10	IOK,POK,pIOK,pPOK,UTF8	fbors	IOK,POK,pIOK,pPOK,UTF8
s10	IOK,POK,pIOK,pPOK,UTF8	inc	IOK,pIOK
s10	IOK,POK,pIOK,pPOK,UTF8	iv	IOK,POK,pIOK,pPOK,UTF8
s10	IOK,POK,pIOK,pPOK,UTF8	nv	IOK,NOK,POK,pIOK,pNOK,pPOK,UTF8
s10	IOK,POK,pIOK,pPOK,UTF8	rng	IOK,POK,pIOK,pPOK,UTF8
s10	IOK,POK,pIOK,pPOK,UTF8	str	IOK,POK,pIOK,pPOK,UTF8
s10	IOK,POK,pIOK,pPOK,UTF8	utf8	IOK,POK,pIOK,pPOK,UTF8
s10	IOK,pIOK	add	IOK,pIOK
s10	IOK,pIOK	bors	IOK,pIOK
s10	IOK,pIOK	cat0	POK,pPOK
s10	IOK,pIOK	catx	POK,pPOK
s10	IOK,pIOK	copy	IOK,pIOK
s10	IOK,pIOK	dec	IOK,pIOK
s10	IOK,pIOK	fbors	IOK,pIOK,pPOK
s10	IOK,pIOK	inc	IOK,pIOK
s10	IOK,pIOK	iv	IOK,pIOK
s10	IOK,pIOK	nv	IOK,NOK,pIOK,pNOK
s10	IOK,pIOK	rng	IOK,pIOK
s10	IOK,pIOK	str	IOK,pIOK,pPOK
s10	IOK,pIOK	utf8	POK,pPOK,UTF8
s10	IOK,pIOK,pPOK	add	IOK,pIOK,pPOK
s10	IOK,pIOK,pPOK	bors	IOK,pIOK,pPOK
s10	IOK,pIOK,pPOK	cat0	POK,pPOK
s10	IOK,pIOK,pPOK	catx	POK,pPOK
s10	IOK,pIOK,pPOK	copy	IOK,pIOK,pPOK
s10	IOK,pIOK,pPOK	dec	IOK,pIOK
s10	IOK,pIOK,pPOK	fbors	IOK,pIOK,pPOK
s10	IOK,pIOK,pPOK	inc	IOK,pIOK
s10	IOK,pIOK,pPOK	iv	IOK,pIOK,pPOK
s10	IOK,pIOK,pPOK	nv	IOK,NOK,pIOK,pNOK,pPOK
s10	IOK,pIOK,pPOK	rng	IOK,pIOK,pPOK
s10	IOK,pIOK,pPOK	str	IOK,pIOK,pPOK
s10	IOK,pIOK,pPOK	utf8	POK,pPOK,UTF8
s10	NOK,POK,pNOK,pPOK	add	IOK,NOK,POK,pIOK,pNOK,pPOK
s10	NOK,POK,pNOK,pPOK	bors	IOK,NOK,POK,pIOK,pNOK,pPOK
s10	NOK,POK,pNOK,pPOK	cat0	POK,pPOK
s10	NOK,POK,pNOK,pPOK	catx	POK,pPOK
s10	NOK,POK,pNOK,pPOK	copy	NOK,POK,pNOK,pPOK
s10	NOK,POK,pNOK,pPOK	dec	NOK,pNOK
s10	NOK,POK,pNOK,pPOK	fbors	NOK,POK,pNOK,pPOK
s10	NOK,POK,pNOK,pPOK	inc	IOK,pIOK
s10	NOK,POK,pNOK,pPOK	iv	IOK,NOK,POK,pIOK,pNOK,pPOK
s10	NOK,POK,pNOK,pPOK	nv	NOK,POK,pNOK,pPOK
s10	NOK,POK,pNOK,pPOK	rng	IOK,NOK,POK,pIOK,pNOK,pPOK
s10	NOK,POK,pNOK,pPOK	str	NOK,POK,pNOK,pPOK
s10	NOK,POK,pNOK,pPOK	utf8	NOK,POK,pNOK,pPOK,UTF8
s10	NOK,POK,pNOK,pPOK,UTF8	add	IOK,NOK,POK,pIOK,pNOK,pPOK,UTF8
s10	NOK,POK,pNOK,pPOK,UTF8	bors	IOK,NOK,POK,pIOK,pNOK,pPOK,UTF8
s10	NOK,POK,pNOK,pPOK,UTF8	cat0	POK,pPOK,UTF8
s10	NOK,POK,pNOK,pPOK,UTF8	catx	POK,pPOK,UTF8
s10	NOK,POK,pNOK,pPOK,UTF8	copy	NOK,POK,pNOK,pPOK,UTF8
s10	NOK,POK,pNOK,pPOK,UTF8	dec	NOK,pNOK
s10	NOK,POK,pNOK,pPOK,UTF8	fbors	NOK,POK,pNOK,pPOK,UTF8
s10	NOK,POK,pNOK,pPOK,UTF8	inc	IOK,pIOK
s10	NOK,POK,pNOK,pPOK,UTF8	iv	IOK,NOK,POK,pIOK,pNOK,pPOK,UTF8
s10	NOK,POK,pNOK,pPOK,UTF8	nv	NOK,POK,pNOK,pPOK,UTF8
s10	NOK,POK,pNOK,pPOK,UTF8	rng	IOK,NOK,POK,pIOK,pNOK,pPOK,UTF8
s10	NOK,POK,pNOK,pPOK,UTF8	str	NOK,POK,pNOK,pPOK,UTF8
s10	NOK,POK,pNOK,pPOK,UTF8	utf8	NOK,POK,pNOK,pPOK,UTF8
s10	NOK,pNOK	add	IOK,NOK,pIOK,pNOK
s10	NOK,pNOK	bors	IOK,NOK,pIOK,pNOK
s10	NOK,pNOK	cat0	POK,pPOK
s10	NOK,pNOK	catx	POK,pPOK
s10	NOK,pNOK	copy	NOK,pNOK
s10	NOK,pNOK	dec	NOK,pNOK
s10	NOK,pNOK	fbors	NOK,pNOK
s10	NOK,pNOK	inc	IOK,pIOK
s10	NOK,pNOK	iv	IOK,NOK,pIOK,pNOK
s10	NOK,pNOK	nv	NOK,pNOK
s10	NOK,pNOK	rng	IOK,NOK,pIOK,pNOK
s10	NOK,pNOK	str	NOK,pNOK
s10	NOK,pNOK	utf8	POK,pPOK,UTF8
s10	POK,pIOK,pNOK,pPOK	add	POK,pIOK,pNOK,pPOK
s10	POK,pIOK,pNOK,pPOK	bors	POK,pIOK,pNOK,pPOK
s10	POK,pIOK,pNOK,pPOK	cat0	POK,pIOK,pNOK,pPOK
s10	POK,pIOK,pNOK,pPOK	catx	POK,pIOK,pNOK,pPOK
s10	POK,pIOK,pNOK,pPOK	copy	POK,pIOK,pNOK,pPOK
s10	POK,pIOK,pNOK,pPOK	dec	NOK,pNOK
s10	POK,pIOK,pNOK,pPOK	fbors	POK,pIOK,pNOK,pPOK
s10	POK,pIOK,pNOK,pPOK	inc	NOK,pNOK
s10	POK,pIOK,pNOK,pPOK	iv	POK,pIOK,pNOK,pPOK
s10	POK,pIOK,pNOK,pPOK	nv	POK,pIOK,pNOK,pPOK
s10	POK,pIOK,pNOK,pPOK	rng	POK,pIOK,pNOK,pPOK
s10	POK,pIOK,pNOK,pPOK	str	POK,pIOK,pNOK,pPOK
s10	POK,pIOK,pNOK,pPOK	utf8	POK,pIOK,pNOK,pPOK,UTF8
s10	POK,pIOK,pNOK,pPOK,UTF8	add	POK,pIOK,pNOK,pPOK,UTF8
s10	POK,pIOK,pNOK,pPOK,UTF8	bors	POK,pIOK,pNOK,pPOK,UTF8
s10	POK,pIOK,pNOK,pPOK,UTF8	cat0	POK,pIOK,pNOK,pPOK,UTF8
s10	POK,pIOK,pNOK,pPOK,UTF8	catx	POK,pIOK,pNOK,pPOK,UTF8
s10	POK,pIOK,pNOK,pPOK,UTF8	copy	POK,pIOK,pNOK,pPOK,UTF8
s10	POK,pIOK,pNOK,pPOK,UTF8	dec	NOK,pNOK
s10	POK,pIOK,pNOK,pPOK,UTF8	fbors	POK,pIOK,pNOK,pPOK,UTF8
s10	POK,pIOK,pNOK,pPOK,UTF8	inc	NOK,pNOK
s10	POK,pIOK,pNOK,pPOK,UTF8	iv	POK,pIOK,pNOK,pPOK,UTF8
s10	POK,pIOK,pNOK,pPOK,UTF8	nv	POK,pIOK,pNOK,pPOK,UTF8
s10	POK,pIOK,pNOK,pPOK,UTF8	rng	POK,pIOK,pNOK,pPOK,UTF8
s10	POK,pIOK,pNOK,pPOK,UTF8	str	POK,pIOK,pNOK,pPOK,UTF8
s10	POK,pIOK,pNOK,pPOK,UTF8	utf8	POK,pIOK,pNOK,pPOK,UTF8
s10	POK,pNOK,pPOK	add	POK,pIOK,pNOK,pPOK
s10	POK,pNOK,pPOK	bors	POK,pIOK,pNOK,pPOK
s10	POK,pNOK,pPOK	cat0	POK,pNOK,pPOK
s10	POK,pNOK,pPOK	catx	POK,pNOK,pPOK
s10	POK,pNOK,pPOK	copy	POK,pNOK,pPOK
s10	POK,pNOK,pPOK	dec	NOK,pNOK
s10	POK,pNOK,pPOK	fbors	POK,pNOK,pPOK
s10	POK,pNOK,pPOK	inc	NOK,pNOK
s10	POK,pNOK,pPOK	iv	POK,pIOK,pNOK,pPOK
s10	POK,pNOK,pPOK	nv	POK,pNOK,pPOK
s10	POK,pNOK,pPOK	rng	POK,pIOK,pNOK,pPOK
s10	POK,pNOK,pPOK	str	POK,pNOK,pPOK
s10	POK,pNOK,pPOK	utf8	POK,pNOK,pPOK,UTF8
s10	POK,pNOK,pPOK,UTF8	add	POK,pIOK,pNOK,pPOK,UTF8
s10	POK,pNOK,pPOK,UTF8	bors	POK,pIOK,pNOK,pPOK,UTF8
s10	POK,pNOK,pPOK,UTF8	cat0	POK,pNOK,pPOK,UTF8
s10	POK,pNOK,pPOK,UTF8	catx	POK,pNOK,pPOK,UTF8
s10	POK,pNOK,pPOK,UTF8	copy	POK,pNOK,pPOK,UTF8
s10	POK,pNOK,pPOK,UTF8	dec	NOK,pNOK
s10	POK,pNOK,pPOK,UTF8	fbors	POK,pNOK,pPOK,UTF8
s10	POK,pNOK,pPOK,UTF8	inc	NOK,pNOK
s10	POK,pNOK,pPOK,UTF8	iv	POK,pIOK,pNOK,pPOK,UTF8
s10	POK,pNOK,pPOK,UTF8	nv	POK,pNOK,pPOK,UTF8
s10	POK,pNOK,pPOK,UTF8	rng	POK,pIOK,pNOK,pPOK,UTF8
s10	POK,pNOK,pPOK,UTF8	str	POK,pNOK,pPOK,UTF8
s10	POK,pNOK,pPOK,UTF8	utf8	POK,pNOK,pPOK,UTF8
s10	POK,pPOK	add	POK,pIOK,pNOK,pPOK	CONFLICT(IOK,POK,pIOK,pPOK|POK,pIOK,pNOK,pPOK)
s10	POK,pPOK	bors	POK,pPOK
s10	POK,pPOK	cat0	POK,pPOK
s10	POK,pPOK	catx	POK,pPOK
s10	POK,pPOK	copy	POK,pPOK
s10	POK,pPOK	dec	NOK,pNOK	CONFLICT(IOK,pIOK|NOK,pNOK)
s10	POK,pPOK	fbors	POK,pPOK
s10	POK,pPOK	inc	NOK,pNOK	CONFLICT(NOK,pNOK|POK,pPOK)
s10	POK,pPOK	iv	POK,pIOK,pNOK,pPOK	CONFLICT(IOK,POK,pIOK,pPOK|POK,pIOK,pNOK,pPOK)
s10	POK,pPOK	nv	POK,pNOK,pPOK	CONFLICT(NOK,POK,pNOK,pPOK|POK,pNOK,pPOK)
s10	POK,pPOK	rng	POK,pPOK	CONFLICT(IOK,NOK,POK,pIOK,pNOK,pPOK|POK,pPOK)
s10	POK,pPOK	str	POK,pPOK
s10	POK,pPOK	utf8	POK,pPOK,UTF8
s10	POK,pPOK,UTF8	add	POK,pIOK,pNOK,pPOK,UTF8	CONFLICT(IOK,POK,pIOK,pPOK,UTF8|POK,pIOK,pNOK,pPOK,UTF8)
s10	POK,pPOK,UTF8	bors	POK,pPOK,UTF8
s10	POK,pPOK,UTF8	cat0	POK,pPOK,UTF8
s10	POK,pPOK,UTF8	catx	POK,pPOK,UTF8
s10	POK,pPOK,UTF8	copy	POK,pPOK,UTF8
s10	POK,pPOK,UTF8	dec	NOK,pNOK	CONFLICT(IOK,pIOK|NOK,pNOK)
s10	POK,pPOK,UTF8	fbors	POK,pPOK,UTF8
s10	POK,pPOK,UTF8	inc	NOK,pNOK	CONFLICT(NOK,pNOK|POK,pPOK,UTF8)
s10	POK,pPOK,UTF8	iv	POK,pIOK,pNOK,pPOK,UTF8	CONFLICT(IOK,POK,pIOK,pPOK,UTF8|POK,pIOK,pNOK,pPOK,UTF8)
s10	POK,pPOK,UTF8	nv	POK,pNOK,pPOK,UTF8	CONFLICT(NOK,POK,pNOK,pPOK,UTF8|POK,pNOK,pPOK,UTF8)
s10	POK,pPOK,UTF8	rng	POK,pPOK,UTF8	CONFLICT(IOK,NOK,POK,pIOK,pNOK,pPOK,UTF8|POK,pPOK,UTF8)
s10	POK,pPOK,UTF8	str	POK,pPOK,UTF8
s10	POK,pPOK,UTF8	utf8	POK,pPOK,UTF8
s12x	IOK,NOK,POK,pIOK,pNOK,pPOK	add	IOK,NOK,POK,pIOK,pNOK,pPOK
s12x	IOK,NOK,POK,pIOK,pNOK,pPOK	bors	IOK,NOK,POK,pIOK,pNOK,pPOK
s12x	IOK,NOK,POK,pIOK,pNOK,pPOK	cat0	POK,pPOK
s12x	IOK,NOK,POK,pIOK,pNOK,pPOK	catx	POK,pPOK
s12x	IOK,NOK,POK,pIOK,pNOK,pPOK	copy	IOK,NOK,POK,pIOK,pNOK,pPOK
s12x	IOK,NOK,POK,pIOK,pNOK,pPOK	dec	IOK,pIOK
s12x	IOK,NOK,POK,pIOK,pNOK,pPOK	fbors	IOK,NOK,POK,pIOK,pNOK,pPOK
s12x	IOK,NOK,POK,pIOK,pNOK,pPOK	inc	IOK,pIOK
s12x	IOK,NOK,POK,pIOK,pNOK,pPOK	iv	IOK,NOK,POK,pIOK,pNOK,pPOK
s12x	IOK,NOK,POK,pIOK,pNOK,pPOK	nv	IOK,NOK,POK,pIOK,pNOK,pPOK
s12x	IOK,NOK,POK,pIOK,pNOK,pPOK	rng	IOK,NOK,POK,pIOK,pNOK,pPOK
s12x	IOK,NOK,POK,pIOK,pNOK,pPOK	str	IOK,NOK,POK,pIOK,pNOK,pPOK
s12x	IOK,NOK,POK,pIOK,pNOK,pPOK	utf8	IOK,NOK,POK,pIOK,pNOK,pPOK,UTF8
s12x	IOK,NOK,POK,pIOK,pNOK,pPOK,UTF8	add	IOK,NOK,POK,pIOK,pNOK,pPOK,UTF8
s12x	IOK,NOK,POK,pIOK,pNOK,pPOK,UTF8	bors	IOK,NOK,POK,pIOK,pNOK,pPOK,UTF8
s12x	IOK,NOK,POK,pIOK,pNOK,pPOK,UTF8	cat0	POK,pPOK,UTF8
s12x	IOK,NOK,POK,pIOK,pNOK,pPOK,UTF8	catx	POK,pPOK,UTF8
s12x	IOK,NOK,POK,pIOK,pNOK,pPOK,UTF8	copy	IOK,NOK,POK,pIOK,pNOK,pPOK,UTF8
s12x	IOK,NOK,POK,pIOK,pNOK,pPOK,UTF8	dec	IOK,pIOK
s12x	IOK,NOK,POK,pIOK,pNOK,pPOK,UTF8	fbors	IOK,NOK,POK,pIOK,pNOK,pPOK,UTF8
s12x	IOK,NOK,POK,pIOK,pNOK,pPOK,UTF8	inc	IOK,pIOK
s12x	IOK,NOK,POK,pIOK,pNOK,pPOK,UTF8	iv	IOK,NOK,POK,pIOK,pNOK,pPOK,UTF8
s12x	IOK,NOK,POK,pIOK,pNOK,pPOK,UTF8	nv	IOK,NOK,POK,pIOK,pNOK,pPOK,UTF8
s12x	IOK,NOK,POK,pIOK,pNOK,pPOK,UTF8	rng	IOK,NOK,POK,pIOK,pNOK,pPOK,UTF8
s12x	IOK,NOK,POK,pIOK,pNOK,pPOK,UTF8	str	IOK,NOK,POK,pIOK,pNOK,pPOK,UTF8
s12x	IOK,NOK,POK,pIOK,pNOK,pPOK,UTF8	utf8	IOK,NOK,POK,pIOK,pNOK,pPOK,UTF8
s12x	IOK,NOK,pIOK,pNOK	add	IOK,NOK,pIOK,pNOK
s12x	IOK,NOK,pIOK,pNOK	bors	IOK,NOK,pIOK,pNOK
s12x	IOK,NOK,pIOK,pNOK	cat0	POK,pPOK
s12x	IOK,NOK,pIOK,pNOK	catx	POK,pPOK
s12x	IOK,NOK,pIOK,pNOK	copy	IOK,NOK,pIOK,pNOK
s12x	IOK,NOK,pIOK,pNOK	dec	IOK,pIOK
s12x	IOK,NOK,pIOK,pNOK	fbors	IOK,NOK,pIOK,pNOK,pPOK
s12x	IOK,NOK,pIOK,pNOK	inc	IOK,pIOK
s12x	IOK,NOK,pIOK,pNOK	iv	IOK,NOK,pIOK,pNOK
s12x	IOK,NOK,pIOK,pNOK	nv	IOK,NOK,pIOK,pNOK
s12x	IOK,NOK,pIOK,pNOK	rng	IOK,NOK,pIOK,pNOK
s12x	IOK,NOK,pIOK,pNOK	str	IOK,NOK,pIOK,pNOK,pPOK
s12x	IOK,NOK,pIOK,pNOK	utf8	POK,pPOK,UTF8
s12x	IOK,NOK,pIOK,pNOK,pPOK	add	IOK,NOK,pIOK,pNOK,pPOK
s12x	IOK,NOK,pIOK,pNOK,pPOK	bors	IOK,NOK,pIOK,pNOK,pPOK
s12x	IOK,NOK,pIOK,pNOK,pPOK	cat0	POK,pPOK
s12x	IOK,NOK,pIOK,pNOK,pPOK	catx	POK,pPOK
s12x	IOK,NOK,pIOK,pNOK,pPOK	copy	IOK,NOK,pIOK,pNOK,pPOK
s12x	IOK,NOK,pIOK,pNOK,pPOK	dec	IOK,pIOK
s12x	IOK,NOK,pIOK,pNOK,pPOK	fbors	IOK,NOK,pIOK,pNOK,pPOK
s12x	IOK,NOK,pIOK,pNOK,pPOK	inc	IOK,pIOK
s12x	IOK,NOK,pIOK,pNOK,pPOK	iv	IOK,NOK,pIOK,pNOK,pPOK
s12x	IOK,NOK,pIOK,pNOK,pPOK	nv	IOK,NOK,pIOK,pNOK,pPOK
s12x	IOK,NOK,pIOK,pNOK,pPOK	rng	IOK,NOK,pIOK,pNOK,pPOK
s12x	IOK,NOK,pIOK,pNOK,pPOK	str	IOK,NOK,pIOK,pNOK,pPOK
s12x	IOK,NOK,pIOK,pNOK,pPOK	utf8	POK,pPOK,UTF8
s12x	IOK,POK,pIOK,pPOK	add	IOK,POK,pIOK,pPOK
s12x	IOK,POK,pIOK,pPOK	bors	IOK,POK,pIOK,pPOK
s12x	IOK,POK,pIOK,pPOK	cat0	POK,pPOK
s12x	IOK,POK,pIOK,pPOK	catx	POK,pPOK
s12x	IOK,POK,pIOK,pPOK	copy	IOK,POK,pIOK,pPOK
s12x	IOK,POK,pIOK,pPOK	dec	IOK,pIOK
s12x	IOK,POK,pIOK,pPOK	fbors	IOK,POK,pIOK,pPOK
s12x	IOK,POK,pIOK,pPOK	inc	IOK,pIOK
s12x	IOK,POK,pIOK,pPOK	iv	IOK,POK,pIOK,pPOK
s12x	IOK,POK,pIOK,pPOK	nv	IOK,NOK,POK,pIOK,pNOK,pPOK
s12x	IOK,POK,pIOK,pPOK	rng	IOK,POK,pIOK,pPOK
s12x	IOK,POK,pIOK,pPOK	str	IOK,POK,pIOK,pPOK
s12x	IOK,POK,pIOK,pPOK	utf8	IOK,POK,pIOK,pPOK,UTF8
s12x	IOK,POK,pIOK,pPOK,UTF8	add	IOK,POK,pIOK,pPOK,UTF8
s12x	IOK,POK,pIOK,pPOK,UTF8	bors	IOK,POK,pIOK,pPOK,UTF8
s12x	IOK,POK,pIOK,pPOK,UTF8	cat0	POK,pPOK,UTF8
s12x	IOK,POK,pIOK,pPOK,UTF8	catx	POK,pPOK,UTF8
s12x	IOK,POK,pIOK,pPOK,UTF8	copy	IOK,POK,pIOK,pPOK,UTF8
s12x	IOK,POK,pIOK,pPOK,UTF8	dec	IOK,pIOK
s12x	IOK,POK,pIOK,pPOK,UTF8	fbors	IOK,POK,pIOK,pPOK,UTF8
s12x	IOK,POK,pIOK,pPOK,UTF8	inc	IOK,pIOK
s12x	IOK,POK,pIOK,pPOK,UTF8	iv	IOK,POK,pIOK,pPOK,UTF8
s12x	IOK,POK,pIOK,pPOK,UTF8	nv	IOK,NOK,POK,pIOK,pNOK,pPOK,UTF8
s12x	IOK,POK,pIOK,pPOK,UTF8	rng	IOK,POK,pIOK,pPOK,UTF8
s12x	IOK,POK,pIOK,pPOK,UTF8	str	IOK,POK,pIOK,pPOK,UTF8
s12x	IOK,POK,pIOK,pPOK,UTF8	utf8	IOK,POK,pIOK,pPOK,UTF8
s12x	IOK,pIOK	add	IOK,pIOK
s12x	IOK,pIOK	bors	IOK,pIOK
s12x	IOK,pIOK	cat0	POK,pPOK
s12x	IOK,pIOK	catx	POK,pPOK
s12x	IOK,pIOK	copy	IOK,pIOK
s12x	IOK,pIOK	dec	IOK,pIOK
s12x	IOK,pIOK	fbors	IOK,pIOK,pPOK
s12x	IOK,pIOK	inc	IOK,pIOK
s12x	IOK,pIOK	iv	IOK,pIOK
s12x	IOK,pIOK	nv	IOK,NOK,pIOK,pNOK
s12x	IOK,pIOK	rng	IOK,pIOK
s12x	IOK,pIOK	str	IOK,pIOK,pPOK
s12x	IOK,pIOK	utf8	POK,pPOK,UTF8
s12x	IOK,pIOK,pPOK	add	IOK,pIOK,pPOK
s12x	IOK,pIOK,pPOK	bors	IOK,pIOK,pPOK
s12x	IOK,pIOK,pPOK	cat0	POK,pPOK
s12x	IOK,pIOK,pPOK	catx	POK,pPOK
s12x	IOK,pIOK,pPOK	copy	IOK,pIOK,pPOK
s12x	IOK,pIOK,pPOK	dec	IOK,pIOK
s12x	IOK,pIOK,pPOK	fbors	IOK,pIOK,pPOK
s12x	IOK,pIOK,pPOK	inc	IOK,pIOK
s12x	IOK,pIOK,pPOK	iv	IOK,pIOK,pPOK
s12x	IOK,pIOK,pPOK	nv	IOK,NOK,pIOK,pNOK,pPOK
s12x	IOK,pIOK,pPOK	rng	IOK,pIOK,pPOK
s12x	IOK,pIOK,pPOK	str	IOK,pIOK,pPOK
s12x	IOK,pIOK,pPOK	utf8	POK,pPOK,UTF8
s12x	NOK,POK,pNOK,pPOK	add	IOK,NOK,POK,pIOK,pNOK,pPOK
s12x	NOK,POK,pNOK,pPOK	bors	IOK,NOK,POK,pIOK,pNOK,pPOK
s12x	NOK,POK,pNOK,pPOK	cat0	POK,pPOK
s12x	NOK,POK,pNOK,pPOK	catx	POK,pPOK
s12x	NOK,POK,pNOK,pPOK	copy	NOK,POK,pNOK,pPOK
s12x	NOK,POK,pNOK,pPOK	dec	NOK,pNOK
s12x	NOK,POK,pNOK,pPOK	fbors	NOK,POK,pNOK,pPOK
s12x	NOK,POK,pNOK,pPOK	inc	IOK,pIOK
s12x	NOK,POK,pNOK,pPOK	iv	IOK,NOK,POK,pIOK,pNOK,pPOK
s12x	NOK,POK,pNOK,pPOK	nv	NOK,POK,pNOK,pPOK
s12x	NOK,POK,pNOK,pPOK	rng	IOK,NOK,POK,pIOK,pNOK,pPOK
s12x	NOK,POK,pNOK,pPOK	str	NOK,POK,pNOK,pPOK
s12x	NOK,POK,pNOK,pPOK	utf8	NOK,POK,pNOK,pPOK,UTF8
s12x	NOK,POK,pNOK,pPOK,UTF8	add	IOK,NOK,POK,pIOK,pNOK,pPOK,UTF8
s12x	NOK,POK,pNOK,pPOK,UTF8	bors	IOK,NOK,POK,pIOK,pNOK,pPOK,UTF8
s12x	NOK,POK,pNOK,pPOK,UTF8	cat0	POK,pPOK,UTF8
s12x	NOK,POK,pNOK,pPOK,UTF8	catx	POK,pPOK,UTF8
s12x	NOK,POK,pNOK,pPOK,UTF8	copy	NOK,POK,pNOK,pPOK,UTF8
s12x	NOK,POK,pNOK,pPOK,UTF8	dec	NOK,pNOK
s12x	NOK,POK,pNOK,pPOK,UTF8	fbors	NOK,POK,pNOK,pPOK,UTF8
s12x	NOK,POK,pNOK,pPOK,UTF8	inc	IOK,pIOK
s12x	NOK,POK,pNOK,pPOK,UTF8	iv	IOK,NOK,POK,pIOK,pNOK,pPOK,UTF8
s12x	NOK,POK,pNOK,pPOK,UTF8	nv	NOK,POK,pNOK,pPOK,UTF8
s12x	NOK,POK,pNOK,pPOK,UTF8	rng	IOK,NOK,POK,pIOK,pNOK,pPOK,UTF8
s12x	NOK,POK,pNOK,pPOK,UTF8	str	NOK,POK,pNOK,pPOK,UTF8
s12x	NOK,POK,pNOK,pPOK,UTF8	utf8	NOK,POK,pNOK,pPOK,UTF8
s12x	NOK,pNOK	add	IOK,NOK,pIOK,pNOK
s12x	NOK,pNOK	bors	IOK,NOK,pIOK,pNOK
s12x	NOK,pNOK	cat0	POK,pPOK
s12x	NOK,pNOK	catx	POK,pPOK
s12x	NOK,pNOK	copy	NOK,pNOK
s12x	NOK,pNOK	dec	NOK,pNOK
s12x	NOK,pNOK	fbors	NOK,pNOK
s12x	NOK,pNOK	inc	IOK,pIOK
s12x	NOK,pNOK	iv	IOK,NOK,pIOK,pNOK
s12x	NOK,pNOK	nv	NOK,pNOK
s12x	NOK,pNOK	rng	IOK,NOK,pIOK,pNOK
s12x	NOK,pNOK	str	NOK,pNOK
s12x	NOK,pNOK	utf8	POK,pPOK,UTF8
s12x	POK,pIOK,pNOK,pPOK	add	POK,pIOK,pNOK,pPOK
s12x	POK,pIOK,pNOK,pPOK	bors	POK,pIOK,pNOK,pPOK
s12x	POK,pIOK,pNOK,pPOK	cat0	POK,pIOK,pNOK,pPOK	CONFLICT(POK,pIOK,pNOK,pPOK|POK,pPOK)
s12x	POK,pIOK,pNOK,pPOK	catx	POK,pIOK,pNOK,pPOK	CONFLICT(POK,pIOK,pNOK,pPOK|POK,pPOK)
s12x	POK,pIOK,pNOK,pPOK	copy	POK,pIOK,pNOK,pPOK
s12x	POK,pIOK,pNOK,pPOK	dec	NOK,pNOK
s12x	POK,pIOK,pNOK,pPOK	fbors	POK,pIOK,pNOK,pPOK
s12x	POK,pIOK,pNOK,pPOK	inc	NOK,pNOK
s12x	POK,pIOK,pNOK,pPOK	iv	POK,pIOK,pNOK,pPOK
s12x	POK,pIOK,pNOK,pPOK	nv	POK,pIOK,pNOK,pPOK
s12x	POK,pIOK,pNOK,pPOK	rng	POK,pIOK,pNOK,pPOK
s12x	POK,pIOK,pNOK,pPOK	str	POK,pIOK,pNOK,pPOK
s12x	POK,pIOK,pNOK,pPOK	utf8	POK,pIOK,pNOK,pPOK,UTF8
s12x	POK,pIOK,pNOK,pPOK,UTF8	add	POK,pIOK,pNOK,pPOK,UTF8
s12x	POK,pIOK,pNOK,pPOK,UTF8	bors	POK,pIOK,pNOK,pPOK,UTF8
s12x	POK,pIOK,pNOK,pPOK,UTF8	cat0	POK,pIOK,pNOK,pPOK,UTF8
s12x	POK,pIOK,pNOK,pPOK,UTF8	catx	POK,pIOK,pNOK,pPOK,UTF8
s12x	POK,pIOK,pNOK,pPOK,UTF8	copy	POK,pIOK,pNOK,pPOK,UTF8
s12x	POK,pIOK,pNOK,pPOK,UTF8	dec	NOK,pNOK
s12x	POK,pIOK,pNOK,pPOK,UTF8	fbors	POK,pIOK,pNOK,pPOK,UTF8
s12x	POK,pIOK,pNOK,pPOK,UTF8	inc	NOK,pNOK
s12x	POK,pIOK,pNOK,pPOK,UTF8	iv	POK,pIOK,pNOK,pPOK,UTF8
s12x	POK,pIOK,pNOK,pPOK,UTF8	nv	POK,pIOK,pNOK,pPOK,UTF8
s12x	POK,pIOK,pNOK,pPOK,UTF8	rng	POK,pIOK,pNOK,pPOK,UTF8
s12x	POK,pIOK,pNOK,pPOK,UTF8	str	POK,pIOK,pNOK,pPOK,UTF8
s12x	POK,pIOK,pNOK,pPOK,UTF8	utf8	POK,pIOK,pNOK,pPOK,UTF8
s12x	POK,pNOK,pPOK	add	POK,pIOK,pNOK,pPOK
s12x	POK,pNOK,pPOK	bors	POK,pIOK,pNOK,pPOK
s12x	POK,pNOK,pPOK	cat0	POK,pNOK,pPOK	CONFLICT(POK,pNOK,pPOK|POK,pPOK)
s12x	POK,pNOK,pPOK	catx	POK,pNOK,pPOK	CONFLICT(POK,pNOK,pPOK|POK,pPOK)
s12x	POK,pNOK,pPOK	copy	POK,pNOK,pPOK
s12x	POK,pNOK,pPOK	dec	NOK,pNOK
s12x	POK,pNOK,pPOK	fbors	POK,pNOK,pPOK
s12x	POK,pNOK,pPOK	inc	NOK,pNOK
s12x	POK,pNOK,pPOK	iv	POK,pIOK,pNOK,pPOK
s12x	POK,pNOK,pPOK	nv	POK,pNOK,pPOK
s12x	POK,pNOK,pPOK	rng	POK,pIOK,pNOK,pPOK
s12x	POK,pNOK,pPOK	str	POK,pNOK,pPOK
s12x	POK,pNOK,pPOK	utf8	POK,pNOK,pPOK,UTF8
s12x	POK,pNOK,pPOK,UTF8	add	POK,pIOK,pNOK,pPOK,UTF8
s12x	POK,pNOK,pPOK,UTF8	bors	POK,pIOK,pNOK,pPOK,UTF8
s12x	POK,pNOK,pPOK,UTF8	cat0	POK,pNOK,pPOK,UTF8
s12x	POK,pNOK,pPOK,UTF8	catx	POK,pNOK,pPOK,UTF8
s12x	POK,pNOK,pPOK,UTF8	copy	POK,pNOK,pPOK,UTF8
s12x	POK,pNOK,pPOK,UTF8	dec	NOK,pNOK
s12x	POK,pNOK,pPOK,UTF8	fbors	POK,pNOK,pPOK,UTF8
s12x	POK,pNOK,pPOK,UTF8	inc	NOK,pNOK
s12x	POK,pNOK,pPOK,UTF8	iv	POK,pIOK,pNOK,pPOK,UTF8
s12x	POK,pNOK,pPOK,UTF8	nv	POK,pNOK,pPOK,UTF8
s12x	POK,pNOK,pPOK,UTF8	rng	POK,pIOK,pNOK,pPOK,UTF8
s12x	POK,pNOK,pPOK,UTF8	str	POK,pNOK,pPOK,UTF8
s12x	POK,pNOK,pPOK,UTF8	utf8	POK,pNOK,pPOK,UTF8
s12x	POK,pPOK	add	POK,pIOK,pNOK,pPOK	CONFLICT(IOK,POK,pIOK,pPOK|POK,pIOK,pNOK,pPOK)
s12x	POK,pPOK	bors	POK,pPOK
s12x	POK,pPOK	cat0	POK,pPOK
s12x	POK,pPOK	catx	POK,pPOK
s12x	POK,pPOK	copy	POK,pPOK
s12x	POK,pPOK	dec	NOK,pNOK	CONFLICT(IOK,pIOK|NOK,pNOK)
s12x	POK,pPOK	fbors	POK,pPOK
s12x	POK,pPOK	inc	NOK,pNOK	CONFLICT(NOK,pNOK|POK,pPOK)
s12x	POK,pPOK	iv	POK,pIOK,pNOK,pPOK	CONFLICT(IOK,POK,pIOK,pPOK|POK,pIOK,pNOK,pPOK)
s12x	POK,pPOK	nv	POK,pNOK,pPOK	CONFLICT(NOK,POK,pNOK,pPOK|POK,pNOK,pPOK)
s12x	POK,pPOK	rng	POK,pPOK	CONFLICT(IOK,NOK,POK,pIOK,pNOK,pPOK|POK,pPOK)
s12x	POK,pPOK	str	POK,pPOK
s12x	POK,pPOK	utf8	POK,pPOK,UTF8
s12x	POK,pPOK,UTF8	add	IOK,POK,pIOK,pPOK,UTF8	CONFLICT(IOK,POK,pIOK,pPOK,UTF8|POK,pIOK,pNOK,pPOK,UTF8)
s12x	POK,pPOK,UTF8	bors	POK,pPOK,UTF8
s12x	POK,pPOK,UTF8	cat0	POK,pPOK,UTF8
s12x	POK,pPOK,UTF8	catx	POK,pPOK,UTF8
s12x	POK,pPOK,UTF8	copy	POK,pPOK,UTF8
s12x	POK,pPOK,UTF8	dec	IOK,pIOK	CONFLICT(IOK,pIOK|NOK,pNOK)
s12x	POK,pPOK,UTF8	fbors	POK,pPOK,UTF8
s12x	POK,pPOK,UTF8	inc	POK,pPOK,UTF8	CONFLICT(NOK,pNOK|POK,pPOK,UTF8)
s12x	POK,pPOK,UTF8	iv	IOK,POK,pIOK,pPOK,UTF8	CONFLICT(IOK,POK,pIOK,pPOK,UTF8|POK,pIOK,pNOK,pPOK,UTF8)
s12x	POK,pPOK,UTF8	nv	NOK,POK,pNOK,pPOK,UTF8	CONFLICT(NOK,POK,pNOK,pPOK,UTF8|POK,pNOK,pPOK,UTF8)
s12x	POK,pPOK,UTF8	rng	IOK,NOK,POK,pIOK,pNOK,pPOK,UTF8	CONFLICT(IOK,NOK,POK,pIOK,pNOK,pPOK,UTF8|POK,pPOK,UTF8)
s12x	POK,pPOK,UTF8	str	POK,pPOK,UTF8
s12x	POK,pPOK,UTF8	utf8	POK,pPOK,UTF8
s1_5	NOK,POK,pIOK,pNOK,pPOK	add	NOK,POK,pIOK,pNOK,pPOK
s1_5	NOK,POK,pIOK,pNOK,pPOK	bors	NOK,POK,pIOK,pNOK,pPOK
s1_5	NOK,POK,pIOK,pNOK,pPOK	cat0	POK,pPOK
s1_5	NOK,POK,pIOK,pNOK,pPOK	catx	POK,pPOK
s1_5	NOK,POK,pIOK,pNOK,pPOK	copy	NOK,POK,pIOK,pNOK,pPOK
s1_5	NOK,POK,pIOK,pNOK,pPOK	dec	NOK,pNOK
s1_5	NOK,POK,pIOK,pNOK,pPOK	fbors	NOK,POK,pIOK,pNOK,pPOK
s1_5	NOK,POK,pIOK,pNOK,pPOK	inc	NOK,pNOK
s1_5	NOK,POK,pIOK,pNOK,pPOK	iv	NOK,POK,pIOK,pNOK,pPOK
s1_5	NOK,POK,pIOK,pNOK,pPOK	nv	NOK,POK,pIOK,pNOK,pPOK
s1_5	NOK,POK,pIOK,pNOK,pPOK	rng	NOK,POK,pIOK,pNOK,pPOK
s1_5	NOK,POK,pIOK,pNOK,pPOK	str	NOK,POK,pIOK,pNOK,pPOK
s1_5	NOK,POK,pIOK,pNOK,pPOK	utf8	NOK,POK,pIOK,pNOK,pPOK,UTF8
s1_5	NOK,POK,pIOK,pNOK,pPOK,UTF8	add	NOK,POK,pIOK,pNOK,pPOK,UTF8
s1_5	NOK,POK,pIOK,pNOK,pPOK,UTF8	bors	NOK,POK,pIOK,pNOK,pPOK,UTF8
s1_5	NOK,POK,pIOK,pNOK,pPOK,UTF8	cat0	POK,pPOK,UTF8
s1_5	NOK,POK,pIOK,pNOK,pPOK,UTF8	catx	POK,pPOK,UTF8
s1_5	NOK,POK,pIOK,pNOK,pPOK,UTF8	copy	NOK,POK,pIOK,pNOK,pPOK,UTF8
s1_5	NOK,POK,pIOK,pNOK,pPOK,UTF8	dec	NOK,pNOK
s1_5	NOK,POK,pIOK,pNOK,pPOK,UTF8	fbors	NOK,POK,pIOK,pNOK,pPOK,UTF8
s1_5	NOK,POK,pIOK,pNOK,pPOK,UTF8	inc	NOK,pNOK
s1_5	NOK,POK,pIOK,pNOK,pPOK,UTF8	iv	NOK,POK,pIOK,pNOK,pPOK,UTF8
s1_5	NOK,POK,pIOK,pNOK,pPOK,UTF8	nv	NOK,POK,pIOK,pNOK,pPOK,UTF8
s1_5	NOK,POK,pIOK,pNOK,pPOK,UTF8	rng	NOK,POK,pIOK,pNOK,pPOK,UTF8
s1_5	NOK,POK,pIOK,pNOK,pPOK,UTF8	str	NOK,POK,pIOK,pNOK,pPOK,UTF8
s1_5	NOK,POK,pIOK,pNOK,pPOK,UTF8	utf8	NOK,POK,pIOK,pNOK,pPOK,UTF8
s1_5	NOK,POK,pNOK,pPOK	add	NOK,POK,pIOK,pNOK,pPOK
s1_5	NOK,POK,pNOK,pPOK	bors	NOK,POK,pIOK,pNOK,pPOK
s1_5	NOK,POK,pNOK,pPOK	cat0	POK,pPOK
s1_5	NOK,POK,pNOK,pPOK	catx	POK,pPOK
s1_5	NOK,POK,pNOK,pPOK	copy	NOK,POK,pNOK,pPOK
s1_5	NOK,POK,pNOK,pPOK	dec	NOK,pNOK
s1_5	NOK,POK,pNOK,pPOK	fbors	NOK,POK,pNOK,pPOK
s1_5	NOK,POK,pNOK,pPOK	inc	NOK,pNOK
s1_5	NOK,POK,pNOK,pPOK	iv	NOK,POK,pIOK,pNOK,pPOK
s1_5	NOK,POK,pNOK,pPOK	nv	NOK,POK,pNOK,pPOK
s1_5	NOK,POK,pNOK,pPOK	rng	NOK,POK,pIOK,pNOK,pPOK
s1_5	NOK,POK,pNOK,pPOK	str	NOK,POK,pNOK,pPOK
s1_5	NOK,POK,pNOK,pPOK	utf8	NOK,POK,pNOK,pPOK,UTF8
s1_5	NOK,POK,pNOK,pPOK,UTF8	add	NOK,POK,pIOK,pNOK,pPOK,UTF8
s1_5	NOK,POK,pNOK,pPOK,UTF8	bors	NOK,POK,pIOK,pNOK,pPOK,UTF8
s1_5	NOK,POK,pNOK,pPOK,UTF8	cat0	POK,pPOK,UTF8
s1_5	NOK,POK,pNOK,pPOK,UTF8	catx	POK,pPOK,UTF8
s1_5	NOK,POK,pNOK,pPOK,UTF8	copy	NOK,POK,pNOK,pPOK,UTF8
s1_5	NOK,POK,pNOK,pPOK,UTF8	dec	NOK,pNOK
s1_5	NOK,POK,pNOK,pPOK,UTF8	fbors	NOK,POK,pNOK,pPOK,UTF8
s1_5	NOK,POK,pNOK,pPOK,UTF8	inc	NOK,pNOK
s1_5	NOK,POK,pNOK,pPOK,UTF8	iv	NOK,POK,pIOK,pNOK,pPOK,UTF8
s1_5	NOK,POK,pNOK,pPOK,UTF8	nv	NOK,POK,pNOK,pPOK,UTF8
s1_5	NOK,POK,pNOK,pPOK,UTF8	rng	NOK,POK,pIOK,pNOK,pPOK,UTF8
s1_5	NOK,POK,pNOK,pPOK,UTF8	str	NOK,POK,pNOK,pPOK,UTF8
s1_5	NOK,POK,pNOK,pPOK,UTF8	utf8	NOK,POK,pNOK,pPOK,UTF8
s1_5	NOK,pIOK,pNOK	add	NOK,pIOK,pNOK
s1_5	NOK,pIOK,pNOK	bors	NOK,pIOK,pNOK
s1_5	NOK,pIOK,pNOK	cat0	POK,pPOK
s1_5	NOK,pIOK,pNOK	catx	POK,pPOK
s1_5	NOK,pIOK,pNOK	copy	NOK,pIOK,pNOK
s1_5	NOK,pIOK,pNOK	dec	NOK,pNOK
s1_5	NOK,pIOK,pNOK	fbors	NOK,pIOK,pNOK
s1_5	NOK,pIOK,pNOK	inc	NOK,pNOK
s1_5	NOK,pIOK,pNOK	iv	NOK,pIOK,pNOK
s1_5	NOK,pIOK,pNOK	nv	NOK,pIOK,pNOK
s1_5	NOK,pIOK,pNOK	rng	NOK,pIOK,pNOK
s1_5	NOK,pIOK,pNOK	str	NOK,pIOK,pNOK
s1_5	NOK,pIOK,pNOK	utf8	POK,pPOK,UTF8
s1_5	NOK,pNOK	add	NOK,pIOK,pNOK
s1_5	NOK,pNOK	bors	NOK,pIOK,pNOK
s1_5	NOK,pNOK	cat0	POK,pPOK
s1_5	NOK,pNOK	catx	POK,pPOK
s1_5	NOK,pNOK	copy	NOK,pNOK
s1_5	NOK,pNOK	dec	NOK,pNOK
s1_5	NOK,pNOK	fbors	NOK,pNOK
s1_5	NOK,pNOK	inc	NOK,pNOK
s1_5	NOK,pNOK	iv	NOK,pIOK,pNOK
s1_5	NOK,pNOK	nv	NOK,pNOK
s1_5	NOK,pNOK	rng	NOK,pIOK,pNOK
s1_5	NOK,pNOK	str	NOK,pNOK
s1_5	NOK,pNOK	utf8	POK,pPOK,UTF8
s1_5	POK,pIOK,pNOK,pPOK	add	POK,pIOK,pNOK,pPOK
s1_5	POK,pIOK,pNOK,pPOK	bors	POK,pIOK,pNOK,pPOK
s1_5	POK,pIOK,pNOK,pPOK	cat0	POK,pIOK,pNOK,pPOK
s1_5	POK,pIOK,pNOK,pPOK	catx	POK,pIOK,pNOK,pPOK
s1_5	POK,pIOK,pNOK,pPOK	copy	POK,pIOK,pNOK,pPOK
s1_5	POK,pIOK,pNOK,pPOK	dec	NOK,pNOK
s1_5	POK,pIOK,pNOK,pPOK	fbors	POK,pIOK,pNOK,pPOK
s1_5	POK,pIOK,pNOK,pPOK	inc	NOK,pNOK
s1_5	POK,pIOK,pNOK,pPOK	iv	POK,pIOK,pNOK,pPOK
s1_5	POK,pIOK,pNOK,pPOK	nv	POK,pIOK,pNOK,pPOK
s1_5	POK,pIOK,pNOK,pPOK	rng	POK,pIOK,pNOK,pPOK
s1_5	POK,pIOK,pNOK,pPOK	str	POK,pIOK,pNOK,pPOK
s1_5	POK,pIOK,pNOK,pPOK	utf8	POK,pIOK,pNOK,pPOK,UTF8
s1_5	POK,pIOK,pNOK,pPOK,UTF8	add	POK,pIOK,pNOK,pPOK,UTF8
s1_5	POK,pIOK,pNOK,pPOK,UTF8	bors	POK,pIOK,pNOK,pPOK,UTF8
s1_5	POK,pIOK,pNOK,pPOK,UTF8	cat0	POK,pIOK,pNOK,pPOK,UTF8
s1_5	POK,pIOK,pNOK,pPOK,UTF8	catx	POK,pIOK,pNOK,pPOK,UTF8
s1_5	POK,pIOK,pNOK,pPOK,UTF8	copy	POK,pIOK,pNOK,pPOK,UTF8
s1_5	POK,pIOK,pNOK,pPOK,UTF8	dec	NOK,pNOK
s1_5	POK,pIOK,pNOK,pPOK,UTF8	fbors	POK,pIOK,pNOK,pPOK,UTF8
s1_5	POK,pIOK,pNOK,pPOK,UTF8	inc	NOK,pNOK
s1_5	POK,pIOK,pNOK,pPOK,UTF8	iv	POK,pIOK,pNOK,pPOK,UTF8
s1_5	POK,pIOK,pNOK,pPOK,UTF8	nv	POK,pIOK,pNOK,pPOK,UTF8
s1_5	POK,pIOK,pNOK,pPOK,UTF8	rng	POK,pIOK,pNOK,pPOK,UTF8
s1_5	POK,pIOK,pNOK,pPOK,UTF8	str	POK,pIOK,pNOK,pPOK,UTF8
s1_5	POK,pIOK,pNOK,pPOK,UTF8	utf8	POK,pIOK,pNOK,pPOK,UTF8
s1_5	POK,pNOK,pPOK	add	POK,pIOK,pNOK,pPOK
s1_5	POK,pNOK,pPOK	bors	POK,pIOK,pNOK,pPOK
s1_5	POK,pNOK,pPOK	cat0	POK,pNOK,pPOK
s1_5	POK,pNOK,pPOK	catx	POK,pNOK,pPOK
s1_5	POK,pNOK,pPOK	copy	POK,pNOK,pPOK
s1_5	POK,pNOK,pPOK	dec	NOK,pNOK
s1_5	POK,pNOK,pPOK	fbors	POK,pNOK,pPOK
s1_5	POK,pNOK,pPOK	inc	NOK,pNOK
s1_5	POK,pNOK,pPOK	iv	POK,pIOK,pNOK,pPOK
s1_5	POK,pNOK,pPOK	nv	POK,pNOK,pPOK
s1_5	POK,pNOK,pPOK	rng	POK,pIOK,pNOK,pPOK
s1_5	POK,pNOK,pPOK	str	POK,pNOK,pPOK
s1_5	POK,pNOK,pPOK	utf8	POK,pNOK,pPOK,UTF8
s1_5	POK,pNOK,pPOK,UTF8	add	POK,pIOK,pNOK,pPOK,UTF8
s1_5	POK,pNOK,pPOK,UTF8	bors	POK,pIOK,pNOK,pPOK,UTF8
s1_5	POK,pNOK,pPOK,UTF8	cat0	POK,pNOK,pPOK,UTF8
s1_5	POK,pNOK,pPOK,UTF8	catx	POK,pNOK,pPOK,UTF8
s1_5	POK,pNOK,pPOK,UTF8	copy	POK,pNOK,pPOK,UTF8
s1_5	POK,pNOK,pPOK,UTF8	dec	NOK,pNOK
s1_5	POK,pNOK,pPOK,UTF8	fbors	POK,pNOK,pPOK,UTF8
s1_5	POK,pNOK,pPOK,UTF8	inc	NOK,pNOK
s1_5	POK,pNOK,pPOK,UTF8	iv	POK,pIOK,pNOK,pPOK,UTF8
s1_5	POK,pNOK,pPOK,UTF8	nv	POK,pNOK,pPOK,UTF8
s1_5	POK,pNOK,pPOK,UTF8	rng	POK,pIOK,pNOK,pPOK,UTF8
s1_5	POK,pNOK,pPOK,UTF8	str	POK,pNOK,pPOK,UTF8
s1_5	POK,pNOK,pPOK,UTF8	utf8	POK,pNOK,pPOK,UTF8
s1_5	POK,pPOK	add	POK,pIOK,pNOK,pPOK	CONFLICT(NOK,POK,pIOK,pNOK,pPOK|POK,pIOK,pNOK,pPOK)
s1_5	POK,pPOK	bors	POK,pPOK
s1_5	POK,pPOK	cat0	POK,pPOK
s1_5	POK,pPOK	catx	POK,pPOK
s1_5	POK,pPOK	copy	POK,pPOK
s1_5	POK,pPOK	dec	NOK,pNOK
s1_5	POK,pPOK	fbors	POK,pPOK
s1_5	POK,pPOK	inc	NOK,pNOK
s1_5	POK,pPOK	iv	POK,pIOK,pNOK,pPOK	CONFLICT(NOK,POK,pIOK,pNOK,pPOK|POK,pIOK,pNOK,pPOK)
s1_5	POK,pPOK	nv	POK,pNOK,pPOK	CONFLICT(NOK,POK,pNOK,pPOK|POK,pNOK,pPOK)
s1_5	POK,pPOK	rng	POK,pPOK	CONFLICT(NOK,POK,pIOK,pNOK,pPOK|POK,pPOK)
s1_5	POK,pPOK	str	POK,pPOK
s1_5	POK,pPOK	utf8	POK,pPOK,UTF8
s1_5	POK,pPOK,UTF8	add	NOK,POK,pIOK,pNOK,pPOK,UTF8	CONFLICT(NOK,POK,pIOK,pNOK,pPOK,UTF8|POK,pIOK,pNOK,pPOK,UTF8)
s1_5	POK,pPOK,UTF8	bors	POK,pPOK,UTF8
s1_5	POK,pPOK,UTF8	cat0	POK,pPOK,UTF8
s1_5	POK,pPOK,UTF8	catx	POK,pPOK,UTF8
s1_5	POK,pPOK,UTF8	copy	POK,pPOK,UTF8
s1_5	POK,pPOK,UTF8	dec	NOK,pNOK
s1_5	POK,pPOK,UTF8	fbors	POK,pPOK,UTF8
s1_5	POK,pPOK,UTF8	inc	NOK,pNOK
s1_5	POK,pPOK,UTF8	iv	NOK,POK,pIOK,pNOK,pPOK,UTF8	CONFLICT(NOK,POK,pIOK,pNOK,pPOK,UTF8|POK,pIOK,pNOK,pPOK,UTF8)
s1_5	POK,pPOK,UTF8	nv	NOK,POK,pNOK,pPOK,UTF8	CONFLICT(NOK,POK,pNOK,pPOK,UTF8|POK,pNOK,pPOK,UTF8)
s1_5	POK,pPOK,UTF8	rng	NOK,POK,pIOK,pNOK,pPOK,UTF8	CONFLICT(NOK,POK,pIOK,pNOK,pPOK,UTF8|POK,pPOK,UTF8)
s1_5	POK,pPOK,UTF8	str	POK,pPOK,UTF8
s1_5	POK,pPOK,UTF8	utf8	POK,pPOK,UTF8
s1e19	IOK,NOK,POK,pIOK,pNOK,pPOK,IsUV	add	IOK,NOK,POK,pIOK,pNOK,pPOK,IsUV
s1e19	IOK,NOK,POK,pIOK,pNOK,pPOK,IsUV	bors	IOK,NOK,POK,pIOK,pNOK,pPOK,IsUV
s1e19	IOK,NOK,POK,pIOK,pNOK,pPOK,IsUV	dec	IOK,pIOK,IsUV
s1e19	IOK,NOK,POK,pIOK,pNOK,pPOK,IsUV	fbors	IOK,NOK,POK,pIOK,pNOK,pPOK,IsUV
s1e19	IOK,NOK,POK,pIOK,pNOK,pPOK,IsUV	inc	IOK,pIOK,IsUV
s1e19	IOK,NOK,POK,pIOK,pNOK,pPOK,IsUV	iv	IOK,NOK,POK,pIOK,pNOK,pPOK,IsUV
s1e19	IOK,NOK,POK,pIOK,pNOK,pPOK,IsUV	nv	IOK,NOK,POK,pIOK,pNOK,pPOK,IsUV
s1e19	IOK,NOK,POK,pIOK,pNOK,pPOK,IsUV	str	IOK,NOK,POK,pIOK,pNOK,pPOK,IsUV
s1e19	POK,pPOK	add	IOK,NOK,POK,pIOK,pNOK,pPOK,IsUV
s1e19	POK,pPOK	bors	POK,pPOK
s1e19	POK,pPOK	dec	IOK,pIOK,IsUV
s1e19	POK,pPOK	fbors	POK,pPOK
s1e19	POK,pPOK	inc	IOK,pIOK,IsUV
s1e19	POK,pPOK	iv	IOK,NOK,POK,pIOK,pNOK,pPOK,IsUV
s1e19	POK,pPOK	nv	NOK,POK,pNOK,pPOK
s1e19	POK,pPOK	str	POK,pPOK
sAz	IOK,NOK,POK,pIOK,pNOK,pPOK	add	IOK,NOK,POK,pIOK,pNOK,pPOK
sAz	IOK,NOK,POK,pIOK,pNOK,pPOK	bors	IOK,NOK,POK,pIOK,pNOK,pPOK
sAz	IOK,NOK,POK,pIOK,pNOK,pPOK	cat0	POK,pPOK
sAz	IOK,NOK,POK,pIOK,pNOK,pPOK	catx	POK,pPOK
sAz	IOK,NOK,POK,pIOK,pNOK,pPOK	copy	IOK,NOK,POK,pIOK,pNOK,pPOK
sAz	IOK,NOK,POK,pIOK,pNOK,pPOK	dec	IOK,pIOK
sAz	IOK,NOK,POK,pIOK,pNOK,pPOK	fbors	IOK,NOK,POK,pIOK,pNOK,pPOK
sAz	IOK,NOK,POK,pIOK,pNOK,pPOK	inc	IOK,pIOK
sAz	IOK,NOK,POK,pIOK,pNOK,pPOK	iv	IOK,NOK,POK,pIOK,pNOK,pPOK
sAz	IOK,NOK,POK,pIOK,pNOK,pPOK	nv	IOK,NOK,POK,pIOK,pNOK,pPOK
sAz	IOK,NOK,POK,pIOK,pNOK,pPOK	rng	IOK,NOK,POK,pIOK,pNOK,pPOK
sAz	IOK,NOK,POK,pIOK,pNOK,pPOK	str	IOK,NOK,POK,pIOK,pNOK,pPOK
sAz	IOK,NOK,POK,pIOK,pNOK,pPOK	utf8	IOK,NOK,POK,pIOK,pNOK,pPOK,UTF8
sAz	IOK,NOK,POK,pIOK,pNOK,pPOK,UTF8	add	IOK,NOK,POK,pIOK,pNOK,pPOK,UTF8
sAz	IOK,NOK,POK,pIOK,pNOK,pPOK,UTF8	bors	IOK,NOK,POK,pIOK,pNOK,pPOK,UTF8
sAz	IOK,NOK,POK,pIOK,pNOK,pPOK,UTF8	cat0	POK,pPOK,UTF8
sAz	IOK,NOK,POK,pIOK,pNOK,pPOK,UTF8	catx	POK,pPOK,UTF8
sAz	IOK,NOK,POK,pIOK,pNOK,pPOK,UTF8	copy	IOK,NOK,POK,pIOK,pNOK,pPOK,UTF8
sAz	IOK,NOK,POK,pIOK,pNOK,pPOK,UTF8	dec	IOK,pIOK
sAz	IOK,NOK,POK,pIOK,pNOK,pPOK,UTF8	fbors	IOK,NOK,POK,pIOK,pNOK,pPOK,UTF8
sAz	IOK,NOK,POK,pIOK,pNOK,pPOK,UTF8	inc	IOK,pIOK
sAz	IOK,NOK,POK,pIOK,pNOK,pPOK,UTF8	iv	IOK,NOK,POK,pIOK,pNOK,pPOK,UTF8
sAz	IOK,NOK,POK,pIOK,pNOK,pPOK,UTF8	nv	IOK,NOK,POK,pIOK,pNOK,pPOK,UTF8
sAz	IOK,NOK,POK,pIOK,pNOK,pPOK,UTF8	rng	IOK,NOK,POK,pIOK,pNOK,pPOK,UTF8
sAz	IOK,NOK,POK,pIOK,pNOK,pPOK,UTF8	str	IOK,NOK,POK,pIOK,pNOK,pPOK,UTF8
sAz	IOK,NOK,POK,pIOK,pNOK,pPOK,UTF8	utf8	IOK,NOK,POK,pIOK,pNOK,pPOK,UTF8
sAz	IOK,NOK,pIOK,pNOK	add	IOK,NOK,pIOK,pNOK
sAz	IOK,NOK,pIOK,pNOK	bors	IOK,NOK,pIOK,pNOK
sAz	IOK,NOK,pIOK,pNOK	cat0	POK,pPOK
sAz	IOK,NOK,pIOK,pNOK	catx	POK,pPOK
sAz	IOK,NOK,pIOK,pNOK	copy	IOK,NOK,pIOK,pNOK
sAz	IOK,NOK,pIOK,pNOK	dec	IOK,pIOK
sAz	IOK,NOK,pIOK,pNOK	fbors	IOK,NOK,pIOK,pNOK,pPOK
sAz	IOK,NOK,pIOK,pNOK	inc	IOK,pIOK
sAz	IOK,NOK,pIOK,pNOK	iv	IOK,NOK,pIOK,pNOK
sAz	IOK,NOK,pIOK,pNOK	nv	IOK,NOK,pIOK,pNOK
sAz	IOK,NOK,pIOK,pNOK	rng	IOK,NOK,pIOK,pNOK
sAz	IOK,NOK,pIOK,pNOK	str	IOK,NOK,pIOK,pNOK,pPOK
sAz	IOK,NOK,pIOK,pNOK	utf8	POK,pPOK,UTF8
sAz	IOK,NOK,pIOK,pNOK,pPOK	add	IOK,NOK,pIOK,pNOK,pPOK
sAz	IOK,NOK,pIOK,pNOK,pPOK	bors	IOK,NOK,pIOK,pNOK,pPOK
sAz	IOK,NOK,pIOK,pNOK,pPOK	cat0	POK,pPOK
sAz	IOK,NOK,pIOK,pNOK,pPOK	catx	POK,pPOK
sAz	IOK,NOK,pIOK,pNOK,pPOK	copy	IOK,NOK,pIOK,pNOK,pPOK
sAz	IOK,NOK,pIOK,pNOK,pPOK	dec	IOK,pIOK
sAz	IOK,NOK,pIOK,pNOK,pPOK	fbors	IOK,NOK,pIOK,pNOK,pPOK
sAz	IOK,NOK,pIOK,pNOK,pPOK	inc	IOK,pIOK
sAz	IOK,NOK,pIOK,pNOK,pPOK	iv	IOK,NOK,pIOK,pNOK,pPOK
sAz	IOK,NOK,pIOK,pNOK,pPOK	nv	IOK,NOK,pIOK,pNOK,pPOK
sAz	IOK,NOK,pIOK,pNOK,pPOK	rng	IOK,NOK,pIOK,pNOK,pPOK
sAz	IOK,NOK,pIOK,pNOK,pPOK	str	IOK,NOK,pIOK,pNOK,pPOK
sAz	IOK,NOK,pIOK,pNOK,pPOK	utf8	POK,pPOK,UTF8
sAz	IOK,POK,pIOK,pPOK	add	IOK,POK,pIOK,pPOK
sAz	IOK,POK,pIOK,pPOK	bors	IOK,POK,pIOK,pPOK
sAz	IOK,POK,pIOK,pPOK	cat0	POK,pPOK
sAz	IOK,POK,pIOK,pPOK	catx	POK,pPOK
sAz	IOK,POK,pIOK,pPOK	copy	IOK,POK,pIOK,pPOK
sAz	IOK,POK,pIOK,pPOK	dec	IOK,pIOK
sAz	IOK,POK,pIOK,pPOK	fbors	IOK,POK,pIOK,pPOK
sAz	IOK,POK,pIOK,pPOK	inc	IOK,pIOK
sAz	IOK,POK,pIOK,pPOK	iv	IOK,POK,pIOK,pPOK
sAz	IOK,POK,pIOK,pPOK	nv	IOK,NOK,POK,pIOK,pNOK,pPOK
sAz	IOK,POK,pIOK,pPOK	rng	IOK,POK,pIOK,pPOK
sAz	IOK,POK,pIOK,pPOK	str	IOK,POK,pIOK,pPOK
sAz	IOK,POK,pIOK,pPOK	utf8	IOK,POK,pIOK,pPOK,UTF8
sAz	IOK,POK,pIOK,pPOK,UTF8	add	IOK,POK,pIOK,pPOK,UTF8
sAz	IOK,POK,pIOK,pPOK,UTF8	bors	IOK,POK,pIOK,pPOK,UTF8
sAz	IOK,POK,pIOK,pPOK,UTF8	cat0	POK,pPOK,UTF8
sAz	IOK,POK,pIOK,pPOK,UTF8	catx	POK,pPOK,UTF8
sAz	IOK,POK,pIOK,pPOK,UTF8	copy	IOK,POK,pIOK,pPOK,UTF8
sAz	IOK,POK,pIOK,pPOK,UTF8	dec	IOK,pIOK
sAz	IOK,POK,pIOK,pPOK,UTF8	fbors	IOK,POK,pIOK,pPOK,UTF8
sAz	IOK,POK,pIOK,pPOK,UTF8	inc	IOK,pIOK
sAz	IOK,POK,pIOK,pPOK,UTF8	iv	IOK,POK,pIOK,pPOK,UTF8
sAz	IOK,POK,pIOK,pPOK,UTF8	nv	IOK,NOK,POK,pIOK,pNOK,pPOK,UTF8
sAz	IOK,POK,pIOK,pPOK,UTF8	rng	IOK,POK,pIOK,pPOK,UTF8
sAz	IOK,POK,pIOK,pPOK,UTF8	str	IOK,POK,pIOK,pPOK,UTF8
sAz	IOK,POK,pIOK,pPOK,UTF8	utf8	IOK,POK,pIOK,pPOK,UTF8
sAz	IOK,pIOK	add	IOK,pIOK
sAz	IOK,pIOK	bors	IOK,pIOK
sAz	IOK,pIOK	cat0	POK,pPOK
sAz	IOK,pIOK	catx	POK,pPOK
sAz	IOK,pIOK	copy	IOK,pIOK
sAz	IOK,pIOK	dec	IOK,pIOK
sAz	IOK,pIOK	fbors	IOK,pIOK,pPOK
sAz	IOK,pIOK	inc	IOK,pIOK
sAz	IOK,pIOK	iv	IOK,pIOK
sAz	IOK,pIOK	nv	IOK,NOK,pIOK,pNOK
sAz	IOK,pIOK	rng	IOK,pIOK
sAz	IOK,pIOK	str	IOK,pIOK,pPOK
sAz	IOK,pIOK	utf8	POK,pPOK,UTF8
sAz	IOK,pIOK,pPOK	add	IOK,pIOK,pPOK
sAz	IOK,pIOK,pPOK	bors	IOK,pIOK,pPOK
sAz	IOK,pIOK,pPOK	cat0	POK,pPOK
sAz	IOK,pIOK,pPOK	catx	POK,pPOK
sAz	IOK,pIOK,pPOK	copy	IOK,pIOK,pPOK
sAz	IOK,pIOK,pPOK	dec	IOK,pIOK
sAz	IOK,pIOK,pPOK	fbors	IOK,pIOK,pPOK
sAz	IOK,pIOK,pPOK	inc	IOK,pIOK
sAz	IOK,pIOK,pPOK	iv	IOK,pIOK,pPOK
sAz	IOK,pIOK,pPOK	nv	IOK,NOK,pIOK,pNOK,pPOK
sAz	IOK,pIOK,pPOK	rng	IOK,pIOK,pPOK
sAz	IOK,pIOK,pPOK	str	IOK,pIOK,pPOK
sAz	IOK,pIOK,pPOK	utf8	POK,pPOK,UTF8
sAz	NOK,POK,pNOK,pPOK	add	IOK,NOK,POK,pIOK,pNOK,pPOK
sAz	NOK,POK,pNOK,pPOK	bors	IOK,NOK,POK,pIOK,pNOK,pPOK
sAz	NOK,POK,pNOK,pPOK	cat0	POK,pPOK
sAz	NOK,POK,pNOK,pPOK	catx	POK,pPOK
sAz	NOK,POK,pNOK,pPOK	copy	NOK,POK,pNOK,pPOK
sAz	NOK,POK,pNOK,pPOK	dec	NOK,pNOK
sAz	NOK,POK,pNOK,pPOK	fbors	NOK,POK,pNOK,pPOK
sAz	NOK,POK,pNOK,pPOK	inc	IOK,pIOK
sAz	NOK,POK,pNOK,pPOK	iv	IOK,NOK,POK,pIOK,pNOK,pPOK
sAz	NOK,POK,pNOK,pPOK	nv	NOK,POK,pNOK,pPOK
sAz	NOK,POK,pNOK,pPOK	rng	IOK,NOK,POK,pIOK,pNOK,pPOK
sAz	NOK,POK,pNOK,pPOK	str	NOK,POK,pNOK,pPOK
sAz	NOK,POK,pNOK,pPOK	utf8	NOK,POK,pNOK,pPOK,UTF8
sAz	NOK,POK,pNOK,pPOK,UTF8	add	IOK,NOK,POK,pIOK,pNOK,pPOK,UTF8
sAz	NOK,POK,pNOK,pPOK,UTF8	bors	IOK,NOK,POK,pIOK,pNOK,pPOK,UTF8
sAz	NOK,POK,pNOK,pPOK,UTF8	cat0	POK,pPOK,UTF8
sAz	NOK,POK,pNOK,pPOK,UTF8	catx	POK,pPOK,UTF8
sAz	NOK,POK,pNOK,pPOK,UTF8	copy	NOK,POK,pNOK,pPOK,UTF8
sAz	NOK,POK,pNOK,pPOK,UTF8	dec	NOK,pNOK
sAz	NOK,POK,pNOK,pPOK,UTF8	fbors	NOK,POK,pNOK,pPOK,UTF8
sAz	NOK,POK,pNOK,pPOK,UTF8	inc	IOK,pIOK
sAz	NOK,POK,pNOK,pPOK,UTF8	iv	IOK,NOK,POK,pIOK,pNOK,pPOK,UTF8
sAz	NOK,POK,pNOK,pPOK,UTF8	nv	NOK,POK,pNOK,pPOK,UTF8
sAz	NOK,POK,pNOK,pPOK,UTF8	rng	IOK,NOK,POK,pIOK,pNOK,pPOK,UTF8
sAz	NOK,POK,pNOK,pPOK,UTF8	str	NOK,POK,pNOK,pPOK,UTF8
sAz	NOK,POK,pNOK,pPOK,UTF8	utf8	NOK,POK,pNOK,pPOK,UTF8
sAz	NOK,pNOK	add	IOK,NOK,pIOK,pNOK
sAz	NOK,pNOK	bors	IOK,NOK,pIOK,pNOK
sAz	NOK,pNOK	cat0	POK,pPOK
sAz	NOK,pNOK	catx	POK,pPOK
sAz	NOK,pNOK	copy	NOK,pNOK
sAz	NOK,pNOK	dec	NOK,pNOK
sAz	NOK,pNOK	fbors	NOK,pNOK
sAz	NOK,pNOK	inc	IOK,pIOK
sAz	NOK,pNOK	iv	IOK,NOK,pIOK,pNOK
sAz	NOK,pNOK	nv	NOK,pNOK
sAz	NOK,pNOK	rng	IOK,NOK,pIOK,pNOK
sAz	NOK,pNOK	str	NOK,pNOK
sAz	NOK,pNOK	utf8	POK,pPOK,UTF8
sAz	POK,pIOK,pNOK,pPOK	add	POK,pIOK,pNOK,pPOK
sAz	POK,pIOK,pNOK,pPOK	bors	POK,pIOK,pNOK,pPOK
sAz	POK,pIOK,pNOK,pPOK	cat0	POK,pIOK,pNOK,pPOK	CONFLICT(POK,pIOK,pNOK,pPOK|POK,pPOK)
sAz	POK,pIOK,pNOK,pPOK	catx	POK,pIOK,pNOK,pPOK	CONFLICT(POK,pIOK,pNOK,pPOK|POK,pPOK)
sAz	POK,pIOK,pNOK,pPOK	copy	POK,pIOK,pNOK,pPOK
sAz	POK,pIOK,pNOK,pPOK	dec	NOK,pNOK
sAz	POK,pIOK,pNOK,pPOK	fbors	POK,pIOK,pNOK,pPOK
sAz	POK,pIOK,pNOK,pPOK	inc	NOK,pNOK
sAz	POK,pIOK,pNOK,pPOK	iv	POK,pIOK,pNOK,pPOK
sAz	POK,pIOK,pNOK,pPOK	nv	POK,pIOK,pNOK,pPOK
sAz	POK,pIOK,pNOK,pPOK	rng	POK,pIOK,pNOK,pPOK
sAz	POK,pIOK,pNOK,pPOK	str	POK,pIOK,pNOK,pPOK
sAz	POK,pIOK,pNOK,pPOK	utf8	POK,pIOK,pNOK,pPOK,UTF8
sAz	POK,pIOK,pNOK,pPOK,UTF8	add	POK,pIOK,pNOK,pPOK,UTF8
sAz	POK,pIOK,pNOK,pPOK,UTF8	bors	POK,pIOK,pNOK,pPOK,UTF8
sAz	POK,pIOK,pNOK,pPOK,UTF8	cat0	POK,pIOK,pNOK,pPOK,UTF8
sAz	POK,pIOK,pNOK,pPOK,UTF8	catx	POK,pIOK,pNOK,pPOK,UTF8
sAz	POK,pIOK,pNOK,pPOK,UTF8	copy	POK,pIOK,pNOK,pPOK,UTF8
sAz	POK,pIOK,pNOK,pPOK,UTF8	dec	NOK,pNOK
sAz	POK,pIOK,pNOK,pPOK,UTF8	fbors	POK,pIOK,pNOK,pPOK,UTF8
sAz	POK,pIOK,pNOK,pPOK,UTF8	inc	NOK,pNOK
sAz	POK,pIOK,pNOK,pPOK,UTF8	iv	POK,pIOK,pNOK,pPOK,UTF8
sAz	POK,pIOK,pNOK,pPOK,UTF8	nv	POK,pIOK,pNOK,pPOK,UTF8
sAz	POK,pIOK,pNOK,pPOK,UTF8	rng	POK,pIOK,pNOK,pPOK,UTF8
sAz	POK,pIOK,pNOK,pPOK,UTF8	str	POK,pIOK,pNOK,pPOK,UTF8
sAz	POK,pIOK,pNOK,pPOK,UTF8	utf8	POK,pIOK,pNOK,pPOK,UTF8
sAz	POK,pNOK,pPOK	add	POK,pIOK,pNOK,pPOK
sAz	POK,pNOK,pPOK	bors	POK,pIOK,pNOK,pPOK
sAz	POK,pNOK,pPOK	cat0	POK,pNOK,pPOK	CONFLICT(POK,pNOK,pPOK|POK,pPOK)
sAz	POK,pNOK,pPOK	catx	POK,pNOK,pPOK	CONFLICT(POK,pNOK,pPOK|POK,pPOK)
sAz	POK,pNOK,pPOK	copy	POK,pNOK,pPOK
sAz	POK,pNOK,pPOK	dec	NOK,pNOK
sAz	POK,pNOK,pPOK	fbors	POK,pNOK,pPOK
sAz	POK,pNOK,pPOK	inc	NOK,pNOK
sAz	POK,pNOK,pPOK	iv	POK,pIOK,pNOK,pPOK
sAz	POK,pNOK,pPOK	nv	POK,pNOK,pPOK
sAz	POK,pNOK,pPOK	rng	POK,pIOK,pNOK,pPOK
sAz	POK,pNOK,pPOK	str	POK,pNOK,pPOK
sAz	POK,pNOK,pPOK	utf8	POK,pNOK,pPOK,UTF8
sAz	POK,pNOK,pPOK,UTF8	add	POK,pIOK,pNOK,pPOK,UTF8
sAz	POK,pNOK,pPOK,UTF8	bors	POK,pIOK,pNOK,pPOK,UTF8
sAz	POK,pNOK,pPOK,UTF8	cat0	POK,pNOK,pPOK,UTF8
sAz	POK,pNOK,pPOK,UTF8	catx	POK,pNOK,pPOK,UTF8
sAz	POK,pNOK,pPOK,UTF8	copy	POK,pNOK,pPOK,UTF8
sAz	POK,pNOK,pPOK,UTF8	dec	NOK,pNOK
sAz	POK,pNOK,pPOK,UTF8	fbors	POK,pNOK,pPOK,UTF8
sAz	POK,pNOK,pPOK,UTF8	inc	NOK,pNOK
sAz	POK,pNOK,pPOK,UTF8	iv	POK,pIOK,pNOK,pPOK,UTF8
sAz	POK,pNOK,pPOK,UTF8	nv	POK,pNOK,pPOK,UTF8
sAz	POK,pNOK,pPOK,UTF8	rng	POK,pIOK,pNOK,pPOK,UTF8
sAz	POK,pNOK,pPOK,UTF8	str	POK,pNOK,pPOK,UTF8
sAz	POK,pNOK,pPOK,UTF8	utf8	POK,pNOK,pPOK,UTF8
sAz	POK,pPOK	add	POK,pIOK,pNOK,pPOK	CONFLICT(IOK,POK,pIOK,pPOK|POK,pIOK,pNOK,pPOK)
sAz	POK,pPOK	bors	POK,pPOK
sAz	POK,pPOK	cat0	POK,pPOK
sAz	POK,pPOK	catx	POK,pPOK
sAz	POK,pPOK	copy	POK,pPOK
sAz	POK,pPOK	dec	NOK,pNOK	CONFLICT(IOK,pIOK|NOK,pNOK)
sAz	POK,pPOK	fbors	POK,pPOK
sAz	POK,pPOK	inc	POK,pPOK	CONFLICT(IOK,pIOK|NOK,pNOK|POK,pPOK)
sAz	POK,pPOK	iv	POK,pIOK,pNOK,pPOK	CONFLICT(IOK,POK,pIOK,pPOK|POK,pIOK,pNOK,pPOK)
sAz	POK,pPOK	nv	POK,pNOK,pPOK	CONFLICT(NOK,POK,pNOK,pPOK|POK,pNOK,pPOK)
sAz	POK,pPOK	rng	POK,pPOK	CONFLICT(IOK,NOK,POK,pIOK,pNOK,pPOK|POK,pPOK)
sAz	POK,pPOK	str	POK,pPOK
sAz	POK,pPOK	utf8	POK,pPOK,UTF8
sAz	POK,pPOK,UTF8	add	POK,pIOK,pNOK,pPOK,UTF8	CONFLICT(IOK,POK,pIOK,pPOK,UTF8|POK,pIOK,pNOK,pPOK,UTF8)
sAz	POK,pPOK,UTF8	bors	POK,pPOK,UTF8
sAz	POK,pPOK,UTF8	cat0	POK,pPOK,UTF8
sAz	POK,pPOK,UTF8	catx	POK,pPOK,UTF8
sAz	POK,pPOK,UTF8	copy	POK,pPOK,UTF8
sAz	POK,pPOK,UTF8	dec	NOK,pNOK	CONFLICT(IOK,pIOK|NOK,pNOK)
sAz	POK,pPOK,UTF8	fbors	POK,pPOK,UTF8
sAz	POK,pPOK,UTF8	inc	POK,pPOK,UTF8	CONFLICT(IOK,pIOK|NOK,pNOK|POK,pPOK,UTF8)
sAz	POK,pPOK,UTF8	iv	POK,pIOK,pNOK,pPOK,UTF8	CONFLICT(IOK,POK,pIOK,pPOK,UTF8|POK,pIOK,pNOK,pPOK,UTF8)
sAz	POK,pPOK,UTF8	nv	POK,pNOK,pPOK,UTF8	CONFLICT(NOK,POK,pNOK,pPOK,UTF8|POK,pNOK,pPOK,UTF8)
sAz	POK,pPOK,UTF8	rng	POK,pPOK,UTF8	CONFLICT(IOK,NOK,POK,pIOK,pNOK,pPOK,UTF8|POK,pPOK,UTF8)
sAz	POK,pPOK,UTF8	str	POK,pPOK,UTF8
sAz	POK,pPOK,UTF8	utf8	POK,pPOK,UTF8
sEmpty	IOK,NOK,POK,pIOK,pNOK,pPOK	add	IOK,NOK,POK,pIOK,pNOK,pPOK
sEmpty	IOK,NOK,POK,pIOK,pNOK,pPOK	bors	IOK,NOK,POK,pIOK,pNOK,pPOK
sEmpty	IOK,NOK,POK,pIOK,pNOK,pPOK	cat0	POK,pPOK
sEmpty	IOK,NOK,POK,pIOK,pNOK,pPOK	catx	POK,pPOK
sEmpty	IOK,NOK,POK,pIOK,pNOK,pPOK	copy	IOK,NOK,POK,pIOK,pNOK,pPOK
sEmpty	IOK,NOK,POK,pIOK,pNOK,pPOK	dec	IOK,pIOK
sEmpty	IOK,NOK,POK,pIOK,pNOK,pPOK	fbors	IOK,NOK,POK,pIOK,pNOK,pPOK
sEmpty	IOK,NOK,POK,pIOK,pNOK,pPOK	inc	IOK,pIOK
sEmpty	IOK,NOK,POK,pIOK,pNOK,pPOK	iv	IOK,NOK,POK,pIOK,pNOK,pPOK
sEmpty	IOK,NOK,POK,pIOK,pNOK,pPOK	nv	IOK,NOK,POK,pIOK,pNOK,pPOK
sEmpty	IOK,NOK,POK,pIOK,pNOK,pPOK	rng	IOK,NOK,POK,pIOK,pNOK,pPOK
sEmpty	IOK,NOK,POK,pIOK,pNOK,pPOK	str	IOK,NOK,POK,pIOK,pNOK,pPOK
sEmpty	IOK,NOK,POK,pIOK,pNOK,pPOK	utf8	IOK,NOK,POK,pIOK,pNOK,pPOK,UTF8
sEmpty	IOK,NOK,POK,pIOK,pNOK,pPOK,UTF8	add	IOK,NOK,POK,pIOK,pNOK,pPOK,UTF8
sEmpty	IOK,NOK,POK,pIOK,pNOK,pPOK,UTF8	bors	IOK,NOK,POK,pIOK,pNOK,pPOK,UTF8
sEmpty	IOK,NOK,POK,pIOK,pNOK,pPOK,UTF8	cat0	POK,pPOK,UTF8
sEmpty	IOK,NOK,POK,pIOK,pNOK,pPOK,UTF8	catx	POK,pPOK,UTF8
sEmpty	IOK,NOK,POK,pIOK,pNOK,pPOK,UTF8	copy	IOK,NOK,POK,pIOK,pNOK,pPOK,UTF8
sEmpty	IOK,NOK,POK,pIOK,pNOK,pPOK,UTF8	dec	IOK,pIOK
sEmpty	IOK,NOK,POK,pIOK,pNOK,pPOK,UTF8	fbors	IOK,NOK,POK,pIOK,pNOK,pPOK,UTF8
sEmpty	IOK,NOK,POK,pIOK,pNOK,pPOK,UTF8	inc	IOK,pIOK
sEmpty	IOK,NOK,POK,pIOK,pNOK,pPOK,UTF8	iv	IOK,NOK,POK,pIOK,pNOK,pPOK,UTF8
sEmpty	IOK,NOK,POK,pIOK,pNOK,pPOK,UTF8	nv	IOK,NOK,POK,pIOK,pNOK,pPOK,UTF8
sEmpty	IOK,NOK,POK,pIOK,pNOK,pPOK,UTF8	rng	IOK,NOK,POK,pIOK,pNOK,pPOK,UTF8
sEmpty	IOK,NOK,POK,pIOK,pNOK,pPOK,UTF8	str	IOK,NOK,POK,pIOK,pNOK,pPOK,UTF8
sEmpty	IOK,NOK,POK,pIOK,pNOK,pPOK,UTF8	utf8	IOK,NOK,POK,pIOK,pNOK,pPOK,UTF8
sEmpty	IOK,NOK,pIOK,pNOK	add	IOK,NOK,pIOK,pNOK
sEmpty	IOK,NOK,pIOK,pNOK	bors	IOK,NOK,pIOK,pNOK
sEmpty	IOK,NOK,pIOK,pNOK	cat0	POK,pPOK
sEmpty	IOK,NOK,pIOK,pNOK	catx	POK,pPOK
sEmpty	IOK,NOK,pIOK,pNOK	copy	IOK,NOK,pIOK,pNOK
sEmpty	IOK,NOK,pIOK,pNOK	dec	IOK,pIOK
sEmpty	IOK,NOK,pIOK,pNOK	fbors	IOK,NOK,pIOK,pNOK,pPOK
sEmpty	IOK,NOK,pIOK,pNOK	inc	IOK,pIOK
sEmpty	IOK,NOK,pIOK,pNOK	iv	IOK,NOK,pIOK,pNOK
sEmpty	IOK,NOK,pIOK,pNOK	nv	IOK,NOK,pIOK,pNOK
sEmpty	IOK,NOK,pIOK,pNOK	rng	IOK,NOK,pIOK,pNOK
sEmpty	IOK,NOK,pIOK,pNOK	str	IOK,NOK,pIOK,pNOK,pPOK
sEmpty	IOK,NOK,pIOK,pNOK	utf8	POK,pPOK,UTF8
sEmpty	IOK,NOK,pIOK,pNOK,pPOK	add	IOK,NOK,pIOK,pNOK,pPOK
sEmpty	IOK,NOK,pIOK,pNOK,pPOK	bors	IOK,NOK,pIOK,pNOK,pPOK
sEmpty	IOK,NOK,pIOK,pNOK,pPOK	cat0	POK,pPOK
sEmpty	IOK,NOK,pIOK,pNOK,pPOK	catx	POK,pPOK
sEmpty	IOK,NOK,pIOK,pNOK,pPOK	copy	IOK,NOK,pIOK,pNOK,pPOK
sEmpty	IOK,NOK,pIOK,pNOK,pPOK	dec	IOK,pIOK
sEmpty	IOK,NOK,pIOK,pNOK,pPOK	fbors	IOK,NOK,pIOK,pNOK,pPOK
sEmpty	IOK,NOK,pIOK,pNOK,pPOK	inc	IOK,pIOK
sEmpty	IOK,NOK,pIOK,pNOK,pPOK	iv	IOK,NOK,pIOK,pNOK,pPOK
sEmpty	IOK,NOK,pIOK,pNOK,pPOK	nv	IOK,NOK,pIOK,pNOK,pPOK
sEmpty	IOK,NOK,pIOK,pNOK,pPOK	rng	IOK,NOK,pIOK,pNOK,pPOK
sEmpty	IOK,NOK,pIOK,pNOK,pPOK	str	IOK,NOK,pIOK,pNOK,pPOK
sEmpty	IOK,NOK,pIOK,pNOK,pPOK	utf8	POK,pPOK,UTF8
sEmpty	IOK,POK,pIOK,pPOK	add	IOK,POK,pIOK,pPOK
sEmpty	IOK,POK,pIOK,pPOK	bors	IOK,POK,pIOK,pPOK
sEmpty	IOK,POK,pIOK,pPOK	cat0	POK,pPOK
sEmpty	IOK,POK,pIOK,pPOK	catx	POK,pPOK
sEmpty	IOK,POK,pIOK,pPOK	copy	IOK,POK,pIOK,pPOK
sEmpty	IOK,POK,pIOK,pPOK	dec	IOK,pIOK
sEmpty	IOK,POK,pIOK,pPOK	fbors	IOK,POK,pIOK,pPOK
sEmpty	IOK,POK,pIOK,pPOK	inc	IOK,pIOK
sEmpty	IOK,POK,pIOK,pPOK	iv	IOK,POK,pIOK,pPOK
sEmpty	IOK,POK,pIOK,pPOK	nv	IOK,NOK,POK,pIOK,pNOK,pPOK
sEmpty	IOK,POK,pIOK,pPOK	rng	IOK,POK,pIOK,pPOK
sEmpty	IOK,POK,pIOK,pPOK	str	IOK,POK,pIOK,pPOK
sEmpty	IOK,POK,pIOK,pPOK	utf8	IOK,POK,pIOK,pPOK,UTF8
sEmpty	IOK,POK,pIOK,pPOK,UTF8	add	IOK,POK,pIOK,pPOK,UTF8
sEmpty	IOK,POK,pIOK,pPOK,UTF8	bors	IOK,POK,pIOK,pPOK,UTF8
sEmpty	IOK,POK,pIOK,pPOK,UTF8	cat0	POK,pPOK,UTF8
sEmpty	IOK,POK,pIOK,pPOK,UTF8	catx	POK,pPOK,UTF8
sEmpty	IOK,POK,pIOK,pPOK,UTF8	copy	IOK,POK,pIOK,pPOK,UTF8
sEmpty	IOK,POK,pIOK,pPOK,UTF8	dec	IOK,pIOK
sEmpty	IOK,POK,pIOK,pPOK,UTF8	fbors	IOK,POK,pIOK,pPOK,UTF8
sEmpty	IOK,POK,pIOK,pPOK,UTF8	inc	IOK,pIOK
sEmpty	IOK,POK,pIOK,pPOK,UTF8	iv	IOK,POK,pIOK,pPOK,UTF8
sEmpty	IOK,POK,pIOK,pPOK,UTF8	nv	IOK,NOK,POK,pIOK,pNOK,pPOK,UTF8
sEmpty	IOK,POK,pIOK,pPOK,UTF8	rng	IOK,POK,pIOK,pPOK,UTF8
sEmpty	IOK,POK,pIOK,pPOK,UTF8	str	IOK,POK,pIOK,pPOK,UTF8
sEmpty	IOK,POK,pIOK,pPOK,UTF8	utf8	IOK,POK,pIOK,pPOK,UTF8
sEmpty	IOK,pIOK	add	IOK,pIOK
sEmpty	IOK,pIOK	bors	IOK,pIOK
sEmpty	IOK,pIOK	cat0	POK,pPOK
sEmpty	IOK,pIOK	catx	POK,pPOK
sEmpty	IOK,pIOK	copy	IOK,pIOK
sEmpty	IOK,pIOK	dec	IOK,pIOK
sEmpty	IOK,pIOK	fbors	IOK,pIOK,pPOK
sEmpty	IOK,pIOK	inc	IOK,pIOK
sEmpty	IOK,pIOK	iv	IOK,pIOK
sEmpty	IOK,pIOK	nv	IOK,NOK,pIOK,pNOK
sEmpty	IOK,pIOK	rng	IOK,pIOK
sEmpty	IOK,pIOK	str	IOK,pIOK,pPOK
sEmpty	IOK,pIOK	utf8	POK,pPOK,UTF8
sEmpty	IOK,pIOK,pPOK	add	IOK,pIOK,pPOK
sEmpty	IOK,pIOK,pPOK	bors	IOK,pIOK,pPOK
sEmpty	IOK,pIOK,pPOK	cat0	POK,pPOK
sEmpty	IOK,pIOK,pPOK	catx	POK,pPOK
sEmpty	IOK,pIOK,pPOK	copy	IOK,pIOK,pPOK
sEmpty	IOK,pIOK,pPOK	dec	IOK,pIOK
sEmpty	IOK,pIOK,pPOK	fbors	IOK,pIOK,pPOK
sEmpty	IOK,pIOK,pPOK	inc	IOK,pIOK
sEmpty	IOK,pIOK,pPOK	iv	IOK,pIOK,pPOK
sEmpty	IOK,pIOK,pPOK	nv	IOK,NOK,pIOK,pNOK,pPOK
sEmpty	IOK,pIOK,pPOK	rng	IOK,pIOK,pPOK
sEmpty	IOK,pIOK,pPOK	str	IOK,pIOK,pPOK
sEmpty	IOK,pIOK,pPOK	utf8	POK,pPOK,UTF8
sEmpty	NOK,POK,pNOK,pPOK	add	IOK,NOK,POK,pIOK,pNOK,pPOK
sEmpty	NOK,POK,pNOK,pPOK	bors	IOK,NOK,POK,pIOK,pNOK,pPOK
sEmpty	NOK,POK,pNOK,pPOK	cat0	POK,pPOK
sEmpty	NOK,POK,pNOK,pPOK	catx	POK,pPOK
sEmpty	NOK,POK,pNOK,pPOK	copy	NOK,POK,pNOK,pPOK
sEmpty	NOK,POK,pNOK,pPOK	dec	NOK,pNOK
sEmpty	NOK,POK,pNOK,pPOK	fbors	NOK,POK,pNOK,pPOK
sEmpty	NOK,POK,pNOK,pPOK	inc	IOK,pIOK
sEmpty	NOK,POK,pNOK,pPOK	iv	IOK,NOK,POK,pIOK,pNOK,pPOK
sEmpty	NOK,POK,pNOK,pPOK	nv	NOK,POK,pNOK,pPOK
sEmpty	NOK,POK,pNOK,pPOK	rng	IOK,NOK,POK,pIOK,pNOK,pPOK
sEmpty	NOK,POK,pNOK,pPOK	str	NOK,POK,pNOK,pPOK
sEmpty	NOK,POK,pNOK,pPOK	utf8	NOK,POK,pNOK,pPOK,UTF8
sEmpty	NOK,POK,pNOK,pPOK,UTF8	add	IOK,NOK,POK,pIOK,pNOK,pPOK,UTF8
sEmpty	NOK,POK,pNOK,pPOK,UTF8	bors	IOK,NOK,POK,pIOK,pNOK,pPOK,UTF8
sEmpty	NOK,POK,pNOK,pPOK,UTF8	cat0	POK,pPOK,UTF8
sEmpty	NOK,POK,pNOK,pPOK,UTF8	catx	POK,pPOK,UTF8
sEmpty	NOK,POK,pNOK,pPOK,UTF8	copy	NOK,POK,pNOK,pPOK,UTF8
sEmpty	NOK,POK,pNOK,pPOK,UTF8	dec	NOK,pNOK
sEmpty	NOK,POK,pNOK,pPOK,UTF8	fbors	NOK,POK,pNOK,pPOK,UTF8
sEmpty	NOK,POK,pNOK,pPOK,UTF8	inc	IOK,pIOK
sEmpty	NOK,POK,pNOK,pPOK,UTF8	iv	IOK,NOK,POK,pIOK,pNOK,pPOK,UTF8
sEmpty	NOK,POK,pNOK,pPOK,UTF8	nv	NOK,POK,pNOK,pPOK,UTF8
sEmpty	NOK,POK,pNOK,pPOK,UTF8	rng	IOK,NOK,POK,pIOK,pNOK,pPOK,UTF8
sEmpty	NOK,POK,pNOK,pPOK,UTF8	str	NOK,POK,pNOK,pPOK,UTF8
sEmpty	NOK,POK,pNOK,pPOK,UTF8	utf8	NOK,POK,pNOK,pPOK,UTF8
sEmpty	NOK,pNOK	add	IOK,NOK,pIOK,pNOK
sEmpty	NOK,pNOK	bors	IOK,NOK,pIOK,pNOK
sEmpty	NOK,pNOK	cat0	POK,pPOK
sEmpty	NOK,pNOK	catx	POK,pPOK
sEmpty	NOK,pNOK	copy	NOK,pNOK
sEmpty	NOK,pNOK	dec	NOK,pNOK
sEmpty	NOK,pNOK	fbors	NOK,pNOK
sEmpty	NOK,pNOK	inc	IOK,pIOK
sEmpty	NOK,pNOK	iv	IOK,NOK,pIOK,pNOK
sEmpty	NOK,pNOK	nv	NOK,pNOK
sEmpty	NOK,pNOK	rng	IOK,NOK,pIOK,pNOK
sEmpty	NOK,pNOK	str	NOK,pNOK
sEmpty	NOK,pNOK	utf8	POK,pPOK,UTF8
sEmpty	POK,pIOK,pNOK,pPOK	add	POK,pIOK,pNOK,pPOK
sEmpty	POK,pIOK,pNOK,pPOK	bors	POK,pIOK,pNOK,pPOK
sEmpty	POK,pIOK,pNOK,pPOK	cat0	POK,pIOK,pNOK,pPOK	CONFLICT(POK,pIOK,pNOK,pPOK|POK,pPOK)
sEmpty	POK,pIOK,pNOK,pPOK	catx	POK,pIOK,pNOK,pPOK	CONFLICT(POK,pIOK,pNOK,pPOK|POK,pPOK)
sEmpty	POK,pIOK,pNOK,pPOK	copy	POK,pIOK,pNOK,pPOK
sEmpty	POK,pIOK,pNOK,pPOK	dec	NOK,pNOK
sEmpty	POK,pIOK,pNOK,pPOK	fbors	POK,pIOK,pNOK,pPOK
sEmpty	POK,pIOK,pNOK,pPOK	inc	NOK,pNOK
sEmpty	POK,pIOK,pNOK,pPOK	iv	POK,pIOK,pNOK,pPOK
sEmpty	POK,pIOK,pNOK,pPOK	nv	POK,pIOK,pNOK,pPOK
sEmpty	POK,pIOK,pNOK,pPOK	rng	POK,pIOK,pNOK,pPOK
sEmpty	POK,pIOK,pNOK,pPOK	str	POK,pIOK,pNOK,pPOK
sEmpty	POK,pIOK,pNOK,pPOK	utf8	POK,pIOK,pNOK,pPOK,UTF8
sEmpty	POK,pIOK,pNOK,pPOK,UTF8	add	POK,pIOK,pNOK,pPOK,UTF8
sEmpty	POK,pIOK,pNOK,pPOK,UTF8	bors	POK,pIOK,pNOK,pPOK,UTF8
sEmpty	POK,pIOK,pNOK,pPOK,UTF8	cat0	POK,pIOK,pNOK,pPOK,UTF8
sEmpty	POK,pIOK,pNOK,pPOK,UTF8	catx	POK,pIOK,pNOK,pPOK,UTF8
sEmpty	POK,pIOK,pNOK,pPOK,UTF8	copy	POK,pIOK,pNOK,pPOK,UTF8
sEmpty	POK,pIOK,pNOK,pPOK,UTF8	dec	NOK,pNOK
sEmpty	POK,pIOK,pNOK,pPOK,UTF8	fbors	POK,pIOK,pNOK,pPOK,UTF8
sEmpty	POK,pIOK,pNOK,pPOK,UTF8	inc	NOK,pNOK
sEmpty	POK,pIOK,pNOK,pPOK,UTF8	iv	POK,pIOK,pNOK,pPOK,UTF8
sEmpty	POK,pIOK,pNOK,pPOK,UTF8	nv	POK,pIOK,pNOK,pPOK,UTF8
sEmpty	POK,pIOK,pNOK,pPOK,UTF8	rng	POK,pIOK,pNOK,pPOK,UTF8
sEmpty	POK,pIOK,pNOK,pPOK,UTF8	str	POK,pIOK,pNOK,pPOK,UTF8
sEmpty	POK,pIOK,pNOK,pPOK,UTF8	utf8	POK,pIOK,pNOK,pPOK,UTF8
sEmpty	POK,pNOK,pPOK	add	POK,pIOK,pNOK,pPOK
sEmpty	POK,pNOK,pPOK	bors	POK,pIOK,pNOK,pPOK
sEmpty	POK,pNOK,pPOK	cat0	POK,pNOK,pPOK	CONFLICT(POK,pNOK,pPOK|POK,pPOK)
sEmpty	POK,pNOK,pPOK	catx	POK,pNOK,pPOK	CONFLICT(POK,pNOK,pPOK|POK,pPOK)
sEmpty	POK,pNOK,pPOK	copy	POK,pNOK,pPOK
sEmpty	POK,pNOK,pPOK	dec	NOK,pNOK
sEmpty	POK,pNOK,pPOK	fbors	POK,pNOK,pPOK
sEmpty	POK,pNOK,pPOK	inc	NOK,pNOK
sEmpty	POK,pNOK,pPOK	iv	POK,pIOK,pNOK,pPOK
sEmpty	POK,pNOK,pPOK	nv	POK,pNOK,pPOK
sEmpty	POK,pNOK,pPOK	rng	POK,pIOK,pNOK,pPOK
sEmpty	POK,pNOK,pPOK	str	POK,pNOK,pPOK
sEmpty	POK,pNOK,pPOK	utf8	POK,pNOK,pPOK,UTF8
sEmpty	POK,pNOK,pPOK,UTF8	add	POK,pIOK,pNOK,pPOK,UTF8
sEmpty	POK,pNOK,pPOK,UTF8	bors	POK,pIOK,pNOK,pPOK,UTF8
sEmpty	POK,pNOK,pPOK,UTF8	cat0	POK,pNOK,pPOK,UTF8
sEmpty	POK,pNOK,pPOK,UTF8	catx	POK,pNOK,pPOK,UTF8
sEmpty	POK,pNOK,pPOK,UTF8	copy	POK,pNOK,pPOK,UTF8
sEmpty	POK,pNOK,pPOK,UTF8	dec	NOK,pNOK
sEmpty	POK,pNOK,pPOK,UTF8	fbors	POK,pNOK,pPOK,UTF8
sEmpty	POK,pNOK,pPOK,UTF8	inc	NOK,pNOK
sEmpty	POK,pNOK,pPOK,UTF8	iv	POK,pIOK,pNOK,pPOK,UTF8
sEmpty	POK,pNOK,pPOK,UTF8	nv	POK,pNOK,pPOK,UTF8
sEmpty	POK,pNOK,pPOK,UTF8	rng	POK,pIOK,pNOK,pPOK,UTF8
sEmpty	POK,pNOK,pPOK,UTF8	str	POK,pNOK,pPOK,UTF8
sEmpty	POK,pNOK,pPOK,UTF8	utf8	POK,pNOK,pPOK,UTF8
sEmpty	POK,pPOK	add	POK,pIOK,pNOK,pPOK	CONFLICT(IOK,POK,pIOK,pPOK|POK,pIOK,pNOK,pPOK)
sEmpty	POK,pPOK	bors	POK,pPOK
sEmpty	POK,pPOK	cat0	POK,pPOK
sEmpty	POK,pPOK	catx	POK,pPOK
sEmpty	POK,pPOK	copy	POK,pPOK
sEmpty	POK,pPOK	dec	NOK,pNOK	CONFLICT(IOK,pIOK|NOK,pNOK)
sEmpty	POK,pPOK	fbors	POK,pPOK
sEmpty	POK,pPOK	inc	POK,pPOK	CONFLICT(IOK,pIOK|NOK,pNOK|POK,pPOK)
sEmpty	POK,pPOK	iv	POK,pIOK,pNOK,pPOK	CONFLICT(IOK,POK,pIOK,pPOK|POK,pIOK,pNOK,pPOK)
sEmpty	POK,pPOK	nv	POK,pNOK,pPOK	CONFLICT(NOK,POK,pNOK,pPOK|POK,pNOK,pPOK)
sEmpty	POK,pPOK	rng	POK,pPOK	CONFLICT(IOK,NOK,POK,pIOK,pNOK,pPOK|POK,pPOK)
sEmpty	POK,pPOK	str	POK,pPOK
sEmpty	POK,pPOK	utf8	POK,pPOK,UTF8
sEmpty	POK,pPOK,UTF8	add	POK,pIOK,pNOK,pPOK,UTF8	CONFLICT(IOK,POK,pIOK,pPOK,UTF8|POK,pIOK,pNOK,pPOK,UTF8)
sEmpty	POK,pPOK,UTF8	bors	POK,pPOK,UTF8
sEmpty	POK,pPOK,UTF8	cat0	POK,pPOK,UTF8
sEmpty	POK,pPOK,UTF8	catx	POK,pPOK,UTF8
sEmpty	POK,pPOK,UTF8	copy	POK,pPOK,UTF8
sEmpty	POK,pPOK,UTF8	dec	NOK,pNOK	CONFLICT(IOK,pIOK|NOK,pNOK)
sEmpty	POK,pPOK,UTF8	fbors	POK,pPOK,UTF8
sEmpty	POK,pPOK,UTF8	inc	POK,pPOK,UTF8	CONFLICT(IOK,pIOK|NOK,pNOK|POK,pPOK,UTF8)
sEmpty	POK,pPOK,UTF8	iv	POK,pIOK,pNOK,pPOK,UTF8	CONFLICT(IOK,POK,pIOK,pPOK,UTF8|POK,pIOK,pNOK,pPOK,UTF8)
sEmpty	POK,pPOK,UTF8	nv	POK,pNOK,pPOK,UTF8	CONFLICT(NOK,POK,pNOK,pPOK,UTF8|POK,pNOK,pPOK,UTF8)
sEmpty	POK,pPOK,UTF8	rng	POK,pPOK,UTF8	CONFLICT(IOK,NOK,POK,pIOK,pNOK,pPOK,UTF8|POK,pPOK,UTF8)
sEmpty	POK,pPOK,UTF8	str	POK,pPOK,UTF8
sEmpty	POK,pPOK,UTF8	utf8	POK,pPOK,UTF8
sInf	IOK,NOK,pIOK,pNOK	add	IOK,NOK,pIOK,pNOK
sInf	IOK,NOK,pIOK,pNOK	bors	IOK,NOK,pIOK,pNOK
sInf	IOK,NOK,pIOK,pNOK	cat0	POK,pPOK
sInf	IOK,NOK,pIOK,pNOK	catx	POK,pPOK
sInf	IOK,NOK,pIOK,pNOK	copy	IOK,NOK,pIOK,pNOK
sInf	IOK,NOK,pIOK,pNOK	dec	IOK,pIOK
sInf	IOK,NOK,pIOK,pNOK	fbors	IOK,NOK,pIOK,pNOK,pPOK
sInf	IOK,NOK,pIOK,pNOK	inc	IOK,pIOK
sInf	IOK,NOK,pIOK,pNOK	iv	IOK,NOK,pIOK,pNOK
sInf	IOK,NOK,pIOK,pNOK	nv	IOK,NOK,pIOK,pNOK
sInf	IOK,NOK,pIOK,pNOK	rng	IOK,NOK,pIOK,pNOK
sInf	IOK,NOK,pIOK,pNOK	str	IOK,NOK,pIOK,pNOK,pPOK
sInf	IOK,NOK,pIOK,pNOK	utf8	POK,pPOK,UTF8
sInf	IOK,pIOK	add	IOK,pIOK
sInf	IOK,pIOK	bors	IOK,pIOK
sInf	IOK,pIOK	cat0	POK,pPOK
sInf	IOK,pIOK	catx	POK,pPOK
sInf	IOK,pIOK	copy	IOK,pIOK
sInf	IOK,pIOK	dec	IOK,pIOK
sInf	IOK,pIOK	fbors	IOK,pIOK,pPOK
sInf	IOK,pIOK	inc	IOK,pIOK
sInf	IOK,pIOK	iv	IOK,pIOK
sInf	IOK,pIOK	nv	IOK,NOK,pIOK,pNOK
sInf	IOK,pIOK	rng	IOK,pIOK
sInf	IOK,pIOK	str	IOK,pIOK,pPOK
sInf	IOK,pIOK	utf8	POK,pPOK,UTF8
sInf	NOK,POK,pIOK,pNOK,pPOK,IsUV	add	NOK,POK,pIOK,pNOK,pPOK,IsUV
sInf	NOK,POK,pIOK,pNOK,pPOK,IsUV	bors	NOK,POK,pIOK,pNOK,pPOK,IsUV
sInf	NOK,POK,pIOK,pNOK,pPOK,IsUV	cat0	POK,pPOK
sInf	NOK,POK,pIOK,pNOK,pPOK,IsUV	catx	POK,pPOK
sInf	NOK,POK,pIOK,pNOK,pPOK,IsUV	copy	NOK,POK,pIOK,pNOK,pPOK,IsUV
sInf	NOK,POK,pIOK,pNOK,pPOK,IsUV	dec	NOK,pNOK
sInf	NOK,POK,pIOK,pNOK,pPOK,IsUV	fbors	NOK,POK,pIOK,pNOK,pPOK,IsUV
sInf	NOK,POK,pIOK,pNOK,pPOK,IsUV	inc	NOK,pNOK
sInf	NOK,POK,pIOK,pNOK,pPOK,IsUV	iv	NOK,POK,pIOK,pNOK,pPOK,IsUV
sInf	NOK,POK,pIOK,pNOK,pPOK,IsUV	nv	NOK,POK,pIOK,pNOK,pPOK,IsUV
sInf	NOK,POK,pIOK,pNOK,pPOK,IsUV	rng	NOK,POK,pIOK,pNOK,pPOK,IsUV
sInf	NOK,POK,pIOK,pNOK,pPOK,IsUV	str	NOK,POK,pIOK,pNOK,pPOK,IsUV
sInf	NOK,POK,pIOK,pNOK,pPOK,IsUV	utf8	NOK,POK,pIOK,pNOK,pPOK,IsUV,UTF8
sInf	NOK,POK,pIOK,pNOK,pPOK,IsUV,UTF8	add	NOK,POK,pIOK,pNOK,pPOK,IsUV,UTF8
sInf	NOK,POK,pIOK,pNOK,pPOK,IsUV,UTF8	bors	NOK,POK,pIOK,pNOK,pPOK,IsUV,UTF8
sInf	NOK,POK,pIOK,pNOK,pPOK,IsUV,UTF8	cat0	POK,pPOK,UTF8
sInf	NOK,POK,pIOK,pNOK,pPOK,IsUV,UTF8	catx	POK,pPOK,UTF8
sInf	NOK,POK,pIOK,pNOK,pPOK,IsUV,UTF8	copy	NOK,POK,pIOK,pNOK,pPOK,IsUV,UTF8
sInf	NOK,POK,pIOK,pNOK,pPOK,IsUV,UTF8	dec	NOK,pNOK
sInf	NOK,POK,pIOK,pNOK,pPOK,IsUV,UTF8	fbors	NOK,POK,pIOK,pNOK,pPOK,IsUV,UTF8
sInf	NOK,POK,pIOK,pNOK,pPOK,IsUV,UTF8	inc	NOK,pNOK
sInf	NOK,POK,pIOK,pNOK,pPOK,IsUV,UTF8	iv	NOK,POK,pIOK,pNOK,pPOK,IsUV,UTF8
sInf	NOK,POK,pIOK,pNOK,pPOK,IsUV,UTF8	nv	NOK,POK,pIOK,pNOK,pPOK,IsUV,UTF8
sInf	NOK,POK,pIOK,pNOK,pPOK,IsUV,UTF8	rng	NOK,POK,pIOK,pNOK,pPOK,IsUV,UTF8
sInf	NOK,POK,pIOK,pNOK,pPOK,IsUV,UTF8	str	NOK,POK,pIOK,pNOK,pPOK,IsUV,UTF8
sInf	NOK,POK,pIOK,pNOK,pPOK,IsUV,UTF8	utf8	NOK,POK,pIOK,pNOK,pPOK,IsUV,UTF8
sInf	NOK,POK,pNOK,pPOK	add	NOK,POK,pIOK,pNOK,pPOK,IsUV
sInf	NOK,POK,pNOK,pPOK	bors	NOK,POK,pIOK,pNOK,pPOK,IsUV
sInf	NOK,POK,pNOK,pPOK	cat0	POK,pPOK
sInf	NOK,POK,pNOK,pPOK	catx	POK,pPOK
sInf	NOK,POK,pNOK,pPOK	copy	NOK,POK,pNOK,pPOK
sInf	NOK,POK,pNOK,pPOK	dec	NOK,pNOK
sInf	NOK,POK,pNOK,pPOK	fbors	NOK,POK,pNOK,pPOK
sInf	NOK,POK,pNOK,pPOK	inc	NOK,pNOK
sInf	NOK,POK,pNOK,pPOK	iv	NOK,POK,pIOK,pNOK,pPOK,IsUV
sInf	NOK,POK,pNOK,pPOK	nv	NOK,POK,pNOK,pPOK
sInf	NOK,POK,pNOK,pPOK	rng	NOK,POK,pIOK,pNOK,pPOK,IsUV
sInf	NOK,POK,pNOK,pPOK	str	NOK,POK,pNOK,pPOK
sInf	NOK,POK,pNOK,pPOK	utf8	NOK,POK,pNOK,pPOK,UTF8
sInf	NOK,POK,pNOK,pPOK,UTF8	add	NOK,POK,pIOK,pNOK,pPOK,IsUV,UTF8
sInf	NOK,POK,pNOK,pPOK,UTF8	bors	NOK,POK,pIOK,pNOK,pPOK,IsUV,UTF8
sInf	NOK,POK,pNOK,pPOK,UTF8	cat0	POK,pPOK,UTF8
sInf	NOK,POK,pNOK,pPOK,UTF8	catx	POK,pPOK,UTF8
sInf	NOK,POK,pNOK,pPOK,UTF8	copy	NOK,POK,pNOK,pPOK,UTF8
sInf	NOK,POK,pNOK,pPOK,UTF8	dec	NOK,pNOK
sInf	NOK,POK,pNOK,pPOK,UTF8	fbors	NOK,POK,pNOK,pPOK,UTF8
sInf	NOK,POK,pNOK,pPOK,UTF8	inc	NOK,pNOK
sInf	NOK,POK,pNOK,pPOK,UTF8	iv	NOK,POK,pIOK,pNOK,pPOK,IsUV,UTF8
sInf	NOK,POK,pNOK,pPOK,UTF8	nv	NOK,POK,pNOK,pPOK,UTF8
sInf	NOK,POK,pNOK,pPOK,UTF8	rng	NOK,POK,pIOK,pNOK,pPOK,IsUV,UTF8
sInf	NOK,POK,pNOK,pPOK,UTF8	str	NOK,POK,pNOK,pPOK,UTF8
sInf	NOK,POK,pNOK,pPOK,UTF8	utf8	NOK,POK,pNOK,pPOK,UTF8
sInf	NOK,pIOK,pNOK,IsUV	add	NOK,pIOK,pNOK,IsUV
sInf	NOK,pIOK,pNOK,IsUV	bors	NOK,pIOK,pNOK,IsUV
sInf	NOK,pIOK,pNOK,IsUV	cat0	POK,pPOK
sInf	NOK,pIOK,pNOK,IsUV	catx	POK,pPOK
sInf	NOK,pIOK,pNOK,IsUV	copy	NOK,pIOK,pNOK,IsUV
sInf	NOK,pIOK,pNOK,IsUV	dec	NOK,pNOK
sInf	NOK,pIOK,pNOK,IsUV	fbors	NOK,pIOK,pNOK,pPOK,IsUV
sInf	NOK,pIOK,pNOK,IsUV	inc	NOK,pNOK
sInf	NOK,pIOK,pNOK,IsUV	iv	NOK,pIOK,pNOK,IsUV
sInf	NOK,pIOK,pNOK,IsUV	nv	NOK,pIOK,pNOK,IsUV
sInf	NOK,pIOK,pNOK,IsUV	rng	NOK,pIOK,pNOK,IsUV
sInf	NOK,pIOK,pNOK,IsUV	str	NOK,pIOK,pNOK,pPOK,IsUV
sInf	NOK,pIOK,pNOK,IsUV	utf8	POK,pPOK,UTF8
sInf	NOK,pIOK,pNOK,pPOK,IsUV	add	NOK,pIOK,pNOK,pPOK,IsUV
sInf	NOK,pIOK,pNOK,pPOK,IsUV	bors	NOK,pIOK,pNOK,pPOK,IsUV
sInf	NOK,pIOK,pNOK,pPOK,IsUV	cat0	POK,pPOK
sInf	NOK,pIOK,pNOK,pPOK,IsUV	catx	POK,pPOK
sInf	NOK,pIOK,pNOK,pPOK,IsUV	copy	NOK,pIOK,pNOK,pPOK,IsUV
sInf	NOK,pIOK,pNOK,pPOK,IsUV	dec	NOK,pNOK
sInf	NOK,pIOK,pNOK,pPOK,IsUV	fbors	NOK,pIOK,pNOK,pPOK,IsUV
sInf	NOK,pIOK,pNOK,pPOK,IsUV	inc	NOK,pNOK
sInf	NOK,pIOK,pNOK,pPOK,IsUV	iv	NOK,pIOK,pNOK,pPOK,IsUV
sInf	NOK,pIOK,pNOK,pPOK,IsUV	nv	NOK,pIOK,pNOK,pPOK,IsUV
sInf	NOK,pIOK,pNOK,pPOK,IsUV	rng	NOK,pIOK,pNOK,pPOK,IsUV
sInf	NOK,pIOK,pNOK,pPOK,IsUV	str	NOK,pIOK,pNOK,pPOK,IsUV
sInf	NOK,pIOK,pNOK,pPOK,IsUV	utf8	POK,pPOK,UTF8
sInf	NOK,pNOK	add	NOK,pIOK,pNOK,IsUV	CONFLICT(IOK,NOK,pIOK,pNOK|NOK,pIOK,pNOK,IsUV)
sInf	NOK,pNOK	bors	NOK,pIOK,pNOK,IsUV	CONFLICT(IOK,NOK,pIOK,pNOK|NOK,pIOK,pNOK,IsUV)
sInf	NOK,pNOK	cat0	POK,pPOK
sInf	NOK,pNOK	catx	POK,pPOK
sInf	NOK,pNOK	copy	NOK,pNOK
sInf	NOK,pNOK	dec	NOK,pNOK
sInf	NOK,pNOK	fbors	NOK,pNOK,pPOK	CONFLICT(NOK,pNOK|NOK,pNOK,pPOK)
sInf	NOK,pNOK	inc	NOK,pNOK	CONFLICT(IOK,pIOK|NOK,pNOK)
sInf	NOK,pNOK	iv	NOK,pIOK,pNOK,IsUV	CONFLICT(IOK,NOK,pIOK,pNOK|NOK,pIOK,pNOK,IsUV)
sInf	NOK,pNOK	nv	NOK,pNOK
sInf	NOK,pNOK	rng	NOK,pIOK,pNOK,IsUV	CONFLICT(IOK,NOK,pIOK,pNOK|NOK,pIOK,pNOK,IsUV)
sInf	NOK,pNOK	str	NOK,pNOK,pPOK	CONFLICT(NOK,pNOK|NOK,pNOK,pPOK)
sInf	NOK,pNOK	utf8	POK,pPOK,UTF8
sInf	NOK,pNOK,pPOK	add	NOK,pIOK,pNOK,pPOK,IsUV
sInf	NOK,pNOK,pPOK	bors	NOK,pIOK,pNOK,pPOK,IsUV
sInf	NOK,pNOK,pPOK	cat0	POK,pPOK
sInf	NOK,pNOK,pPOK	catx	POK,pPOK
sInf	NOK,pNOK,pPOK	copy	NOK,pNOK,pPOK
sInf	NOK,pNOK,pPOK	dec	NOK,pNOK
sInf	NOK,pNOK,pPOK	fbors	NOK,pNOK,pPOK
sInf	NOK,pNOK,pPOK	inc	NOK,pNOK
sInf	NOK,pNOK,pPOK	iv	NOK,pIOK,pNOK,pPOK,IsUV
sInf	NOK,pNOK,pPOK	nv	NOK,pNOK,pPOK
sInf	NOK,pNOK,pPOK	rng	NOK,pIOK,pNOK,pPOK,IsUV
sInf	NOK,pNOK,pPOK	str	NOK,pNOK,pPOK
sInf	NOK,pNOK,pPOK	utf8	POK,pPOK,UTF8
sInf	POK,pIOK,pNOK,pPOK	add	POK,pIOK,pNOK,pPOK
sInf	POK,pIOK,pNOK,pPOK	bors	POK,pIOK,pNOK,pPOK
sInf	POK,pIOK,pNOK,pPOK	cat0	POK,pIOK,pNOK,pPOK
sInf	POK,pIOK,pNOK,pPOK	catx	POK,pIOK,pNOK,pPOK
sInf	POK,pIOK,pNOK,pPOK	copy	POK,pIOK,pNOK,pPOK
sInf	POK,pIOK,pNOK,pPOK	dec	NOK,pNOK
sInf	POK,pIOK,pNOK,pPOK	fbors	POK,pIOK,pNOK,pPOK
sInf	POK,pIOK,pNOK,pPOK	inc	NOK,pNOK
sInf	POK,pIOK,pNOK,pPOK	iv	POK,pIOK,pNOK,pPOK
sInf	POK,pIOK,pNOK,pPOK	nv	POK,pIOK,pNOK,pPOK
sInf	POK,pIOK,pNOK,pPOK	rng	POK,pIOK,pNOK,pPOK
sInf	POK,pIOK,pNOK,pPOK	str	POK,pIOK,pNOK,pPOK
sInf	POK,pIOK,pNOK,pPOK	utf8	POK,pIOK,pNOK,pPOK,UTF8
sInf	POK,pIOK,pNOK,pPOK,IsUV	add	POK,pIOK,pNOK,pPOK,IsUV
sInf	POK,pIOK,pNOK,pPOK,IsUV	bors	POK,pIOK,pNOK,pPOK,IsUV
sInf	POK,pIOK,pNOK,pPOK,IsUV	cat0	POK,pIOK,pNOK,pPOK,IsUV
sInf	POK,pIOK,pNOK,pPOK,IsUV	catx	POK,pIOK,pNOK,pPOK,IsUV
sInf	POK,pIOK,pNOK,pPOK,IsUV	copy	POK,pIOK,pNOK,pPOK,IsUV
sInf	POK,pIOK,pNOK,pPOK,IsUV	dec	NOK,pNOK
sInf	POK,pIOK,pNOK,pPOK,IsUV	fbors	POK,pIOK,pNOK,pPOK,IsUV
sInf	POK,pIOK,pNOK,pPOK,IsUV	inc	NOK,pNOK
sInf	POK,pIOK,pNOK,pPOK,IsUV	iv	POK,pIOK,pNOK,pPOK,IsUV
sInf	POK,pIOK,pNOK,pPOK,IsUV	nv	POK,pIOK,pNOK,pPOK,IsUV
sInf	POK,pIOK,pNOK,pPOK,IsUV	rng	POK,pIOK,pNOK,pPOK,IsUV
sInf	POK,pIOK,pNOK,pPOK,IsUV	str	POK,pIOK,pNOK,pPOK,IsUV
sInf	POK,pIOK,pNOK,pPOK,IsUV	utf8	POK,pIOK,pNOK,pPOK,IsUV,UTF8
sInf	POK,pIOK,pNOK,pPOK,IsUV,UTF8	add	POK,pIOK,pNOK,pPOK,IsUV,UTF8
sInf	POK,pIOK,pNOK,pPOK,IsUV,UTF8	bors	POK,pIOK,pNOK,pPOK,IsUV,UTF8
sInf	POK,pIOK,pNOK,pPOK,IsUV,UTF8	cat0	POK,pIOK,pNOK,pPOK,IsUV,UTF8
sInf	POK,pIOK,pNOK,pPOK,IsUV,UTF8	catx	POK,pIOK,pNOK,pPOK,IsUV,UTF8
sInf	POK,pIOK,pNOK,pPOK,IsUV,UTF8	copy	POK,pIOK,pNOK,pPOK,IsUV,UTF8
sInf	POK,pIOK,pNOK,pPOK,IsUV,UTF8	dec	NOK,pNOK
sInf	POK,pIOK,pNOK,pPOK,IsUV,UTF8	fbors	POK,pIOK,pNOK,pPOK,IsUV,UTF8
sInf	POK,pIOK,pNOK,pPOK,IsUV,UTF8	inc	NOK,pNOK
sInf	POK,pIOK,pNOK,pPOK,IsUV,UTF8	iv	POK,pIOK,pNOK,pPOK,IsUV,UTF8
sInf	POK,pIOK,pNOK,pPOK,IsUV,UTF8	nv	POK,pIOK,pNOK,pPOK,IsUV,UTF8
sInf	POK,pIOK,pNOK,pPOK,IsUV,UTF8	rng	POK,pIOK,pNOK,pPOK,IsUV,UTF8
sInf	POK,pIOK,pNOK,pPOK,IsUV,UTF8	str	POK,pIOK,pNOK,pPOK,IsUV,UTF8
sInf	POK,pIOK,pNOK,pPOK,IsUV,UTF8	utf8	POK,pIOK,pNOK,pPOK,IsUV,UTF8
sInf	POK,pIOK,pNOK,pPOK,UTF8	add	POK,pIOK,pNOK,pPOK,UTF8
sInf	POK,pIOK,pNOK,pPOK,UTF8	bors	POK,pIOK,pNOK,pPOK,UTF8
sInf	POK,pIOK,pNOK,pPOK,UTF8	cat0	POK,pIOK,pNOK,pPOK,UTF8
sInf	POK,pIOK,pNOK,pPOK,UTF8	catx	POK,pIOK,pNOK,pPOK,UTF8
sInf	POK,pIOK,pNOK,pPOK,UTF8	copy	POK,pIOK,pNOK,pPOK,UTF8
sInf	POK,pIOK,pNOK,pPOK,UTF8	dec	NOK,pNOK
sInf	POK,pIOK,pNOK,pPOK,UTF8	fbors	POK,pIOK,pNOK,pPOK,UTF8
sInf	POK,pIOK,pNOK,pPOK,UTF8	inc	NOK,pNOK
sInf	POK,pIOK,pNOK,pPOK,UTF8	iv	POK,pIOK,pNOK,pPOK,UTF8
sInf	POK,pIOK,pNOK,pPOK,UTF8	nv	POK,pIOK,pNOK,pPOK,UTF8
sInf	POK,pIOK,pNOK,pPOK,UTF8	rng	POK,pIOK,pNOK,pPOK,UTF8
sInf	POK,pIOK,pNOK,pPOK,UTF8	str	POK,pIOK,pNOK,pPOK,UTF8
sInf	POK,pIOK,pNOK,pPOK,UTF8	utf8	POK,pIOK,pNOK,pPOK,UTF8
sInf	POK,pNOK,pPOK	add	POK,pIOK,pNOK,pPOK	CONFLICT(POK,pIOK,pNOK,pPOK|POK,pIOK,pNOK,pPOK,IsUV)
sInf	POK,pNOK,pPOK	bors	POK,pIOK,pNOK,pPOK	CONFLICT(POK,pIOK,pNOK,pPOK|POK,pIOK,pNOK,pPOK,IsUV)
sInf	POK,pNOK,pPOK	cat0	POK,pNOK,pPOK
sInf	POK,pNOK,pPOK	catx	POK,pNOK,pPOK
sInf	POK,pNOK,pPOK	copy	POK,pNOK,pPOK
sInf	POK,pNOK,pPOK	dec	NOK,pNOK
sInf	POK,pNOK,pPOK	fbors	POK,pNOK,pPOK
sInf	POK,pNOK,pPOK	inc	NOK,pNOK
sInf	POK,pNOK,pPOK	iv	POK,pIOK,pNOK,pPOK	CONFLICT(POK,pIOK,pNOK,pPOK|POK,pIOK,pNOK,pPOK,IsUV)
sInf	POK,pNOK,pPOK	nv	POK,pNOK,pPOK
sInf	POK,pNOK,pPOK	rng	POK,pIOK,pNOK,pPOK	CONFLICT(POK,pIOK,pNOK,pPOK|POK,pIOK,pNOK,pPOK,IsUV)
sInf	POK,pNOK,pPOK	str	POK,pNOK,pPOK
sInf	POK,pNOK,pPOK	utf8	POK,pNOK,pPOK,UTF8
sInf	POK,pNOK,pPOK,UTF8	add	POK,pIOK,pNOK,pPOK,UTF8	CONFLICT(POK,pIOK,pNOK,pPOK,IsUV,UTF8|POK,pIOK,pNOK,pPOK,UTF8)
sInf	POK,pNOK,pPOK,UTF8	bors	POK,pIOK,pNOK,pPOK,UTF8	CONFLICT(POK,pIOK,pNOK,pPOK,IsUV,UTF8|POK,pIOK,pNOK,pPOK,UTF8)
sInf	POK,pNOK,pPOK,UTF8	cat0	POK,pNOK,pPOK,UTF8
sInf	POK,pNOK,pPOK,UTF8	catx	POK,pNOK,pPOK,UTF8
sInf	POK,pNOK,pPOK,UTF8	copy	POK,pNOK,pPOK,UTF8
sInf	POK,pNOK,pPOK,UTF8	dec	NOK,pNOK
sInf	POK,pNOK,pPOK,UTF8	fbors	POK,pNOK,pPOK,UTF8
sInf	POK,pNOK,pPOK,UTF8	inc	NOK,pNOK
sInf	POK,pNOK,pPOK,UTF8	iv	POK,pIOK,pNOK,pPOK,UTF8	CONFLICT(POK,pIOK,pNOK,pPOK,IsUV,UTF8|POK,pIOK,pNOK,pPOK,UTF8)
sInf	POK,pNOK,pPOK,UTF8	nv	POK,pNOK,pPOK,UTF8
sInf	POK,pNOK,pPOK,UTF8	rng	POK,pIOK,pNOK,pPOK,UTF8	CONFLICT(POK,pIOK,pNOK,pPOK,IsUV,UTF8|POK,pIOK,pNOK,pPOK,UTF8)
sInf	POK,pNOK,pPOK,UTF8	str	POK,pNOK,pPOK,UTF8
sInf	POK,pNOK,pPOK,UTF8	utf8	POK,pNOK,pPOK,UTF8
sInf	POK,pPOK	add	POK,pIOK,pNOK,pPOK	CONFLICT(IOK,POK,pIOK,pPOK|NOK,POK,pIOK,pNOK,pPOK,IsUV|POK,pIOK,pNOK,pPOK|POK,pIOK,pNOK,pPOK,IsUV)
sInf	POK,pPOK	bors	POK,pPOK
sInf	POK,pPOK	cat0	POK,pPOK
sInf	POK,pPOK	catx	POK,pPOK
sInf	POK,pPOK	copy	POK,pPOK
sInf	POK,pPOK	dec	NOK,pNOK	CONFLICT(IOK,pIOK|NOK,pNOK)
sInf	POK,pPOK	fbors	POK,pPOK
sInf	POK,pPOK	inc	POK,pPOK	CONFLICT(IOK,pIOK|NOK,pNOK|POK,pPOK)
sInf	POK,pPOK	iv	POK,pIOK,pNOK,pPOK	CONFLICT(IOK,POK,pIOK,pPOK|NOK,POK,pIOK,pNOK,pPOK,IsUV|POK,pIOK,pNOK,pPOK|POK,pIOK,pNOK,pPOK,IsUV)
sInf	POK,pPOK	nv	POK,pNOK,pPOK	CONFLICT(NOK,POK,pNOK,pPOK|POK,pNOK,pPOK)
sInf	POK,pPOK	rng	POK,pPOK	CONFLICT(IOK,NOK,POK,pIOK,pNOK,pPOK|NOK,POK,pIOK,pNOK,pPOK,IsUV|POK,pPOK)
sInf	POK,pPOK	str	POK,pPOK
sInf	POK,pPOK	utf8	POK,pPOK,UTF8
sInf	POK,pPOK,UTF8	add	POK,pIOK,pNOK,pPOK,UTF8	CONFLICT(IOK,POK,pIOK,pPOK,UTF8|NOK,POK,pIOK,pNOK,pPOK,IsUV|POK,pIOK,pNOK,pPOK,IsUV,UTF8|POK,pIOK,pNOK,pPOK,UTF8)
sInf	POK,pPOK,UTF8	bors	POK,pPOK,UTF8
sInf	POK,pPOK,UTF8	cat0	POK,pPOK,UTF8
sInf	POK,pPOK,UTF8	catx	POK,pPOK,UTF8
sInf	POK,pPOK,UTF8	copy	POK,pPOK,UTF8
sInf	POK,pPOK,UTF8	dec	NOK,pNOK	CONFLICT(IOK,pIOK|NOK,pNOK)
sInf	POK,pPOK,UTF8	fbors	POK,pPOK,UTF8
sInf	POK,pPOK,UTF8	inc	POK,pPOK,UTF8	CONFLICT(IOK,pIOK|POK,pPOK,UTF8)
sInf	POK,pPOK,UTF8	iv	POK,pIOK,pNOK,pPOK,UTF8	CONFLICT(IOK,POK,pIOK,pPOK,UTF8|NOK,POK,pIOK,pNOK,pPOK,IsUV|POK,pIOK,pNOK,pPOK,IsUV,UTF8|POK,pIOK,pNOK,pPOK,UTF8)
sInf	POK,pPOK,UTF8	nv	POK,pNOK,pPOK,UTF8	CONFLICT(NOK,POK,pNOK,pPOK,UTF8|POK,pNOK,pPOK,UTF8)
sInf	POK,pPOK,UTF8	rng	POK,pPOK,UTF8	CONFLICT(IOK,NOK,POK,pIOK,pNOK,pPOK,UTF8|NOK,POK,pIOK,pNOK,pPOK,IsUV,UTF8|POK,pPOK,UTF8)
sInf	POK,pPOK,UTF8	str	POK,pPOK,UTF8
sInf	POK,pPOK,UTF8	utf8	POK,pPOK,UTF8
sInfx	NOK,POK,pIOK,pNOK,pPOK,IsUV	add	NOK,POK,pIOK,pNOK,pPOK,IsUV
sInfx	NOK,POK,pIOK,pNOK,pPOK,IsUV	bors	NOK,POK,pIOK,pNOK,pPOK,IsUV
sInfx	NOK,POK,pIOK,pNOK,pPOK,IsUV	cat0	POK,pPOK
sInfx	NOK,POK,pIOK,pNOK,pPOK,IsUV	catx	POK,pPOK
sInfx	NOK,POK,pIOK,pNOK,pPOK,IsUV	copy	NOK,POK,pIOK,pNOK,pPOK,IsUV
sInfx	NOK,POK,pIOK,pNOK,pPOK,IsUV	dec	NOK,pNOK
sInfx	NOK,POK,pIOK,pNOK,pPOK,IsUV	fbors	NOK,POK,pIOK,pNOK,pPOK,IsUV
sInfx	NOK,POK,pIOK,pNOK,pPOK,IsUV	inc	NOK,pNOK
sInfx	NOK,POK,pIOK,pNOK,pPOK,IsUV	iv	NOK,POK,pIOK,pNOK,pPOK,IsUV
sInfx	NOK,POK,pIOK,pNOK,pPOK,IsUV	nv	NOK,POK,pIOK,pNOK,pPOK,IsUV
sInfx	NOK,POK,pIOK,pNOK,pPOK,IsUV	rng	NOK,POK,pIOK,pNOK,pPOK,IsUV
sInfx	NOK,POK,pIOK,pNOK,pPOK,IsUV	str	NOK,POK,pIOK,pNOK,pPOK,IsUV
sInfx	NOK,POK,pIOK,pNOK,pPOK,IsUV	utf8	NOK,POK,pIOK,pNOK,pPOK,IsUV,UTF8
sInfx	NOK,POK,pIOK,pNOK,pPOK,IsUV,UTF8	add	NOK,POK,pIOK,pNOK,pPOK,IsUV,UTF8
sInfx	NOK,POK,pIOK,pNOK,pPOK,IsUV,UTF8	bors	NOK,POK,pIOK,pNOK,pPOK,IsUV,UTF8
sInfx	NOK,POK,pIOK,pNOK,pPOK,IsUV,UTF8	cat0	POK,pPOK,UTF8
sInfx	NOK,POK,pIOK,pNOK,pPOK,IsUV,UTF8	catx	POK,pPOK,UTF8
sInfx	NOK,POK,pIOK,pNOK,pPOK,IsUV,UTF8	copy	NOK,POK,pIOK,pNOK,pPOK,IsUV,UTF8
sInfx	NOK,POK,pIOK,pNOK,pPOK,IsUV,UTF8	dec	NOK,pNOK
sInfx	NOK,POK,pIOK,pNOK,pPOK,IsUV,UTF8	fbors	NOK,POK,pIOK,pNOK,pPOK,IsUV,UTF8
sInfx	NOK,POK,pIOK,pNOK,pPOK,IsUV,UTF8	inc	NOK,pNOK
sInfx	NOK,POK,pIOK,pNOK,pPOK,IsUV,UTF8	iv	NOK,POK,pIOK,pNOK,pPOK,IsUV,UTF8
sInfx	NOK,POK,pIOK,pNOK,pPOK,IsUV,UTF8	nv	NOK,POK,pIOK,pNOK,pPOK,IsUV,UTF8
sInfx	NOK,POK,pIOK,pNOK,pPOK,IsUV,UTF8	rng	NOK,POK,pIOK,pNOK,pPOK,IsUV,UTF8
sInfx	NOK,POK,pIOK,pNOK,pPOK,IsUV,UTF8	str	NOK,POK,pIOK,pNOK,pPOK,IsUV,UTF8
sInfx	NOK,POK,pIOK,pNOK,pPOK,IsUV,UTF8	utf8	NOK,POK,pIOK,pNOK,pPOK,IsUV,UTF8
sInfx	NOK,POK,pNOK,pPOK	add	NOK,POK,pIOK,pNOK,pPOK,IsUV
sInfx	NOK,POK,pNOK,pPOK	bors	NOK,POK,pIOK,pNOK,pPOK,IsUV
sInfx	NOK,POK,pNOK,pPOK	cat0	POK,pPOK
sInfx	NOK,POK,pNOK,pPOK	catx	POK,pPOK
sInfx	NOK,POK,pNOK,pPOK	copy	NOK,POK,pNOK,pPOK
sInfx	NOK,POK,pNOK,pPOK	dec	NOK,pNOK
sInfx	NOK,POK,pNOK,pPOK	fbors	NOK,POK,pNOK,pPOK
sInfx	NOK,POK,pNOK,pPOK	inc	NOK,pNOK
sInfx	NOK,POK,pNOK,pPOK	iv	NOK,POK,pIOK,pNOK,pPOK,IsUV
sInfx	NOK,POK,pNOK,pPOK	nv	NOK,POK,pNOK,pPOK
sInfx	NOK,POK,pNOK,pPOK	rng	NOK,POK,pIOK,pNOK,pPOK,IsUV
sInfx	NOK,POK,pNOK,pPOK	str	NOK,POK,pNOK,pPOK
sInfx	NOK,POK,pNOK,pPOK	utf8	NOK,POK,pNOK,pPOK,UTF8
sInfx	NOK,POK,pNOK,pPOK,UTF8	add	NOK,POK,pIOK,pNOK,pPOK,IsUV,UTF8
sInfx	NOK,POK,pNOK,pPOK,UTF8	bors	NOK,POK,pIOK,pNOK,pPOK,IsUV,UTF8
sInfx	NOK,POK,pNOK,pPOK,UTF8	cat0	POK,pPOK,UTF8
sInfx	NOK,POK,pNOK,pPOK,UTF8	catx	POK,pPOK,UTF8
sInfx	NOK,POK,pNOK,pPOK,UTF8	copy	NOK,POK,pNOK,pPOK,UTF8
sInfx	NOK,POK,pNOK,pPOK,UTF8	dec	NOK,pNOK
sInfx	NOK,POK,pNOK,pPOK,UTF8	fbors	NOK,POK,pNOK,pPOK,UTF8
sInfx	NOK,POK,pNOK,pPOK,UTF8	inc	NOK,pNOK
sInfx	NOK,POK,pNOK,pPOK,UTF8	iv	NOK,POK,pIOK,pNOK,pPOK,IsUV,UTF8
sInfx	NOK,POK,pNOK,pPOK,UTF8	nv	NOK,POK,pNOK,pPOK,UTF8
sInfx	NOK,POK,pNOK,pPOK,UTF8	rng	NOK,POK,pIOK,pNOK,pPOK,IsUV,UTF8
sInfx	NOK,POK,pNOK,pPOK,UTF8	str	NOK,POK,pNOK,pPOK,UTF8
sInfx	NOK,POK,pNOK,pPOK,UTF8	utf8	NOK,POK,pNOK,pPOK,UTF8
sInfx	NOK,pIOK,pNOK,IsUV	add	NOK,pIOK,pNOK,IsUV
sInfx	NOK,pIOK,pNOK,IsUV	bors	NOK,pIOK,pNOK,IsUV
sInfx	NOK,pIOK,pNOK,IsUV	cat0	POK,pPOK
sInfx	NOK,pIOK,pNOK,IsUV	catx	POK,pPOK
sInfx	NOK,pIOK,pNOK,IsUV	copy	NOK,pIOK,pNOK,IsUV
sInfx	NOK,pIOK,pNOK,IsUV	dec	NOK,pNOK
sInfx	NOK,pIOK,pNOK,IsUV	fbors	NOK,pIOK,pNOK,pPOK,IsUV
sInfx	NOK,pIOK,pNOK,IsUV	inc	NOK,pNOK
sInfx	NOK,pIOK,pNOK,IsUV	iv	NOK,pIOK,pNOK,IsUV
sInfx	NOK,pIOK,pNOK,IsUV	nv	NOK,pIOK,pNOK,IsUV
sInfx	NOK,pIOK,pNOK,IsUV	rng	NOK,pIOK,pNOK,IsUV
sInfx	NOK,pIOK,pNOK,IsUV	str	NOK,pIOK,pNOK,pPOK,IsUV
sInfx	NOK,pIOK,pNOK,IsUV	utf8	POK,pPOK,UTF8
sInfx	NOK,pIOK,pNOK,pPOK,IsUV	add	NOK,pIOK,pNOK,pPOK,IsUV
sInfx	NOK,pIOK,pNOK,pPOK,IsUV	bors	NOK,pIOK,pNOK,pPOK,IsUV
sInfx	NOK,pIOK,pNOK,pPOK,IsUV	cat0	POK,pPOK
sInfx	NOK,pIOK,pNOK,pPOK,IsUV	catx	POK,pPOK
sInfx	NOK,pIOK,pNOK,pPOK,IsUV	copy	NOK,pIOK,pNOK,pPOK,IsUV
sInfx	NOK,pIOK,pNOK,pPOK,IsUV	dec	NOK,pNOK
sInfx	NOK,pIOK,pNOK,pPOK,IsUV	fbors	NOK,pIOK,pNOK,pPOK,IsUV
sInfx	NOK,pIOK,pNOK,pPOK,IsUV	inc	NOK,pNOK
sInfx	NOK,pIOK,pNOK,pPOK,IsUV	iv	NOK,pIOK,pNOK,pPOK,IsUV
sInfx	NOK,pIOK,pNOK,pPOK,IsUV	nv	NOK,pIOK,pNOK,pPOK,IsUV
sInfx	NOK,pIOK,pNOK,pPOK,IsUV	rng	NOK,pIOK,pNOK,pPOK,IsUV
sInfx	NOK,pIOK,pNOK,pPOK,IsUV	str	NOK,pIOK,pNOK,pPOK,IsUV
sInfx	NOK,pIOK,pNOK,pPOK,IsUV	utf8	POK,pPOK,UTF8
sInfx	NOK,pNOK	add	NOK,pIOK,pNOK,IsUV
sInfx	NOK,pNOK	bors	NOK,pIOK,pNOK,IsUV
sInfx	NOK,pNOK	cat0	POK,pPOK
sInfx	NOK,pNOK	catx	POK,pPOK
sInfx	NOK,pNOK	copy	NOK,pNOK
sInfx	NOK,pNOK	dec	NOK,pNOK
sInfx	NOK,pNOK	fbors	NOK,pNOK,pPOK
sInfx	NOK,pNOK	inc	NOK,pNOK
sInfx	NOK,pNOK	iv	NOK,pIOK,pNOK,IsUV
sInfx	NOK,pNOK	nv	NOK,pNOK
sInfx	NOK,pNOK	rng	NOK,pIOK,pNOK,IsUV
sInfx	NOK,pNOK	str	NOK,pNOK,pPOK
sInfx	NOK,pNOK	utf8	POK,pPOK,UTF8
sInfx	NOK,pNOK,pPOK	add	NOK,pIOK,pNOK,pPOK,IsUV
sInfx	NOK,pNOK,pPOK	bors	NOK,pIOK,pNOK,pPOK,IsUV
sInfx	NOK,pNOK,pPOK	cat0	POK,pPOK
sInfx	NOK,pNOK,pPOK	catx	POK,pPOK
sInfx	NOK,pNOK,pPOK	copy	NOK,pNOK,pPOK
sInfx	NOK,pNOK,pPOK	dec	NOK,pNOK
sInfx	NOK,pNOK,pPOK	fbors	NOK,pNOK,pPOK
sInfx	NOK,pNOK,pPOK	inc	NOK,pNOK
sInfx	NOK,pNOK,pPOK	iv	NOK,pIOK,pNOK,pPOK,IsUV
sInfx	NOK,pNOK,pPOK	nv	NOK,pNOK,pPOK
sInfx	NOK,pNOK,pPOK	rng	NOK,pIOK,pNOK,pPOK,IsUV
sInfx	NOK,pNOK,pPOK	str	NOK,pNOK,pPOK
sInfx	NOK,pNOK,pPOK	utf8	POK,pPOK,UTF8
sInfx	POK,pIOK,pNOK,pPOK,IsUV	add	POK,pIOK,pNOK,pPOK,IsUV
sInfx	POK,pIOK,pNOK,pPOK,IsUV	bors	POK,pIOK,pNOK,pPOK,IsUV
sInfx	POK,pIOK,pNOK,pPOK,IsUV	cat0	POK,pIOK,pNOK,pPOK,IsUV	CONFLICT(POK,pIOK,pNOK,pPOK,IsUV|POK,pPOK)
sInfx	POK,pIOK,pNOK,pPOK,IsUV	catx	POK,pIOK,pNOK,pPOK,IsUV	CONFLICT(POK,pIOK,pNOK,pPOK,IsUV|POK,pPOK)
sInfx	POK,pIOK,pNOK,pPOK,IsUV	copy	POK,pIOK,pNOK,pPOK,IsUV
sInfx	POK,pIOK,pNOK,pPOK,IsUV	dec	NOK,pNOK
sInfx	POK,pIOK,pNOK,pPOK,IsUV	fbors	POK,pIOK,pNOK,pPOK,IsUV
sInfx	POK,pIOK,pNOK,pPOK,IsUV	inc	NOK,pNOK
sInfx	POK,pIOK,pNOK,pPOK,IsUV	iv	POK,pIOK,pNOK,pPOK,IsUV
sInfx	POK,pIOK,pNOK,pPOK,IsUV	nv	POK,pIOK,pNOK,pPOK,IsUV
sInfx	POK,pIOK,pNOK,pPOK,IsUV	rng	POK,pIOK,pNOK,pPOK,IsUV
sInfx	POK,pIOK,pNOK,pPOK,IsUV	str	POK,pIOK,pNOK,pPOK,IsUV
sInfx	POK,pIOK,pNOK,pPOK,IsUV	utf8	POK,pIOK,pNOK,pPOK,IsUV,UTF8
sInfx	POK,pIOK,pNOK,pPOK,IsUV,UTF8	add	POK,pIOK,pNOK,pPOK,IsUV,UTF8
sInfx	POK,pIOK,pNOK,pPOK,IsUV,UTF8	bors	POK,pIOK,pNOK,pPOK,IsUV,UTF8
sInfx	POK,pIOK,pNOK,pPOK,IsUV,UTF8	cat0	POK,pIOK,pNOK,pPOK,IsUV,UTF8
sInfx	POK,pIOK,pNOK,pPOK,IsUV,UTF8	catx	POK,pIOK,pNOK,pPOK,IsUV,UTF8
sInfx	POK,pIOK,pNOK,pPOK,IsUV,UTF8	copy	POK,pIOK,pNOK,pPOK,IsUV,UTF8
sInfx	POK,pIOK,pNOK,pPOK,IsUV,UTF8	dec	NOK,pNOK
sInfx	POK,pIOK,pNOK,pPOK,IsUV,UTF8	fbors	POK,pIOK,pNOK,pPOK,IsUV,UTF8
sInfx	POK,pIOK,pNOK,pPOK,IsUV,UTF8	inc	NOK,pNOK
sInfx	POK,pIOK,pNOK,pPOK,IsUV,UTF8	iv	POK,pIOK,pNOK,pPOK,IsUV,UTF8
sInfx	POK,pIOK,pNOK,pPOK,IsUV,UTF8	nv	POK,pIOK,pNOK,pPOK,IsUV,UTF8
sInfx	POK,pIOK,pNOK,pPOK,IsUV,UTF8	rng	POK,pIOK,pNOK,pPOK,IsUV,UTF8
sInfx	POK,pIOK,pNOK,pPOK,IsUV,UTF8	str	POK,pIOK,pNOK,pPOK,IsUV,UTF8
sInfx	POK,pIOK,pNOK,pPOK,IsUV,UTF8	utf8	POK,pIOK,pNOK,pPOK,IsUV,UTF8
sInfx	POK,pNOK,pPOK	add	POK,pIOK,pNOK,pPOK,IsUV
sInfx	POK,pNOK,pPOK	bors	POK,pIOK,pNOK,pPOK,IsUV
sInfx	POK,pNOK,pPOK	cat0	POK,pNOK,pPOK	CONFLICT(POK,pNOK,pPOK|POK,pPOK)
sInfx	POK,pNOK,pPOK	catx	POK,pNOK,pPOK	CONFLICT(POK,pNOK,pPOK|POK,pPOK)
sInfx	POK,pNOK,pPOK	copy	POK,pNOK,pPOK
sInfx	POK,pNOK,pPOK	dec	NOK,pNOK
sInfx	POK,pNOK,pPOK	fbors	POK,pNOK,pPOK
sInfx	POK,pNOK,pPOK	inc	NOK,pNOK
sInfx	POK,pNOK,pPOK	iv	POK,pIOK,pNOK,pPOK,IsUV
sInfx	POK,pNOK,pPOK	nv	POK,pNOK,pPOK
sInfx	POK,pNOK,pPOK	rng	POK,pIOK,pNOK,pPOK,IsUV
sInfx	POK,pNOK,pPOK	str	POK,pNOK,pPOK
sInfx	POK,pNOK,pPOK	utf8	POK,pNOK,pPOK,UTF8
sInfx	POK,pNOK,pPOK,UTF8	add	POK,pIOK,pNOK,pPOK,IsUV,UTF8
sInfx	POK,pNOK,pPOK,UTF8	bors	POK,pIOK,pNOK,pPOK,IsUV,UTF8
sInfx	POK,pNOK,pPOK,UTF8	cat0	POK,pNOK,pPOK,UTF8
sInfx	POK,pNOK,pPOK,UTF8	catx	POK,pNOK,pPOK,UTF8
sInfx	POK,pNOK,pPOK,UTF8	copy	POK,pNOK,pPOK,UTF8
sInfx	POK,pNOK,pPOK,UTF8	dec	NOK,pNOK
sInfx	POK,pNOK,pPOK,UTF8	fbors	POK,pNOK,pPOK,UTF8
sInfx	POK,pNOK,pPOK,UTF8	inc	NOK,pNOK
sInfx	POK,pNOK,pPOK,UTF8	iv	POK,pIOK,pNOK,pPOK,IsUV,UTF8
sInfx	POK,pNOK,pPOK,UTF8	nv	POK,pNOK,pPOK,UTF8
sInfx	POK,pNOK,pPOK,UTF8	rng	POK,pIOK,pNOK,pPOK,IsUV,UTF8
sInfx	POK,pNOK,pPOK,UTF8	str	POK,pNOK,pPOK,UTF8
sInfx	POK,pNOK,pPOK,UTF8	utf8	POK,pNOK,pPOK,UTF8
sInfx	POK,pPOK	add	POK,pIOK,pNOK,pPOK	CONFLICT(NOK,POK,pIOK,pNOK,pPOK,IsUV|POK,pIOK,pNOK,pPOK|POK,pIOK,pNOK,pPOK,IsUV)
sInfx	POK,pPOK	bors	POK,pPOK
sInfx	POK,pPOK	cat0	POK,pPOK
sInfx	POK,pPOK	catx	POK,pPOK
sInfx	POK,pPOK	copy	POK,pPOK
sInfx	POK,pPOK	dec	NOK,pNOK
sInfx	POK,pPOK	fbors	POK,pPOK
sInfx	POK,pPOK	inc	POK,pPOK
sInfx	POK,pPOK	iv	POK,pIOK,pNOK,pPOK	CONFLICT(NOK,POK,pIOK,pNOK,pPOK,IsUV|POK,pIOK,pNOK,pPOK|POK,pIOK,pNOK,pPOK,IsUV)
sInfx	POK,pPOK	nv	POK,pNOK,pPOK	CONFLICT(NOK,POK,pNOK,pPOK|POK,pNOK,pPOK)
sInfx	POK,pPOK	rng	POK,pPOK	CONFLICT(NOK,POK,pIOK,pNOK,pPOK,IsUV|POK,pPOK)
sInfx	POK,pPOK	str	POK,pPOK
sInfx	POK,pPOK	utf8	POK,pPOK,UTF8
sInfx	POK,pPOK,UTF8	add	POK,pIOK,pNOK,pPOK,UTF8	CONFLICT(NOK,POK,pIOK,pNOK,pPOK,IsUV|POK,pIOK,pNOK,pPOK,IsUV,UTF8|POK,pIOK,pNOK,pPOK,UTF8)
sInfx	POK,pPOK,UTF8	bors	POK,pPOK,UTF8
sInfx	POK,pPOK,UTF8	cat0	POK,pPOK,UTF8
sInfx	POK,pPOK,UTF8	catx	POK,pPOK,UTF8
sInfx	POK,pPOK,UTF8	copy	POK,pPOK,UTF8
sInfx	POK,pPOK,UTF8	dec	NOK,pNOK
sInfx	POK,pPOK,UTF8	fbors	POK,pPOK,UTF8
sInfx	POK,pPOK,UTF8	inc	POK,pPOK,UTF8
sInfx	POK,pPOK,UTF8	iv	POK,pIOK,pNOK,pPOK,UTF8	CONFLICT(NOK,POK,pIOK,pNOK,pPOK,IsUV|POK,pIOK,pNOK,pPOK,IsUV,UTF8|POK,pIOK,pNOK,pPOK,UTF8)
sInfx	POK,pPOK,UTF8	nv	POK,pNOK,pPOK,UTF8	CONFLICT(NOK,POK,pNOK,pPOK,UTF8|POK,pNOK,pPOK,UTF8)
sInfx	POK,pPOK,UTF8	rng	POK,pPOK,UTF8	CONFLICT(NOK,POK,pIOK,pNOK,pPOK,IsUV,UTF8|POK,pPOK,UTF8)
sInfx	POK,pPOK,UTF8	str	POK,pPOK,UTF8
sInfx	POK,pPOK,UTF8	utf8	POK,pPOK,UTF8
sNaN	IOK,NOK,pIOK,pNOK	add	IOK,NOK,pIOK,pNOK
sNaN	IOK,NOK,pIOK,pNOK	bors	IOK,NOK,pIOK,pNOK
sNaN	IOK,NOK,pIOK,pNOK	cat0	POK,pPOK
sNaN	IOK,NOK,pIOK,pNOK	catx	POK,pPOK
sNaN	IOK,NOK,pIOK,pNOK	copy	IOK,NOK,pIOK,pNOK
sNaN	IOK,NOK,pIOK,pNOK	dec	IOK,pIOK
sNaN	IOK,NOK,pIOK,pNOK	fbors	IOK,NOK,pIOK,pNOK,pPOK
sNaN	IOK,NOK,pIOK,pNOK	inc	IOK,pIOK
sNaN	IOK,NOK,pIOK,pNOK	iv	IOK,NOK,pIOK,pNOK
sNaN	IOK,NOK,pIOK,pNOK	nv	IOK,NOK,pIOK,pNOK
sNaN	IOK,NOK,pIOK,pNOK	rng	IOK,NOK,pIOK,pNOK
sNaN	IOK,NOK,pIOK,pNOK	str	IOK,NOK,pIOK,pNOK,pPOK
sNaN	IOK,NOK,pIOK,pNOK	utf8	POK,pPOK,UTF8
sNaN	IOK,pIOK	add	IOK,pIOK
sNaN	IOK,pIOK	bors	IOK,pIOK
sNaN	IOK,pIOK	cat0	POK,pPOK
sNaN	IOK,pIOK	catx	POK,pPOK
sNaN	IOK,pIOK	copy	IOK,pIOK
sNaN	IOK,pIOK	dec	IOK,pIOK
sNaN	IOK,pIOK	fbors	IOK,pIOK,pPOK
sNaN	IOK,pIOK	inc	IOK,pIOK
sNaN	IOK,pIOK	iv	IOK,pIOK
sNaN	IOK,pIOK	nv	IOK,NOK,pIOK,pNOK
sNaN	IOK,pIOK	rng	IOK,pIOK
sNaN	IOK,pIOK	str	IOK,pIOK,pPOK
sNaN	IOK,pIOK	utf8	POK,pPOK,UTF8
sNaN	NOK,POK,pIOK,pNOK,pPOK,IsUV	add	NOK,POK,pIOK,pNOK,pPOK,IsUV
sNaN	NOK,POK,pIOK,pNOK,pPOK,IsUV	bors	NOK,POK,pIOK,pNOK,pPOK,IsUV
sNaN	NOK,POK,pIOK,pNOK,pPOK,IsUV	cat0	POK,pPOK
sNaN	NOK,POK,pIOK,pNOK,pPOK,IsUV	catx	POK,pPOK
sNaN	NOK,POK,pIOK,pNOK,pPOK,IsUV	copy	NOK,POK,pIOK,pNOK,pPOK,IsUV
sNaN	NOK,POK,pIOK,pNOK,pPOK,IsUV	dec	NOK,pNOK
sNaN	NOK,POK,pIOK,pNOK,pPOK,IsUV	fbors	NOK,POK,pIOK,pNOK,pPOK,IsUV
sNaN	NOK,POK,pIOK,pNOK,pPOK,IsUV	inc	NOK,pNOK
sNaN	NOK,POK,pIOK,pNOK,pPOK,IsUV	iv	NOK,POK,pIOK,pNOK,pPOK,IsUV
sNaN	NOK,POK,pIOK,pNOK,pPOK,IsUV	nv	NOK,POK,pIOK,pNOK,pPOK,IsUV
sNaN	NOK,POK,pIOK,pNOK,pPOK,IsUV	rng	NOK,POK,pIOK,pNOK,pPOK,IsUV
sNaN	NOK,POK,pIOK,pNOK,pPOK,IsUV	str	NOK,POK,pIOK,pNOK,pPOK,IsUV
sNaN	NOK,POK,pIOK,pNOK,pPOK,IsUV	utf8	NOK,POK,pIOK,pNOK,pPOK,IsUV,UTF8
sNaN	NOK,POK,pIOK,pNOK,pPOK,IsUV,UTF8	add	NOK,POK,pIOK,pNOK,pPOK,IsUV,UTF8
sNaN	NOK,POK,pIOK,pNOK,pPOK,IsUV,UTF8	bors	NOK,POK,pIOK,pNOK,pPOK,IsUV,UTF8
sNaN	NOK,POK,pIOK,pNOK,pPOK,IsUV,UTF8	cat0	POK,pPOK,UTF8
sNaN	NOK,POK,pIOK,pNOK,pPOK,IsUV,UTF8	catx	POK,pPOK,UTF8
sNaN	NOK,POK,pIOK,pNOK,pPOK,IsUV,UTF8	copy	NOK,POK,pIOK,pNOK,pPOK,IsUV,UTF8
sNaN	NOK,POK,pIOK,pNOK,pPOK,IsUV,UTF8	dec	NOK,pNOK
sNaN	NOK,POK,pIOK,pNOK,pPOK,IsUV,UTF8	fbors	NOK,POK,pIOK,pNOK,pPOK,IsUV,UTF8
sNaN	NOK,POK,pIOK,pNOK,pPOK,IsUV,UTF8	inc	NOK,pNOK
sNaN	NOK,POK,pIOK,pNOK,pPOK,IsUV,UTF8	iv	NOK,POK,pIOK,pNOK,pPOK,IsUV,UTF8
sNaN	NOK,POK,pIOK,pNOK,pPOK,IsUV,UTF8	nv	NOK,POK,pIOK,pNOK,pPOK,IsUV,UTF8
sNaN	NOK,POK,pIOK,pNOK,pPOK,IsUV,UTF8	rng	NOK,POK,pIOK,pNOK,pPOK,IsUV,UTF8
sNaN	NOK,POK,pIOK,pNOK,pPOK,IsUV,UTF8	str	NOK,POK,pIOK,pNOK,pPOK,IsUV,UTF8
sNaN	NOK,POK,pIOK,pNOK,pPOK,IsUV,UTF8	utf8	NOK,POK,pIOK,pNOK,pPOK,IsUV,UTF8
sNaN	NOK,POK,pNOK,pPOK	add	NOK,POK,pIOK,pNOK,pPOK,IsUV
sNaN	NOK,POK,pNOK,pPOK	bors	NOK,POK,pIOK,pNOK,pPOK,IsUV
sNaN	NOK,POK,pNOK,pPOK	cat0	POK,pPOK
sNaN	NOK,POK,pNOK,pPOK	catx	POK,pPOK
sNaN	NOK,POK,pNOK,pPOK	copy	NOK,POK,pNOK,pPOK
sNaN	NOK,POK,pNOK,pPOK	dec	NOK,pNOK
sNaN	NOK,POK,pNOK,pPOK	fbors	NOK,POK,pNOK,pPOK
sNaN	NOK,POK,pNOK,pPOK	inc	NOK,pNOK
sNaN	NOK,POK,pNOK,pPOK	iv	NOK,POK,pIOK,pNOK,pPOK,IsUV
sNaN	NOK,POK,pNOK,pPOK	nv	NOK,POK,pNOK,pPOK
sNaN	NOK,POK,pNOK,pPOK	rng	NOK,POK,pIOK,pNOK,pPOK,IsUV
sNaN	NOK,POK,pNOK,pPOK	str	NOK,POK,pNOK,pPOK
sNaN	NOK,POK,pNOK,pPOK	utf8	NOK,POK,pNOK,pPOK,UTF8
sNaN	NOK,POK,pNOK,pPOK,UTF8	add	NOK,POK,pIOK,pNOK,pPOK,IsUV,UTF8
sNaN	NOK,POK,pNOK,pPOK,UTF8	bors	NOK,POK,pIOK,pNOK,pPOK,IsUV,UTF8
sNaN	NOK,POK,pNOK,pPOK,UTF8	cat0	POK,pPOK,UTF8
sNaN	NOK,POK,pNOK,pPOK,UTF8	catx	POK,pPOK,UTF8
sNaN	NOK,POK,pNOK,pPOK,UTF8	copy	NOK,POK,pNOK,pPOK,UTF8
sNaN	NOK,POK,pNOK,pPOK,UTF8	dec	NOK,pNOK
sNaN	NOK,POK,pNOK,pPOK,UTF8	fbors	NOK,POK,pNOK,pPOK,UTF8
sNaN	NOK,POK,pNOK,pPOK,UTF8	inc	NOK,pNOK
sNaN	NOK,POK,pNOK,pPOK,UTF8	iv	NOK,POK,pIOK,pNOK,pPOK,IsUV,UTF8
sNaN	NOK,POK,pNOK,pPOK,UTF8	nv	NOK,POK,pNOK,pPOK,UTF8
sNaN	NOK,POK,pNOK,pPOK,UTF8	rng	NOK,POK,pIOK,pNOK,pPOK,IsUV,UTF8
sNaN	NOK,POK,pNOK,pPOK,UTF8	str	NOK,POK,pNOK,pPOK,UTF8
sNaN	NOK,POK,pNOK,pPOK,UTF8	utf8	NOK,POK,pNOK,pPOK,UTF8
sNaN	NOK,pIOK,pNOK,IsUV	add	NOK,pIOK,pNOK,IsUV
sNaN	NOK,pIOK,pNOK,IsUV	bors	NOK,pIOK,pNOK,IsUV
sNaN	NOK,pIOK,pNOK,IsUV	cat0	POK,pPOK
sNaN	NOK,pIOK,pNOK,IsUV	catx	POK,pPOK
sNaN	NOK,pIOK,pNOK,IsUV	copy	NOK,pIOK,pNOK,IsUV
sNaN	NOK,pIOK,pNOK,IsUV	dec	NOK,pNOK
sNaN	NOK,pIOK,pNOK,IsUV	fbors	NOK,pIOK,pNOK,pPOK,IsUV
sNaN	NOK,pIOK,pNOK,IsUV	inc	NOK,pNOK
sNaN	NOK,pIOK,pNOK,IsUV	iv	NOK,pIOK,pNOK,IsUV
sNaN	NOK,pIOK,pNOK,IsUV	nv	NOK,pIOK,pNOK,IsUV
sNaN	NOK,pIOK,pNOK,IsUV	rng	NOK,pIOK,pNOK,IsUV
sNaN	NOK,pIOK,pNOK,IsUV	str	NOK,pIOK,pNOK,pPOK,IsUV
sNaN	NOK,pIOK,pNOK,IsUV	utf8	POK,pPOK,UTF8
sNaN	NOK,pIOK,pNOK,pPOK,IsUV	add	NOK,pIOK,pNOK,pPOK,IsUV
sNaN	NOK,pIOK,pNOK,pPOK,IsUV	bors	NOK,pIOK,pNOK,pPOK,IsUV
sNaN	NOK,pIOK,pNOK,pPOK,IsUV	cat0	POK,pPOK
sNaN	NOK,pIOK,pNOK,pPOK,IsUV	catx	POK,pPOK
sNaN	NOK,pIOK,pNOK,pPOK,IsUV	copy	NOK,pIOK,pNOK,pPOK,IsUV
sNaN	NOK,pIOK,pNOK,pPOK,IsUV	dec	NOK,pNOK
sNaN	NOK,pIOK,pNOK,pPOK,IsUV	fbors	NOK,pIOK,pNOK,pPOK,IsUV
sNaN	NOK,pIOK,pNOK,pPOK,IsUV	inc	NOK,pNOK
sNaN	NOK,pIOK,pNOK,pPOK,IsUV	iv	NOK,pIOK,pNOK,pPOK,IsUV
sNaN	NOK,pIOK,pNOK,pPOK,IsUV	nv	NOK,pIOK,pNOK,pPOK,IsUV
sNaN	NOK,pIOK,pNOK,pPOK,IsUV	rng	NOK,pIOK,pNOK,pPOK,IsUV
sNaN	NOK,pIOK,pNOK,pPOK,IsUV	str	NOK,pIOK,pNOK,pPOK,IsUV
sNaN	NOK,pIOK,pNOK,pPOK,IsUV	utf8	POK,pPOK,UTF8
sNaN	NOK,pNOK	add	NOK,pIOK,pNOK,IsUV	CONFLICT(IOK,NOK,pIOK,pNOK|NOK,pIOK,pNOK,IsUV)
sNaN	NOK,pNOK	bors	NOK,pIOK,pNOK,IsUV	CONFLICT(IOK,NOK,pIOK,pNOK|NOK,pIOK,pNOK,IsUV)
sNaN	NOK,pNOK	cat0	POK,pPOK
sNaN	NOK,pNOK	catx	POK,pPOK
sNaN	NOK,pNOK	copy	NOK,pNOK
sNaN	NOK,pNOK	dec	NOK,pNOK
sNaN	NOK,pNOK	fbors	NOK,pNOK,pPOK	CONFLICT(NOK,pNOK|NOK,pNOK,pPOK)
sNaN	NOK,pNOK	inc	NOK,pNOK	CONFLICT(IOK,pIOK|NOK,pNOK)
sNaN	NOK,pNOK	iv	NOK,pIOK,pNOK,IsUV	CONFLICT(IOK,NOK,pIOK,pNOK|NOK,pIOK,pNOK,IsUV)
sNaN	NOK,pNOK	nv	NOK,pNOK
sNaN	NOK,pNOK	rng	NOK,pIOK,pNOK,IsUV	CONFLICT(IOK,NOK,pIOK,pNOK|NOK,pIOK,pNOK,IsUV)
sNaN	NOK,pNOK	str	NOK,pNOK,pPOK	CONFLICT(NOK,pNOK|NOK,pNOK,pPOK)
sNaN	NOK,pNOK	utf8	POK,pPOK,UTF8
sNaN	NOK,pNOK,pPOK	add	NOK,pIOK,pNOK,pPOK,IsUV
sNaN	NOK,pNOK,pPOK	bors	NOK,pIOK,pNOK,pPOK,IsUV
sNaN	NOK,pNOK,pPOK	cat0	POK,pPOK
sNaN	NOK,pNOK,pPOK	catx	POK,pPOK
sNaN	NOK,pNOK,pPOK	copy	NOK,pNOK,pPOK
sNaN	NOK,pNOK,pPOK	dec	NOK,pNOK
sNaN	NOK,pNOK,pPOK	fbors	NOK,pNOK,pPOK
sNaN	NOK,pNOK,pPOK	inc	NOK,pNOK
sNaN	NOK,pNOK,pPOK	iv	NOK,pIOK,pNOK,pPOK,IsUV
sNaN	NOK,pNOK,pPOK	nv	NOK,pNOK,pPOK
sNaN	NOK,pNOK,pPOK	rng	NOK,pIOK,pNOK,pPOK,IsUV
sNaN	NOK,pNOK,pPOK	str	NOK,pNOK,pPOK
sNaN	NOK,pNOK,pPOK	utf8	POK,pPOK,UTF8
sNaN	POK,pIOK,pNOK,pPOK	add	POK,pIOK,pNOK,pPOK
sNaN	POK,pIOK,pNOK,pPOK	bors	POK,pIOK,pNOK,pPOK
sNaN	POK,pIOK,pNOK,pPOK	cat0	POK,pIOK,pNOK,pPOK
sNaN	POK,pIOK,pNOK,pPOK	catx	POK,pIOK,pNOK,pPOK
sNaN	POK,pIOK,pNOK,pPOK	copy	POK,pIOK,pNOK,pPOK
sNaN	POK,pIOK,pNOK,pPOK	dec	NOK,pNOK
sNaN	POK,pIOK,pNOK,pPOK	fbors	POK,pIOK,pNOK,pPOK
sNaN	POK,pIOK,pNOK,pPOK	inc	NOK,pNOK
sNaN	POK,pIOK,pNOK,pPOK	iv	POK,pIOK,pNOK,pPOK
sNaN	POK,pIOK,pNOK,pPOK	nv	POK,pIOK,pNOK,pPOK
sNaN	POK,pIOK,pNOK,pPOK	rng	POK,pIOK,pNOK,pPOK
sNaN	POK,pIOK,pNOK,pPOK	str	POK,pIOK,pNOK,pPOK
sNaN	POK,pIOK,pNOK,pPOK	utf8	POK,pIOK,pNOK,pPOK,UTF8
sNaN	POK,pIOK,pNOK,pPOK,IsUV	add	POK,pIOK,pNOK,pPOK,IsUV
sNaN	POK,pIOK,pNOK,pPOK,IsUV	bors	POK,pIOK,pNOK,pPOK,IsUV
sNaN	POK,pIOK,pNOK,pPOK,IsUV	cat0	POK,pIOK,pNOK,pPOK,IsUV
sNaN	POK,pIOK,pNOK,pPOK,IsUV	catx	POK,pIOK,pNOK,pPOK,IsUV
sNaN	POK,pIOK,pNOK,pPOK,IsUV	copy	POK,pIOK,pNOK,pPOK,IsUV
sNaN	POK,pIOK,pNOK,pPOK,IsUV	dec	NOK,pNOK
sNaN	POK,pIOK,pNOK,pPOK,IsUV	fbors	POK,pIOK,pNOK,pPOK,IsUV
sNaN	POK,pIOK,pNOK,pPOK,IsUV	inc	NOK,pNOK
sNaN	POK,pIOK,pNOK,pPOK,IsUV	iv	POK,pIOK,pNOK,pPOK,IsUV
sNaN	POK,pIOK,pNOK,pPOK,IsUV	nv	POK,pIOK,pNOK,pPOK,IsUV
sNaN	POK,pIOK,pNOK,pPOK,IsUV	rng	POK,pIOK,pNOK,pPOK,IsUV
sNaN	POK,pIOK,pNOK,pPOK,IsUV	str	POK,pIOK,pNOK,pPOK,IsUV
sNaN	POK,pIOK,pNOK,pPOK,IsUV	utf8	POK,pIOK,pNOK,pPOK,IsUV,UTF8
sNaN	POK,pIOK,pNOK,pPOK,UTF8	add	POK,pIOK,pNOK,pPOK,UTF8
sNaN	POK,pIOK,pNOK,pPOK,UTF8	bors	POK,pIOK,pNOK,pPOK,UTF8
sNaN	POK,pIOK,pNOK,pPOK,UTF8	cat0	POK,pIOK,pNOK,pPOK,UTF8
sNaN	POK,pIOK,pNOK,pPOK,UTF8	catx	POK,pIOK,pNOK,pPOK,UTF8
sNaN	POK,pIOK,pNOK,pPOK,UTF8	copy	POK,pIOK,pNOK,pPOK,UTF8
sNaN	POK,pIOK,pNOK,pPOK,UTF8	dec	NOK,pNOK
sNaN	POK,pIOK,pNOK,pPOK,UTF8	fbors	POK,pIOK,pNOK,pPOK,UTF8
sNaN	POK,pIOK,pNOK,pPOK,UTF8	inc	NOK,pNOK
sNaN	POK,pIOK,pNOK,pPOK,UTF8	iv	POK,pIOK,pNOK,pPOK,UTF8
sNaN	POK,pIOK,pNOK,pPOK,UTF8	nv	POK,pIOK,pNOK,pPOK,UTF8
sNaN	POK,pIOK,pNOK,pPOK,UTF8	rng	POK,pIOK,pNOK,pPOK,UTF8
sNaN	POK,pIOK,pNOK,pPOK,UTF8	str	POK,pIOK,pNOK,pPOK,UTF8
sNaN	POK,pIOK,pNOK,pPOK,UTF8	utf8	POK,pIOK,pNOK,pPOK,UTF8
sNaN	POK,pNOK,pPOK	add	POK,pIOK,pNOK,pPOK	CONFLICT(POK,pIOK,pNOK,pPOK|POK,pIOK,pNOK,pPOK,IsUV)
sNaN	POK,pNOK,pPOK	bors	POK,pIOK,pNOK,pPOK	CONFLICT(POK,pIOK,pNOK,pPOK|POK,pIOK,pNOK,pPOK,IsUV)
sNaN	POK,pNOK,pPOK	cat0	POK,pNOK,pPOK
sNaN	POK,pNOK,pPOK	catx	POK,pNOK,pPOK
sNaN	POK,pNOK,pPOK	copy	POK,pNOK,pPOK
sNaN	POK,pNOK,pPOK	dec	NOK,pNOK
sNaN	POK,pNOK,pPOK	fbors	POK,pNOK,pPOK
sNaN	POK,pNOK,pPOK	inc	NOK,pNOK
sNaN	POK,pNOK,pPOK	iv	POK,pIOK,pNOK,pPOK	CONFLICT(POK,pIOK,pNOK,pPOK|POK,pIOK,pNOK,pPOK,IsUV)
sNaN	POK,pNOK,pPOK	nv	POK,pNOK,pPOK
sNaN	POK,pNOK,pPOK	rng	POK,pIOK,pNOK,pPOK	CONFLICT(POK,pIOK,pNOK,pPOK|POK,pIOK,pNOK,pPOK,IsUV)
sNaN	POK,pNOK,pPOK	str	POK,pNOK,pPOK
sNaN	POK,pNOK,pPOK	utf8	POK,pNOK,pPOK,UTF8
sNaN	POK,pNOK,pPOK,UTF8	add	POK,pIOK,pNOK,pPOK,UTF8	CONFLICT(POK,pIOK,pNOK,pPOK,IsUV,UTF8|POK,pIOK,pNOK,pPOK,UTF8)
sNaN	POK,pNOK,pPOK,UTF8	bors	POK,pIOK,pNOK,pPOK,UTF8	CONFLICT(POK,pIOK,pNOK,pPOK,IsUV,UTF8|POK,pIOK,pNOK,pPOK,UTF8)
sNaN	POK,pNOK,pPOK,UTF8	cat0	POK,pNOK,pPOK,UTF8
sNaN	POK,pNOK,pPOK,UTF8	catx	POK,pNOK,pPOK,UTF8
sNaN	POK,pNOK,pPOK,UTF8	copy	POK,pNOK,pPOK,UTF8
sNaN	POK,pNOK,pPOK,UTF8	dec	NOK,pNOK
sNaN	POK,pNOK,pPOK,UTF8	fbors	POK,pNOK,pPOK,UTF8
sNaN	POK,pNOK,pPOK,UTF8	inc	NOK,pNOK
sNaN	POK,pNOK,pPOK,UTF8	iv	POK,pIOK,pNOK,pPOK,UTF8	CONFLICT(POK,pIOK,pNOK,pPOK,IsUV,UTF8|POK,pIOK,pNOK,pPOK,UTF8)
sNaN	POK,pNOK,pPOK,UTF8	nv	POK,pNOK,pPOK,UTF8
sNaN	POK,pNOK,pPOK,UTF8	rng	POK,pIOK,pNOK,pPOK,UTF8	CONFLICT(POK,pIOK,pNOK,pPOK,IsUV,UTF8|POK,pIOK,pNOK,pPOK,UTF8)
sNaN	POK,pNOK,pPOK,UTF8	str	POK,pNOK,pPOK,UTF8
sNaN	POK,pNOK,pPOK,UTF8	utf8	POK,pNOK,pPOK,UTF8
sNaN	POK,pPOK	add	POK,pIOK,pNOK,pPOK	CONFLICT(IOK,POK,pIOK,pPOK|NOK,POK,pIOK,pNOK,pPOK,IsUV|POK,pIOK,pNOK,pPOK)
sNaN	POK,pPOK	bors	POK,pPOK
sNaN	POK,pPOK	cat0	POK,pPOK
sNaN	POK,pPOK	catx	POK,pPOK
sNaN	POK,pPOK	copy	POK,pPOK
sNaN	POK,pPOK	dec	NOK,pNOK	CONFLICT(IOK,pIOK|NOK,pNOK)
sNaN	POK,pPOK	fbors	POK,pPOK
sNaN	POK,pPOK	inc	POK,pPOK	CONFLICT(IOK,pIOK|NOK,pNOK|POK,pPOK)
sNaN	POK,pPOK	iv	POK,pIOK,pNOK,pPOK	CONFLICT(IOK,POK,pIOK,pPOK|NOK,POK,pIOK,pNOK,pPOK,IsUV|POK,pIOK,pNOK,pPOK)
sNaN	POK,pPOK	nv	POK,pNOK,pPOK	CONFLICT(NOK,POK,pNOK,pPOK|POK,pNOK,pPOK)
sNaN	POK,pPOK	rng	POK,pPOK	CONFLICT(IOK,NOK,POK,pIOK,pNOK,pPOK|NOK,POK,pIOK,pNOK,pPOK,IsUV|POK,pPOK)
sNaN	POK,pPOK	str	POK,pPOK
sNaN	POK,pPOK	utf8	POK,pPOK,UTF8
sNaN	POK,pPOK,UTF8	add	POK,pIOK,pNOK,pPOK,UTF8	CONFLICT(IOK,POK,pIOK,pPOK,UTF8|NOK,POK,pIOK,pNOK,pPOK,IsUV|POK,pIOK,pNOK,pPOK,UTF8)
sNaN	POK,pPOK,UTF8	bors	POK,pPOK,UTF8
sNaN	POK,pPOK,UTF8	cat0	POK,pPOK,UTF8
sNaN	POK,pPOK,UTF8	catx	POK,pPOK,UTF8
sNaN	POK,pPOK,UTF8	copy	POK,pPOK,UTF8
sNaN	POK,pPOK,UTF8	dec	NOK,pNOK	CONFLICT(IOK,pIOK|NOK,pNOK)
sNaN	POK,pPOK,UTF8	fbors	POK,pPOK,UTF8
sNaN	POK,pPOK,UTF8	inc	POK,pPOK,UTF8	CONFLICT(IOK,pIOK|POK,pPOK,UTF8)
sNaN	POK,pPOK,UTF8	iv	POK,pIOK,pNOK,pPOK,UTF8	CONFLICT(IOK,POK,pIOK,pPOK,UTF8|NOK,POK,pIOK,pNOK,pPOK,IsUV|POK,pIOK,pNOK,pPOK,UTF8)
sNaN	POK,pPOK,UTF8	nv	POK,pNOK,pPOK,UTF8	CONFLICT(NOK,POK,pNOK,pPOK,UTF8|POK,pNOK,pPOK,UTF8)
sNaN	POK,pPOK,UTF8	rng	POK,pPOK,UTF8	CONFLICT(IOK,NOK,POK,pIOK,pNOK,pPOK,UTF8|NOK,POK,pIOK,pNOK,pPOK,IsUV,UTF8|POK,pPOK,UTF8)
sNaN	POK,pPOK,UTF8	str	POK,pPOK,UTF8
sNaN	POK,pPOK,UTF8	utf8	POK,pPOK,UTF8
sNeg0	IOK,NOK,POK,pIOK,pNOK,pPOK	add	IOK,NOK,POK,pIOK,pNOK,pPOK
sNeg0	IOK,NOK,POK,pIOK,pNOK,pPOK	bors	IOK,NOK,POK,pIOK,pNOK,pPOK
sNeg0	IOK,NOK,POK,pIOK,pNOK,pPOK	cat0	POK,pPOK
sNeg0	IOK,NOK,POK,pIOK,pNOK,pPOK	catx	POK,pPOK
sNeg0	IOK,NOK,POK,pIOK,pNOK,pPOK	copy	IOK,NOK,POK,pIOK,pNOK,pPOK
sNeg0	IOK,NOK,POK,pIOK,pNOK,pPOK	dec	IOK,pIOK
sNeg0	IOK,NOK,POK,pIOK,pNOK,pPOK	fbors	IOK,NOK,POK,pIOK,pNOK,pPOK
sNeg0	IOK,NOK,POK,pIOK,pNOK,pPOK	inc	IOK,pIOK
sNeg0	IOK,NOK,POK,pIOK,pNOK,pPOK	iv	IOK,NOK,POK,pIOK,pNOK,pPOK
sNeg0	IOK,NOK,POK,pIOK,pNOK,pPOK	nv	IOK,NOK,POK,pIOK,pNOK,pPOK
sNeg0	IOK,NOK,POK,pIOK,pNOK,pPOK	rng	IOK,NOK,POK,pIOK,pNOK,pPOK
sNeg0	IOK,NOK,POK,pIOK,pNOK,pPOK	str	IOK,NOK,POK,pIOK,pNOK,pPOK
sNeg0	IOK,NOK,POK,pIOK,pNOK,pPOK	utf8	IOK,NOK,POK,pIOK,pNOK,pPOK,UTF8
sNeg0	IOK,NOK,POK,pIOK,pNOK,pPOK,UTF8	add	IOK,NOK,POK,pIOK,pNOK,pPOK,UTF8
sNeg0	IOK,NOK,POK,pIOK,pNOK,pPOK,UTF8	bors	IOK,NOK,POK,pIOK,pNOK,pPOK,UTF8
sNeg0	IOK,NOK,POK,pIOK,pNOK,pPOK,UTF8	cat0	POK,pPOK,UTF8
sNeg0	IOK,NOK,POK,pIOK,pNOK,pPOK,UTF8	catx	POK,pPOK,UTF8
sNeg0	IOK,NOK,POK,pIOK,pNOK,pPOK,UTF8	copy	IOK,NOK,POK,pIOK,pNOK,pPOK,UTF8
sNeg0	IOK,NOK,POK,pIOK,pNOK,pPOK,UTF8	dec	IOK,pIOK
sNeg0	IOK,NOK,POK,pIOK,pNOK,pPOK,UTF8	fbors	IOK,NOK,POK,pIOK,pNOK,pPOK,UTF8
sNeg0	IOK,NOK,POK,pIOK,pNOK,pPOK,UTF8	inc	IOK,pIOK
sNeg0	IOK,NOK,POK,pIOK,pNOK,pPOK,UTF8	iv	IOK,NOK,POK,pIOK,pNOK,pPOK,UTF8
sNeg0	IOK,NOK,POK,pIOK,pNOK,pPOK,UTF8	nv	IOK,NOK,POK,pIOK,pNOK,pPOK,UTF8
sNeg0	IOK,NOK,POK,pIOK,pNOK,pPOK,UTF8	rng	IOK,NOK,POK,pIOK,pNOK,pPOK,UTF8
sNeg0	IOK,NOK,POK,pIOK,pNOK,pPOK,UTF8	str	IOK,NOK,POK,pIOK,pNOK,pPOK,UTF8
sNeg0	IOK,NOK,POK,pIOK,pNOK,pPOK,UTF8	utf8	IOK,NOK,POK,pIOK,pNOK,pPOK,UTF8
sNeg0	IOK,NOK,pIOK,pNOK	add	IOK,NOK,pIOK,pNOK
sNeg0	IOK,NOK,pIOK,pNOK	bors	IOK,NOK,pIOK,pNOK
sNeg0	IOK,NOK,pIOK,pNOK	cat0	POK,pPOK
sNeg0	IOK,NOK,pIOK,pNOK	catx	POK,pPOK
sNeg0	IOK,NOK,pIOK,pNOK	copy	IOK,NOK,pIOK,pNOK
sNeg0	IOK,NOK,pIOK,pNOK	dec	IOK,pIOK
sNeg0	IOK,NOK,pIOK,pNOK	fbors	IOK,NOK,pIOK,pNOK,pPOK
sNeg0	IOK,NOK,pIOK,pNOK	inc	IOK,pIOK
sNeg0	IOK,NOK,pIOK,pNOK	iv	IOK,NOK,pIOK,pNOK
sNeg0	IOK,NOK,pIOK,pNOK	nv	IOK,NOK,pIOK,pNOK
sNeg0	IOK,NOK,pIOK,pNOK	rng	IOK,NOK,pIOK,pNOK
sNeg0	IOK,NOK,pIOK,pNOK	str	IOK,NOK,pIOK,pNOK,pPOK
sNeg0	IOK,NOK,pIOK,pNOK	utf8	POK,pPOK,UTF8
sNeg0	IOK,NOK,pIOK,pNOK,pPOK	add	IOK,NOK,pIOK,pNOK,pPOK
sNeg0	IOK,NOK,pIOK,pNOK,pPOK	bors	IOK,NOK,pIOK,pNOK,pPOK
sNeg0	IOK,NOK,pIOK,pNOK,pPOK	cat0	POK,pPOK
sNeg0	IOK,NOK,pIOK,pNOK,pPOK	catx	POK,pPOK
sNeg0	IOK,NOK,pIOK,pNOK,pPOK	copy	IOK,NOK,pIOK,pNOK,pPOK
sNeg0	IOK,NOK,pIOK,pNOK,pPOK	dec	IOK,pIOK
sNeg0	IOK,NOK,pIOK,pNOK,pPOK	fbors	IOK,NOK,pIOK,pNOK,pPOK
sNeg0	IOK,NOK,pIOK,pNOK,pPOK	inc	IOK,pIOK
sNeg0	IOK,NOK,pIOK,pNOK,pPOK	iv	IOK,NOK,pIOK,pNOK,pPOK
sNeg0	IOK,NOK,pIOK,pNOK,pPOK	nv	IOK,NOK,pIOK,pNOK,pPOK
sNeg0	IOK,NOK,pIOK,pNOK,pPOK	rng	IOK,NOK,pIOK,pNOK,pPOK
sNeg0	IOK,NOK,pIOK,pNOK,pPOK	str	IOK,NOK,pIOK,pNOK,pPOK
sNeg0	IOK,NOK,pIOK,pNOK,pPOK	utf8	POK,pPOK,UTF8
sNeg0	IOK,POK,pIOK,pPOK	add	IOK,POK,pIOK,pPOK
sNeg0	IOK,POK,pIOK,pPOK	bors	IOK,POK,pIOK,pPOK
sNeg0	IOK,POK,pIOK,pPOK	cat0	POK,pPOK
sNeg0	IOK,POK,pIOK,pPOK	catx	POK,pPOK
sNeg0	IOK,POK,pIOK,pPOK	copy	IOK,POK,pIOK,pPOK
sNeg0	IOK,POK,pIOK,pPOK	dec	IOK,pIOK
sNeg0	IOK,POK,pIOK,pPOK	fbors	IOK,POK,pIOK,pPOK
sNeg0	IOK,POK,pIOK,pPOK	inc	IOK,pIOK
sNeg0	IOK,POK,pIOK,pPOK	iv	IOK,POK,pIOK,pPOK
sNeg0	IOK,POK,pIOK,pPOK	nv	IOK,NOK,POK,pIOK,pNOK,pPOK
sNeg0	IOK,POK,pIOK,pPOK	rng	IOK,POK,pIOK,pPOK
sNeg0	IOK,POK,pIOK,pPOK	str	IOK,POK,pIOK,pPOK
sNeg0	IOK,POK,pIOK,pPOK	utf8	IOK,POK,pIOK,pPOK,UTF8
sNeg0	IOK,POK,pIOK,pPOK,UTF8	add	IOK,POK,pIOK,pPOK,UTF8
sNeg0	IOK,POK,pIOK,pPOK,UTF8	bors	IOK,POK,pIOK,pPOK,UTF8
sNeg0	IOK,POK,pIOK,pPOK,UTF8	cat0	POK,pPOK,UTF8
sNeg0	IOK,POK,pIOK,pPOK,UTF8	catx	POK,pPOK,UTF8
sNeg0	IOK,POK,pIOK,pPOK,UTF8	copy	IOK,POK,pIOK,pPOK,UTF8
sNeg0	IOK,POK,pIOK,pPOK,UTF8	dec	IOK,pIOK
sNeg0	IOK,POK,pIOK,pPOK,UTF8	fbors	IOK,POK,pIOK,pPOK,UTF8
sNeg0	IOK,POK,pIOK,pPOK,UTF8	inc	IOK,pIOK
sNeg0	IOK,POK,pIOK,pPOK,UTF8	iv	IOK,POK,pIOK,pPOK,UTF8
sNeg0	IOK,POK,pIOK,pPOK,UTF8	nv	IOK,NOK,POK,pIOK,pNOK,pPOK,UTF8
sNeg0	IOK,POK,pIOK,pPOK,UTF8	rng	IOK,POK,pIOK,pPOK,UTF8
sNeg0	IOK,POK,pIOK,pPOK,UTF8	str	IOK,POK,pIOK,pPOK,UTF8
sNeg0	IOK,POK,pIOK,pPOK,UTF8	utf8	IOK,POK,pIOK,pPOK,UTF8
sNeg0	IOK,pIOK	add	IOK,pIOK
sNeg0	IOK,pIOK	bors	IOK,pIOK
sNeg0	IOK,pIOK	cat0	POK,pPOK
sNeg0	IOK,pIOK	catx	POK,pPOK
sNeg0	IOK,pIOK	copy	IOK,pIOK
sNeg0	IOK,pIOK	dec	IOK,pIOK
sNeg0	IOK,pIOK	fbors	IOK,pIOK,pPOK
sNeg0	IOK,pIOK	inc	IOK,pIOK
sNeg0	IOK,pIOK	iv	IOK,pIOK
sNeg0	IOK,pIOK	nv	IOK,NOK,pIOK,pNOK
sNeg0	IOK,pIOK	rng	IOK,pIOK
sNeg0	IOK,pIOK	str	IOK,pIOK,pPOK
sNeg0	IOK,pIOK	utf8	POK,pPOK,UTF8
sNeg0	IOK,pIOK,pPOK	add	IOK,pIOK,pPOK
sNeg0	IOK,pIOK,pPOK	bors	IOK,pIOK,pPOK
sNeg0	IOK,pIOK,pPOK	cat0	POK,pPOK
sNeg0	IOK,pIOK,pPOK	catx	POK,pPOK
sNeg0	IOK,pIOK,pPOK	copy	IOK,pIOK,pPOK
sNeg0	IOK,pIOK,pPOK	dec	IOK,pIOK
sNeg0	IOK,pIOK,pPOK	fbors	IOK,pIOK,pPOK
sNeg0	IOK,pIOK,pPOK	inc	IOK,pIOK
sNeg0	IOK,pIOK,pPOK	iv	IOK,pIOK,pPOK
sNeg0	IOK,pIOK,pPOK	nv	IOK,NOK,pIOK,pNOK,pPOK
sNeg0	IOK,pIOK,pPOK	rng	IOK,pIOK,pPOK
sNeg0	IOK,pIOK,pPOK	str	IOK,pIOK,pPOK
sNeg0	IOK,pIOK,pPOK	utf8	POK,pPOK,UTF8
sNeg0	NOK,POK,pNOK,pPOK	add	IOK,NOK,POK,pIOK,pNOK,pPOK
sNeg0	NOK,POK,pNOK,pPOK	bors	IOK,NOK,POK,pIOK,pNOK,pPOK
sNeg0	NOK,POK,pNOK,pPOK	cat0	POK,pPOK
sNeg0	NOK,POK,pNOK,pPOK	catx	POK,pPOK
sNeg0	NOK,POK,pNOK,pPOK	copy	NOK,POK,pNOK,pPOK
sNeg0	NOK,POK,pNOK,pPOK	dec	NOK,pNOK
sNeg0	NOK,POK,pNOK,pPOK	fbors	NOK,POK,pNOK,pPOK
sNeg0	NOK,POK,pNOK,pPOK	inc	IOK,pIOK
sNeg0	NOK,POK,pNOK,pPOK	iv	IOK,NOK,POK,pIOK,pNOK,pPOK
sNeg0	NOK,POK,pNOK,pPOK	nv	NOK,POK,pNOK,pPOK
sNeg0	NOK,POK,pNOK,pPOK	rng	IOK,NOK,POK,pIOK,pNOK,pPOK
sNeg0	NOK,POK,pNOK,pPOK	str	NOK,POK,pNOK,pPOK
sNeg0	NOK,POK,pNOK,pPOK	utf8	NOK,POK,pNOK,pPOK,UTF8
sNeg0	NOK,POK,pNOK,pPOK,UTF8	add	IOK,NOK,POK,pIOK,pNOK,pPOK,UTF8
sNeg0	NOK,POK,pNOK,pPOK,UTF8	bors	IOK,NOK,POK,pIOK,pNOK,pPOK,UTF8
sNeg0	NOK,POK,pNOK,pPOK,UTF8	cat0	POK,pPOK,UTF8
sNeg0	NOK,POK,pNOK,pPOK,UTF8	catx	POK,pPOK,UTF8
sNeg0	NOK,POK,pNOK,pPOK,UTF8	copy	NOK,POK,pNOK,pPOK,UTF8
sNeg0	NOK,POK,pNOK,pPOK,UTF8	dec	NOK,pNOK
sNeg0	NOK,POK,pNOK,pPOK,UTF8	fbors	NOK,POK,pNOK,pPOK,UTF8
sNeg0	NOK,POK,pNOK,pPOK,UTF8	inc	IOK,pIOK
sNeg0	NOK,POK,pNOK,pPOK,UTF8	iv	IOK,NOK,POK,pIOK,pNOK,pPOK,UTF8
sNeg0	NOK,POK,pNOK,pPOK,UTF8	nv	NOK,POK,pNOK,pPOK,UTF8
sNeg0	NOK,POK,pNOK,pPOK,UTF8	rng	IOK,NOK,POK,pIOK,pNOK,pPOK,UTF8
sNeg0	NOK,POK,pNOK,pPOK,UTF8	str	NOK,POK,pNOK,pPOK,UTF8
sNeg0	NOK,POK,pNOK,pPOK,UTF8	utf8	NOK,POK,pNOK,pPOK,UTF8
sNeg0	NOK,pNOK	add	IOK,NOK,pIOK,pNOK
sNeg0	NOK,pNOK	bors	IOK,NOK,pIOK,pNOK
sNeg0	NOK,pNOK	cat0	POK,pPOK
sNeg0	NOK,pNOK	catx	POK,pPOK
sNeg0	NOK,pNOK	copy	NOK,pNOK
sNeg0	NOK,pNOK	dec	NOK,pNOK
sNeg0	NOK,pNOK	fbors	NOK,pNOK
sNeg0	NOK,pNOK	inc	IOK,pIOK
sNeg0	NOK,pNOK	iv	IOK,NOK,pIOK,pNOK
sNeg0	NOK,pNOK	nv	NOK,pNOK
sNeg0	NOK,pNOK	rng	IOK,NOK,pIOK,pNOK
sNeg0	NOK,pNOK	str	NOK,pNOK
sNeg0	NOK,pNOK	utf8	POK,pPOK,UTF8
sNeg0	POK,pIOK,pNOK,pPOK	add	POK,pIOK,pNOK,pPOK
sNeg0	POK,pIOK,pNOK,pPOK	bors	POK,pIOK,pNOK,pPOK
sNeg0	POK,pIOK,pNOK,pPOK	cat0	POK,pIOK,pNOK,pPOK
sNeg0	POK,pIOK,pNOK,pPOK	catx	POK,pIOK,pNOK,pPOK
sNeg0	POK,pIOK,pNOK,pPOK	copy	POK,pIOK,pNOK,pPOK
sNeg0	POK,pIOK,pNOK,pPOK	dec	NOK,pNOK
sNeg0	POK,pIOK,pNOK,pPOK	fbors	POK,pIOK,pNOK,pPOK
sNeg0	POK,pIOK,pNOK,pPOK	inc	NOK,pNOK
sNeg0	POK,pIOK,pNOK,pPOK	iv	POK,pIOK,pNOK,pPOK
sNeg0	POK,pIOK,pNOK,pPOK	nv	POK,pIOK,pNOK,pPOK
sNeg0	POK,pIOK,pNOK,pPOK	rng	POK,pIOK,pNOK,pPOK
sNeg0	POK,pIOK,pNOK,pPOK	str	POK,pIOK,pNOK,pPOK
sNeg0	POK,pIOK,pNOK,pPOK	utf8	POK,pIOK,pNOK,pPOK,UTF8
sNeg0	POK,pIOK,pNOK,pPOK,UTF8	add	POK,pIOK,pNOK,pPOK,UTF8
sNeg0	POK,pIOK,pNOK,pPOK,UTF8	bors	POK,pIOK,pNOK,pPOK,UTF8
sNeg0	POK,pIOK,pNOK,pPOK,UTF8	cat0	POK,pIOK,pNOK,pPOK,UTF8
sNeg0	POK,pIOK,pNOK,pPOK,UTF8	catx	POK,pIOK,pNOK,pPOK,UTF8
sNeg0	POK,pIOK,pNOK,pPOK,UTF8	copy	POK,pIOK,pNOK,pPOK,UTF8
sNeg0	POK,pIOK,pNOK,pPOK,UTF8	dec	NOK,pNOK
sNeg0	POK,pIOK,pNOK,pPOK,UTF8	fbors	POK,pIOK,pNOK,pPOK,UTF8
sNeg0	POK,pIOK,pNOK,pPOK,UTF8	inc	NOK,pNOK
sNeg0	POK,pIOK,pNOK,pPOK,UTF8	iv	POK,pIOK,pNOK,pPOK,UTF8
sNeg0	POK,pIOK,pNOK,pPOK,UTF8	nv	POK,pIOK,pNOK,pPOK,UTF8
sNeg0	POK,pIOK,pNOK,pPOK,UTF8	rng	POK,pIOK,pNOK,pPOK,UTF8
sNeg0	POK,pIOK,pNOK,pPOK,UTF8	str	POK,pIOK,pNOK,pPOK,UTF8
sNeg0	POK,pIOK,pNOK,pPOK,UTF8	utf8	POK,pIOK,pNOK,pPOK,UTF8
sNeg0	POK,pNOK,pPOK	add	POK,pIOK,pNOK,pPOK
sNeg0	POK,pNOK,pPOK	bors	POK,pIOK,pNOK,pPOK
sNeg0	POK,pNOK,pPOK	cat0	POK,pNOK,pPOK
sNeg0	POK,pNOK,pPOK	catx	POK,pNOK,pPOK
sNeg0	POK,pNOK,pPOK	copy	POK,pNOK,pPOK
sNeg0	POK,pNOK,pPOK	dec	NOK,pNOK
sNeg0	POK,pNOK,pPOK	fbors	POK,pNOK,pPOK
sNeg0	POK,pNOK,pPOK	inc	NOK,pNOK
sNeg0	POK,pNOK,pPOK	iv	POK,pIOK,pNOK,pPOK
sNeg0	POK,pNOK,pPOK	nv	POK,pNOK,pPOK
sNeg0	POK,pNOK,pPOK	rng	POK,pIOK,pNOK,pPOK
sNeg0	POK,pNOK,pPOK	str	POK,pNOK,pPOK
sNeg0	POK,pNOK,pPOK	utf8	POK,pNOK,pPOK,UTF8
sNeg0	POK,pNOK,pPOK,UTF8	add	POK,pIOK,pNOK,pPOK,UTF8
sNeg0	POK,pNOK,pPOK,UTF8	bors	POK,pIOK,pNOK,pPOK,UTF8
sNeg0	POK,pNOK,pPOK,UTF8	cat0	POK,pNOK,pPOK,UTF8
sNeg0	POK,pNOK,pPOK,UTF8	catx	POK,pNOK,pPOK,UTF8
sNeg0	POK,pNOK,pPOK,UTF8	copy	POK,pNOK,pPOK,UTF8
sNeg0	POK,pNOK,pPOK,UTF8	dec	NOK,pNOK
sNeg0	POK,pNOK,pPOK,UTF8	fbors	POK,pNOK,pPOK,UTF8
sNeg0	POK,pNOK,pPOK,UTF8	inc	NOK,pNOK
sNeg0	POK,pNOK,pPOK,UTF8	iv	POK,pIOK,pNOK,pPOK,UTF8
sNeg0	POK,pNOK,pPOK,UTF8	nv	POK,pNOK,pPOK,UTF8
sNeg0	POK,pNOK,pPOK,UTF8	rng	POK,pIOK,pNOK,pPOK,UTF8
sNeg0	POK,pNOK,pPOK,UTF8	str	POK,pNOK,pPOK,UTF8
sNeg0	POK,pNOK,pPOK,UTF8	utf8	POK,pNOK,pPOK,UTF8
sNeg0	POK,pPOK	add	POK,pIOK,pNOK,pPOK	CONFLICT(IOK,POK,pIOK,pPOK|POK,pIOK,pNOK,pPOK)
sNeg0	POK,pPOK	bors	POK,pPOK
sNeg0	POK,pPOK	cat0	POK,pPOK
sNeg0	POK,pPOK	catx	POK,pPOK
sNeg0	POK,pPOK	copy	POK,pPOK
sNeg0	POK,pPOK	dec	NOK,pNOK	CONFLICT(IOK,pIOK|NOK,pNOK)
sNeg0	POK,pPOK	fbors	POK,pPOK
sNeg0	POK,pPOK	inc	NOK,pNOK	CONFLICT(IOK,pIOK|NOK,pNOK|POK,pPOK)
sNeg0	POK,pPOK	iv	POK,pIOK,pNOK,pPOK	CONFLICT(IOK,POK,pIOK,pPOK|POK,pIOK,pNOK,pPOK)
sNeg0	POK,pPOK	nv	POK,pNOK,pPOK	CONFLICT(NOK,POK,pNOK,pPOK|POK,pNOK,pPOK)
sNeg0	POK,pPOK	rng	POK,pPOK	CONFLICT(IOK,NOK,POK,pIOK,pNOK,pPOK|POK,pPOK)
sNeg0	POK,pPOK	str	POK,pPOK
sNeg0	POK,pPOK	utf8	POK,pPOK,UTF8
sNeg0	POK,pPOK,UTF8	add	IOK,POK,pIOK,pPOK,UTF8	CONFLICT(IOK,POK,pIOK,pPOK,UTF8|POK,pIOK,pNOK,pPOK,UTF8)
sNeg0	POK,pPOK,UTF8	bors	POK,pPOK,UTF8
sNeg0	POK,pPOK,UTF8	cat0	POK,pPOK,UTF8
sNeg0	POK,pPOK,UTF8	catx	POK,pPOK,UTF8
sNeg0	POK,pPOK,UTF8	copy	POK,pPOK,UTF8
sNeg0	POK,pPOK,UTF8	dec	IOK,pIOK	CONFLICT(IOK,pIOK|NOK,pNOK)
sNeg0	POK,pPOK,UTF8	fbors	POK,pPOK,UTF8
sNeg0	POK,pPOK,UTF8	inc	POK,pPOK,UTF8	CONFLICT(IOK,pIOK|NOK,pNOK|POK,pPOK,UTF8)
sNeg0	POK,pPOK,UTF8	iv	IOK,POK,pIOK,pPOK,UTF8	CONFLICT(IOK,POK,pIOK,pPOK,UTF8|POK,pIOK,pNOK,pPOK,UTF8)
sNeg0	POK,pPOK,UTF8	nv	NOK,POK,pNOK,pPOK,UTF8	CONFLICT(NOK,POK,pNOK,pPOK,UTF8|POK,pNOK,pPOK,UTF8)
sNeg0	POK,pPOK,UTF8	rng	IOK,NOK,POK,pIOK,pNOK,pPOK,UTF8	CONFLICT(IOK,NOK,POK,pIOK,pNOK,pPOK,UTF8|POK,pPOK,UTF8)
sNeg0	POK,pPOK,UTF8	str	POK,pPOK,UTF8
sNeg0	POK,pPOK,UTF8	utf8	POK,pPOK,UTF8
sUV	IOK,POK,pIOK,pNOK,pPOK,IsUV	add	IOK,POK,pIOK,pNOK,pPOK,IsUV
sUV	IOK,POK,pIOK,pNOK,pPOK,IsUV	bors	IOK,POK,pIOK,pNOK,pPOK,IsUV
sUV	IOK,POK,pIOK,pNOK,pPOK,IsUV	cat0	POK,pPOK
sUV	IOK,POK,pIOK,pNOK,pPOK,IsUV	catx	POK,pPOK
sUV	IOK,POK,pIOK,pNOK,pPOK,IsUV	copy	IOK,POK,pIOK,pNOK,pPOK,IsUV
sUV	IOK,POK,pIOK,pNOK,pPOK,IsUV	dec	IOK,pIOK,IsUV
sUV	IOK,POK,pIOK,pNOK,pPOK,IsUV	fbors	IOK,POK,pIOK,pNOK,pPOK,IsUV
sUV	IOK,POK,pIOK,pNOK,pPOK,IsUV	inc	NOK,pNOK	CONFLICT(IOK,pIOK,IsUV|NOK,pNOK)
sUV	IOK,POK,pIOK,pNOK,pPOK,IsUV	iv	IOK,POK,pIOK,pNOK,pPOK,IsUV
sUV	IOK,POK,pIOK,pNOK,pPOK,IsUV	nv	IOK,POK,pIOK,pNOK,pPOK,IsUV
sUV	IOK,POK,pIOK,pNOK,pPOK,IsUV	rng	IOK,POK,pIOK,pNOK,pPOK,IsUV
sUV	IOK,POK,pIOK,pNOK,pPOK,IsUV	str	IOK,POK,pIOK,pNOK,pPOK,IsUV
sUV	IOK,POK,pIOK,pNOK,pPOK,IsUV	utf8	IOK,POK,pIOK,pNOK,pPOK,IsUV,UTF8
sUV	IOK,POK,pIOK,pNOK,pPOK,IsUV,UTF8	add	IOK,POK,pIOK,pNOK,pPOK,IsUV,UTF8
sUV	IOK,POK,pIOK,pNOK,pPOK,IsUV,UTF8	bors	IOK,POK,pIOK,pNOK,pPOK,IsUV,UTF8
sUV	IOK,POK,pIOK,pNOK,pPOK,IsUV,UTF8	cat0	POK,pPOK,UTF8
sUV	IOK,POK,pIOK,pNOK,pPOK,IsUV,UTF8	catx	POK,pPOK,UTF8
sUV	IOK,POK,pIOK,pNOK,pPOK,IsUV,UTF8	copy	IOK,POK,pIOK,pNOK,pPOK,IsUV,UTF8
sUV	IOK,POK,pIOK,pNOK,pPOK,IsUV,UTF8	dec	IOK,pIOK,IsUV
sUV	IOK,POK,pIOK,pNOK,pPOK,IsUV,UTF8	fbors	IOK,POK,pIOK,pNOK,pPOK,IsUV,UTF8
sUV	IOK,POK,pIOK,pNOK,pPOK,IsUV,UTF8	inc	NOK,pNOK	CONFLICT(IOK,pIOK,IsUV|NOK,pNOK)
sUV	IOK,POK,pIOK,pNOK,pPOK,IsUV,UTF8	iv	IOK,POK,pIOK,pNOK,pPOK,IsUV,UTF8
sUV	IOK,POK,pIOK,pNOK,pPOK,IsUV,UTF8	nv	IOK,POK,pIOK,pNOK,pPOK,IsUV,UTF8
sUV	IOK,POK,pIOK,pNOK,pPOK,IsUV,UTF8	rng	IOK,POK,pIOK,pNOK,pPOK,IsUV,UTF8
sUV	IOK,POK,pIOK,pNOK,pPOK,IsUV,UTF8	str	IOK,POK,pIOK,pNOK,pPOK,IsUV,UTF8
sUV	IOK,POK,pIOK,pNOK,pPOK,IsUV,UTF8	utf8	IOK,POK,pIOK,pNOK,pPOK,IsUV,UTF8
sUV	IOK,POK,pIOK,pPOK,IsUV	add	IOK,POK,pIOK,pPOK,IsUV
sUV	IOK,POK,pIOK,pPOK,IsUV	bors	IOK,POK,pIOK,pPOK,IsUV
sUV	IOK,POK,pIOK,pPOK,IsUV	cat0	POK,pPOK
sUV	IOK,POK,pIOK,pPOK,IsUV	catx	POK,pPOK
sUV	IOK,POK,pIOK,pPOK,IsUV	copy	IOK,POK,pIOK,pPOK,IsUV
sUV	IOK,POK,pIOK,pPOK,IsUV	dec	IOK,pIOK,IsUV
sUV	IOK,POK,pIOK,pPOK,IsUV	fbors	IOK,POK,pIOK,pPOK,IsUV
sUV	IOK,POK,pIOK,pPOK,IsUV	inc	NOK,pNOK	CONFLICT(IOK,pIOK,IsUV|NOK,pNOK)
sUV	IOK,POK,pIOK,pPOK,IsUV	iv	IOK,POK,pIOK,pPOK,IsUV
sUV	IOK,POK,pIOK,pPOK,IsUV	nv	IOK,POK,pIOK,pNOK,pPOK,IsUV
sUV	IOK,POK,pIOK,pPOK,IsUV	rng	IOK,POK,pIOK,pPOK,IsUV
sUV	IOK,POK,pIOK,pPOK,IsUV	str	IOK,POK,pIOK,pPOK,IsUV
sUV	IOK,POK,pIOK,pPOK,IsUV	utf8	IOK,POK,pIOK,pPOK,IsUV,UTF8
sUV	IOK,POK,pIOK,pPOK,IsUV,UTF8	add	IOK,POK,pIOK,pPOK,IsUV,UTF8
sUV	IOK,POK,pIOK,pPOK,IsUV,UTF8	bors	IOK,POK,pIOK,pPOK,IsUV,UTF8
sUV	IOK,POK,pIOK,pPOK,IsUV,UTF8	cat0	POK,pPOK,UTF8
sUV	IOK,POK,pIOK,pPOK,IsUV,UTF8	catx	POK,pPOK,UTF8
sUV	IOK,POK,pIOK,pPOK,IsUV,UTF8	copy	IOK,POK,pIOK,pPOK,IsUV,UTF8
sUV	IOK,POK,pIOK,pPOK,IsUV,UTF8	dec	IOK,pIOK,IsUV
sUV	IOK,POK,pIOK,pPOK,IsUV,UTF8	fbors	IOK,POK,pIOK,pPOK,IsUV,UTF8
sUV	IOK,POK,pIOK,pPOK,IsUV,UTF8	inc	NOK,pNOK	CONFLICT(IOK,pIOK,IsUV|NOK,pNOK)
sUV	IOK,POK,pIOK,pPOK,IsUV,UTF8	iv	IOK,POK,pIOK,pPOK,IsUV,UTF8
sUV	IOK,POK,pIOK,pPOK,IsUV,UTF8	nv	IOK,POK,pIOK,pNOK,pPOK,IsUV,UTF8
sUV	IOK,POK,pIOK,pPOK,IsUV,UTF8	rng	IOK,POK,pIOK,pPOK,IsUV,UTF8
sUV	IOK,POK,pIOK,pPOK,IsUV,UTF8	str	IOK,POK,pIOK,pPOK,IsUV,UTF8
sUV	IOK,POK,pIOK,pPOK,IsUV,UTF8	utf8	IOK,POK,pIOK,pPOK,IsUV,UTF8
sUV	IOK,pIOK,IsUV	add	IOK,pIOK,IsUV
sUV	IOK,pIOK,IsUV	bors	IOK,pIOK,IsUV
sUV	IOK,pIOK,IsUV	cat0	POK,pPOK
sUV	IOK,pIOK,IsUV	catx	POK,pPOK
sUV	IOK,pIOK,IsUV	copy	IOK,pIOK,IsUV
sUV	IOK,pIOK,IsUV	dec	IOK,pIOK,IsUV
sUV	IOK,pIOK,IsUV	fbors	IOK,pIOK,pPOK,IsUV
sUV	IOK,pIOK,IsUV	inc	IOK,pIOK,IsUV
sUV	IOK,pIOK,IsUV	iv	IOK,pIOK,IsUV
sUV	IOK,pIOK,IsUV	nv	IOK,pIOK,pNOK,IsUV
sUV	IOK,pIOK,IsUV	rng	IOK,pIOK,IsUV
sUV	IOK,pIOK,IsUV	str	IOK,pIOK,pPOK,IsUV
sUV	IOK,pIOK,IsUV	utf8	POK,pPOK,UTF8
sUV	IOK,pIOK,pNOK,IsUV	add	IOK,pIOK,pNOK,IsUV
sUV	IOK,pIOK,pNOK,IsUV	bors	IOK,pIOK,pNOK,IsUV
sUV	IOK,pIOK,pNOK,IsUV	cat0	POK,pPOK
sUV	IOK,pIOK,pNOK,IsUV	catx	POK,pPOK
sUV	IOK,pIOK,pNOK,IsUV	copy	IOK,pIOK,pNOK,IsUV
sUV	IOK,pIOK,pNOK,IsUV	dec	IOK,pIOK,IsUV
sUV	IOK,pIOK,pNOK,IsUV	fbors	IOK,pIOK,pNOK,pPOK,IsUV
sUV	IOK,pIOK,pNOK,IsUV	inc	IOK,pIOK,IsUV
sUV	IOK,pIOK,pNOK,IsUV	iv	IOK,pIOK,pNOK,IsUV
sUV	IOK,pIOK,pNOK,IsUV	nv	IOK,pIOK,pNOK,IsUV
sUV	IOK,pIOK,pNOK,IsUV	rng	IOK,pIOK,pNOK,IsUV
sUV	IOK,pIOK,pNOK,IsUV	str	IOK,pIOK,pNOK,pPOK,IsUV
sUV	IOK,pIOK,pNOK,IsUV	utf8	POK,pPOK,UTF8
sUV	IOK,pIOK,pNOK,pPOK,IsUV	add	IOK,pIOK,pNOK,pPOK,IsUV
sUV	IOK,pIOK,pNOK,pPOK,IsUV	bors	IOK,pIOK,pNOK,pPOK,IsUV
sUV	IOK,pIOK,pNOK,pPOK,IsUV	cat0	POK,pPOK
sUV	IOK,pIOK,pNOK,pPOK,IsUV	catx	POK,pPOK
sUV	IOK,pIOK,pNOK,pPOK,IsUV	copy	IOK,pIOK,pNOK,pPOK,IsUV
sUV	IOK,pIOK,pNOK,pPOK,IsUV	dec	IOK,pIOK,IsUV
sUV	IOK,pIOK,pNOK,pPOK,IsUV	fbors	IOK,pIOK,pNOK,pPOK,IsUV
sUV	IOK,pIOK,pNOK,pPOK,IsUV	inc	IOK,pIOK,IsUV
sUV	IOK,pIOK,pNOK,pPOK,IsUV	iv	IOK,pIOK,pNOK,pPOK,IsUV
sUV	IOK,pIOK,pNOK,pPOK,IsUV	nv	IOK,pIOK,pNOK,pPOK,IsUV
sUV	IOK,pIOK,pNOK,pPOK,IsUV	rng	IOK,pIOK,pNOK,pPOK,IsUV
sUV	IOK,pIOK,pNOK,pPOK,IsUV	str	IOK,pIOK,pNOK,pPOK,IsUV
sUV	IOK,pIOK,pNOK,pPOK,IsUV	utf8	POK,pPOK,UTF8
sUV	IOK,pIOK,pPOK,IsUV	add	IOK,pIOK,pPOK,IsUV
sUV	IOK,pIOK,pPOK,IsUV	bors	IOK,pIOK,pPOK,IsUV
sUV	IOK,pIOK,pPOK,IsUV	cat0	POK,pPOK
sUV	IOK,pIOK,pPOK,IsUV	catx	POK,pPOK
sUV	IOK,pIOK,pPOK,IsUV	copy	IOK,pIOK,pPOK,IsUV
sUV	IOK,pIOK,pPOK,IsUV	dec	IOK,pIOK,IsUV
sUV	IOK,pIOK,pPOK,IsUV	fbors	IOK,pIOK,pPOK,IsUV
sUV	IOK,pIOK,pPOK,IsUV	inc	IOK,pIOK,IsUV
sUV	IOK,pIOK,pPOK,IsUV	iv	IOK,pIOK,pPOK,IsUV
sUV	IOK,pIOK,pPOK,IsUV	nv	IOK,pIOK,pNOK,pPOK,IsUV
sUV	IOK,pIOK,pPOK,IsUV	rng	IOK,pIOK,pPOK,IsUV
sUV	IOK,pIOK,pPOK,IsUV	str	IOK,pIOK,pPOK,IsUV
sUV	IOK,pIOK,pPOK,IsUV	utf8	POK,pPOK,UTF8
sUV	NOK,POK,pIOK,pNOK,pPOK,IsUV	add	NOK,POK,pIOK,pNOK,pPOK,IsUV
sUV	NOK,POK,pIOK,pNOK,pPOK,IsUV	bors	NOK,POK,pIOK,pNOK,pPOK,IsUV
sUV	NOK,POK,pIOK,pNOK,pPOK,IsUV	cat0	POK,pPOK
sUV	NOK,POK,pIOK,pNOK,pPOK,IsUV	catx	POK,pPOK
sUV	NOK,POK,pIOK,pNOK,pPOK,IsUV	copy	NOK,POK,pIOK,pNOK,pPOK,IsUV
sUV	NOK,POK,pIOK,pNOK,pPOK,IsUV	dec	NOK,pNOK
sUV	NOK,POK,pIOK,pNOK,pPOK,IsUV	fbors	NOK,POK,pIOK,pNOK,pPOK,IsUV
sUV	NOK,POK,pIOK,pNOK,pPOK,IsUV	inc	NOK,pNOK
sUV	NOK,POK,pIOK,pNOK,pPOK,IsUV	iv	NOK,POK,pIOK,pNOK,pPOK,IsUV
sUV	NOK,POK,pIOK,pNOK,pPOK,IsUV	nv	NOK,POK,pIOK,pNOK,pPOK,IsUV
sUV	NOK,POK,pIOK,pNOK,pPOK,IsUV	rng	NOK,POK,pIOK,pNOK,pPOK,IsUV
sUV	NOK,POK,pIOK,pNOK,pPOK,IsUV	str	NOK,POK,pIOK,pNOK,pPOK,IsUV
sUV	NOK,POK,pIOK,pNOK,pPOK,IsUV	utf8	NOK,POK,pIOK,pNOK,pPOK,IsUV,UTF8
sUV	NOK,POK,pIOK,pNOK,pPOK,IsUV,UTF8	add	NOK,POK,pIOK,pNOK,pPOK,IsUV,UTF8
sUV	NOK,POK,pIOK,pNOK,pPOK,IsUV,UTF8	bors	NOK,POK,pIOK,pNOK,pPOK,IsUV,UTF8
sUV	NOK,POK,pIOK,pNOK,pPOK,IsUV,UTF8	cat0	POK,pPOK,UTF8
sUV	NOK,POK,pIOK,pNOK,pPOK,IsUV,UTF8	catx	POK,pPOK,UTF8
sUV	NOK,POK,pIOK,pNOK,pPOK,IsUV,UTF8	copy	NOK,POK,pIOK,pNOK,pPOK,IsUV,UTF8
sUV	NOK,POK,pIOK,pNOK,pPOK,IsUV,UTF8	dec	NOK,pNOK
sUV	NOK,POK,pIOK,pNOK,pPOK,IsUV,UTF8	fbors	NOK,POK,pIOK,pNOK,pPOK,IsUV,UTF8
sUV	NOK,POK,pIOK,pNOK,pPOK,IsUV,UTF8	inc	NOK,pNOK
sUV	NOK,POK,pIOK,pNOK,pPOK,IsUV,UTF8	iv	NOK,POK,pIOK,pNOK,pPOK,IsUV,UTF8
sUV	NOK,POK,pIOK,pNOK,pPOK,IsUV,UTF8	nv	NOK,POK,pIOK,pNOK,pPOK,IsUV,UTF8
sUV	NOK,POK,pIOK,pNOK,pPOK,IsUV,UTF8	rng	NOK,POK,pIOK,pNOK,pPOK,IsUV,UTF8
sUV	NOK,POK,pIOK,pNOK,pPOK,IsUV,UTF8	str	NOK,POK,pIOK,pNOK,pPOK,IsUV,UTF8
sUV	NOK,POK,pIOK,pNOK,pPOK,IsUV,UTF8	utf8	NOK,POK,pIOK,pNOK,pPOK,IsUV,UTF8
sUV	NOK,POK,pNOK,pPOK	add	NOK,POK,pIOK,pNOK,pPOK,IsUV
sUV	NOK,POK,pNOK,pPOK	bors	NOK,POK,pIOK,pNOK,pPOK,IsUV
sUV	NOK,POK,pNOK,pPOK	cat0	POK,pPOK
sUV	NOK,POK,pNOK,pPOK	catx	POK,pPOK
sUV	NOK,POK,pNOK,pPOK	copy	NOK,POK,pNOK,pPOK
sUV	NOK,POK,pNOK,pPOK	dec	NOK,pNOK
sUV	NOK,POK,pNOK,pPOK	fbors	NOK,POK,pNOK,pPOK
sUV	NOK,POK,pNOK,pPOK	inc	NOK,pNOK
sUV	NOK,POK,pNOK,pPOK	iv	NOK,POK,pIOK,pNOK,pPOK,IsUV
sUV	NOK,POK,pNOK,pPOK	nv	NOK,POK,pNOK,pPOK
sUV	NOK,POK,pNOK,pPOK	rng	NOK,POK,pIOK,pNOK,pPOK,IsUV
sUV	NOK,POK,pNOK,pPOK	str	NOK,POK,pNOK,pPOK
sUV	NOK,POK,pNOK,pPOK	utf8	NOK,POK,pNOK,pPOK,UTF8
sUV	NOK,POK,pNOK,pPOK,UTF8	add	NOK,POK,pIOK,pNOK,pPOK,IsUV,UTF8
sUV	NOK,POK,pNOK,pPOK,UTF8	bors	NOK,POK,pIOK,pNOK,pPOK,IsUV,UTF8
sUV	NOK,POK,pNOK,pPOK,UTF8	cat0	POK,pPOK,UTF8
sUV	NOK,POK,pNOK,pPOK,UTF8	catx	POK,pPOK,UTF8
sUV	NOK,POK,pNOK,pPOK,UTF8	copy	NOK,POK,pNOK,pPOK,UTF8
sUV	NOK,POK,pNOK,pPOK,UTF8	dec	NOK,pNOK
sUV	NOK,POK,pNOK,pPOK,UTF8	fbors	NOK,POK,pNOK,pPOK,UTF8
sUV	NOK,POK,pNOK,pPOK,UTF8	inc	NOK,pNOK
sUV	NOK,POK,pNOK,pPOK,UTF8	iv	NOK,POK,pIOK,pNOK,pPOK,IsUV,UTF8
sUV	NOK,POK,pNOK,pPOK,UTF8	nv	NOK,POK,pNOK,pPOK,UTF8
sUV	NOK,POK,pNOK,pPOK,UTF8	rng	NOK,POK,pIOK,pNOK,pPOK,IsUV,UTF8
sUV	NOK,POK,pNOK,pPOK,UTF8	str	NOK,POK,pNOK,pPOK,UTF8
sUV	NOK,POK,pNOK,pPOK,UTF8	utf8	NOK,POK,pNOK,pPOK,UTF8
sUV	NOK,pIOK,pNOK,IsUV	add	NOK,pIOK,pNOK,IsUV
sUV	NOK,pIOK,pNOK,IsUV	bors	NOK,pIOK,pNOK,IsUV
sUV	NOK,pIOK,pNOK,IsUV	cat0	POK,pPOK
sUV	NOK,pIOK,pNOK,IsUV	catx	POK,pPOK
sUV	NOK,pIOK,pNOK,IsUV	copy	NOK,pIOK,pNOK,IsUV
sUV	NOK,pIOK,pNOK,IsUV	dec	NOK,pNOK
sUV	NOK,pIOK,pNOK,IsUV	fbors	NOK,pIOK,pNOK,IsUV
sUV	NOK,pIOK,pNOK,IsUV	inc	NOK,pNOK
sUV	NOK,pIOK,pNOK,IsUV	iv	NOK,pIOK,pNOK,IsUV
sUV	NOK,pIOK,pNOK,IsUV	nv	NOK,pIOK,pNOK,IsUV
sUV	NOK,pIOK,pNOK,IsUV	rng	NOK,pIOK,pNOK,IsUV
sUV	NOK,pIOK,pNOK,IsUV	str	NOK,pIOK,pNOK,IsUV
sUV	NOK,pIOK,pNOK,IsUV	utf8	POK,pPOK,UTF8
sUV	NOK,pNOK	add	NOK,pIOK,pNOK,IsUV
sUV	NOK,pNOK	bors	NOK,pIOK,pNOK,IsUV
sUV	NOK,pNOK	cat0	POK,pPOK
sUV	NOK,pNOK	catx	POK,pPOK
sUV	NOK,pNOK	copy	NOK,pNOK
sUV	NOK,pNOK	dec	NOK,pNOK
sUV	NOK,pNOK	fbors	NOK,pNOK
sUV	NOK,pNOK	inc	NOK,pNOK
sUV	NOK,pNOK	iv	NOK,pIOK,pNOK,IsUV
sUV	NOK,pNOK	nv	NOK,pNOK
sUV	NOK,pNOK	rng	NOK,pIOK,pNOK,IsUV
sUV	NOK,pNOK	str	NOK,pNOK
sUV	NOK,pNOK	utf8	POK,pPOK,UTF8
sUV	POK,pIOK,pNOK,pPOK,IsUV	add	POK,pIOK,pNOK,pPOK,IsUV
sUV	POK,pIOK,pNOK,pPOK,IsUV	bors	POK,pIOK,pNOK,pPOK,IsUV
sUV	POK,pIOK,pNOK,pPOK,IsUV	cat0	POK,pIOK,pNOK,pPOK,IsUV
sUV	POK,pIOK,pNOK,pPOK,IsUV	catx	POK,pIOK,pNOK,pPOK,IsUV
sUV	POK,pIOK,pNOK,pPOK,IsUV	copy	POK,pIOK,pNOK,pPOK,IsUV
sUV	POK,pIOK,pNOK,pPOK,IsUV	dec	NOK,pNOK
sUV	POK,pIOK,pNOK,pPOK,IsUV	fbors	POK,pIOK,pNOK,pPOK,IsUV
sUV	POK,pIOK,pNOK,pPOK,IsUV	inc	NOK,pNOK
sUV	POK,pIOK,pNOK,pPOK,IsUV	iv	POK,pIOK,pNOK,pPOK,IsUV
sUV	POK,pIOK,pNOK,pPOK,IsUV	nv	POK,pIOK,pNOK,pPOK,IsUV
sUV	POK,pIOK,pNOK,pPOK,IsUV	rng	POK,pIOK,pNOK,pPOK,IsUV
sUV	POK,pIOK,pNOK,pPOK,IsUV	str	POK,pIOK,pNOK,pPOK,IsUV
sUV	POK,pIOK,pNOK,pPOK,IsUV	utf8	POK,pIOK,pNOK,pPOK,IsUV,UTF8
sUV	POK,pIOK,pNOK,pPOK,IsUV,UTF8	add	POK,pIOK,pNOK,pPOK,IsUV,UTF8
sUV	POK,pIOK,pNOK,pPOK,IsUV,UTF8	bors	POK,pIOK,pNOK,pPOK,IsUV,UTF8
sUV	POK,pIOK,pNOK,pPOK,IsUV,UTF8	cat0	POK,pIOK,pNOK,pPOK,IsUV,UTF8
sUV	POK,pIOK,pNOK,pPOK,IsUV,UTF8	catx	POK,pIOK,pNOK,pPOK,IsUV,UTF8
sUV	POK,pIOK,pNOK,pPOK,IsUV,UTF8	copy	POK,pIOK,pNOK,pPOK,IsUV,UTF8
sUV	POK,pIOK,pNOK,pPOK,IsUV,UTF8	dec	NOK,pNOK
sUV	POK,pIOK,pNOK,pPOK,IsUV,UTF8	fbors	POK,pIOK,pNOK,pPOK,IsUV,UTF8
sUV	POK,pIOK,pNOK,pPOK,IsUV,UTF8	inc	NOK,pNOK
sUV	POK,pIOK,pNOK,pPOK,IsUV,UTF8	iv	POK,pIOK,pNOK,pPOK,IsUV,UTF8
sUV	POK,pIOK,pNOK,pPOK,IsUV,UTF8	nv	POK,pIOK,pNOK,pPOK,IsUV,UTF8
sUV	POK,pIOK,pNOK,pPOK,IsUV,UTF8	rng	POK,pIOK,pNOK,pPOK,IsUV,UTF8
sUV	POK,pIOK,pNOK,pPOK,IsUV,UTF8	str	POK,pIOK,pNOK,pPOK,IsUV,UTF8
sUV	POK,pIOK,pNOK,pPOK,IsUV,UTF8	utf8	POK,pIOK,pNOK,pPOK,IsUV,UTF8
sUV	POK,pNOK,pPOK	add	POK,pIOK,pNOK,pPOK,IsUV
sUV	POK,pNOK,pPOK	bors	POK,pIOK,pNOK,pPOK,IsUV
sUV	POK,pNOK,pPOK	cat0	POK,pNOK,pPOK
sUV	POK,pNOK,pPOK	catx	POK,pNOK,pPOK
sUV	POK,pNOK,pPOK	copy	POK,pNOK,pPOK
sUV	POK,pNOK,pPOK	dec	NOK,pNOK
sUV	POK,pNOK,pPOK	fbors	POK,pNOK,pPOK
sUV	POK,pNOK,pPOK	inc	NOK,pNOK
sUV	POK,pNOK,pPOK	iv	POK,pIOK,pNOK,pPOK,IsUV
sUV	POK,pNOK,pPOK	nv	POK,pNOK,pPOK
sUV	POK,pNOK,pPOK	rng	POK,pIOK,pNOK,pPOK,IsUV
sUV	POK,pNOK,pPOK	str	POK,pNOK,pPOK
sUV	POK,pNOK,pPOK	utf8	POK,pNOK,pPOK,UTF8
sUV	POK,pNOK,pPOK,UTF8	add	POK,pIOK,pNOK,pPOK,IsUV,UTF8
sUV	POK,pNOK,pPOK,UTF8	bors	POK,pIOK,pNOK,pPOK,IsUV,UTF8
sUV	POK,pNOK,pPOK,UTF8	cat0	POK,pNOK,pPOK,UTF8
sUV	POK,pNOK,pPOK,UTF8	catx	POK,pNOK,pPOK,UTF8
sUV	POK,pNOK,pPOK,UTF8	copy	POK,pNOK,pPOK,UTF8
sUV	POK,pNOK,pPOK,UTF8	dec	NOK,pNOK
sUV	POK,pNOK,pPOK,UTF8	fbors	POK,pNOK,pPOK,UTF8
sUV	POK,pNOK,pPOK,UTF8	inc	NOK,pNOK
sUV	POK,pNOK,pPOK,UTF8	iv	POK,pIOK,pNOK,pPOK,IsUV,UTF8
sUV	POK,pNOK,pPOK,UTF8	nv	POK,pNOK,pPOK,UTF8
sUV	POK,pNOK,pPOK,UTF8	rng	POK,pIOK,pNOK,pPOK,IsUV,UTF8
sUV	POK,pNOK,pPOK,UTF8	str	POK,pNOK,pPOK,UTF8
sUV	POK,pNOK,pPOK,UTF8	utf8	POK,pNOK,pPOK,UTF8
sUV	POK,pPOK	add	NOK,POK,pIOK,pNOK,pPOK,IsUV	CONFLICT(IOK,POK,pIOK,pPOK,IsUV|NOK,POK,pIOK,pNOK,pPOK,IsUV|POK,pIOK,pNOK,pPOK,IsUV)
sUV	POK,pPOK	bors	POK,pPOK
sUV	POK,pPOK	cat0	POK,pPOK
sUV	POK,pPOK	catx	POK,pPOK
sUV	POK,pPOK	copy	POK,pPOK
sUV	POK,pPOK	dec	NOK,pNOK	CONFLICT(IOK,pIOK,IsUV|NOK,pNOK)
sUV	POK,pPOK	fbors	POK,pPOK
sUV	POK,pPOK	inc	POK,pPOK	CONFLICT(NOK,pNOK|POK,pPOK)
sUV	POK,pPOK	iv	NOK,POK,pIOK,pNOK,pPOK,IsUV	CONFLICT(IOK,POK,pIOK,pPOK,IsUV|NOK,POK,pIOK,pNOK,pPOK,IsUV|POK,pIOK,pNOK,pPOK,IsUV)
sUV	POK,pPOK	nv	NOK,POK,pNOK,pPOK	CONFLICT(IOK,POK,pIOK,pNOK,pPOK,IsUV|NOK,POK,pNOK,pPOK|POK,pNOK,pPOK)
sUV	POK,pPOK	rng	NOK,POK,pIOK,pNOK,pPOK,IsUV	CONFLICT(IOK,POK,pIOK,pNOK,pPOK,IsUV|NOK,POK,pIOK,pNOK,pPOK,IsUV|POK,pPOK)
sUV	POK,pPOK	str	POK,pPOK
sUV	POK,pPOK	utf8	POK,pPOK,UTF8
sUV	POK,pPOK,UTF8	add	NOK,POK,pIOK,pNOK,pPOK,IsUV,UTF8	CONFLICT(IOK,POK,pIOK,pPOK,IsUV,UTF8|NOK,POK,pIOK,pNOK,pPOK,IsUV,UTF8|POK,pIOK,pNOK,pPOK,IsUV,UTF8)
sUV	POK,pPOK,UTF8	bors	POK,pPOK,UTF8
sUV	POK,pPOK,UTF8	cat0	POK,pPOK,UTF8
sUV	POK,pPOK,UTF8	catx	POK,pPOK,UTF8
sUV	POK,pPOK,UTF8	copy	POK,pPOK,UTF8
sUV	POK,pPOK,UTF8	dec	NOK,pNOK	CONFLICT(IOK,pIOK,IsUV|NOK,pNOK)
sUV	POK,pPOK,UTF8	fbors	POK,pPOK,UTF8
sUV	POK,pPOK,UTF8	inc	POK,pPOK,UTF8	CONFLICT(NOK,pNOK|POK,pPOK,UTF8)
sUV	POK,pPOK,UTF8	iv	NOK,POK,pIOK,pNOK,pPOK,IsUV,UTF8	CONFLICT(IOK,POK,pIOK,pPOK,IsUV,UTF8|NOK,POK,pIOK,pNOK,pPOK,IsUV,UTF8|POK,pIOK,pNOK,pPOK,IsUV,UTF8)
sUV	POK,pPOK,UTF8	nv	NOK,POK,pNOK,pPOK,UTF8	CONFLICT(IOK,POK,pIOK,pNOK,pPOK,IsUV,UTF8|NOK,POK,pNOK,pPOK,UTF8|POK,pNOK,pPOK,UTF8)
sUV	POK,pPOK,UTF8	rng	NOK,POK,pIOK,pNOK,pPOK,IsUV,UTF8	CONFLICT(IOK,POK,pIOK,pNOK,pPOK,IsUV,UTF8|NOK,POK,pIOK,pNOK,pPOK,IsUV,UTF8|POK,pPOK,UTF8)
sUV	POK,pPOK,UTF8	str	POK,pPOK,UTF8
sUV	POK,pPOK,UTF8	utf8	POK,pPOK,UTF8
sabc	IOK,NOK,POK,pIOK,pNOK,pPOK	add	IOK,NOK,POK,pIOK,pNOK,pPOK
sabc	IOK,NOK,POK,pIOK,pNOK,pPOK	bors	IOK,NOK,POK,pIOK,pNOK,pPOK
sabc	IOK,NOK,POK,pIOK,pNOK,pPOK	cat0	POK,pPOK
sabc	IOK,NOK,POK,pIOK,pNOK,pPOK	catx	POK,pPOK
sabc	IOK,NOK,POK,pIOK,pNOK,pPOK	copy	IOK,NOK,POK,pIOK,pNOK,pPOK
sabc	IOK,NOK,POK,pIOK,pNOK,pPOK	dec	IOK,pIOK
sabc	IOK,NOK,POK,pIOK,pNOK,pPOK	fbors	IOK,NOK,POK,pIOK,pNOK,pPOK
sabc	IOK,NOK,POK,pIOK,pNOK,pPOK	inc	IOK,pIOK
sabc	IOK,NOK,POK,pIOK,pNOK,pPOK	iv	IOK,NOK,POK,pIOK,pNOK,pPOK
sabc	IOK,NOK,POK,pIOK,pNOK,pPOK	nv	IOK,NOK,POK,pIOK,pNOK,pPOK
sabc	IOK,NOK,POK,pIOK,pNOK,pPOK	rng	IOK,NOK,POK,pIOK,pNOK,pPOK
sabc	IOK,NOK,POK,pIOK,pNOK,pPOK	str	IOK,NOK,POK,pIOK,pNOK,pPOK
sabc	IOK,NOK,POK,pIOK,pNOK,pPOK	utf8	IOK,NOK,POK,pIOK,pNOK,pPOK,UTF8
sabc	IOK,NOK,POK,pIOK,pNOK,pPOK,UTF8	add	IOK,NOK,POK,pIOK,pNOK,pPOK,UTF8
sabc	IOK,NOK,POK,pIOK,pNOK,pPOK,UTF8	bors	IOK,NOK,POK,pIOK,pNOK,pPOK,UTF8
sabc	IOK,NOK,POK,pIOK,pNOK,pPOK,UTF8	cat0	POK,pPOK,UTF8
sabc	IOK,NOK,POK,pIOK,pNOK,pPOK,UTF8	catx	POK,pPOK,UTF8
sabc	IOK,NOK,POK,pIOK,pNOK,pPOK,UTF8	copy	IOK,NOK,POK,pIOK,pNOK,pPOK,UTF8
sabc	IOK,NOK,POK,pIOK,pNOK,pPOK,UTF8	dec	IOK,pIOK
sabc	IOK,NOK,POK,pIOK,pNOK,pPOK,UTF8	fbors	IOK,NOK,POK,pIOK,pNOK,pPOK,UTF8
sabc	IOK,NOK,POK,pIOK,pNOK,pPOK,UTF8	inc	IOK,pIOK
sabc	IOK,NOK,POK,pIOK,pNOK,pPOK,UTF8	iv	IOK,NOK,POK,pIOK,pNOK,pPOK,UTF8
sabc	IOK,NOK,POK,pIOK,pNOK,pPOK,UTF8	nv	IOK,NOK,POK,pIOK,pNOK,pPOK,UTF8
sabc	IOK,NOK,POK,pIOK,pNOK,pPOK,UTF8	rng	IOK,NOK,POK,pIOK,pNOK,pPOK,UTF8
sabc	IOK,NOK,POK,pIOK,pNOK,pPOK,UTF8	str	IOK,NOK,POK,pIOK,pNOK,pPOK,UTF8
sabc	IOK,NOK,POK,pIOK,pNOK,pPOK,UTF8	utf8	IOK,NOK,POK,pIOK,pNOK,pPOK,UTF8
sabc	IOK,NOK,pIOK,pNOK	add	IOK,NOK,pIOK,pNOK
sabc	IOK,NOK,pIOK,pNOK	bors	IOK,NOK,pIOK,pNOK
sabc	IOK,NOK,pIOK,pNOK	cat0	POK,pPOK
sabc	IOK,NOK,pIOK,pNOK	catx	POK,pPOK
sabc	IOK,NOK,pIOK,pNOK	copy	IOK,NOK,pIOK,pNOK
sabc	IOK,NOK,pIOK,pNOK	dec	IOK,pIOK
sabc	IOK,NOK,pIOK,pNOK	fbors	IOK,NOK,pIOK,pNOK,pPOK
sabc	IOK,NOK,pIOK,pNOK	inc	IOK,pIOK
sabc	IOK,NOK,pIOK,pNOK	iv	IOK,NOK,pIOK,pNOK
sabc	IOK,NOK,pIOK,pNOK	nv	IOK,NOK,pIOK,pNOK
sabc	IOK,NOK,pIOK,pNOK	rng	IOK,NOK,pIOK,pNOK
sabc	IOK,NOK,pIOK,pNOK	str	IOK,NOK,pIOK,pNOK,pPOK
sabc	IOK,NOK,pIOK,pNOK	utf8	POK,pPOK,UTF8
sabc	IOK,NOK,pIOK,pNOK,pPOK	add	IOK,NOK,pIOK,pNOK,pPOK
sabc	IOK,NOK,pIOK,pNOK,pPOK	bors	IOK,NOK,pIOK,pNOK,pPOK
sabc	IOK,NOK,pIOK,pNOK,pPOK	cat0	POK,pPOK
sabc	IOK,NOK,pIOK,pNOK,pPOK	catx	POK,pPOK
sabc	IOK,NOK,pIOK,pNOK,pPOK	copy	IOK,NOK,pIOK,pNOK,pPOK
sabc	IOK,NOK,pIOK,pNOK,pPOK	dec	IOK,pIOK
sabc	IOK,NOK,pIOK,pNOK,pPOK	fbors	IOK,NOK,pIOK,pNOK,pPOK
sabc	IOK,NOK,pIOK,pNOK,pPOK	inc	IOK,pIOK
sabc	IOK,NOK,pIOK,pNOK,pPOK	iv	IOK,NOK,pIOK,pNOK,pPOK
sabc	IOK,NOK,pIOK,pNOK,pPOK	nv	IOK,NOK,pIOK,pNOK,pPOK
sabc	IOK,NOK,pIOK,pNOK,pPOK	rng	IOK,NOK,pIOK,pNOK,pPOK
sabc	IOK,NOK,pIOK,pNOK,pPOK	str	IOK,NOK,pIOK,pNOK,pPOK
sabc	IOK,NOK,pIOK,pNOK,pPOK	utf8	POK,pPOK,UTF8
sabc	IOK,POK,pIOK,pPOK	add	IOK,POK,pIOK,pPOK
sabc	IOK,POK,pIOK,pPOK	bors	IOK,POK,pIOK,pPOK
sabc	IOK,POK,pIOK,pPOK	cat0	POK,pPOK
sabc	IOK,POK,pIOK,pPOK	catx	POK,pPOK
sabc	IOK,POK,pIOK,pPOK	copy	IOK,POK,pIOK,pPOK
sabc	IOK,POK,pIOK,pPOK	dec	IOK,pIOK
sabc	IOK,POK,pIOK,pPOK	fbors	IOK,POK,pIOK,pPOK
sabc	IOK,POK,pIOK,pPOK	inc	IOK,pIOK
sabc	IOK,POK,pIOK,pPOK	iv	IOK,POK,pIOK,pPOK
sabc	IOK,POK,pIOK,pPOK	nv	IOK,NOK,POK,pIOK,pNOK,pPOK
sabc	IOK,POK,pIOK,pPOK	rng	IOK,POK,pIOK,pPOK
sabc	IOK,POK,pIOK,pPOK	str	IOK,POK,pIOK,pPOK
sabc	IOK,POK,pIOK,pPOK	utf8	IOK,POK,pIOK,pPOK,UTF8
sabc	IOK,POK,pIOK,pPOK,UTF8	add	IOK,POK,pIOK,pPOK,UTF8
sabc	IOK,POK,pIOK,pPOK,UTF8	bors	IOK,POK,pIOK,pPOK,UTF8
sabc	IOK,POK,pIOK,pPOK,UTF8	cat0	POK,pPOK,UTF8
sabc	IOK,POK,pIOK,pPOK,UTF8	catx	POK,pPOK,UTF8
sabc	IOK,POK,pIOK,pPOK,UTF8	copy	IOK,POK,pIOK,pPOK,UTF8
sabc	IOK,POK,pIOK,pPOK,UTF8	dec	IOK,pIOK
sabc	IOK,POK,pIOK,pPOK,UTF8	fbors	IOK,POK,pIOK,pPOK,UTF8
sabc	IOK,POK,pIOK,pPOK,UTF8	inc	IOK,pIOK
sabc	IOK,POK,pIOK,pPOK,UTF8	iv	IOK,POK,pIOK,pPOK,UTF8
sabc	IOK,POK,pIOK,pPOK,UTF8	nv	IOK,NOK,POK,pIOK,pNOK,pPOK,UTF8
sabc	IOK,POK,pIOK,pPOK,UTF8	rng	IOK,POK,pIOK,pPOK,UTF8
sabc	IOK,POK,pIOK,pPOK,UTF8	str	IOK,POK,pIOK,pPOK,UTF8
sabc	IOK,POK,pIOK,pPOK,UTF8	utf8	IOK,POK,pIOK,pPOK,UTF8
sabc	IOK,pIOK	add	IOK,pIOK
sabc	IOK,pIOK	bors	IOK,pIOK
sabc	IOK,pIOK	cat0	POK,pPOK
sabc	IOK,pIOK	catx	POK,pPOK
sabc	IOK,pIOK	copy	IOK,pIOK
sabc	IOK,pIOK	dec	IOK,pIOK
sabc	IOK,pIOK	fbors	IOK,pIOK,pPOK
sabc	IOK,pIOK	inc	IOK,pIOK
sabc	IOK,pIOK	iv	IOK,pIOK
sabc	IOK,pIOK	nv	IOK,NOK,pIOK,pNOK
sabc	IOK,pIOK	rng	IOK,pIOK
sabc	IOK,pIOK	str	IOK,pIOK,pPOK
sabc	IOK,pIOK	utf8	POK,pPOK,UTF8
sabc	IOK,pIOK,pPOK	add	IOK,pIOK,pPOK
sabc	IOK,pIOK,pPOK	bors	IOK,pIOK,pPOK
sabc	IOK,pIOK,pPOK	cat0	POK,pPOK
sabc	IOK,pIOK,pPOK	catx	POK,pPOK
sabc	IOK,pIOK,pPOK	copy	IOK,pIOK,pPOK
sabc	IOK,pIOK,pPOK	dec	IOK,pIOK
sabc	IOK,pIOK,pPOK	fbors	IOK,pIOK,pPOK
sabc	IOK,pIOK,pPOK	inc	IOK,pIOK
sabc	IOK,pIOK,pPOK	iv	IOK,pIOK,pPOK
sabc	IOK,pIOK,pPOK	nv	IOK,NOK,pIOK,pNOK,pPOK
sabc	IOK,pIOK,pPOK	rng	IOK,pIOK,pPOK
sabc	IOK,pIOK,pPOK	str	IOK,pIOK,pPOK
sabc	IOK,pIOK,pPOK	utf8	POK,pPOK,UTF8
sabc	NOK,POK,pNOK,pPOK	add	IOK,NOK,POK,pIOK,pNOK,pPOK
sabc	NOK,POK,pNOK,pPOK	bors	IOK,NOK,POK,pIOK,pNOK,pPOK
sabc	NOK,POK,pNOK,pPOK	cat0	POK,pPOK
sabc	NOK,POK,pNOK,pPOK	catx	POK,pPOK
sabc	NOK,POK,pNOK,pPOK	copy	NOK,POK,pNOK,pPOK
sabc	NOK,POK,pNOK,pPOK	dec	NOK,pNOK
sabc	NOK,POK,pNOK,pPOK	fbors	NOK,POK,pNOK,pPOK
sabc	NOK,POK,pNOK,pPOK	inc	IOK,pIOK
sabc	NOK,POK,pNOK,pPOK	iv	IOK,NOK,POK,pIOK,pNOK,pPOK
sabc	NOK,POK,pNOK,pPOK	nv	NOK,POK,pNOK,pPOK
sabc	NOK,POK,pNOK,pPOK	rng	IOK,NOK,POK,pIOK,pNOK,pPOK
sabc	NOK,POK,pNOK,pPOK	str	NOK,POK,pNOK,pPOK
sabc	NOK,POK,pNOK,pPOK	utf8	NOK,POK,pNOK,pPOK,UTF8
sabc	NOK,POK,pNOK,pPOK,UTF8	add	IOK,NOK,POK,pIOK,pNOK,pPOK,UTF8
sabc	NOK,POK,pNOK,pPOK,UTF8	bors	IOK,NOK,POK,pIOK,pNOK,pPOK,UTF8
sabc	NOK,POK,pNOK,pPOK,UTF8	cat0	POK,pPOK,UTF8
sabc	NOK,POK,pNOK,pPOK,UTF8	catx	POK,pPOK,UTF8
sabc	NOK,POK,pNOK,pPOK,UTF8	copy	NOK,POK,pNOK,pPOK,UTF8
sabc	NOK,POK,pNOK,pPOK,UTF8	dec	NOK,pNOK
sabc	NOK,POK,pNOK,pPOK,UTF8	fbors	NOK,POK,pNOK,pPOK,UTF8
sabc	NOK,POK,pNOK,pPOK,UTF8	inc	IOK,pIOK
sabc	NOK,POK,pNOK,pPOK,UTF8	iv	IOK,NOK,POK,pIOK,pNOK,pPOK,UTF8
sabc	NOK,POK,pNOK,pPOK,UTF8	nv	NOK,POK,pNOK,pPOK,UTF8
sabc	NOK,POK,pNOK,pPOK,UTF8	rng	IOK,NOK,POK,pIOK,pNOK,pPOK,UTF8
sabc	NOK,POK,pNOK,pPOK,UTF8	str	NOK,POK,pNOK,pPOK,UTF8
sabc	NOK,POK,pNOK,pPOK,UTF8	utf8	NOK,POK,pNOK,pPOK,UTF8
sabc	NOK,pNOK	add	IOK,NOK,pIOK,pNOK
sabc	NOK,pNOK	bors	IOK,NOK,pIOK,pNOK
sabc	NOK,pNOK	cat0	POK,pPOK
sabc	NOK,pNOK	catx	POK,pPOK
sabc	NOK,pNOK	copy	NOK,pNOK
sabc	NOK,pNOK	dec	NOK,pNOK
sabc	NOK,pNOK	fbors	NOK,pNOK
sabc	NOK,pNOK	inc	IOK,pIOK
sabc	NOK,pNOK	iv	IOK,NOK,pIOK,pNOK
sabc	NOK,pNOK	nv	NOK,pNOK
sabc	NOK,pNOK	rng	IOK,NOK,pIOK,pNOK
sabc	NOK,pNOK	str	NOK,pNOK
sabc	NOK,pNOK	utf8	POK,pPOK,UTF8
sabc	POK,pIOK,pNOK,pPOK	add	POK,pIOK,pNOK,pPOK
sabc	POK,pIOK,pNOK,pPOK	bors	POK,pIOK,pNOK,pPOK
sabc	POK,pIOK,pNOK,pPOK	cat0	POK,pIOK,pNOK,pPOK	CONFLICT(POK,pIOK,pNOK,pPOK|POK,pPOK)
sabc	POK,pIOK,pNOK,pPOK	catx	POK,pIOK,pNOK,pPOK	CONFLICT(POK,pIOK,pNOK,pPOK|POK,pPOK)
sabc	POK,pIOK,pNOK,pPOK	copy	POK,pIOK,pNOK,pPOK
sabc	POK,pIOK,pNOK,pPOK	dec	NOK,pNOK
sabc	POK,pIOK,pNOK,pPOK	fbors	POK,pIOK,pNOK,pPOK
sabc	POK,pIOK,pNOK,pPOK	inc	NOK,pNOK
sabc	POK,pIOK,pNOK,pPOK	iv	POK,pIOK,pNOK,pPOK
sabc	POK,pIOK,pNOK,pPOK	nv	POK,pIOK,pNOK,pPOK
sabc	POK,pIOK,pNOK,pPOK	rng	POK,pIOK,pNOK,pPOK
sabc	POK,pIOK,pNOK,pPOK	str	POK,pIOK,pNOK,pPOK
sabc	POK,pIOK,pNOK,pPOK	utf8	POK,pIOK,pNOK,pPOK,UTF8
sabc	POK,pIOK,pNOK,pPOK,UTF8	add	POK,pIOK,pNOK,pPOK,UTF8
sabc	POK,pIOK,pNOK,pPOK,UTF8	bors	POK,pIOK,pNOK,pPOK,UTF8
sabc	POK,pIOK,pNOK,pPOK,UTF8	cat0	POK,pIOK,pNOK,pPOK,UTF8
sabc	POK,pIOK,pNOK,pPOK,UTF8	catx	POK,pIOK,pNOK,pPOK,UTF8
sabc	POK,pIOK,pNOK,pPOK,UTF8	copy	POK,pIOK,pNOK,pPOK,UTF8
sabc	POK,pIOK,pNOK,pPOK,UTF8	dec	NOK,pNOK
sabc	POK,pIOK,pNOK,pPOK,UTF8	fbors	POK,pIOK,pNOK,pPOK,UTF8
sabc	POK,pIOK,pNOK,pPOK,UTF8	inc	NOK,pNOK
sabc	POK,pIOK,pNOK,pPOK,UTF8	iv	POK,pIOK,pNOK,pPOK,UTF8
sabc	POK,pIOK,pNOK,pPOK,UTF8	nv	POK,pIOK,pNOK,pPOK,UTF8
sabc	POK,pIOK,pNOK,pPOK,UTF8	rng	POK,pIOK,pNOK,pPOK,UTF8
sabc	POK,pIOK,pNOK,pPOK,UTF8	str	POK,pIOK,pNOK,pPOK,UTF8
sabc	POK,pIOK,pNOK,pPOK,UTF8	utf8	POK,pIOK,pNOK,pPOK,UTF8
sabc	POK,pNOK,pPOK	add	POK,pIOK,pNOK,pPOK
sabc	POK,pNOK,pPOK	bors	POK,pIOK,pNOK,pPOK
sabc	POK,pNOK,pPOK	cat0	POK,pNOK,pPOK	CONFLICT(POK,pNOK,pPOK|POK,pPOK)
sabc	POK,pNOK,pPOK	catx	POK,pNOK,pPOK	CONFLICT(POK,pNOK,pPOK|POK,pPOK)
sabc	POK,pNOK,pPOK	copy	POK,pNOK,pPOK
sabc	POK,pNOK,pPOK	dec	NOK,pNOK
sabc	POK,pNOK,pPOK	fbors	POK,pNOK,pPOK
sabc	POK,pNOK,pPOK	inc	NOK,pNOK
sabc	POK,pNOK,pPOK	iv	POK,pIOK,pNOK,pPOK
sabc	POK,pNOK,pPOK	nv	POK,pNOK,pPOK
sabc	POK,pNOK,pPOK	rng	POK,pIOK,pNOK,pPOK
sabc	POK,pNOK,pPOK	str	POK,pNOK,pPOK
sabc	POK,pNOK,pPOK	utf8	POK,pNOK,pPOK,UTF8
sabc	POK,pNOK,pPOK,UTF8	add	POK,pIOK,pNOK,pPOK,UTF8
sabc	POK,pNOK,pPOK,UTF8	bors	POK,pIOK,pNOK,pPOK,UTF8
sabc	POK,pNOK,pPOK,UTF8	cat0	POK,pNOK,pPOK,UTF8
sabc	POK,pNOK,pPOK,UTF8	catx	POK,pNOK,pPOK,UTF8
sabc	POK,pNOK,pPOK,UTF8	copy	POK,pNOK,pPOK,UTF8
sabc	POK,pNOK,pPOK,UTF8	dec	NOK,pNOK
sabc	POK,pNOK,pPOK,UTF8	fbors	POK,pNOK,pPOK,UTF8
sabc	POK,pNOK,pPOK,UTF8	inc	NOK,pNOK
sabc	POK,pNOK,pPOK,UTF8	iv	POK,pIOK,pNOK,pPOK,UTF8
sabc	POK,pNOK,pPOK,UTF8	nv	POK,pNOK,pPOK,UTF8
sabc	POK,pNOK,pPOK,UTF8	rng	POK,pIOK,pNOK,pPOK,UTF8
sabc	POK,pNOK,pPOK,UTF8	str	POK,pNOK,pPOK,UTF8
sabc	POK,pNOK,pPOK,UTF8	utf8	POK,pNOK,pPOK,UTF8
sabc	POK,pPOK	add	POK,pIOK,pNOK,pPOK	CONFLICT(IOK,POK,pIOK,pPOK|POK,pIOK,pNOK,pPOK)
sabc	POK,pPOK	bors	POK,pPOK
sabc	POK,pPOK	cat0	POK,pPOK
sabc	POK,pPOK	catx	POK,pPOK
sabc	POK,pPOK	copy	POK,pPOK
sabc	POK,pPOK	dec	NOK,pNOK	CONFLICT(IOK,pIOK|NOK,pNOK)
sabc	POK,pPOK	fbors	POK,pPOK
sabc	POK,pPOK	inc	POK,pPOK	CONFLICT(IOK,pIOK|NOK,pNOK|POK,pPOK)
sabc	POK,pPOK	iv	POK,pIOK,pNOK,pPOK	CONFLICT(IOK,POK,pIOK,pPOK|POK,pIOK,pNOK,pPOK)
sabc	POK,pPOK	nv	POK,pNOK,pPOK	CONFLICT(NOK,POK,pNOK,pPOK|POK,pNOK,pPOK)
sabc	POK,pPOK	rng	POK,pPOK	CONFLICT(IOK,NOK,POK,pIOK,pNOK,pPOK|POK,pPOK)
sabc	POK,pPOK	str	POK,pPOK
sabc	POK,pPOK	utf8	POK,pPOK,UTF8
sabc	POK,pPOK,UTF8	add	POK,pIOK,pNOK,pPOK,UTF8	CONFLICT(IOK,POK,pIOK,pPOK,UTF8|POK,pIOK,pNOK,pPOK,UTF8)
sabc	POK,pPOK,UTF8	bors	POK,pPOK,UTF8
sabc	POK,pPOK,UTF8	cat0	POK,pPOK,UTF8
sabc	POK,pPOK,UTF8	catx	POK,pPOK,UTF8
sabc	POK,pPOK,UTF8	copy	POK,pPOK,UTF8
sabc	POK,pPOK,UTF8	dec	NOK,pNOK	CONFLICT(IOK,pIOK|NOK,pNOK)
sabc	POK,pPOK,UTF8	fbors	POK,pPOK,UTF8
sabc	POK,pPOK,UTF8	inc	POK,pPOK,UTF8	CONFLICT(IOK,pIOK|NOK,pNOK|POK,pPOK,UTF8)
sabc	POK,pPOK,UTF8	iv	POK,pIOK,pNOK,pPOK,UTF8	CONFLICT(IOK,POK,pIOK,pPOK,UTF8|POK,pIOK,pNOK,pPOK,UTF8)
sabc	POK,pPOK,UTF8	nv	POK,pNOK,pPOK,UTF8	CONFLICT(NOK,POK,pNOK,pPOK,UTF8|POK,pNOK,pPOK,UTF8)
sabc	POK,pPOK,UTF8	rng	POK,pPOK,UTF8	CONFLICT(IOK,NOK,POK,pIOK,pNOK,pPOK,UTF8|POK,pPOK,UTF8)
sabc	POK,pPOK,UTF8	str	POK,pPOK,UTF8
sabc	POK,pPOK,UTF8	utf8	POK,pPOK,UTF8
