f1e19	NOK,pIOK,pNOK,IsUV|N:1e+19	add	NOK,pIOK,pNOK,IsUV|N:1e+19
f1e19	NOK,pIOK,pNOK,IsUV|N:1e+19	bors	NOK,pIOK,pNOK,IsUV|N:1e+19
f1e19	NOK,pIOK,pNOK,IsUV|N:1e+19	dec	NOK,pNOK|N:1e+19
f1e19	NOK,pIOK,pNOK,IsUV|N:1e+19	fbors	NOK,pIOK,pNOK,IsUV|N:1e+19
f1e19	NOK,pIOK,pNOK,IsUV|N:1e+19	inc	NOK,pNOK|N:1e+19
f1e19	NOK,pIOK,pNOK,IsUV|N:1e+19	iv	NOK,pIOK,pNOK,IsUV|N:1e+19
f1e19	NOK,pIOK,pNOK,IsUV|N:1e+19	nv	NOK,pIOK,pNOK,IsUV|N:1e+19
f1e19	NOK,pIOK,pNOK,IsUV|N:1e+19	str	NOK,pIOK,pNOK,IsUV|N:1e+19
f1e19	NOK,pNOK|N:1e+19	add	NOK,pIOK,pNOK,IsUV|N:1e+19
f1e19	NOK,pNOK|N:1e+19	bors	NOK,pIOK,pNOK,IsUV|N:1e+19
f1e19	NOK,pNOK|N:1e+19	dec	NOK,pNOK|N:1e+19
f1e19	NOK,pNOK|N:1e+19	fbors	NOK,pNOK|N:1e+19
f1e19	NOK,pNOK|N:1e+19	inc	NOK,pNOK|N:1e+19
f1e19	NOK,pNOK|N:1e+19	iv	NOK,pIOK,pNOK,IsUV|N:1e+19
f1e19	NOK,pNOK|N:1e+19	nv	NOK,pNOK|N:1e+19
f1e19	NOK,pNOK|N:1e+19	str	NOK,pNOK|N:1e+19
f3	IOK,NOK,POK,pIOK,pNOK,pPOK,UTF8|P:2	add	IOK,NOK,POK,pIOK,pNOK,pPOK,UTF8|P:2
f3	IOK,NOK,POK,pIOK,pNOK,pPOK,UTF8|P:2	bors	IOK,NOK,POK,pIOK,pNOK,pPOK,UTF8|P:2
f3	IOK,NOK,POK,pIOK,pNOK,pPOK,UTF8|P:2	cat0	POK,pPOK,UTF8|P:2
f3	IOK,NOK,POK,pIOK,pNOK,pPOK,UTF8|P:2	catx	POK,pPOK,UTF8|P:2x
f3	IOK,NOK,POK,pIOK,pNOK,pPOK,UTF8|P:2	copy	IOK,NOK,POK,pIOK,pNOK,pPOK,UTF8|P:2
f3	IOK,NOK,POK,pIOK,pNOK,pPOK,UTF8|P:2	dec	IOK,pIOK|N:1
f3	IOK,NOK,POK,pIOK,pNOK,pPOK,UTF8|P:2	fbors	IOK,NOK,POK,pIOK,pNOK,pPOK,UTF8|P:2
f3	IOK,NOK,POK,pIOK,pNOK,pPOK,UTF8|P:2	inc	IOK,pIOK|N:3
f3	IOK,NOK,POK,pIOK,pNOK,pPOK,UTF8|P:2	iv	IOK,NOK,POK,pIOK,pNOK,pPOK,UTF8|P:2
f3	IOK,NOK,POK,pIOK,pNOK,pPOK,UTF8|P:2	nv	IOK,NOK,POK,pIOK,pNOK,pPOK,UTF8|P:2
f3	IOK,NOK,POK,pIOK,pNOK,pPOK,UTF8|P:2	rng	IOK,NOK,POK,pIOK,pNOK,pPOK,UTF8|P:2
f3	IOK,NOK,POK,pIOK,pNOK,pPOK,UTF8|P:2	str	IOK,NOK,POK,pIOK,pNOK,pPOK,UTF8|P:2
f3	IOK,NOK,POK,pIOK,pNOK,pPOK,UTF8|P:2	utf8	IOK,NOK,POK,pIOK,pNOK,pPOK,UTF8|P:2
f3	IOK,NOK,POK,pIOK,pNOK,pPOK,UTF8|P:3	add	IOK,NOK,POK,pIOK,pNOK,pPOK,UTF8|P:3
f3	IOK,NOK,POK,pIOK,pNOK,pPOK,UTF8|P:3	bors	IOK,NOK,POK,pIOK,pNOK,pPOK,UTF8|P:3
f3	IOK,NOK,POK,pIOK,pNOK,pPOK,UTF8|P:3	cat0	POK,pPOK,UTF8|P:3
f3	IOK,NOK,POK,pIOK,pNOK,pPOK,UTF8|P:3	catx	POK,pPOK,UTF8|P:3x
f3	IOK,NOK,POK,pIOK,pNOK,pPOK,UTF8|P:3	copy	IOK,NOK,POK,pIOK,pNOK,pPOK,UTF8|P:3
f3	IOK,NOK,POK,pIOK,pNOK,pPOK,UTF8|P:3	dec	IOK,pIOK|N:2
f3	IOK,NOK,POK,pIOK,pNOK,pPOK,UTF8|P:3	fbors	IOK,NOK,POK,pIOK,pNOK,pPOK,UTF8|P:3
f3	IOK,NOK,POK,pIOK,pNOK,pPOK,UTF8|P:3	inc	IOK,pIOK|N:4
f3	IOK,NOK,POK,pIOK,pNOK,pPOK,UTF8|P:3	iv	IOK,NOK,POK,pIOK,pNOK,pPOK,UTF8|P:3
f3	IOK,NOK,POK,pIOK,pNOK,pPOK,UTF8|P:3	nv	IOK,NOK,POK,pIOK,pNOK,pPOK,UTF8|P:3
f3	IOK,NOK,POK,pIOK,pNOK,pPOK,UTF8|P:3	rng	IOK,NOK,POK,pIOK,pNOK,pPOK,UTF8|P:3
f3	IOK,NOK,POK,pIOK,pNOK,pPOK,UTF8|P:3	str	IOK,NOK,POK,pIOK,pNOK,pPOK,UTF8|P:3
f3	IOK,NOK,POK,pIOK,pNOK,pPOK,UTF8|P:3	utf8	IOK,NOK,POK,pIOK,pNOK,pPOK,UTF8|P:3
f3	IOK,NOK,POK,pIOK,pNOK,pPOK,UTF8|P:4	add	IOK,NOK,POK,pIOK,pNOK,pPOK,UTF8|P:4
f3	IOK,NOK,POK,pIOK,pNOK,pPOK,UTF8|P:4	bors	IOK,NOK,POK,pIOK,pNOK,pPOK,UTF8|P:4
f3	IOK,NOK,POK,pIOK,pNOK,pPOK,UTF8|P:4	cat0	POK,pPOK,UTF8|P:4
f3	IOK,NOK,POK,pIOK,pNOK,pPOK,UTF8|P:4	catx	POK,pPOK,UTF8|P:4x
f3	IOK,NOK,POK,pIOK,pNOK,pPOK,UTF8|P:4	copy	IOK,NOK,POK,pIOK,pNOK,pPOK,UTF8|P:4
f3	IOK,NOK,POK,pIOK,pNOK,pPOK,UTF8|P:4	dec	IOK,pIOK|N:3
f3	IOK,NOK,POK,pIOK,pNOK,pPOK,UTF8|P:4	fbors	IOK,NOK,POK,pIOK,pNOK,pPOK,UTF8|P:4
f3	IOK,NOK,POK,pIOK,pNOK,pPOK,UTF8|P:4	inc	IOK,pIOK|N:5
f3	IOK,NOK,POK,pIOK,pNOK,pPOK,UTF8|P:4	iv	IOK,NOK,POK,pIOK,pNOK,pPOK,UTF8|P:4
f3	IOK,NOK,POK,pIOK,pNOK,pPOK,UTF8|P:4	nv	IOK,NOK,POK,pIOK,pNOK,pPOK,UTF8|P:4
f3	IOK,NOK,POK,pIOK,pNOK,pPOK,UTF8|P:4	rng	IOK,NOK,POK,pIOK,pNOK,pPOK,UTF8|P:4
f3	IOK,NOK,POK,pIOK,pNOK,pPOK,UTF8|P:4	str	IOK,NOK,POK,pIOK,pNOK,pPOK,UTF8|P:4
f3	IOK,NOK,POK,pIOK,pNOK,pPOK,UTF8|P:4	utf8	IOK,NOK,POK,pIOK,pNOK,pPOK,UTF8|P:4
f3	IOK,NOK,POK,pIOK,pNOK,pPOK|P:2	add	IOK,NOK,POK,pIOK,pNOK,pPOK|P:2
f3	IOK,NOK,POK,pIOK,pNOK,pPOK|P:2	bors	IOK,NOK,POK,pIOK,pNOK,pPOK|P:2
f3	IOK,NOK,POK,pIOK,pNOK,pPOK|P:2	cat0	POK,pPOK|P:2
f3	IOK,NOK,POK,pIOK,pNOK,pPOK|P:2	catx	POK,pPOK|P:2x
f3	IOK,NOK,POK,pIOK,pNOK,pPOK|P:2	copy	IOK,NOK,POK,pIOK,pNOK,pPOK|P:2
f3	IOK,NOK,POK,pIOK,pNOK,pPOK|P:2	dec	IOK,pIOK|N:1
f3	IOK,NOK,POK,pIOK,pNOK,pPOK|P:2	fbors	IOK,NOK,POK,pIOK,pNOK,pPOK|P:2
f3	IOK,NOK,POK,pIOK,pNOK,pPOK|P:2	inc	IOK,pIOK|N:3
f3	IOK,NOK,POK,pIOK,pNOK,pPOK|P:2	iv	IOK,NOK,POK,pIOK,pNOK,pPOK|P:2
f3	IOK,NOK,POK,pIOK,pNOK,pPOK|P:2	nv	IOK,NOK,POK,pIOK,pNOK,pPOK|P:2
f3	IOK,NOK,POK,pIOK,pNOK,pPOK|P:2	rng	IOK,NOK,POK,pIOK,pNOK,pPOK|P:2
f3	IOK,NOK,POK,pIOK,pNOK,pPOK|P:2	str	IOK,NOK,POK,pIOK,pNOK,pPOK|P:2
f3	IOK,NOK,POK,pIOK,pNOK,pPOK|P:2	utf8	IOK,NOK,POK,pIOK,pNOK,pPOK,UTF8|P:2
f3	IOK,NOK,POK,pIOK,pNOK,pPOK|P:3	add	IOK,NOK,POK,pIOK,pNOK,pPOK|P:3
f3	IOK,NOK,POK,pIOK,pNOK,pPOK|P:3	bors	IOK,NOK,POK,pIOK,pNOK,pPOK|P:3
f3	IOK,NOK,POK,pIOK,pNOK,pPOK|P:3	cat0	POK,pPOK|P:3
f3	IOK,NOK,POK,pIOK,pNOK,pPOK|P:3	catx	POK,pPOK|P:3x
f3	IOK,NOK,POK,pIOK,pNOK,pPOK|P:3	copy	IOK,NOK,POK,pIOK,pNOK,pPOK|P:3
f3	IOK,NOK,POK,pIOK,pNOK,pPOK|P:3	dec	IOK,pIOK|N:2
f3	IOK,NOK,POK,pIOK,pNOK,pPOK|P:3	fbors	IOK,NOK,POK,pIOK,pNOK,pPOK|P:3
f3	IOK,NOK,POK,pIOK,pNOK,pPOK|P:3	inc	IOK,pIOK|N:4
f3	IOK,NOK,POK,pIOK,pNOK,pPOK|P:3	iv	IOK,NOK,POK,pIOK,pNOK,pPOK|P:3
f3	IOK,NOK,POK,pIOK,pNOK,pPOK|P:3	nv	IOK,NOK,POK,pIOK,pNOK,pPOK|P:3
f3	IOK,NOK,POK,pIOK,pNOK,pPOK|P:3	rng	IOK,NOK,POK,pIOK,pNOK,pPOK|P:3
f3	IOK,NOK,POK,pIOK,pNOK,pPOK|P:3	str	IOK,NOK,POK,pIOK,pNOK,pPOK|P:3
f3	IOK,NOK,POK,pIOK,pNOK,pPOK|P:3	utf8	IOK,NOK,POK,pIOK,pNOK,pPOK,UTF8|P:3
f3	IOK,NOK,POK,pIOK,pNOK,pPOK|P:4	add	IOK,NOK,POK,pIOK,pNOK,pPOK|P:4
f3	IOK,NOK,POK,pIOK,pNOK,pPOK|P:4	bors	IOK,NOK,POK,pIOK,pNOK,pPOK|P:4
f3	IOK,NOK,POK,pIOK,pNOK,pPOK|P:4	cat0	POK,pPOK|P:4
f3	IOK,NOK,POK,pIOK,pNOK,pPOK|P:4	catx	POK,pPOK|P:4x
f3	IOK,NOK,POK,pIOK,pNOK,pPOK|P:4	copy	IOK,NOK,POK,pIOK,pNOK,pPOK|P:4
f3	IOK,NOK,POK,pIOK,pNOK,pPOK|P:4	dec	IOK,pIOK|N:3
f3	IOK,NOK,POK,pIOK,pNOK,pPOK|P:4	fbors	IOK,NOK,POK,pIOK,pNOK,pPOK|P:4
f3	IOK,NOK,POK,pIOK,pNOK,pPOK|P:4	inc	IOK,pIOK|N:5
f3	IOK,NOK,POK,pIOK,pNOK,pPOK|P:4	iv	IOK,NOK,POK,pIOK,pNOK,pPOK|P:4
f3	IOK,NOK,POK,pIOK,pNOK,pPOK|P:4	nv	IOK,NOK,POK,pIOK,pNOK,pPOK|P:4
f3	IOK,NOK,POK,pIOK,pNOK,pPOK|P:4	rng	IOK,NOK,POK,pIOK,pNOK,pPOK|P:4
f3	IOK,NOK,POK,pIOK,pNOK,pPOK|P:4	str	IOK,NOK,POK,pIOK,pNOK,pPOK|P:4
f3	IOK,NOK,POK,pIOK,pNOK,pPOK|P:4	utf8	IOK,NOK,POK,pIOK,pNOK,pPOK,UTF8|P:4
f3	IOK,NOK,pIOK,pNOK,pPOK|N:2	add	IOK,NOK,pIOK,pNOK,pPOK|N:2
f3	IOK,NOK,pIOK,pNOK,pPOK|N:2	bors	IOK,NOK,pIOK,pNOK,pPOK|N:2
f3	IOK,NOK,pIOK,pNOK,pPOK|N:2	cat0	POK,pPOK|P:2
f3	IOK,NOK,pIOK,pNOK,pPOK|N:2	catx	POK,pPOK|P:2x
f3	IOK,NOK,pIOK,pNOK,pPOK|N:2	copy	IOK,NOK,pIOK,pNOK,pPOK|N:2
f3	IOK,NOK,pIOK,pNOK,pPOK|N:2	dec	IOK,pIOK|N:1
f3	IOK,NOK,pIOK,pNOK,pPOK|N:2	fbors	IOK,NOK,pIOK,pNOK,pPOK|N:2
f3	IOK,NOK,pIOK,pNOK,pPOK|N:2	inc	IOK,pIOK|N:3
f3	IOK,NOK,pIOK,pNOK,pPOK|N:2	iv	IOK,NOK,pIOK,pNOK,pPOK|N:2
f3	IOK,NOK,pIOK,pNOK,pPOK|N:2	nv	IOK,NOK,pIOK,pNOK,pPOK|N:2
f3	IOK,NOK,pIOK,pNOK,pPOK|N:2	rng	IOK,NOK,pIOK,pNOK,pPOK|N:2
f3	IOK,NOK,pIOK,pNOK,pPOK|N:2	str	IOK,NOK,pIOK,pNOK,pPOK|N:2
f3	IOK,NOK,pIOK,pNOK,pPOK|N:2	utf8	POK,pPOK,UTF8|P:2
f3	IOK,NOK,pIOK,pNOK,pPOK|N:3	add	IOK,NOK,pIOK,pNOK,pPOK|N:3
f3	IOK,NOK,pIOK,pNOK,pPOK|N:3	bors	IOK,NOK,pIOK,pNOK,pPOK|N:3
f3	IOK,NOK,pIOK,pNOK,pPOK|N:3	cat0	POK,pPOK|P:3
f3	IOK,NOK,pIOK,pNOK,pPOK|N:3	catx	POK,pPOK|P:3x
f3	IOK,NOK,pIOK,pNOK,pPOK|N:3	copy	IOK,NOK,pIOK,pNOK,pPOK|N:3
f3	IOK,NOK,pIOK,pNOK,pPOK|N:3	dec	IOK,pIOK|N:2
f3	IOK,NOK,pIOK,pNOK,pPOK|N:3	fbors	IOK,NOK,pIOK,pNOK,pPOK|N:3
f3	IOK,NOK,pIOK,pNOK,pPOK|N:3	inc	IOK,pIOK|N:4
f3	IOK,NOK,pIOK,pNOK,pPOK|N:3	iv	IOK,NOK,pIOK,pNOK,pPOK|N:3
f3	IOK,NOK,pIOK,pNOK,pPOK|N:3	nv	IOK,NOK,pIOK,pNOK,pPOK|N:3
f3	IOK,NOK,pIOK,pNOK,pPOK|N:3	rng	IOK,NOK,pIOK,pNOK,pPOK|N:3
f3	IOK,NOK,pIOK,pNOK,pPOK|N:3	str	IOK,NOK,pIOK,pNOK,pPOK|N:3
f3	IOK,NOK,pIOK,pNOK,pPOK|N:3	utf8	POK,pPOK,UTF8|P:3
f3	IOK,NOK,pIOK,pNOK,pPOK|N:4	add	IOK,NOK,pIOK,pNOK,pPOK|N:4
f3	IOK,NOK,pIOK,pNOK,pPOK|N:4	bors	IOK,NOK,pIOK,pNOK,pPOK|N:4
f3	IOK,NOK,pIOK,pNOK,pPOK|N:4	cat0	POK,pPOK|P:4
f3	IOK,NOK,pIOK,pNOK,pPOK|N:4	catx	POK,pPOK|P:4x
f3	IOK,NOK,pIOK,pNOK,pPOK|N:4	copy	IOK,NOK,pIOK,pNOK,pPOK|N:4
f3	IOK,NOK,pIOK,pNOK,pPOK|N:4	dec	IOK,pIOK|N:3
f3	IOK,NOK,pIOK,pNOK,pPOK|N:4	fbors	IOK,NOK,pIOK,pNOK,pPOK|N:4
f3	IOK,NOK,pIOK,pNOK,pPOK|N:4	inc	IOK,pIOK|N:5
f3	IOK,NOK,pIOK,pNOK,pPOK|N:4	iv	IOK,NOK,pIOK,pNOK,pPOK|N:4
f3	IOK,NOK,pIOK,pNOK,pPOK|N:4	nv	IOK,NOK,pIOK,pNOK,pPOK|N:4
f3	IOK,NOK,pIOK,pNOK,pPOK|N:4	rng	IOK,NOK,pIOK,pNOK,pPOK|N:4
f3	IOK,NOK,pIOK,pNOK,pPOK|N:4	str	IOK,NOK,pIOK,pNOK,pPOK|N:4
f3	IOK,NOK,pIOK,pNOK,pPOK|N:4	utf8	POK,pPOK,UTF8|P:4
f3	IOK,NOK,pIOK,pNOK|N:1	add	IOK,NOK,pIOK,pNOK|N:1
f3	IOK,NOK,pIOK,pNOK|N:1	bors	IOK,NOK,pIOK,pNOK|N:1
f3	IOK,NOK,pIOK,pNOK|N:1	cat0	POK,pPOK|P:1
f3	IOK,NOK,pIOK,pNOK|N:1	catx	POK,pPOK|P:1x
f3	IOK,NOK,pIOK,pNOK|N:1	copy	IOK,NOK,pIOK,pNOK|N:1
f3	IOK,NOK,pIOK,pNOK|N:1	dec	IOK,pIOK|N:0
f3	IOK,NOK,pIOK,pNOK|N:1	fbors	IOK,NOK,pIOK,pNOK,pPOK|N:1
f3	IOK,NOK,pIOK,pNOK|N:1	inc	IOK,pIOK|N:2
f3	IOK,NOK,pIOK,pNOK|N:1	iv	IOK,NOK,pIOK,pNOK|N:1
f3	IOK,NOK,pIOK,pNOK|N:1	nv	IOK,NOK,pIOK,pNOK|N:1
f3	IOK,NOK,pIOK,pNOK|N:1	rng	IOK,NOK,pIOK,pNOK|N:1
f3	IOK,NOK,pIOK,pNOK|N:1	str	IOK,NOK,pIOK,pNOK,pPOK|N:1
f3	IOK,NOK,pIOK,pNOK|N:1	utf8	POK,pPOK,UTF8|P:1
f3	IOK,NOK,pIOK,pNOK|N:2	add	IOK,NOK,pIOK,pNOK|N:2
f3	IOK,NOK,pIOK,pNOK|N:2	bors	IOK,NOK,pIOK,pNOK|N:2
f3	IOK,NOK,pIOK,pNOK|N:2	cat0	POK,pPOK|P:2
f3	IOK,NOK,pIOK,pNOK|N:2	catx	POK,pPOK|P:2x
f3	IOK,NOK,pIOK,pNOK|N:2	copy	IOK,NOK,pIOK,pNOK|N:2
f3	IOK,NOK,pIOK,pNOK|N:2	dec	IOK,pIOK|N:1
f3	IOK,NOK,pIOK,pNOK|N:2	fbors	IOK,NOK,pIOK,pNOK,pPOK|N:2
f3	IOK,NOK,pIOK,pNOK|N:2	inc	IOK,pIOK|N:3
f3	IOK,NOK,pIOK,pNOK|N:2	iv	IOK,NOK,pIOK,pNOK|N:2
f3	IOK,NOK,pIOK,pNOK|N:2	nv	IOK,NOK,pIOK,pNOK|N:2
f3	IOK,NOK,pIOK,pNOK|N:2	rng	IOK,NOK,pIOK,pNOK|N:2
f3	IOK,NOK,pIOK,pNOK|N:2	str	IOK,NOK,pIOK,pNOK,pPOK|N:2
f3	IOK,NOK,pIOK,pNOK|N:2	utf8	POK,pPOK,UTF8|P:2
f3	IOK,NOK,pIOK,pNOK|N:3	add	IOK,NOK,pIOK,pNOK|N:3
f3	IOK,NOK,pIOK,pNOK|N:3	bors	IOK,NOK,pIOK,pNOK|N:3
f3	IOK,NOK,pIOK,pNOK|N:3	cat0	POK,pPOK|P:3
f3	IOK,NOK,pIOK,pNOK|N:3	catx	POK,pPOK|P:3x
f3	IOK,NOK,pIOK,pNOK|N:3	copy	IOK,NOK,pIOK,pNOK|N:3
f3	IOK,NOK,pIOK,pNOK|N:3	dec	IOK,pIOK|N:2
f3	IOK,NOK,pIOK,pNOK|N:3	fbors	IOK,NOK,pIOK,pNOK,pPOK|N:3
f3	IOK,NOK,pIOK,pNOK|N:3	inc	IOK,pIOK|N:4
f3	IOK,NOK,pIOK,pNOK|N:3	iv	IOK,NOK,pIOK,pNOK|N:3
f3	IOK,NOK,pIOK,pNOK|N:3	nv	IOK,NOK,pIOK,pNOK|N:3
f3	IOK,NOK,pIOK,pNOK|N:3	rng	IOK,NOK,pIOK,pNOK|N:3
f3	IOK,NOK,pIOK,pNOK|N:3	str	IOK,NOK,pIOK,pNOK,pPOK|N:3
f3	IOK,NOK,pIOK,pNOK|N:3	utf8	POK,pPOK,UTF8|P:3
f3	IOK,NOK,pIOK,pNOK|N:4	add	IOK,NOK,pIOK,pNOK|N:4
f3	IOK,NOK,pIOK,pNOK|N:4	bors	IOK,NOK,pIOK,pNOK|N:4
f3	IOK,NOK,pIOK,pNOK|N:4	cat0	POK,pPOK|P:4
f3	IOK,NOK,pIOK,pNOK|N:4	catx	POK,pPOK|P:4x
f3	IOK,NOK,pIOK,pNOK|N:4	copy	IOK,NOK,pIOK,pNOK|N:4
f3	IOK,NOK,pIOK,pNOK|N:4	dec	IOK,pIOK|N:3
f3	IOK,NOK,pIOK,pNOK|N:4	fbors	IOK,NOK,pIOK,pNOK,pPOK|N:4
f3	IOK,NOK,pIOK,pNOK|N:4	inc	IOK,pIOK|N:5
f3	IOK,NOK,pIOK,pNOK|N:4	iv	IOK,NOK,pIOK,pNOK|N:4
f3	IOK,NOK,pIOK,pNOK|N:4	nv	IOK,NOK,pIOK,pNOK|N:4
f3	IOK,NOK,pIOK,pNOK|N:4	rng	IOK,NOK,pIOK,pNOK|N:4
f3	IOK,NOK,pIOK,pNOK|N:4	str	IOK,NOK,pIOK,pNOK,pPOK|N:4
f3	IOK,NOK,pIOK,pNOK|N:4	utf8	POK,pPOK,UTF8|P:4
f3	IOK,NOK,pIOK,pNOK|N:5	add	IOK,NOK,pIOK,pNOK|N:5
f3	IOK,NOK,pIOK,pNOK|N:5	bors	IOK,NOK,pIOK,pNOK|N:5
f3	IOK,NOK,pIOK,pNOK|N:5	cat0	POK,pPOK|P:5
f3	IOK,NOK,pIOK,pNOK|N:5	catx	POK,pPOK|P:5x
f3	IOK,NOK,pIOK,pNOK|N:5	copy	IOK,NOK,pIOK,pNOK|N:5
f3	IOK,NOK,pIOK,pNOK|N:5	dec	IOK,pIOK|N:4
f3	IOK,NOK,pIOK,pNOK|N:5	fbors	IOK,NOK,pIOK,pNOK,pPOK|N:5
f3	IOK,NOK,pIOK,pNOK|N:5	inc	IOK,pIOK|N:6
f3	IOK,NOK,pIOK,pNOK|N:5	iv	IOK,NOK,pIOK,pNOK|N:5
f3	IOK,NOK,pIOK,pNOK|N:5	nv	IOK,NOK,pIOK,pNOK|N:5
f3	IOK,NOK,pIOK,pNOK|N:5	rng	IOK,NOK,pIOK,pNOK|N:5
f3	IOK,NOK,pIOK,pNOK|N:5	str	IOK,NOK,pIOK,pNOK,pPOK|N:5
f3	IOK,NOK,pIOK,pNOK|N:5	utf8	POK,pPOK,UTF8|P:5
f3	IOK,POK,pIOK,pPOK,UTF8|P:2	add	IOK,POK,pIOK,pPOK,UTF8|P:2
f3	IOK,POK,pIOK,pPOK,UTF8|P:2	bors	IOK,POK,pIOK,pPOK,UTF8|P:2
f3	IOK,POK,pIOK,pPOK,UTF8|P:2	cat0	POK,pPOK,UTF8|P:2
f3	IOK,POK,pIOK,pPOK,UTF8|P:2	catx	POK,pPOK,UTF8|P:2x
f3	IOK,POK,pIOK,pPOK,UTF8|P:2	copy	IOK,POK,pIOK,pPOK,UTF8|P:2
f3	IOK,POK,pIOK,pPOK,UTF8|P:2	dec	IOK,pIOK|N:1
f3	IOK,POK,pIOK,pPOK,UTF8|P:2	fbors	IOK,POK,pIOK,pPOK,UTF8|P:2
f3	IOK,POK,pIOK,pPOK,UTF8|P:2	inc	IOK,pIOK|N:3
f3	IOK,POK,pIOK,pPOK,UTF8|P:2	iv	IOK,POK,pIOK,pPOK,UTF8|P:2
f3	IOK,POK,pIOK,pPOK,UTF8|P:2	nv	IOK,NOK,POK,pIOK,pNOK,pPOK,UTF8|P:2
f3	IOK,POK,pIOK,pPOK,UTF8|P:2	rng	IOK,POK,pIOK,pPOK,UTF8|P:2
f3	IOK,POK,pIOK,pPOK,UTF8|P:2	str	IOK,POK,pIOK,pPOK,UTF8|P:2
f3	IOK,POK,pIOK,pPOK,UTF8|P:2	utf8	IOK,POK,pIOK,pPOK,UTF8|P:2
f3	IOK,POK,pIOK,pPOK,UTF8|P:3	add	IOK,POK,pIOK,pPOK,UTF8|P:3
f3	IOK,POK,pIOK,pPOK,UTF8|P:3	bors	IOK,POK,pIOK,pPOK,UTF8|P:3
f3	IOK,POK,pIOK,pPOK,UTF8|P:3	cat0	POK,pPOK,UTF8|P:3
f3	IOK,POK,pIOK,pPOK,UTF8|P:3	catx	POK,pPOK,UTF8|P:3x
f3	IOK,POK,pIOK,pPOK,UTF8|P:3	copy	IOK,POK,pIOK,pPOK,UTF8|P:3
f3	IOK,POK,pIOK,pPOK,UTF8|P:3	dec	IOK,pIOK|N:2
f3	IOK,POK,pIOK,pPOK,UTF8|P:3	fbors	IOK,POK,pIOK,pPOK,UTF8|P:3
f3	IOK,POK,pIOK,pPOK,UTF8|P:3	inc	IOK,pIOK|N:4
f3	IOK,POK,pIOK,pPOK,UTF8|P:3	iv	IOK,POK,pIOK,pPOK,UTF8|P:3
f3	IOK,POK,pIOK,pPOK,UTF8|P:3	nv	IOK,NOK,POK,pIOK,pNOK,pPOK,UTF8|P:3
f3	IOK,POK,pIOK,pPOK,UTF8|P:3	rng	IOK,POK,pIOK,pPOK,UTF8|P:3
f3	IOK,POK,pIOK,pPOK,UTF8|P:3	str	IOK,POK,pIOK,pPOK,UTF8|P:3
f3	IOK,POK,pIOK,pPOK,UTF8|P:3	utf8	IOK,POK,pIOK,pPOK,UTF8|P:3
f3	IOK,POK,pIOK,pPOK,UTF8|P:4	add	IOK,POK,pIOK,pPOK,UTF8|P:4
f3	IOK,POK,pIOK,pPOK,UTF8|P:4	bors	IOK,POK,pIOK,pPOK,UTF8|P:4
f3	IOK,POK,pIOK,pPOK,UTF8|P:4	cat0	POK,pPOK,UTF8|P:4
f3	IOK,POK,pIOK,pPOK,UTF8|P:4	catx	POK,pPOK,UTF8|P:4x
f3	IOK,POK,pIOK,pPOK,UTF8|P:4	copy	IOK,POK,pIOK,pPOK,UTF8|P:4
f3	IOK,POK,pIOK,pPOK,UTF8|P:4	dec	IOK,pIOK|N:3
f3	IOK,POK,pIOK,pPOK,UTF8|P:4	fbors	IOK,POK,pIOK,pPOK,UTF8|P:4
f3	IOK,POK,pIOK,pPOK,UTF8|P:4	inc	IOK,pIOK|N:5
f3	IOK,POK,pIOK,pPOK,UTF8|P:4	iv	IOK,POK,pIOK,pPOK,UTF8|P:4
f3	IOK,POK,pIOK,pPOK,UTF8|P:4	nv	IOK,NOK,POK,pIOK,pNOK,pPOK,UTF8|P:4
f3	IOK,POK,pIOK,pPOK,UTF8|P:4	rng	IOK,POK,pIOK,pPOK,UTF8|P:4
f3	IOK,POK,pIOK,pPOK,UTF8|P:4	str	IOK,POK,pIOK,pPOK,UTF8|P:4
f3	IOK,POK,pIOK,pPOK,UTF8|P:4	utf8	IOK,POK,pIOK,pPOK,UTF8|P:4
f3	IOK,POK,pIOK,pPOK|P:2	add	IOK,POK,pIOK,pPOK|P:2
f3	IOK,POK,pIOK,pPOK|P:2	bors	IOK,POK,pIOK,pPOK|P:2
f3	IOK,POK,pIOK,pPOK|P:2	cat0	POK,pPOK|P:2
f3	IOK,POK,pIOK,pPOK|P:2	catx	POK,pPOK|P:2x
f3	IOK,POK,pIOK,pPOK|P:2	copy	IOK,POK,pIOK,pPOK|P:2
f3	IOK,POK,pIOK,pPOK|P:2	dec	IOK,pIOK|N:1
f3	IOK,POK,pIOK,pPOK|P:2	fbors	IOK,POK,pIOK,pPOK|P:2
f3	IOK,POK,pIOK,pPOK|P:2	inc	IOK,pIOK|N:3
f3	IOK,POK,pIOK,pPOK|P:2	iv	IOK,POK,pIOK,pPOK|P:2
f3	IOK,POK,pIOK,pPOK|P:2	nv	IOK,NOK,POK,pIOK,pNOK,pPOK|P:2
f3	IOK,POK,pIOK,pPOK|P:2	rng	IOK,POK,pIOK,pPOK|P:2
f3	IOK,POK,pIOK,pPOK|P:2	str	IOK,POK,pIOK,pPOK|P:2
f3	IOK,POK,pIOK,pPOK|P:2	utf8	IOK,POK,pIOK,pPOK,UTF8|P:2
f3	IOK,POK,pIOK,pPOK|P:3	add	IOK,POK,pIOK,pPOK|P:3
f3	IOK,POK,pIOK,pPOK|P:3	bors	IOK,POK,pIOK,pPOK|P:3
f3	IOK,POK,pIOK,pPOK|P:3	cat0	POK,pPOK|P:3
f3	IOK,POK,pIOK,pPOK|P:3	catx	POK,pPOK|P:3x
f3	IOK,POK,pIOK,pPOK|P:3	copy	IOK,POK,pIOK,pPOK|P:3
f3	IOK,POK,pIOK,pPOK|P:3	dec	IOK,pIOK|N:2
f3	IOK,POK,pIOK,pPOK|P:3	fbors	IOK,POK,pIOK,pPOK|P:3
f3	IOK,POK,pIOK,pPOK|P:3	inc	IOK,pIOK|N:4
f3	IOK,POK,pIOK,pPOK|P:3	iv	IOK,POK,pIOK,pPOK|P:3
f3	IOK,POK,pIOK,pPOK|P:3	nv	IOK,NOK,POK,pIOK,pNOK,pPOK|P:3
f3	IOK,POK,pIOK,pPOK|P:3	rng	IOK,POK,pIOK,pPOK|P:3
f3	IOK,POK,pIOK,pPOK|P:3	str	IOK,POK,pIOK,pPOK|P:3
f3	IOK,POK,pIOK,pPOK|P:3	utf8	IOK,POK,pIOK,pPOK,UTF8|P:3
f3	IOK,POK,pIOK,pPOK|P:4	add	IOK,POK,pIOK,pPOK|P:4
f3	IOK,POK,pIOK,pPOK|P:4	bors	IOK,POK,pIOK,pPOK|P:4
f3	IOK,POK,pIOK,pPOK|P:4	cat0	POK,pPOK|P:4
f3	IOK,POK,pIOK,pPOK|P:4	catx	POK,pPOK|P:4x
f3	IOK,POK,pIOK,pPOK|P:4	copy	IOK,POK,pIOK,pPOK|P:4
f3	IOK,POK,pIOK,pPOK|P:4	dec	IOK,pIOK|N:3
f3	IOK,POK,pIOK,pPOK|P:4	fbors	IOK,POK,pIOK,pPOK|P:4
f3	IOK,POK,pIOK,pPOK|P:4	inc	IOK,pIOK|N:5
f3	IOK,POK,pIOK,pPOK|P:4	iv	IOK,POK,pIOK,pPOK|P:4
f3	IOK,POK,pIOK,pPOK|P:4	nv	IOK,NOK,POK,pIOK,pNOK,pPOK|P:4
f3	IOK,POK,pIOK,pPOK|P:4	rng	IOK,POK,pIOK,pPOK|P:4
f3	IOK,POK,pIOK,pPOK|P:4	str	IOK,POK,pIOK,pPOK|P:4
f3	IOK,POK,pIOK,pPOK|P:4	utf8	IOK,POK,pIOK,pPOK,UTF8|P:4
f3	IOK,pIOK,pPOK|N:2	add	IOK,pIOK,pPOK|N:2
f3	IOK,pIOK,pPOK|N:2	bors	IOK,pIOK,pPOK|N:2
f3	IOK,pIOK,pPOK|N:2	cat0	POK,pPOK|P:2
f3	IOK,pIOK,pPOK|N:2	catx	POK,pPOK|P:2x
f3	IOK,pIOK,pPOK|N:2	copy	IOK,pIOK,pPOK|N:2
f3	IOK,pIOK,pPOK|N:2	dec	IOK,pIOK|N:1
f3	IOK,pIOK,pPOK|N:2	fbors	IOK,pIOK,pPOK|N:2
f3	IOK,pIOK,pPOK|N:2	inc	IOK,pIOK|N:3
f3	IOK,pIOK,pPOK|N:2	iv	IOK,pIOK,pPOK|N:2
f3	IOK,pIOK,pPOK|N:2	nv	IOK,NOK,pIOK,pNOK,pPOK|N:2
f3	IOK,pIOK,pPOK|N:2	rng	IOK,pIOK,pPOK|N:2
f3	IOK,pIOK,pPOK|N:2	str	IOK,pIOK,pPOK|N:2
f3	IOK,pIOK,pPOK|N:2	utf8	POK,pPOK,UTF8|P:2
f3	IOK,pIOK,pPOK|N:3	add	IOK,pIOK,pPOK|N:3
f3	IOK,pIOK,pPOK|N:3	bors	IOK,pIOK,pPOK|N:3
f3	IOK,pIOK,pPOK|N:3	cat0	POK,pPOK|P:3
f3	IOK,pIOK,pPOK|N:3	catx	POK,pPOK|P:3x
f3	IOK,pIOK,pPOK|N:3	copy	IOK,pIOK,pPOK|N:3
f3	IOK,pIOK,pPOK|N:3	dec	IOK,pIOK|N:2
f3	IOK,pIOK,pPOK|N:3	fbors	IOK,pIOK,pPOK|N:3
f3	IOK,pIOK,pPOK|N:3	inc	IOK,pIOK|N:4
f3	IOK,pIOK,pPOK|N:3	iv	IOK,pIOK,pPOK|N:3
f3	IOK,pIOK,pPOK|N:3	nv	IOK,NOK,pIOK,pNOK,pPOK|N:3
f3	IOK,pIOK,pPOK|N:3	rng	IOK,pIOK,pPOK|N:3
f3	IOK,pIOK,pPOK|N:3	str	IOK,pIOK,pPOK|N:3
f3	IOK,pIOK,pPOK|N:3	utf8	POK,pPOK,UTF8|P:3
f3	IOK,pIOK,pPOK|N:4	add	IOK,pIOK,pPOK|N:4
f3	IOK,pIOK,pPOK|N:4	bors	IOK,pIOK,pPOK|N:4
f3	IOK,pIOK,pPOK|N:4	cat0	POK,pPOK|P:4
f3	IOK,pIOK,pPOK|N:4	catx	POK,pPOK|P:4x
f3	IOK,pIOK,pPOK|N:4	copy	IOK,pIOK,pPOK|N:4
f3	IOK,pIOK,pPOK|N:4	dec	IOK,pIOK|N:3
f3	IOK,pIOK,pPOK|N:4	fbors	IOK,pIOK,pPOK|N:4
f3	IOK,pIOK,pPOK|N:4	inc	IOK,pIOK|N:5
f3	IOK,pIOK,pPOK|N:4	iv	IOK,pIOK,pPOK|N:4
f3	IOK,pIOK,pPOK|N:4	nv	IOK,NOK,pIOK,pNOK,pPOK|N:4
f3	IOK,pIOK,pPOK|N:4	rng	IOK,pIOK,pPOK|N:4
f3	IOK,pIOK,pPOK|N:4	str	IOK,pIOK,pPOK|N:4
f3	IOK,pIOK,pPOK|N:4	utf8	POK,pPOK,UTF8|P:4
f3	IOK,pIOK,pPOK|N:5	add	IOK,pIOK,pPOK|N:5
f3	IOK,pIOK,pPOK|N:5	bors	IOK,pIOK,pPOK|N:5
f3	IOK,pIOK,pPOK|N:5	cat0	POK,pPOK|P:5
f3	IOK,pIOK,pPOK|N:5	catx	POK,pPOK|P:5x
f3	IOK,pIOK,pPOK|N:5	copy	IOK,pIOK,pPOK|N:5
f3	IOK,pIOK,pPOK|N:5	dec	IOK,pIOK|N:4
f3	IOK,pIOK,pPOK|N:5	fbors	IOK,pIOK,pPOK|N:5
f3	IOK,pIOK,pPOK|N:5	inc	IOK,pIOK|N:6
f3	IOK,pIOK,pPOK|N:5	iv	IOK,pIOK,pPOK|N:5
f3	IOK,pIOK,pPOK|N:5	nv	IOK,NOK,pIOK,pNOK,pPOK|N:5
f3	IOK,pIOK,pPOK|N:5	rng	IOK,pIOK,pPOK|N:5
f3	IOK,pIOK,pPOK|N:5	str	IOK,pIOK,pPOK|N:5
f3	IOK,pIOK,pPOK|N:5	utf8	POK,pPOK,UTF8|P:5
f3	IOK,pIOK|N:1	add	IOK,pIOK|N:1
f3	IOK,pIOK|N:1	bors	IOK,pIOK|N:1
f3	IOK,pIOK|N:1	cat0	POK,pPOK|P:1
f3	IOK,pIOK|N:1	catx	POK,pPOK|P:1x
f3	IOK,pIOK|N:1	copy	IOK,pIOK|N:1
f3	IOK,pIOK|N:1	dec	IOK,pIOK|N:0
f3	IOK,pIOK|N:1	fbors	IOK,pIOK,pPOK|N:1
f3	IOK,pIOK|N:1	inc	IOK,pIOK|N:2
f3	IOK,pIOK|N:1	iv	IOK,pIOK|N:1
f3	IOK,pIOK|N:1	nv	IOK,NOK,pIOK,pNOK|N:1
f3	IOK,pIOK|N:1	rng	IOK,pIOK|N:1
f3	IOK,pIOK|N:1	str	IOK,pIOK,pPOK|N:1
f3	IOK,pIOK|N:1	utf8	POK,pPOK,UTF8|P:1
f3	IOK,pIOK|N:2	add	IOK,pIOK|N:2
f3	IOK,pIOK|N:2	bors	IOK,pIOK|N:2
f3	IOK,pIOK|N:2	cat0	POK,pPOK|P:2
f3	IOK,pIOK|N:2	catx	POK,pPOK|P:2x
f3	IOK,pIOK|N:2	copy	IOK,pIOK|N:2
f3	IOK,pIOK|N:2	dec	IOK,pIOK|N:1
f3	IOK,pIOK|N:2	fbors	IOK,pIOK,pPOK|N:2
f3	IOK,pIOK|N:2	inc	IOK,pIOK|N:3
f3	IOK,pIOK|N:2	iv	IOK,pIOK|N:2
f3	IOK,pIOK|N:2	nv	IOK,NOK,pIOK,pNOK|N:2
f3	IOK,pIOK|N:2	rng	IOK,pIOK|N:2
f3	IOK,pIOK|N:2	str	IOK,pIOK,pPOK|N:2
f3	IOK,pIOK|N:2	utf8	POK,pPOK,UTF8|P:2
f3	IOK,pIOK|N:3	add	IOK,pIOK|N:3
f3	IOK,pIOK|N:3	bors	IOK,pIOK|N:3
f3	IOK,pIOK|N:3	cat0	POK,pPOK|P:3
f3	IOK,pIOK|N:3	catx	POK,pPOK|P:3x
f3	IOK,pIOK|N:3	copy	IOK,pIOK|N:3
f3	IOK,pIOK|N:3	dec	IOK,pIOK|N:2
f3	IOK,pIOK|N:3	fbors	IOK,pIOK,pPOK|N:3
f3	IOK,pIOK|N:3	inc	IOK,pIOK|N:4
f3	IOK,pIOK|N:3	iv	IOK,pIOK|N:3
f3	IOK,pIOK|N:3	nv	IOK,NOK,pIOK,pNOK|N:3
f3	IOK,pIOK|N:3	rng	IOK,pIOK|N:3
f3	IOK,pIOK|N:3	str	IOK,pIOK,pPOK|N:3
f3	IOK,pIOK|N:3	utf8	POK,pPOK,UTF8|P:3
f3	IOK,pIOK|N:4	add	IOK,pIOK|N:4
f3	IOK,pIOK|N:4	bors	IOK,pIOK|N:4
f3	IOK,pIOK|N:4	cat0	POK,pPOK|P:4
f3	IOK,pIOK|N:4	catx	POK,pPOK|P:4x
f3	IOK,pIOK|N:4	copy	IOK,pIOK|N:4
f3	IOK,pIOK|N:4	dec	IOK,pIOK|N:3
f3	IOK,pIOK|N:4	fbors	IOK,pIOK,pPOK|N:4
f3	IOK,pIOK|N:4	inc	IOK,pIOK|N:5
f3	IOK,pIOK|N:4	iv	IOK,pIOK|N:4
f3	IOK,pIOK|N:4	nv	IOK,NOK,pIOK,pNOK|N:4
f3	IOK,pIOK|N:4	rng	IOK,pIOK|N:4
f3	IOK,pIOK|N:4	str	IOK,pIOK,pPOK|N:4
f3	IOK,pIOK|N:4	utf8	POK,pPOK,UTF8|P:4
f3	IOK,pIOK|N:5	add	IOK,pIOK|N:5
f3	IOK,pIOK|N:5	bors	IOK,pIOK|N:5
f3	IOK,pIOK|N:5	cat0	POK,pPOK|P:5
f3	IOK,pIOK|N:5	catx	POK,pPOK|P:5x
f3	IOK,pIOK|N:5	copy	IOK,pIOK|N:5
f3	IOK,pIOK|N:5	dec	IOK,pIOK|N:4
f3	IOK,pIOK|N:5	fbors	IOK,pIOK,pPOK|N:5
f3	IOK,pIOK|N:5	inc	IOK,pIOK|N:6
f3	IOK,pIOK|N:5	iv	IOK,pIOK|N:5
f3	IOK,pIOK|N:5	nv	IOK,NOK,pIOK,pNOK|N:5
f3	IOK,pIOK|N:5	rng	IOK,pIOK|N:5
f3	IOK,pIOK|N:5	str	IOK,pIOK,pPOK|N:5
f3	IOK,pIOK|N:5	utf8	POK,pPOK,UTF8|P:5
f3	IOK,pIOK|N:6	add	IOK,pIOK|N:6
f3	IOK,pIOK|N:6	bors	IOK,pIOK|N:6
f3	IOK,pIOK|N:6	cat0	POK,pPOK|P:6
f3	IOK,pIOK|N:6	catx	POK,pPOK|P:6x
f3	IOK,pIOK|N:6	copy	IOK,pIOK|N:6
f3	IOK,pIOK|N:6	dec	IOK,pIOK|N:5
f3	IOK,pIOK|N:6	fbors	IOK,pIOK,pPOK|N:6
f3	IOK,pIOK|N:6	inc	IOK,pIOK|N:7
f3	IOK,pIOK|N:6	iv	IOK,pIOK|N:6
f3	IOK,pIOK|N:6	nv	IOK,NOK,pIOK,pNOK|N:6
f3	IOK,pIOK|N:6	rng	IOK,pIOK|N:6
f3	IOK,pIOK|N:6	str	IOK,pIOK,pPOK|N:6
f3	IOK,pIOK|N:6	utf8	POK,pPOK,UTF8|P:6
f3	NOK,POK,pNOK,pPOK,UTF8|P:2	add	IOK,NOK,POK,pIOK,pNOK,pPOK,UTF8|P:2
f3	NOK,POK,pNOK,pPOK,UTF8|P:2	bors	IOK,NOK,POK,pIOK,pNOK,pPOK,UTF8|P:2
f3	NOK,POK,pNOK,pPOK,UTF8|P:2	cat0	POK,pPOK,UTF8|P:2
f3	NOK,POK,pNOK,pPOK,UTF8|P:2	catx	POK,pPOK,UTF8|P:2x
f3	NOK,POK,pNOK,pPOK,UTF8|P:2	copy	NOK,POK,pNOK,pPOK,UTF8|P:2
f3	NOK,POK,pNOK,pPOK,UTF8|P:2	dec	NOK,pNOK|N:1
f3	NOK,POK,pNOK,pPOK,UTF8|P:2	fbors	NOK,POK,pNOK,pPOK,UTF8|P:2
f3	NOK,POK,pNOK,pPOK,UTF8|P:2	inc	IOK,pIOK|N:3
f3	NOK,POK,pNOK,pPOK,UTF8|P:2	iv	IOK,NOK,POK,pIOK,pNOK,pPOK,UTF8|P:2
f3	NOK,POK,pNOK,pPOK,UTF8|P:2	nv	NOK,POK,pNOK,pPOK,UTF8|P:2
f3	NOK,POK,pNOK,pPOK,UTF8|P:2	rng	IOK,NOK,POK,pIOK,pNOK,pPOK,UTF8|P:2
f3	NOK,POK,pNOK,pPOK,UTF8|P:2	str	NOK,POK,pNOK,pPOK,UTF8|P:2
f3	NOK,POK,pNOK,pPOK,UTF8|P:2	utf8	NOK,POK,pNOK,pPOK,UTF8|P:2
f3	NOK,POK,pNOK,pPOK,UTF8|P:3	add	IOK,NOK,POK,pIOK,pNOK,pPOK,UTF8|P:3
f3	NOK,POK,pNOK,pPOK,UTF8|P:3	bors	IOK,NOK,POK,pIOK,pNOK,pPOK,UTF8|P:3
f3	NOK,POK,pNOK,pPOK,UTF8|P:3	cat0	POK,pPOK,UTF8|P:3
f3	NOK,POK,pNOK,pPOK,UTF8|P:3	catx	POK,pPOK,UTF8|P:3x
f3	NOK,POK,pNOK,pPOK,UTF8|P:3	copy	NOK,POK,pNOK,pPOK,UTF8|P:3
f3	NOK,POK,pNOK,pPOK,UTF8|P:3	dec	NOK,pNOK|N:2
f3	NOK,POK,pNOK,pPOK,UTF8|P:3	fbors	NOK,POK,pNOK,pPOK,UTF8|P:3
f3	NOK,POK,pNOK,pPOK,UTF8|P:3	inc	IOK,pIOK|N:4
f3	NOK,POK,pNOK,pPOK,UTF8|P:3	iv	IOK,NOK,POK,pIOK,pNOK,pPOK,UTF8|P:3
f3	NOK,POK,pNOK,pPOK,UTF8|P:3	nv	NOK,POK,pNOK,pPOK,UTF8|P:3
f3	NOK,POK,pNOK,pPOK,UTF8|P:3	rng	IOK,NOK,POK,pIOK,pNOK,pPOK,UTF8|P:3
f3	NOK,POK,pNOK,pPOK,UTF8|P:3	str	NOK,POK,pNOK,pPOK,UTF8|P:3
f3	NOK,POK,pNOK,pPOK,UTF8|P:3	utf8	NOK,POK,pNOK,pPOK,UTF8|P:3
f3	NOK,POK,pNOK,pPOK,UTF8|P:4	add	IOK,NOK,POK,pIOK,pNOK,pPOK,UTF8|P:4
f3	NOK,POK,pNOK,pPOK,UTF8|P:4	bors	IOK,NOK,POK,pIOK,pNOK,pPOK,UTF8|P:4
f3	NOK,POK,pNOK,pPOK,UTF8|P:4	cat0	POK,pPOK,UTF8|P:4
f3	NOK,POK,pNOK,pPOK,UTF8|P:4	catx	POK,pPOK,UTF8|P:4x
f3	NOK,POK,pNOK,pPOK,UTF8|P:4	copy	NOK,POK,pNOK,pPOK,UTF8|P:4
f3	NOK,POK,pNOK,pPOK,UTF8|P:4	dec	NOK,pNOK|N:3
f3	NOK,POK,pNOK,pPOK,UTF8|P:4	fbors	NOK,POK,pNOK,pPOK,UTF8|P:4
f3	NOK,POK,pNOK,pPOK,UTF8|P:4	inc	IOK,pIOK|N:5
f3	NOK,POK,pNOK,pPOK,UTF8|P:4	iv	IOK,NOK,POK,pIOK,pNOK,pPOK,UTF8|P:4
f3	NOK,POK,pNOK,pPOK,UTF8|P:4	nv	NOK,POK,pNOK,pPOK,UTF8|P:4
f3	NOK,POK,pNOK,pPOK,UTF8|P:4	rng	IOK,NOK,POK,pIOK,pNOK,pPOK,UTF8|P:4
f3	NOK,POK,pNOK,pPOK,UTF8|P:4	str	NOK,POK,pNOK,pPOK,UTF8|P:4
f3	NOK,POK,pNOK,pPOK,UTF8|P:4	utf8	NOK,POK,pNOK,pPOK,UTF8|P:4
f3	NOK,POK,pNOK,pPOK|P:2	add	IOK,NOK,POK,pIOK,pNOK,pPOK|P:2
f3	NOK,POK,pNOK,pPOK|P:2	bors	IOK,NOK,POK,pIOK,pNOK,pPOK|P:2
f3	NOK,POK,pNOK,pPOK|P:2	cat0	POK,pPOK|P:2
f3	NOK,POK,pNOK,pPOK|P:2	catx	POK,pPOK|P:2x
f3	NOK,POK,pNOK,pPOK|P:2	copy	NOK,POK,pNOK,pPOK|P:2
f3	NOK,POK,pNOK,pPOK|P:2	dec	NOK,pNOK|N:1
f3	NOK,POK,pNOK,pPOK|P:2	fbors	NOK,POK,pNOK,pPOK|P:2
f3	NOK,POK,pNOK,pPOK|P:2	inc	IOK,pIOK|N:3
f3	NOK,POK,pNOK,pPOK|P:2	iv	IOK,NOK,POK,pIOK,pNOK,pPOK|P:2
f3	NOK,POK,pNOK,pPOK|P:2	nv	NOK,POK,pNOK,pPOK|P:2
f3	NOK,POK,pNOK,pPOK|P:2	rng	IOK,NOK,POK,pIOK,pNOK,pPOK|P:2
f3	NOK,POK,pNOK,pPOK|P:2	str	NOK,POK,pNOK,pPOK|P:2
f3	NOK,POK,pNOK,pPOK|P:2	utf8	NOK,POK,pNOK,pPOK,UTF8|P:2
f3	NOK,POK,pNOK,pPOK|P:3	add	IOK,NOK,POK,pIOK,pNOK,pPOK|P:3
f3	NOK,POK,pNOK,pPOK|P:3	bors	IOK,NOK,POK,pIOK,pNOK,pPOK|P:3
f3	NOK,POK,pNOK,pPOK|P:3	cat0	POK,pPOK|P:3
f3	NOK,POK,pNOK,pPOK|P:3	catx	POK,pPOK|P:3x
f3	NOK,POK,pNOK,pPOK|P:3	copy	NOK,POK,pNOK,pPOK|P:3
f3	NOK,POK,pNOK,pPOK|P:3	dec	NOK,pNOK|N:2
f3	NOK,POK,pNOK,pPOK|P:3	fbors	NOK,POK,pNOK,pPOK|P:3
f3	NOK,POK,pNOK,pPOK|P:3	inc	IOK,pIOK|N:4
f3	NOK,POK,pNOK,pPOK|P:3	iv	IOK,NOK,POK,pIOK,pNOK,pPOK|P:3
f3	NOK,POK,pNOK,pPOK|P:3	nv	NOK,POK,pNOK,pPOK|P:3
f3	NOK,POK,pNOK,pPOK|P:3	rng	IOK,NOK,POK,pIOK,pNOK,pPOK|P:3
f3	NOK,POK,pNOK,pPOK|P:3	str	NOK,POK,pNOK,pPOK|P:3
f3	NOK,POK,pNOK,pPOK|P:3	utf8	NOK,POK,pNOK,pPOK,UTF8|P:3
f3	NOK,POK,pNOK,pPOK|P:4	add	IOK,NOK,POK,pIOK,pNOK,pPOK|P:4
f3	NOK,POK,pNOK,pPOK|P:4	bors	IOK,NOK,POK,pIOK,pNOK,pPOK|P:4
f3	NOK,POK,pNOK,pPOK|P:4	cat0	POK,pPOK|P:4
f3	NOK,POK,pNOK,pPOK|P:4	catx	POK,pPOK|P:4x
f3	NOK,POK,pNOK,pPOK|P:4	copy	NOK,POK,pNOK,pPOK|P:4
f3	NOK,POK,pNOK,pPOK|P:4	dec	NOK,pNOK|N:3
f3	NOK,POK,pNOK,pPOK|P:4	fbors	NOK,POK,pNOK,pPOK|P:4
f3	NOK,POK,pNOK,pPOK|P:4	inc	IOK,pIOK|N:5
f3	NOK,POK,pNOK,pPOK|P:4	iv	IOK,NOK,POK,pIOK,pNOK,pPOK|P:4
f3	NOK,POK,pNOK,pPOK|P:4	nv	NOK,POK,pNOK,pPOK|P:4
f3	NOK,POK,pNOK,pPOK|P:4	rng	IOK,NOK,POK,pIOK,pNOK,pPOK|P:4
f3	NOK,POK,pNOK,pPOK|P:4	str	NOK,POK,pNOK,pPOK|P:4
f3	NOK,POK,pNOK,pPOK|P:4	utf8	NOK,POK,pNOK,pPOK,UTF8|P:4
f3	NOK,pNOK|N:0	add	IOK,NOK,pIOK,pNOK|N:0
f3	NOK,pNOK|N:0	bors	IOK,NOK,pIOK,pNOK|N:0
f3	NOK,pNOK|N:0	cat0	POK,pPOK|P:0
f3	NOK,pNOK|N:0	catx	POK,pPOK|P:0x
f3	NOK,pNOK|N:0	copy	NOK,pNOK|N:0
f3	NOK,pNOK|N:0	dec	NOK,pNOK|N:-1
f3	NOK,pNOK|N:0	fbors	NOK,pNOK|N:0
f3	NOK,pNOK|N:0	inc	IOK,pIOK|N:1
f3	NOK,pNOK|N:0	iv	IOK,NOK,pIOK,pNOK|N:0
f3	NOK,pNOK|N:0	nv	NOK,pNOK|N:0
f3	NOK,pNOK|N:0	rng	IOK,NOK,pIOK,pNOK|N:0
f3	NOK,pNOK|N:0	str	NOK,pNOK|N:0
f3	NOK,pNOK|N:0	utf8	POK,pPOK,UTF8|P:0
f3	NOK,pNOK|N:1	add	IOK,NOK,pIOK,pNOK|N:1
f3	NOK,pNOK|N:1	bors	IOK,NOK,pIOK,pNOK|N:1
f3	NOK,pNOK|N:1	cat0	POK,pPOK|P:1
f3	NOK,pNOK|N:1	catx	POK,pPOK|P:1x
f3	NOK,pNOK|N:1	copy	NOK,pNOK|N:1
f3	NOK,pNOK|N:1	dec	NOK,pNOK|N:0
f3	NOK,pNOK|N:1	fbors	NOK,pNOK|N:1
f3	NOK,pNOK|N:1	inc	IOK,pIOK|N:2
f3	NOK,pNOK|N:1	iv	IOK,NOK,pIOK,pNOK|N:1
f3	NOK,pNOK|N:1	nv	NOK,pNOK|N:1
f3	NOK,pNOK|N:1	rng	IOK,NOK,pIOK,pNOK|N:1
f3	NOK,pNOK|N:1	str	NOK,pNOK|N:1
f3	NOK,pNOK|N:1	utf8	POK,pPOK,UTF8|P:1
f3	NOK,pNOK|N:2	add	IOK,NOK,pIOK,pNOK|N:2
f3	NOK,pNOK|N:2	bors	IOK,NOK,pIOK,pNOK|N:2
f3	NOK,pNOK|N:2	cat0	POK,pPOK|P:2
f3	NOK,pNOK|N:2	catx	POK,pPOK|P:2x
f3	NOK,pNOK|N:2	copy	NOK,pNOK|N:2
f3	NOK,pNOK|N:2	dec	NOK,pNOK|N:1
f3	NOK,pNOK|N:2	fbors	NOK,pNOK|N:2
f3	NOK,pNOK|N:2	inc	IOK,pIOK|N:3
f3	NOK,pNOK|N:2	iv	IOK,NOK,pIOK,pNOK|N:2
f3	NOK,pNOK|N:2	nv	NOK,pNOK|N:2
f3	NOK,pNOK|N:2	rng	IOK,NOK,pIOK,pNOK|N:2
f3	NOK,pNOK|N:2	str	NOK,pNOK|N:2
f3	NOK,pNOK|N:2	utf8	POK,pPOK,UTF8|P:2
f3	NOK,pNOK|N:3	add	IOK,NOK,pIOK,pNOK|N:3
f3	NOK,pNOK|N:3	bors	IOK,NOK,pIOK,pNOK|N:3
f3	NOK,pNOK|N:3	cat0	POK,pPOK|P:3
f3	NOK,pNOK|N:3	catx	POK,pPOK|P:3x
f3	NOK,pNOK|N:3	copy	NOK,pNOK|N:3
f3	NOK,pNOK|N:3	dec	NOK,pNOK|N:2
f3	NOK,pNOK|N:3	fbors	NOK,pNOK|N:3
f3	NOK,pNOK|N:3	inc	IOK,pIOK|N:4
f3	NOK,pNOK|N:3	iv	IOK,NOK,pIOK,pNOK|N:3
f3	NOK,pNOK|N:3	nv	NOK,pNOK|N:3
f3	NOK,pNOK|N:3	rng	IOK,NOK,pIOK,pNOK|N:3
f3	NOK,pNOK|N:3	str	NOK,pNOK|N:3
f3	NOK,pNOK|N:3	utf8	POK,pPOK,UTF8|P:3
f3	NOK,pNOK|N:4	add	IOK,NOK,pIOK,pNOK|N:4
f3	NOK,pNOK|N:4	bors	IOK,NOK,pIOK,pNOK|N:4
f3	NOK,pNOK|N:4	cat0	POK,pPOK|P:4
f3	NOK,pNOK|N:4	catx	POK,pPOK|P:4x
f3	NOK,pNOK|N:4	copy	NOK,pNOK|N:4
f3	NOK,pNOK|N:4	dec	NOK,pNOK|N:3
f3	NOK,pNOK|N:4	fbors	NOK,pNOK|N:4
f3	NOK,pNOK|N:4	inc	IOK,pIOK|N:5
f3	NOK,pNOK|N:4	iv	IOK,NOK,pIOK,pNOK|N:4
f3	NOK,pNOK|N:4	nv	NOK,pNOK|N:4
f3	NOK,pNOK|N:4	rng	IOK,NOK,pIOK,pNOK|N:4
f3	NOK,pNOK|N:4	str	NOK,pNOK|N:4
f3	NOK,pNOK|N:4	utf8	POK,pPOK,UTF8|P:4
f3	NOK,pNOK|N:5	add	IOK,NOK,pIOK,pNOK|N:5
f3	NOK,pNOK|N:5	bors	IOK,NOK,pIOK,pNOK|N:5
f3	NOK,pNOK|N:5	cat0	POK,pPOK|P:5
f3	NOK,pNOK|N:5	catx	POK,pPOK|P:5x
f3	NOK,pNOK|N:5	copy	NOK,pNOK|N:5
f3	NOK,pNOK|N:5	dec	NOK,pNOK|N:4
f3	NOK,pNOK|N:5	fbors	NOK,pNOK|N:5
f3	NOK,pNOK|N:5	inc	IOK,pIOK|N:6
f3	NOK,pNOK|N:5	iv	IOK,NOK,pIOK,pNOK|N:5
f3	NOK,pNOK|N:5	nv	NOK,pNOK|N:5
f3	NOK,pNOK|N:5	rng	IOK,NOK,pIOK,pNOK|N:5
f3	NOK,pNOK|N:5	str	NOK,pNOK|N:5
f3	NOK,pNOK|N:5	utf8	POK,pPOK,UTF8|P:5
f3	POK,pIOK,pNOK,pPOK,UTF8|P:3x	add	POK,pIOK,pNOK,pPOK,UTF8|P:3x
f3	POK,pIOK,pNOK,pPOK,UTF8|P:3x	bors	POK,pIOK,pNOK,pPOK,UTF8|P:3x
f3	POK,pIOK,pNOK,pPOK,UTF8|P:3x	cat0	POK,pIOK,pNOK,pPOK,UTF8|P:3x
f3	POK,pIOK,pNOK,pPOK,UTF8|P:3x	catx	POK,pIOK,pNOK,pPOK,UTF8|P:3xx
f3	POK,pIOK,pNOK,pPOK,UTF8|P:3x	copy	POK,pIOK,pNOK,pPOK,UTF8|P:3x
f3	POK,pIOK,pNOK,pPOK,UTF8|P:3x	dec	NOK,pNOK|N:2
f3	POK,pIOK,pNOK,pPOK,UTF8|P:3x	fbors	POK,pIOK,pNOK,pPOK,UTF8|P:3x
f3	POK,pIOK,pNOK,pPOK,UTF8|P:3x	inc	NOK,pNOK|N:4
f3	POK,pIOK,pNOK,pPOK,UTF8|P:3x	iv	POK,pIOK,pNOK,pPOK,UTF8|P:3x
f3	POK,pIOK,pNOK,pPOK,UTF8|P:3x	nv	POK,pIOK,pNOK,pPOK,UTF8|P:3x
f3	POK,pIOK,pNOK,pPOK,UTF8|P:3x	rng	POK,pIOK,pNOK,pPOK,UTF8|P:3x
f3	POK,pIOK,pNOK,pPOK,UTF8|P:3x	str	POK,pIOK,pNOK,pPOK,UTF8|P:3x
f3	POK,pIOK,pNOK,pPOK,UTF8|P:3x	utf8	POK,pIOK,pNOK,pPOK,UTF8|P:3x
f3	POK,pIOK,pNOK,pPOK|P:2x	add	POK,pIOK,pNOK,pPOK|P:2x
f3	POK,pIOK,pNOK,pPOK|P:2x	bors	POK,pIOK,pNOK,pPOK|P:2x
f3	POK,pIOK,pNOK,pPOK|P:2x	cat0	POK,pIOK,pNOK,pPOK|P:2x
f3	POK,pIOK,pNOK,pPOK|P:2x	catx	POK,pIOK,pNOK,pPOK|P:2xx
f3	POK,pIOK,pNOK,pPOK|P:2x	copy	POK,pIOK,pNOK,pPOK|P:2x
f3	POK,pIOK,pNOK,pPOK|P:2x	dec	NOK,pNOK|N:1
f3	POK,pIOK,pNOK,pPOK|P:2x	fbors	POK,pIOK,pNOK,pPOK|P:2x
f3	POK,pIOK,pNOK,pPOK|P:2x	inc	NOK,pNOK|N:3
f3	POK,pIOK,pNOK,pPOK|P:2x	iv	POK,pIOK,pNOK,pPOK|P:2x
f3	POK,pIOK,pNOK,pPOK|P:2x	nv	POK,pIOK,pNOK,pPOK|P:2x
f3	POK,pIOK,pNOK,pPOK|P:2x	rng	POK,pIOK,pNOK,pPOK|P:2x
f3	POK,pIOK,pNOK,pPOK|P:2x	str	POK,pIOK,pNOK,pPOK|P:2x
f3	POK,pIOK,pNOK,pPOK|P:2x	utf8	POK,pIOK,pNOK,pPOK,UTF8|P:2x
f3	POK,pIOK,pNOK,pPOK|P:3x	add	POK,pIOK,pNOK,pPOK|P:3x
f3	POK,pIOK,pNOK,pPOK|P:3x	bors	POK,pIOK,pNOK,pPOK|P:3x
f3	POK,pIOK,pNOK,pPOK|P:3x	cat0	POK,pIOK,pNOK,pPOK|P:3x
f3	POK,pIOK,pNOK,pPOK|P:3x	catx	POK,pIOK,pNOK,pPOK|P:3xx
f3	POK,pIOK,pNOK,pPOK|P:3x	copy	POK,pIOK,pNOK,pPOK|P:3x
f3	POK,pIOK,pNOK,pPOK|P:3x	dec	NOK,pNOK|N:2
f3	POK,pIOK,pNOK,pPOK|P:3x	fbors	POK,pIOK,pNOK,pPOK|P:3x
f3	POK,pIOK,pNOK,pPOK|P:3x	inc	NOK,pNOK|N:4
f3	POK,pIOK,pNOK,pPOK|P:3x	iv	POK,pIOK,pNOK,pPOK|P:3x
f3	POK,pIOK,pNOK,pPOK|P:3x	nv	POK,pIOK,pNOK,pPOK|P:3x
f3	POK,pIOK,pNOK,pPOK|P:3x	rng	POK,pIOK,pNOK,pPOK|P:3x
f3	POK,pIOK,pNOK,pPOK|P:3x	str	POK,pIOK,pNOK,pPOK|P:3x
f3	POK,pIOK,pNOK,pPOK|P:3x	utf8	POK,pIOK,pNOK,pPOK,UTF8|P:3x
f3	POK,pIOK,pNOK,pPOK|P:3xx	add	POK,pIOK,pNOK,pPOK|P:3xx
f3	POK,pIOK,pNOK,pPOK|P:3xx	bors	POK,pIOK,pNOK,pPOK|P:3xx
f3	POK,pIOK,pNOK,pPOK|P:3xx	cat0	POK,pIOK,pNOK,pPOK|P:3xx
f3	POK,pIOK,pNOK,pPOK|P:3xx	catx	POK,pIOK,pNOK,pPOK|P:3xxx
f3	POK,pIOK,pNOK,pPOK|P:3xx	copy	POK,pIOK,pNOK,pPOK|P:3xx
f3	POK,pIOK,pNOK,pPOK|P:3xx	dec	NOK,pNOK|N:2
f3	POK,pIOK,pNOK,pPOK|P:3xx	fbors	POK,pIOK,pNOK,pPOK|P:3xx
f3	POK,pIOK,pNOK,pPOK|P:3xx	inc	NOK,pNOK|N:4
f3	POK,pIOK,pNOK,pPOK|P:3xx	iv	POK,pIOK,pNOK,pPOK|P:3xx
f3	POK,pIOK,pNOK,pPOK|P:3xx	nv	POK,pIOK,pNOK,pPOK|P:3xx
f3	POK,pIOK,pNOK,pPOK|P:3xx	rng	POK,pIOK,pNOK,pPOK|P:3xx
f3	POK,pIOK,pNOK,pPOK|P:3xx	str	POK,pIOK,pNOK,pPOK|P:3xx
f3	POK,pIOK,pNOK,pPOK|P:3xx	utf8	POK,pIOK,pNOK,pPOK,UTF8|P:3xx
f3	POK,pIOK,pNOK,pPOK|P:4x	add	POK,pIOK,pNOK,pPOK|P:4x
f3	POK,pIOK,pNOK,pPOK|P:4x	bors	POK,pIOK,pNOK,pPOK|P:4x
f3	POK,pIOK,pNOK,pPOK|P:4x	cat0	POK,pIOK,pNOK,pPOK|P:4x
f3	POK,pIOK,pNOK,pPOK|P:4x	catx	POK,pIOK,pNOK,pPOK|P:4xx
f3	POK,pIOK,pNOK,pPOK|P:4x	copy	POK,pIOK,pNOK,pPOK|P:4x
f3	POK,pIOK,pNOK,pPOK|P:4x	dec	NOK,pNOK|N:3
f3	POK,pIOK,pNOK,pPOK|P:4x	fbors	POK,pIOK,pNOK,pPOK|P:4x
f3	POK,pIOK,pNOK,pPOK|P:4x	inc	NOK,pNOK|N:5
f3	POK,pIOK,pNOK,pPOK|P:4x	iv	POK,pIOK,pNOK,pPOK|P:4x
f3	POK,pIOK,pNOK,pPOK|P:4x	nv	POK,pIOK,pNOK,pPOK|P:4x
f3	POK,pIOK,pNOK,pPOK|P:4x	rng	POK,pIOK,pNOK,pPOK|P:4x
f3	POK,pIOK,pNOK,pPOK|P:4x	str	POK,pIOK,pNOK,pPOK|P:4x
f3	POK,pIOK,pNOK,pPOK|P:4x	utf8	POK,pIOK,pNOK,pPOK,UTF8|P:4x
f3	POK,pNOK,pPOK,UTF8|P:3x	add	POK,pIOK,pNOK,pPOK,UTF8|P:3x
f3	POK,pNOK,pPOK,UTF8|P:3x	bors	POK,pIOK,pNOK,pPOK,UTF8|P:3x
f3	POK,pNOK,pPOK,UTF8|P:3x	cat0	POK,pNOK,pPOK,UTF8|P:3x
f3	POK,pNOK,pPOK,UTF8|P:3x	catx	POK,pNOK,pPOK,UTF8|P:3xx
f3	POK,pNOK,pPOK,UTF8|P:3x	copy	POK,pNOK,pPOK,UTF8|P:3x
f3	POK,pNOK,pPOK,UTF8|P:3x	dec	NOK,pNOK|N:2
f3	POK,pNOK,pPOK,UTF8|P:3x	fbors	POK,pNOK,pPOK,UTF8|P:3x
f3	POK,pNOK,pPOK,UTF8|P:3x	inc	NOK,pNOK|N:4
f3	POK,pNOK,pPOK,UTF8|P:3x	iv	POK,pIOK,pNOK,pPOK,UTF8|P:3x
f3	POK,pNOK,pPOK,UTF8|P:3x	nv	POK,pNOK,pPOK,UTF8|P:3x
f3	POK,pNOK,pPOK,UTF8|P:3x	rng	POK,pIOK,pNOK,pPOK,UTF8|P:3x
f3	POK,pNOK,pPOK,UTF8|P:3x	str	POK,pNOK,pPOK,UTF8|P:3x
f3	POK,pNOK,pPOK,UTF8|P:3x	utf8	POK,pNOK,pPOK,UTF8|P:3x
f3	POK,pNOK,pPOK|P:2x	add	POK,pIOK,pNOK,pPOK|P:2x
f3	POK,pNOK,pPOK|P:2x	bors	POK,pIOK,pNOK,pPOK|P:2x
f3	POK,pNOK,pPOK|P:2x	cat0	POK,pNOK,pPOK|P:2x
f3	POK,pNOK,pPOK|P:2x	catx	POK,pNOK,pPOK|P:2xx
f3	POK,pNOK,pPOK|P:2x	copy	POK,pNOK,pPOK|P:2x
f3	POK,pNOK,pPOK|P:2x	dec	NOK,pNOK|N:1
f3	POK,pNOK,pPOK|P:2x	fbors	POK,pNOK,pPOK|P:2x
f3	POK,pNOK,pPOK|P:2x	inc	NOK,pNOK|N:3
f3	POK,pNOK,pPOK|P:2x	iv	POK,pIOK,pNOK,pPOK|P:2x
f3	POK,pNOK,pPOK|P:2x	nv	POK,pNOK,pPOK|P:2x
f3	POK,pNOK,pPOK|P:2x	rng	POK,pIOK,pNOK,pPOK|P:2x
f3	POK,pNOK,pPOK|P:2x	str	POK,pNOK,pPOK|P:2x
f3	POK,pNOK,pPOK|P:2x	utf8	POK,pNOK,pPOK,UTF8|P:2x
f3	POK,pNOK,pPOK|P:3x	add	POK,pIOK,pNOK,pPOK|P:3x
f3	POK,pNOK,pPOK|P:3x	bors	POK,pIOK,pNOK,pPOK|P:3x
f3	POK,pNOK,pPOK|P:3x	cat0	POK,pNOK,pPOK|P:3x
f3	POK,pNOK,pPOK|P:3x	catx	POK,pNOK,pPOK|P:3xx
f3	POK,pNOK,pPOK|P:3x	copy	POK,pNOK,pPOK|P:3x
f3	POK,pNOK,pPOK|P:3x	dec	NOK,pNOK|N:2
f3	POK,pNOK,pPOK|P:3x	fbors	POK,pNOK,pPOK|P:3x
f3	POK,pNOK,pPOK|P:3x	inc	NOK,pNOK|N:4
f3	POK,pNOK,pPOK|P:3x	iv	POK,pIOK,pNOK,pPOK|P:3x
f3	POK,pNOK,pPOK|P:3x	nv	POK,pNOK,pPOK|P:3x
f3	POK,pNOK,pPOK|P:3x	rng	POK,pIOK,pNOK,pPOK|P:3x
f3	POK,pNOK,pPOK|P:3x	str	POK,pNOK,pPOK|P:3x
f3	POK,pNOK,pPOK|P:3x	utf8	POK,pNOK,pPOK,UTF8|P:3x
f3	POK,pNOK,pPOK|P:3xx	add	POK,pIOK,pNOK,pPOK|P:3xx
f3	POK,pNOK,pPOK|P:3xx	bors	POK,pIOK,pNOK,pPOK|P:3xx
f3	POK,pNOK,pPOK|P:3xx	cat0	POK,pNOK,pPOK|P:3xx
f3	POK,pNOK,pPOK|P:3xx	catx	POK,pNOK,pPOK|P:3xxx
f3	POK,pNOK,pPOK|P:3xx	copy	POK,pNOK,pPOK|P:3xx
f3	POK,pNOK,pPOK|P:3xx	dec	NOK,pNOK|N:2
f3	POK,pNOK,pPOK|P:3xx	fbors	POK,pNOK,pPOK|P:3xx
f3	POK,pNOK,pPOK|P:3xx	inc	NOK,pNOK|N:4
f3	POK,pNOK,pPOK|P:3xx	iv	POK,pIOK,pNOK,pPOK|P:3xx
f3	POK,pNOK,pPOK|P:3xx	nv	POK,pNOK,pPOK|P:3xx
f3	POK,pNOK,pPOK|P:3xx	rng	POK,pIOK,pNOK,pPOK|P:3xx
f3	POK,pNOK,pPOK|P:3xx	str	POK,pNOK,pPOK|P:3xx
f3	POK,pNOK,pPOK|P:3xx	utf8	POK,pNOK,pPOK,UTF8|P:3xx
f3	POK,pNOK,pPOK|P:4x	add	POK,pIOK,pNOK,pPOK|P:4x
f3	POK,pNOK,pPOK|P:4x	bors	POK,pIOK,pNOK,pPOK|P:4x
f3	POK,pNOK,pPOK|P:4x	cat0	POK,pNOK,pPOK|P:4x
f3	POK,pNOK,pPOK|P:4x	catx	POK,pNOK,pPOK|P:4xx
f3	POK,pNOK,pPOK|P:4x	copy	POK,pNOK,pPOK|P:4x
f3	POK,pNOK,pPOK|P:4x	dec	NOK,pNOK|N:3
f3	POK,pNOK,pPOK|P:4x	fbors	POK,pNOK,pPOK|P:4x
f3	POK,pNOK,pPOK|P:4x	inc	NOK,pNOK|N:5
f3	POK,pNOK,pPOK|P:4x	iv	POK,pIOK,pNOK,pPOK|P:4x
f3	POK,pNOK,pPOK|P:4x	nv	POK,pNOK,pPOK|P:4x
f3	POK,pNOK,pPOK|P:4x	rng	POK,pIOK,pNOK,pPOK|P:4x
f3	POK,pNOK,pPOK|P:4x	str	POK,pNOK,pPOK|P:4x
f3	POK,pNOK,pPOK|P:4x	utf8	POK,pNOK,pPOK,UTF8|P:4x
f3	POK,pPOK,UTF8|P:1	add	IOK,POK,pIOK,pPOK,UTF8|P:1
f3	POK,pPOK,UTF8|P:1	bors	POK,pPOK,UTF8|P:1
f3	POK,pPOK,UTF8|P:1	cat0	POK,pPOK,UTF8|P:1
f3	POK,pPOK,UTF8|P:1	catx	POK,pPOK,UTF8|P:1x
f3	POK,pPOK,UTF8|P:1	copy	POK,pPOK,UTF8|P:1
f3	POK,pPOK,UTF8|P:1	dec	IOK,pIOK|N:0
f3	POK,pPOK,UTF8|P:1	fbors	POK,pPOK,UTF8|P:1
f3	POK,pPOK,UTF8|P:1	inc	POK,pPOK,UTF8|P:2
f3	POK,pPOK,UTF8|P:1	iv	IOK,POK,pIOK,pPOK,UTF8|P:1
f3	POK,pPOK,UTF8|P:1	nv	NOK,POK,pNOK,pPOK,UTF8|P:1
f3	POK,pPOK,UTF8|P:1	rng	IOK,NOK,POK,pIOK,pNOK,pPOK,UTF8|P:1
f3	POK,pPOK,UTF8|P:1	str	POK,pPOK,UTF8|P:1
f3	POK,pPOK,UTF8|P:1	utf8	POK,pPOK,UTF8|P:1
f3	POK,pPOK,UTF8|P:2	add	IOK,POK,pIOK,pPOK,UTF8|P:2
f3	POK,pPOK,UTF8|P:2	bors	POK,pPOK,UTF8|P:2
f3	POK,pPOK,UTF8|P:2	cat0	POK,pPOK,UTF8|P:2
f3	POK,pPOK,UTF8|P:2	catx	POK,pPOK,UTF8|P:2x
f3	POK,pPOK,UTF8|P:2	copy	POK,pPOK,UTF8|P:2
f3	POK,pPOK,UTF8|P:2	dec	IOK,pIOK|N:1
f3	POK,pPOK,UTF8|P:2	fbors	POK,pPOK,UTF8|P:2
f3	POK,pPOK,UTF8|P:2	inc	POK,pPOK,UTF8|P:3
f3	POK,pPOK,UTF8|P:2	iv	IOK,POK,pIOK,pPOK,UTF8|P:2
f3	POK,pPOK,UTF8|P:2	nv	NOK,POK,pNOK,pPOK,UTF8|P:2
f3	POK,pPOK,UTF8|P:2	rng	IOK,NOK,POK,pIOK,pNOK,pPOK,UTF8|P:2
f3	POK,pPOK,UTF8|P:2	str	POK,pPOK,UTF8|P:2
f3	POK,pPOK,UTF8|P:2	utf8	POK,pPOK,UTF8|P:2
f3	POK,pPOK,UTF8|P:2x	add	POK,pIOK,pNOK,pPOK,UTF8|P:2x
f3	POK,pPOK,UTF8|P:2x	bors	POK,pPOK,UTF8|P:2x
f3	POK,pPOK,UTF8|P:2x	cat0	POK,pPOK,UTF8|P:2x
f3	POK,pPOK,UTF8|P:2x	catx	POK,pPOK,UTF8|P:2xx
f3	POK,pPOK,UTF8|P:2x	copy	POK,pPOK,UTF8|P:2x
f3	POK,pPOK,UTF8|P:2x	dec	NOK,pNOK|N:1
f3	POK,pPOK,UTF8|P:2x	fbors	POK,pPOK,UTF8|P:2x
f3	POK,pPOK,UTF8|P:2x	inc	NOK,pNOK|N:3
f3	POK,pPOK,UTF8|P:2x	iv	POK,pIOK,pNOK,pPOK,UTF8|P:2x
f3	POK,pPOK,UTF8|P:2x	nv	POK,pNOK,pPOK,UTF8|P:2x
f3	POK,pPOK,UTF8|P:2x	rng	POK,pPOK,UTF8|P:2x
f3	POK,pPOK,UTF8|P:2x	str	POK,pPOK,UTF8|P:2x
f3	POK,pPOK,UTF8|P:2x	utf8	POK,pPOK,UTF8|P:2x
f3	POK,pPOK,UTF8|P:3	add	IOK,POK,pIOK,pPOK,UTF8|P:3
f3	POK,pPOK,UTF8|P:3	bors	POK,pPOK,UTF8|P:3
f3	POK,pPOK,UTF8|P:3	cat0	POK,pPOK,UTF8|P:3
f3	POK,pPOK,UTF8|P:3	catx	POK,pPOK,UTF8|P:3x
f3	POK,pPOK,UTF8|P:3	copy	POK,pPOK,UTF8|P:3
f3	POK,pPOK,UTF8|P:3	dec	IOK,pIOK|N:2
f3	POK,pPOK,UTF8|P:3	fbors	POK,pPOK,UTF8|P:3
f3	POK,pPOK,UTF8|P:3	inc	POK,pPOK,UTF8|P:4
f3	POK,pPOK,UTF8|P:3	iv	IOK,POK,pIOK,pPOK,UTF8|P:3
f3	POK,pPOK,UTF8|P:3	nv	NOK,POK,pNOK,pPOK,UTF8|P:3
f3	POK,pPOK,UTF8|P:3	rng	IOK,NOK,POK,pIOK,pNOK,pPOK,UTF8|P:3
f3	POK,pPOK,UTF8|P:3	str	POK,pPOK,UTF8|P:3
f3	POK,pPOK,UTF8|P:3	utf8	POK,pPOK,UTF8|P:3
f3	POK,pPOK,UTF8|P:3x	add	POK,pIOK,pNOK,pPOK,UTF8|P:3x
f3	POK,pPOK,UTF8|P:3x	bors	POK,pPOK,UTF8|P:3x
f3	POK,pPOK,UTF8|P:3x	cat0	POK,pPOK,UTF8|P:3x
f3	POK,pPOK,UTF8|P:3x	catx	POK,pPOK,UTF8|P:3xx
f3	POK,pPOK,UTF8|P:3x	copy	POK,pPOK,UTF8|P:3x
f3	POK,pPOK,UTF8|P:3x	dec	NOK,pNOK|N:2
f3	POK,pPOK,UTF8|P:3x	fbors	POK,pPOK,UTF8|P:3x
f3	POK,pPOK,UTF8|P:3x	inc	NOK,pNOK|N:4
f3	POK,pPOK,UTF8|P:3x	iv	POK,pIOK,pNOK,pPOK,UTF8|P:3x
f3	POK,pPOK,UTF8|P:3x	nv	POK,pNOK,pPOK,UTF8|P:3x
f3	POK,pPOK,UTF8|P:3x	rng	POK,pPOK,UTF8|P:3x
f3	POK,pPOK,UTF8|P:3x	str	POK,pPOK,UTF8|P:3x
f3	POK,pPOK,UTF8|P:3x	utf8	POK,pPOK,UTF8|P:3x
f3	POK,pPOK,UTF8|P:3xx	add	POK,pIOK,pNOK,pPOK,UTF8|P:3xx
f3	POK,pPOK,UTF8|P:3xx	bors	POK,pPOK,UTF8|P:3xx
f3	POK,pPOK,UTF8|P:3xx	cat0	POK,pPOK,UTF8|P:3xx
f3	POK,pPOK,UTF8|P:3xx	catx	POK,pPOK,UTF8|P:3xxx
f3	POK,pPOK,UTF8|P:3xx	copy	POK,pPOK,UTF8|P:3xx
f3	POK,pPOK,UTF8|P:3xx	dec	NOK,pNOK|N:2
f3	POK,pPOK,UTF8|P:3xx	fbors	POK,pPOK,UTF8|P:3xx
f3	POK,pPOK,UTF8|P:3xx	inc	NOK,pNOK|N:4
f3	POK,pPOK,UTF8|P:3xx	iv	POK,pIOK,pNOK,pPOK,UTF8|P:3xx
f3	POK,pPOK,UTF8|P:3xx	nv	POK,pNOK,pPOK,UTF8|P:3xx
f3	POK,pPOK,UTF8|P:3xx	rng	POK,pPOK,UTF8|P:3xx
f3	POK,pPOK,UTF8|P:3xx	str	POK,pPOK,UTF8|P:3xx
f3	POK,pPOK,UTF8|P:3xx	utf8	POK,pPOK,UTF8|P:3xx
f3	POK,pPOK,UTF8|P:4	add	IOK,POK,pIOK,pPOK,UTF8|P:4
f3	POK,pPOK,UTF8|P:4	bors	POK,pPOK,UTF8|P:4
f3	POK,pPOK,UTF8|P:4	cat0	POK,pPOK,UTF8|P:4
f3	POK,pPOK,UTF8|P:4	catx	POK,pPOK,UTF8|P:4x
f3	POK,pPOK,UTF8|P:4	copy	POK,pPOK,UTF8|P:4
f3	POK,pPOK,UTF8|P:4	dec	IOK,pIOK|N:3
f3	POK,pPOK,UTF8|P:4	fbors	POK,pPOK,UTF8|P:4
f3	POK,pPOK,UTF8|P:4	inc	POK,pPOK,UTF8|P:5
f3	POK,pPOK,UTF8|P:4	iv	IOK,POK,pIOK,pPOK,UTF8|P:4
f3	POK,pPOK,UTF8|P:4	nv	NOK,POK,pNOK,pPOK,UTF8|P:4
f3	POK,pPOK,UTF8|P:4	rng	IOK,NOK,POK,pIOK,pNOK,pPOK,UTF8|P:4
f3	POK,pPOK,UTF8|P:4	str	POK,pPOK,UTF8|P:4
f3	POK,pPOK,UTF8|P:4	utf8	POK,pPOK,UTF8|P:4
f3	POK,pPOK,UTF8|P:4x	add	POK,pIOK,pNOK,pPOK,UTF8|P:4x
f3	POK,pPOK,UTF8|P:4x	bors	POK,pPOK,UTF8|P:4x
f3	POK,pPOK,UTF8|P:4x	cat0	POK,pPOK,UTF8|P:4x
f3	POK,pPOK,UTF8|P:4x	catx	POK,pPOK,UTF8|P:4xx
f3	POK,pPOK,UTF8|P:4x	copy	POK,pPOK,UTF8|P:4x
f3	POK,pPOK,UTF8|P:4x	dec	NOK,pNOK|N:3
f3	POK,pPOK,UTF8|P:4x	fbors	POK,pPOK,UTF8|P:4x
f3	POK,pPOK,UTF8|P:4x	inc	NOK,pNOK|N:5
f3	POK,pPOK,UTF8|P:4x	iv	POK,pIOK,pNOK,pPOK,UTF8|P:4x
f3	POK,pPOK,UTF8|P:4x	nv	POK,pNOK,pPOK,UTF8|P:4x
f3	POK,pPOK,UTF8|P:4x	rng	POK,pPOK,UTF8|P:4x
f3	POK,pPOK,UTF8|P:4x	str	POK,pPOK,UTF8|P:4x
f3	POK,pPOK,UTF8|P:4x	utf8	POK,pPOK,UTF8|P:4x
f3	POK,pPOK,UTF8|P:5	add	IOK,POK,pIOK,pPOK,UTF8|P:5
f3	POK,pPOK,UTF8|P:5	bors	POK,pPOK,UTF8|P:5
f3	POK,pPOK,UTF8|P:5	cat0	POK,pPOK,UTF8|P:5
f3	POK,pPOK,UTF8|P:5	catx	POK,pPOK,UTF8|P:5x
f3	POK,pPOK,UTF8|P:5	copy	POK,pPOK,UTF8|P:5
f3	POK,pPOK,UTF8|P:5	dec	IOK,pIOK|N:4
f3	POK,pPOK,UTF8|P:5	fbors	POK,pPOK,UTF8|P:5
f3	POK,pPOK,UTF8|P:5	inc	POK,pPOK,UTF8|P:6
f3	POK,pPOK,UTF8|P:5	iv	IOK,POK,pIOK,pPOK,UTF8|P:5
f3	POK,pPOK,UTF8|P:5	nv	NOK,POK,pNOK,pPOK,UTF8|P:5
f3	POK,pPOK,UTF8|P:5	rng	IOK,NOK,POK,pIOK,pNOK,pPOK,UTF8|P:5
f3	POK,pPOK,UTF8|P:5	str	POK,pPOK,UTF8|P:5
f3	POK,pPOK,UTF8|P:5	utf8	POK,pPOK,UTF8|P:5
f3	POK,pPOK|P:1	add	IOK,POK,pIOK,pPOK|P:1
f3	POK,pPOK|P:1	bors	POK,pPOK|P:1
f3	POK,pPOK|P:1	cat0	POK,pPOK|P:1
f3	POK,pPOK|P:1	catx	POK,pPOK|P:1x
f3	POK,pPOK|P:1	copy	POK,pPOK|P:1
f3	POK,pPOK|P:1	dec	IOK,pIOK|N:0
f3	POK,pPOK|P:1	fbors	POK,pPOK|P:1
f3	POK,pPOK|P:1	inc	POK,pPOK|P:2
f3	POK,pPOK|P:1	iv	IOK,POK,pIOK,pPOK|P:1
f3	POK,pPOK|P:1	nv	NOK,POK,pNOK,pPOK|P:1
f3	POK,pPOK|P:1	rng	IOK,NOK,POK,pIOK,pNOK,pPOK|P:1
f3	POK,pPOK|P:1	str	POK,pPOK|P:1
f3	POK,pPOK|P:1	utf8	POK,pPOK,UTF8|P:1
f3	POK,pPOK|P:1x	add	POK,pIOK,pNOK,pPOK|P:1x
f3	POK,pPOK|P:1x	bors	POK,pPOK|P:1x
f3	POK,pPOK|P:1x	cat0	POK,pPOK|P:1x
f3	POK,pPOK|P:1x	catx	POK,pPOK|P:1xx
f3	POK,pPOK|P:1x	copy	POK,pPOK|P:1x
f3	POK,pPOK|P:1x	dec	NOK,pNOK|N:0
f3	POK,pPOK|P:1x	fbors	POK,pPOK|P:1x
f3	POK,pPOK|P:1x	inc	NOK,pNOK|N:2
f3	POK,pPOK|P:1x	iv	POK,pIOK,pNOK,pPOK|P:1x
f3	POK,pPOK|P:1x	nv	POK,pNOK,pPOK|P:1x
f3	POK,pPOK|P:1x	rng	POK,pPOK|P:1x
f3	POK,pPOK|P:1x	str	POK,pPOK|P:1x
f3	POK,pPOK|P:1x	utf8	POK,pPOK,UTF8|P:1x
f3	POK,pPOK|P:2	add	IOK,POK,pIOK,pPOK|P:2
f3	POK,pPOK|P:2	bors	POK,pPOK|P:2
f3	POK,pPOK|P:2	cat0	POK,pPOK|P:2
f3	POK,pPOK|P:2	catx	POK,pPOK|P:2x
f3	POK,pPOK|P:2	copy	POK,pPOK|P:2
f3	POK,pPOK|P:2	dec	IOK,pIOK|N:1
f3	POK,pPOK|P:2	fbors	POK,pPOK|P:2
f3	POK,pPOK|P:2	inc	POK,pPOK|P:3
f3	POK,pPOK|P:2	iv	IOK,POK,pIOK,pPOK|P:2
f3	POK,pPOK|P:2	nv	NOK,POK,pNOK,pPOK|P:2
f3	POK,pPOK|P:2	rng	IOK,NOK,POK,pIOK,pNOK,pPOK|P:2
f3	POK,pPOK|P:2	str	POK,pPOK|P:2
f3	POK,pPOK|P:2	utf8	POK,pPOK,UTF8|P:2
f3	POK,pPOK|P:2x	add	POK,pIOK,pNOK,pPOK|P:2x
f3	POK,pPOK|P:2x	bors	POK,pPOK|P:2x
f3	POK,pPOK|P:2x	cat0	POK,pPOK|P:2x
f3	POK,pPOK|P:2x	catx	POK,pPOK|P:2xx
f3	POK,pPOK|P:2x	copy	POK,pPOK|P:2x
f3	POK,pPOK|P:2x	dec	NOK,pNOK|N:1
f3	POK,pPOK|P:2x	fbors	POK,pPOK|P:2x
f3	POK,pPOK|P:2x	inc	NOK,pNOK|N:3
f3	POK,pPOK|P:2x	iv	POK,pIOK,pNOK,pPOK|P:2x
f3	POK,pPOK|P:2x	nv	POK,pNOK,pPOK|P:2x
f3	POK,pPOK|P:2x	rng	POK,pPOK|P:2x
f3	POK,pPOK|P:2x	str	POK,pPOK|P:2x
f3	POK,pPOK|P:2x	utf8	POK,pPOK,UTF8|P:2x
f3	POK,pPOK|P:2xx	add	POK,pIOK,pNOK,pPOK|P:2xx
f3	POK,pPOK|P:2xx	bors	POK,pPOK|P:2xx
f3	POK,pPOK|P:2xx	cat0	POK,pPOK|P:2xx
f3	POK,pPOK|P:2xx	catx	POK,pPOK|P:2xxx
f3	POK,pPOK|P:2xx	copy	POK,pPOK|P:2xx
f3	POK,pPOK|P:2xx	dec	NOK,pNOK|N:1
f3	POK,pPOK|P:2xx	fbors	POK,pPOK|P:2xx
f3	POK,pPOK|P:2xx	inc	NOK,pNOK|N:3
f3	POK,pPOK|P:2xx	iv	POK,pIOK,pNOK,pPOK|P:2xx
f3	POK,pPOK|P:2xx	nv	POK,pNOK,pPOK|P:2xx
f3	POK,pPOK|P:2xx	rng	POK,pPOK|P:2xx
f3	POK,pPOK|P:2xx	str	POK,pPOK|P:2xx
f3	POK,pPOK|P:2xx	utf8	POK,pPOK,UTF8|P:2xx
f3	POK,pPOK|P:3	add	IOK,POK,pIOK,pPOK|P:3
f3	POK,pPOK|P:3	bors	POK,pPOK|P:3
f3	POK,pPOK|P:3	cat0	POK,pPOK|P:3
f3	POK,pPOK|P:3	catx	POK,pPOK|P:3x
f3	POK,pPOK|P:3	copy	POK,pPOK|P:3
f3	POK,pPOK|P:3	dec	IOK,pIOK|N:2
f3	POK,pPOK|P:3	fbors	POK,pPOK|P:3
f3	POK,pPOK|P:3	inc	POK,pPOK|P:4
f3	POK,pPOK|P:3	iv	IOK,POK,pIOK,pPOK|P:3
f3	POK,pPOK|P:3	nv	NOK,POK,pNOK,pPOK|P:3
f3	POK,pPOK|P:3	rng	IOK,NOK,POK,pIOK,pNOK,pPOK|P:3
f3	POK,pPOK|P:3	str	POK,pPOK|P:3
f3	POK,pPOK|P:3	utf8	POK,pPOK,UTF8|P:3
f3	POK,pPOK|P:3x	add	POK,pIOK,pNOK,pPOK|P:3x
f3	POK,pPOK|P:3x	bors	POK,pPOK|P:3x
f3	POK,pPOK|P:3x	cat0	POK,pPOK|P:3x
f3	POK,pPOK|P:3x	catx	POK,pPOK|P:3xx
f3	POK,pPOK|P:3x	copy	POK,pPOK|P:3x
f3	POK,pPOK|P:3x	dec	NOK,pNOK|N:2
f3	POK,pPOK|P:3x	fbors	POK,pPOK|P:3x
f3	POK,pPOK|P:3x	inc	NOK,pNOK|N:4
f3	POK,pPOK|P:3x	iv	POK,pIOK,pNOK,pPOK|P:3x
f3	POK,pPOK|P:3x	nv	POK,pNOK,pPOK|P:3x
f3	POK,pPOK|P:3x	rng	POK,pPOK|P:3x
f3	POK,pPOK|P:3x	str	POK,pPOK|P:3x
f3	POK,pPOK|P:3x	utf8	POK,pPOK,UTF8|P:3x
f3	POK,pPOK|P:3xx	add	POK,pIOK,pNOK,pPOK|P:3xx
f3	POK,pPOK|P:3xx	bors	POK,pPOK|P:3xx
f3	POK,pPOK|P:3xx	cat0	POK,pPOK|P:3xx
f3	POK,pPOK|P:3xx	catx	POK,pPOK|P:3xxx
f3	POK,pPOK|P:3xx	copy	POK,pPOK|P:3xx
f3	POK,pPOK|P:3xx	dec	NOK,pNOK|N:2
f3	POK,pPOK|P:3xx	fbors	POK,pPOK|P:3xx
f3	POK,pPOK|P:3xx	inc	NOK,pNOK|N:4
f3	POK,pPOK|P:3xx	iv	POK,pIOK,pNOK,pPOK|P:3xx
f3	POK,pPOK|P:3xx	nv	POK,pNOK,pPOK|P:3xx
f3	POK,pPOK|P:3xx	rng	POK,pPOK|P:3xx
f3	POK,pPOK|P:3xx	str	POK,pPOK|P:3xx
f3	POK,pPOK|P:3xx	utf8	POK,pPOK,UTF8|P:3xx
f3	POK,pPOK|P:3xxx	add	POK,pIOK,pNOK,pPOK|P:3xxx
f3	POK,pPOK|P:3xxx	bors	POK,pPOK|P:3xxx
f3	POK,pPOK|P:3xxx	cat0	POK,pPOK|P:3xxx
f3	POK,pPOK|P:3xxx	catx	POK,pPOK|P:3xxxx
f3	POK,pPOK|P:3xxx	copy	POK,pPOK|P:3xxx
f3	POK,pPOK|P:3xxx	dec	NOK,pNOK|N:2
f3	POK,pPOK|P:3xxx	fbors	POK,pPOK|P:3xxx
f3	POK,pPOK|P:3xxx	inc	NOK,pNOK|N:4
f3	POK,pPOK|P:3xxx	iv	POK,pIOK,pNOK,pPOK|P:3xxx
f3	POK,pPOK|P:3xxx	nv	POK,pNOK,pPOK|P:3xxx
f3	POK,pPOK|P:3xxx	rng	POK,pPOK|P:3xxx
f3	POK,pPOK|P:3xxx	str	POK,pPOK|P:3xxx
f3	POK,pPOK|P:3xxx	utf8	POK,pPOK,UTF8|P:3xxx
f3	POK,pPOK|P:4	add	IOK,POK,pIOK,pPOK|P:4
f3	POK,pPOK|P:4	bors	POK,pPOK|P:4
f3	POK,pPOK|P:4	cat0	POK,pPOK|P:4
f3	POK,pPOK|P:4	catx	POK,pPOK|P:4x
f3	POK,pPOK|P:4	copy	POK,pPOK|P:4
f3	POK,pPOK|P:4	dec	IOK,pIOK|N:3
f3	POK,pPOK|P:4	fbors	POK,pPOK|P:4
f3	POK,pPOK|P:4	inc	POK,pPOK|P:5
f3	POK,pPOK|P:4	iv	IOK,POK,pIOK,pPOK|P:4
f3	POK,pPOK|P:4	nv	NOK,POK,pNOK,pPOK|P:4
f3	POK,pPOK|P:4	rng	IOK,NOK,POK,pIOK,pNOK,pPOK|P:4
f3	POK,pPOK|P:4	str	POK,pPOK|P:4
f3	POK,pPOK|P:4	utf8	POK,pPOK,UTF8|P:4
f3	POK,pPOK|P:4x	add	POK,pIOK,pNOK,pPOK|P:4x
f3	POK,pPOK|P:4x	bors	POK,pPOK|P:4x
f3	POK,pPOK|P:4x	cat0	POK,pPOK|P:4x
f3	POK,pPOK|P:4x	catx	POK,pPOK|P:4xx
f3	POK,pPOK|P:4x	copy	POK,pPOK|P:4x
f3	POK,pPOK|P:4x	dec	NOK,pNOK|N:3
f3	POK,pPOK|P:4x	fbors	POK,pPOK|P:4x
f3	POK,pPOK|P:4x	inc	NOK,pNOK|N:5
f3	POK,pPOK|P:4x	iv	POK,pIOK,pNOK,pPOK|P:4x
f3	POK,pPOK|P:4x	nv	POK,pNOK,pPOK|P:4x
f3	POK,pPOK|P:4x	rng	POK,pPOK|P:4x
f3	POK,pPOK|P:4x	str	POK,pPOK|P:4x
f3	POK,pPOK|P:4x	utf8	POK,pPOK,UTF8|P:4x
f3	POK,pPOK|P:4xx	add	POK,pIOK,pNOK,pPOK|P:4xx
f3	POK,pPOK|P:4xx	bors	POK,pPOK|P:4xx
f3	POK,pPOK|P:4xx	cat0	POK,pPOK|P:4xx
f3	POK,pPOK|P:4xx	catx	POK,pPOK|P:4xxx
f3	POK,pPOK|P:4xx	copy	POK,pPOK|P:4xx
f3	POK,pPOK|P:4xx	dec	NOK,pNOK|N:3
f3	POK,pPOK|P:4xx	fbors	POK,pPOK|P:4xx
f3	POK,pPOK|P:4xx	inc	NOK,pNOK|N:5
f3	POK,pPOK|P:4xx	iv	POK,pIOK,pNOK,pPOK|P:4xx
f3	POK,pPOK|P:4xx	nv	POK,pNOK,pPOK|P:4xx
f3	POK,pPOK|P:4xx	rng	POK,pPOK|P:4xx
f3	POK,pPOK|P:4xx	str	POK,pPOK|P:4xx
f3	POK,pPOK|P:4xx	utf8	POK,pPOK,UTF8|P:4xx
f3	POK,pPOK|P:5	add	IOK,POK,pIOK,pPOK|P:5
f3	POK,pPOK|P:5	bors	POK,pPOK|P:5
f3	POK,pPOK|P:5	cat0	POK,pPOK|P:5
f3	POK,pPOK|P:5	catx	POK,pPOK|P:5x
f3	POK,pPOK|P:5	copy	POK,pPOK|P:5
f3	POK,pPOK|P:5	dec	IOK,pIOK|N:4
f3	POK,pPOK|P:5	fbors	POK,pPOK|P:5
f3	POK,pPOK|P:5	inc	POK,pPOK|P:6
f3	POK,pPOK|P:5	iv	IOK,POK,pIOK,pPOK|P:5
f3	POK,pPOK|P:5	nv	NOK,POK,pNOK,pPOK|P:5
f3	POK,pPOK|P:5	rng	IOK,NOK,POK,pIOK,pNOK,pPOK|P:5
f3	POK,pPOK|P:5	str	POK,pPOK|P:5
f3	POK,pPOK|P:5	utf8	POK,pPOK,UTF8|P:5
f3	POK,pPOK|P:5x	add	POK,pIOK,pNOK,pPOK|P:5x
f3	POK,pPOK|P:5x	bors	POK,pPOK|P:5x
f3	POK,pPOK|P:5x	cat0	POK,pPOK|P:5x
f3	POK,pPOK|P:5x	catx	POK,pPOK|P:5xx
f3	POK,pPOK|P:5x	copy	POK,pPOK|P:5x
f3	POK,pPOK|P:5x	dec	NOK,pNOK|N:4
f3	POK,pPOK|P:5x	fbors	POK,pPOK|P:5x
f3	POK,pPOK|P:5x	inc	NOK,pNOK|N:6
f3	POK,pPOK|P:5x	iv	POK,pIOK,pNOK,pPOK|P:5x
f3	POK,pPOK|P:5x	nv	POK,pNOK,pPOK|P:5x
f3	POK,pPOK|P:5x	rng	POK,pPOK|P:5x
f3	POK,pPOK|P:5x	str	POK,pPOK|P:5x
f3	POK,pPOK|P:5x	utf8	POK,pPOK,UTF8|P:5x
f3_5	NOK,POK,pIOK,pNOK,pPOK,UTF8|P:2.5	add	NOK,POK,pIOK,pNOK,pPOK,UTF8|P:2.5
f3_5	NOK,POK,pIOK,pNOK,pPOK,UTF8|P:2.5	bors	NOK,POK,pIOK,pNOK,pPOK,UTF8|P:2.5
f3_5	NOK,POK,pIOK,pNOK,pPOK,UTF8|P:2.5	cat0	POK,pPOK,UTF8|P:2.5
f3_5	NOK,POK,pIOK,pNOK,pPOK,UTF8|P:2.5	catx	POK,pPOK,UTF8|P:2.5x
f3_5	NOK,POK,pIOK,pNOK,pPOK,UTF8|P:2.5	copy	NOK,POK,pIOK,pNOK,pPOK,UTF8|P:2.5
f3_5	NOK,POK,pIOK,pNOK,pPOK,UTF8|P:2.5	dec	NOK,pNOK|N:1.5
f3_5	NOK,POK,pIOK,pNOK,pPOK,UTF8|P:2.5	fbors	NOK,POK,pIOK,pNOK,pPOK,UTF8|P:2.5
f3_5	NOK,POK,pIOK,pNOK,pPOK,UTF8|P:2.5	inc	NOK,pNOK|N:3.5
f3_5	NOK,POK,pIOK,pNOK,pPOK,UTF8|P:2.5	iv	NOK,POK,pIOK,pNOK,pPOK,UTF8|P:2.5
f3_5	NOK,POK,pIOK,pNOK,pPOK,UTF8|P:2.5	nv	NOK,POK,pIOK,pNOK,pPOK,UTF8|P:2.5
f3_5	NOK,POK,pIOK,pNOK,pPOK,UTF8|P:2.5	rng	NOK,POK,pIOK,pNOK,pPOK,UTF8|P:2.5
f3_5	NOK,POK,pIOK,pNOK,pPOK,UTF8|P:2.5	str	NOK,POK,pIOK,pNOK,pPOK,UTF8|P:2.5
f3_5	NOK,POK,pIOK,pNOK,pPOK,UTF8|P:2.5	utf8	NOK,POK,pIOK,pNOK,pPOK,UTF8|P:2.5
f3_5	NOK,POK,pIOK,pNOK,pPOK,UTF8|P:3.5	add	NOK,POK,pIOK,pNOK,pPOK,UTF8|P:3.5
f3_5	NOK,POK,pIOK,pNOK,pPOK,UTF8|P:3.5	bors	NOK,POK,pIOK,pNOK,pPOK,UTF8|P:3.5
f3_5	NOK,POK,pIOK,pNOK,pPOK,UTF8|P:3.5	cat0	POK,pPOK,UTF8|P:3.5
f3_5	NOK,POK,pIOK,pNOK,pPOK,UTF8|P:3.5	catx	POK,pPOK,UTF8|P:3.5x
f3_5	NOK,POK,pIOK,pNOK,pPOK,UTF8|P:3.5	copy	NOK,POK,pIOK,pNOK,pPOK,UTF8|P:3.5
f3_5	NOK,POK,pIOK,pNOK,pPOK,UTF8|P:3.5	dec	NOK,pNOK|N:2.5
f3_5	NOK,POK,pIOK,pNOK,pPOK,UTF8|P:3.5	fbors	NOK,POK,pIOK,pNOK,pPOK,UTF8|P:3.5
f3_5	NOK,POK,pIOK,pNOK,pPOK,UTF8|P:3.5	inc	NOK,pNOK|N:4.5
f3_5	NOK,POK,pIOK,pNOK,pPOK,UTF8|P:3.5	iv	NOK,POK,pIOK,pNOK,pPOK,UTF8|P:3.5
f3_5	NOK,POK,pIOK,pNOK,pPOK,UTF8|P:3.5	nv	NOK,POK,pIOK,pNOK,pPOK,UTF8|P:3.5
f3_5	NOK,POK,pIOK,pNOK,pPOK,UTF8|P:3.5	rng	NOK,POK,pIOK,pNOK,pPOK,UTF8|P:3.5
f3_5	NOK,POK,pIOK,pNOK,pPOK,UTF8|P:3.5	str	NOK,POK,pIOK,pNOK,pPOK,UTF8|P:3.5
f3_5	NOK,POK,pIOK,pNOK,pPOK,UTF8|P:3.5	utf8	NOK,POK,pIOK,pNOK,pPOK,UTF8|P:3.5
f3_5	NOK,POK,pIOK,pNOK,pPOK,UTF8|P:4.5	add	NOK,POK,pIOK,pNOK,pPOK,UTF8|P:4.5
f3_5	NOK,POK,pIOK,pNOK,pPOK,UTF8|P:4.5	bors	NOK,POK,pIOK,pNOK,pPOK,UTF8|P:4.5
f3_5	NOK,POK,pIOK,pNOK,pPOK,UTF8|P:4.5	cat0	POK,pPOK,UTF8|P:4.5
f3_5	NOK,POK,pIOK,pNOK,pPOK,UTF8|P:4.5	catx	POK,pPOK,UTF8|P:4.5x
f3_5	NOK,POK,pIOK,pNOK,pPOK,UTF8|P:4.5	copy	NOK,POK,pIOK,pNOK,pPOK,UTF8|P:4.5
f3_5	NOK,POK,pIOK,pNOK,pPOK,UTF8|P:4.5	dec	NOK,pNOK|N:3.5
f3_5	NOK,POK,pIOK,pNOK,pPOK,UTF8|P:4.5	fbors	NOK,POK,pIOK,pNOK,pPOK,UTF8|P:4.5
f3_5	NOK,POK,pIOK,pNOK,pPOK,UTF8|P:4.5	inc	NOK,pNOK|N:5.5
f3_5	NOK,POK,pIOK,pNOK,pPOK,UTF8|P:4.5	iv	NOK,POK,pIOK,pNOK,pPOK,UTF8|P:4.5
f3_5	NOK,POK,pIOK,pNOK,pPOK,UTF8|P:4.5	nv	NOK,POK,pIOK,pNOK,pPOK,UTF8|P:4.5
f3_5	NOK,POK,pIOK,pNOK,pPOK,UTF8|P:4.5	rng	NOK,POK,pIOK,pNOK,pPOK,UTF8|P:4.5
f3_5	NOK,POK,pIOK,pNOK,pPOK,UTF8|P:4.5	str	NOK,POK,pIOK,pNOK,pPOK,UTF8|P:4.5
f3_5	NOK,POK,pIOK,pNOK,pPOK,UTF8|P:4.5	utf8	NOK,POK,pIOK,pNOK,pPOK,UTF8|P:4.5
f3_5	NOK,POK,pIOK,pNOK,pPOK|P:2.5	add	NOK,POK,pIOK,pNOK,pPOK|P:2.5
f3_5	NOK,POK,pIOK,pNOK,pPOK|P:2.5	bors	NOK,POK,pIOK,pNOK,pPOK|P:2.5
f3_5	NOK,POK,pIOK,pNOK,pPOK|P:2.5	cat0	POK,pPOK|P:2.5
f3_5	NOK,POK,pIOK,pNOK,pPOK|P:2.5	catx	POK,pPOK|P:2.5x
f3_5	NOK,POK,pIOK,pNOK,pPOK|P:2.5	copy	NOK,POK,pIOK,pNOK,pPOK|P:2.5
f3_5	NOK,POK,pIOK,pNOK,pPOK|P:2.5	dec	NOK,pNOK|N:1.5
f3_5	NOK,POK,pIOK,pNOK,pPOK|P:2.5	fbors	NOK,POK,pIOK,pNOK,pPOK|P:2.5
f3_5	NOK,POK,pIOK,pNOK,pPOK|P:2.5	inc	NOK,pNOK|N:3.5
f3_5	NOK,POK,pIOK,pNOK,pPOK|P:2.5	iv	NOK,POK,pIOK,pNOK,pPOK|P:2.5
f3_5	NOK,POK,pIOK,pNOK,pPOK|P:2.5	nv	NOK,POK,pIOK,pNOK,pPOK|P:2.5
f3_5	NOK,POK,pIOK,pNOK,pPOK|P:2.5	rng	NOK,POK,pIOK,pNOK,pPOK|P:2.5
f3_5	NOK,POK,pIOK,pNOK,pPOK|P:2.5	str	NOK,POK,pIOK,pNOK,pPOK|P:2.5
f3_5	NOK,POK,pIOK,pNOK,pPOK|P:2.5	utf8	NOK,POK,pIOK,pNOK,pPOK,UTF8|P:2.5
f3_5	NOK,POK,pIOK,pNOK,pPOK|P:3.5	add	NOK,POK,pIOK,pNOK,pPOK|P:3.5
f3_5	NOK,POK,pIOK,pNOK,pPOK|P:3.5	bors	NOK,POK,pIOK,pNOK,pPOK|P:3.5
f3_5	NOK,POK,pIOK,pNOK,pPOK|P:3.5	cat0	POK,pPOK|P:3.5
f3_5	NOK,POK,pIOK,pNOK,pPOK|P:3.5	catx	POK,pPOK|P:3.5x
f3_5	NOK,POK,pIOK,pNOK,pPOK|P:3.5	copy	NOK,POK,pIOK,pNOK,pPOK|P:3.5
f3_5	NOK,POK,pIOK,pNOK,pPOK|P:3.5	dec	NOK,pNOK|N:2.5
f3_5	NOK,POK,pIOK,pNOK,pPOK|P:3.5	fbors	NOK,POK,pIOK,pNOK,pPOK|P:3.5
f3_5	NOK,POK,pIOK,pNOK,pPOK|P:3.5	inc	NOK,pNOK|N:4.5
f3_5	NOK,POK,pIOK,pNOK,pPOK|P:3.5	iv	NOK,POK,pIOK,pNOK,pPOK|P:3.5
f3_5	NOK,POK,pIOK,pNOK,pPOK|P:3.5	nv	NOK,POK,pIOK,pNOK,pPOK|P:3.5
f3_5	NOK,POK,pIOK,pNOK,pPOK|P:3.5	rng	NOK,POK,pIOK,pNOK,pPOK|P:3.5
f3_5	NOK,POK,pIOK,pNOK,pPOK|P:3.5	str	NOK,POK,pIOK,pNOK,pPOK|P:3.5
f3_5	NOK,POK,pIOK,pNOK,pPOK|P:3.5	utf8	NOK,POK,pIOK,pNOK,pPOK,UTF8|P:3.5
f3_5	NOK,POK,pIOK,pNOK,pPOK|P:4.5	add	NOK,POK,pIOK,pNOK,pPOK|P:4.5
f3_5	NOK,POK,pIOK,pNOK,pPOK|P:4.5	bors	NOK,POK,pIOK,pNOK,pPOK|P:4.5
f3_5	NOK,POK,pIOK,pNOK,pPOK|P:4.5	cat0	POK,pPOK|P:4.5
f3_5	NOK,POK,pIOK,pNOK,pPOK|P:4.5	catx	POK,pPOK|P:4.5x
f3_5	NOK,POK,pIOK,pNOK,pPOK|P:4.5	copy	NOK,POK,pIOK,pNOK,pPOK|P:4.5
f3_5	NOK,POK,pIOK,pNOK,pPOK|P:4.5	dec	NOK,pNOK|N:3.5
f3_5	NOK,POK,pIOK,pNOK,pPOK|P:4.5	fbors	NOK,POK,pIOK,pNOK,pPOK|P:4.5
f3_5	NOK,POK,pIOK,pNOK,pPOK|P:4.5	inc	NOK,pNOK|N:5.5
f3_5	NOK,POK,pIOK,pNOK,pPOK|P:4.5	iv	NOK,POK,pIOK,pNOK,pPOK|P:4.5
f3_5	NOK,POK,pIOK,pNOK,pPOK|P:4.5	nv	NOK,POK,pIOK,pNOK,pPOK|P:4.5
f3_5	NOK,POK,pIOK,pNOK,pPOK|P:4.5	rng	NOK,POK,pIOK,pNOK,pPOK|P:4.5
f3_5	NOK,POK,pIOK,pNOK,pPOK|P:4.5	str	NOK,POK,pIOK,pNOK,pPOK|P:4.5
f3_5	NOK,POK,pIOK,pNOK,pPOK|P:4.5	utf8	NOK,POK,pIOK,pNOK,pPOK,UTF8|P:4.5
f3_5	NOK,POK,pNOK,pPOK,UTF8|P:2.5	add	NOK,POK,pIOK,pNOK,pPOK,UTF8|P:2.5
f3_5	NOK,POK,pNOK,pPOK,UTF8|P:2.5	bors	NOK,POK,pIOK,pNOK,pPOK,UTF8|P:2.5
f3_5	NOK,POK,pNOK,pPOK,UTF8|P:2.5	cat0	POK,pPOK,UTF8|P:2.5
f3_5	NOK,POK,pNOK,pPOK,UTF8|P:2.5	catx	POK,pPOK,UTF8|P:2.5x
f3_5	NOK,POK,pNOK,pPOK,UTF8|P:2.5	copy	NOK,POK,pNOK,pPOK,UTF8|P:2.5
f3_5	NOK,POK,pNOK,pPOK,UTF8|P:2.5	dec	NOK,pNOK|N:1.5
f3_5	NOK,POK,pNOK,pPOK,UTF8|P:2.5	fbors	NOK,POK,pNOK,pPOK,UTF8|P:2.5
f3_5	NOK,POK,pNOK,pPOK,UTF8|P:2.5	inc	NOK,pNOK|N:3.5
f3_5	NOK,POK,pNOK,pPOK,UTF8|P:2.5	iv	NOK,POK,pIOK,pNOK,pPOK,UTF8|P:2.5
f3_5	NOK,POK,pNOK,pPOK,UTF8|P:2.5	nv	NOK,POK,pNOK,pPOK,UTF8|P:2.5
f3_5	NOK,POK,pNOK,pPOK,UTF8|P:2.5	rng	NOK,POK,pIOK,pNOK,pPOK,UTF8|P:2.5
f3_5	NOK,POK,pNOK,pPOK,UTF8|P:2.5	str	NOK,POK,pNOK,pPOK,UTF8|P:2.5
f3_5	NOK,POK,pNOK,pPOK,UTF8|P:2.5	utf8	NOK,POK,pNOK,pPOK,UTF8|P:2.5
f3_5	NOK,POK,pNOK,pPOK,UTF8|P:3.5	add	NOK,POK,pIOK,pNOK,pPOK,UTF8|P:3.5
f3_5	NOK,POK,pNOK,pPOK,UTF8|P:3.5	bors	NOK,POK,pIOK,pNOK,pPOK,UTF8|P:3.5
f3_5	NOK,POK,pNOK,pPOK,UTF8|P:3.5	cat0	POK,pPOK,UTF8|P:3.5
f3_5	NOK,POK,pNOK,pPOK,UTF8|P:3.5	catx	POK,pPOK,UTF8|P:3.5x
f3_5	NOK,POK,pNOK,pPOK,UTF8|P:3.5	copy	NOK,POK,pNOK,pPOK,UTF8|P:3.5
f3_5	NOK,POK,pNOK,pPOK,UTF8|P:3.5	dec	NOK,pNOK|N:2.5
f3_5	NOK,POK,pNOK,pPOK,UTF8|P:3.5	fbors	NOK,POK,pNOK,pPOK,UTF8|P:3.5
f3_5	NOK,POK,pNOK,pPOK,UTF8|P:3.5	inc	NOK,pNOK|N:4.5
f3_5	NOK,POK,pNOK,pPOK,UTF8|P:3.5	iv	NOK,POK,pIOK,pNOK,pPOK,UTF8|P:3.5
f3_5	NOK,POK,pNOK,pPOK,UTF8|P:3.5	nv	NOK,POK,pNOK,pPOK,UTF8|P:3.5
f3_5	NOK,POK,pNOK,pPOK,UTF8|P:3.5	rng	NOK,POK,pIOK,pNOK,pPOK,UTF8|P:3.5
f3_5	NOK,POK,pNOK,pPOK,UTF8|P:3.5	str	NOK,POK,pNOK,pPOK,UTF8|P:3.5
f3_5	NOK,POK,pNOK,pPOK,UTF8|P:3.5	utf8	NOK,POK,pNOK,pPOK,UTF8|P:3.5
f3_5	NOK,POK,pNOK,pPOK,UTF8|P:4.5	add	NOK,POK,pIOK,pNOK,pPOK,UTF8|P:4.5
f3_5	NOK,POK,pNOK,pPOK,UTF8|P:4.5	bors	NOK,POK,pIOK,pNOK,pPOK,UTF8|P:4.5
f3_5	NOK,POK,pNOK,pPOK,UTF8|P:4.5	cat0	POK,pPOK,UTF8|P:4.5
f3_5	NOK,POK,pNOK,pPOK,UTF8|P:4.5	catx	POK,pPOK,UTF8|P:4.5x
f3_5	NOK,POK,pNOK,pPOK,UTF8|P:4.5	copy	NOK,POK,pNOK,pPOK,UTF8|P:4.5
f3_5	NOK,POK,pNOK,pPOK,UTF8|P:4.5	dec	NOK,pNOK|N:3.5
f3_5	NOK,POK,pNOK,pPOK,UTF8|P:4.5	fbors	NOK,POK,pNOK,pPOK,UTF8|P:4.5
f3_5	NOK,POK,pNOK,pPOK,UTF8|P:4.5	inc	NOK,pNOK|N:5.5
f3_5	NOK,POK,pNOK,pPOK,UTF8|P:4.5	iv	NOK,POK,pIOK,pNOK,pPOK,UTF8|P:4.5
f3_5	NOK,POK,pNOK,pPOK,UTF8|P:4.5	nv	NOK,POK,pNOK,pPOK,UTF8|P:4.5
f3_5	NOK,POK,pNOK,pPOK,UTF8|P:4.5	rng	NOK,POK,pIOK,pNOK,pPOK,UTF8|P:4.5
f3_5	NOK,POK,pNOK,pPOK,UTF8|P:4.5	str	NOK,POK,pNOK,pPOK,UTF8|P:4.5
f3_5	NOK,POK,pNOK,pPOK,UTF8|P:4.5	utf8	NOK,POK,pNOK,pPOK,UTF8|P:4.5
f3_5	NOK,POK,pNOK,pPOK|P:2.5	add	NOK,POK,pIOK,pNOK,pPOK|P:2.5
f3_5	NOK,POK,pNOK,pPOK|P:2.5	bors	NOK,POK,pIOK,pNOK,pPOK|P:2.5
f3_5	NOK,POK,pNOK,pPOK|P:2.5	cat0	POK,pPOK|P:2.5
f3_5	NOK,POK,pNOK,pPOK|P:2.5	catx	POK,pPOK|P:2.5x
f3_5	NOK,POK,pNOK,pPOK|P:2.5	copy	NOK,POK,pNOK,pPOK|P:2.5
f3_5	NOK,POK,pNOK,pPOK|P:2.5	dec	NOK,pNOK|N:1.5
f3_5	NOK,POK,pNOK,pPOK|P:2.5	fbors	NOK,POK,pNOK,pPOK|P:2.5
f3_5	NOK,POK,pNOK,pPOK|P:2.5	inc	NOK,pNOK|N:3.5
f3_5	NOK,POK,pNOK,pPOK|P:2.5	iv	NOK,POK,pIOK,pNOK,pPOK|P:2.5
f3_5	NOK,POK,pNOK,pPOK|P:2.5	nv	NOK,POK,pNOK,pPOK|P:2.5
f3_5	NOK,POK,pNOK,pPOK|P:2.5	rng	NOK,POK,pIOK,pNOK,pPOK|P:2.5
f3_5	NOK,POK,pNOK,pPOK|P:2.5	str	NOK,POK,pNOK,pPOK|P:2.5
f3_5	NOK,POK,pNOK,pPOK|P:2.5	utf8	NOK,POK,pNOK,pPOK,UTF8|P:2.5
f3_5	NOK,POK,pNOK,pPOK|P:3.5	add	NOK,POK,pIOK,pNOK,pPOK|P:3.5
f3_5	NOK,POK,pNOK,pPOK|P:3.5	bors	NOK,POK,pIOK,pNOK,pPOK|P:3.5
f3_5	NOK,POK,pNOK,pPOK|P:3.5	cat0	POK,pPOK|P:3.5
f3_5	NOK,POK,pNOK,pPOK|P:3.5	catx	POK,pPOK|P:3.5x
f3_5	NOK,POK,pNOK,pPOK|P:3.5	copy	NOK,POK,pNOK,pPOK|P:3.5
f3_5	NOK,POK,pNOK,pPOK|P:3.5	dec	NOK,pNOK|N:2.5
f3_5	NOK,POK,pNOK,pPOK|P:3.5	fbors	NOK,POK,pNOK,pPOK|P:3.5
f3_5	NOK,POK,pNOK,pPOK|P:3.5	inc	NOK,pNOK|N:4.5
f3_5	NOK,POK,pNOK,pPOK|P:3.5	iv	NOK,POK,pIOK,pNOK,pPOK|P:3.5
f3_5	NOK,POK,pNOK,pPOK|P:3.5	nv	NOK,POK,pNOK,pPOK|P:3.5
f3_5	NOK,POK,pNOK,pPOK|P:3.5	rng	NOK,POK,pIOK,pNOK,pPOK|P:3.5
f3_5	NOK,POK,pNOK,pPOK|P:3.5	str	NOK,POK,pNOK,pPOK|P:3.5
f3_5	NOK,POK,pNOK,pPOK|P:3.5	utf8	NOK,POK,pNOK,pPOK,UTF8|P:3.5
f3_5	NOK,POK,pNOK,pPOK|P:4.5	add	NOK,POK,pIOK,pNOK,pPOK|P:4.5
f3_5	NOK,POK,pNOK,pPOK|P:4.5	bors	NOK,POK,pIOK,pNOK,pPOK|P:4.5
f3_5	NOK,POK,pNOK,pPOK|P:4.5	cat0	POK,pPOK|P:4.5
f3_5	NOK,POK,pNOK,pPOK|P:4.5	catx	POK,pPOK|P:4.5x
f3_5	NOK,POK,pNOK,pPOK|P:4.5	copy	NOK,POK,pNOK,pPOK|P:4.5
f3_5	NOK,POK,pNOK,pPOK|P:4.5	dec	NOK,pNOK|N:3.5
f3_5	NOK,POK,pNOK,pPOK|P:4.5	fbors	NOK,POK,pNOK,pPOK|P:4.5
f3_5	NOK,POK,pNOK,pPOK|P:4.5	inc	NOK,pNOK|N:5.5
f3_5	NOK,POK,pNOK,pPOK|P:4.5	iv	NOK,POK,pIOK,pNOK,pPOK|P:4.5
f3_5	NOK,POK,pNOK,pPOK|P:4.5	nv	NOK,POK,pNOK,pPOK|P:4.5
f3_5	NOK,POK,pNOK,pPOK|P:4.5	rng	NOK,POK,pIOK,pNOK,pPOK|P:4.5
f3_5	NOK,POK,pNOK,pPOK|P:4.5	str	NOK,POK,pNOK,pPOK|P:4.5
f3_5	NOK,POK,pNOK,pPOK|P:4.5	utf8	NOK,POK,pNOK,pPOK,UTF8|P:4.5
f3_5	NOK,pIOK,pNOK|N:1.5	add	NOK,pIOK,pNOK|N:1.5
f3_5	NOK,pIOK,pNOK|N:1.5	bors	NOK,pIOK,pNOK|N:1.5
f3_5	NOK,pIOK,pNOK|N:1.5	cat0	POK,pPOK|P:1.5
f3_5	NOK,pIOK,pNOK|N:1.5	catx	POK,pPOK|P:1.5x
f3_5	NOK,pIOK,pNOK|N:1.5	copy	NOK,pIOK,pNOK|N:1.5
f3_5	NOK,pIOK,pNOK|N:1.5	dec	NOK,pNOK|N:0.5
f3_5	NOK,pIOK,pNOK|N:1.5	fbors	NOK,pIOK,pNOK|N:1.5
f3_5	NOK,pIOK,pNOK|N:1.5	inc	NOK,pNOK|N:2.5
f3_5	NOK,pIOK,pNOK|N:1.5	iv	NOK,pIOK,pNOK|N:1.5
f3_5	NOK,pIOK,pNOK|N:1.5	nv	NOK,pIOK,pNOK|N:1.5
f3_5	NOK,pIOK,pNOK|N:1.5	rng	NOK,pIOK,pNOK|N:1.5
f3_5	NOK,pIOK,pNOK|N:1.5	str	NOK,pIOK,pNOK|N:1.5
f3_5	NOK,pIOK,pNOK|N:1.5	utf8	POK,pPOK,UTF8|P:1.5
f3_5	NOK,pIOK,pNOK|N:2.5	add	NOK,pIOK,pNOK|N:2.5
f3_5	NOK,pIOK,pNOK|N:2.5	bors	NOK,pIOK,pNOK|N:2.5
f3_5	NOK,pIOK,pNOK|N:2.5	cat0	POK,pPOK|P:2.5
f3_5	NOK,pIOK,pNOK|N:2.5	catx	POK,pPOK|P:2.5x
f3_5	NOK,pIOK,pNOK|N:2.5	copy	NOK,pIOK,pNOK|N:2.5
f3_5	NOK,pIOK,pNOK|N:2.5	dec	NOK,pNOK|N:1.5
f3_5	NOK,pIOK,pNOK|N:2.5	fbors	NOK,pIOK,pNOK|N:2.5
f3_5	NOK,pIOK,pNOK|N:2.5	inc	NOK,pNOK|N:3.5
f3_5	NOK,pIOK,pNOK|N:2.5	iv	NOK,pIOK,pNOK|N:2.5
f3_5	NOK,pIOK,pNOK|N:2.5	nv	NOK,pIOK,pNOK|N:2.5
f3_5	NOK,pIOK,pNOK|N:2.5	rng	NOK,pIOK,pNOK|N:2.5
f3_5	NOK,pIOK,pNOK|N:2.5	str	NOK,pIOK,pNOK|N:2.5
f3_5	NOK,pIOK,pNOK|N:2.5	utf8	POK,pPOK,UTF8|P:2.5
f3_5	NOK,pIOK,pNOK|N:3.5	add	NOK,pIOK,pNOK|N:3.5
f3_5	NOK,pIOK,pNOK|N:3.5	bors	NOK,pIOK,pNOK|N:3.5
f3_5	NOK,pIOK,pNOK|N:3.5	cat0	POK,pPOK|P:3.5
f3_5	NOK,pIOK,pNOK|N:3.5	catx	POK,pPOK|P:3.5x
f3_5	NOK,pIOK,pNOK|N:3.5	copy	NOK,pIOK,pNOK|N:3.5
f3_5	NOK,pIOK,pNOK|N:3.5	dec	NOK,pNOK|N:2.5
f3_5	NOK,pIOK,pNOK|N:3.5	fbors	NOK,pIOK,pNOK|N:3.5
f3_5	NOK,pIOK,pNOK|N:3.5	inc	NOK,pNOK|N:4.5
f3_5	NOK,pIOK,pNOK|N:3.5	iv	NOK,pIOK,pNOK|N:3.5
f3_5	NOK,pIOK,pNOK|N:3.5	nv	NOK,pIOK,pNOK|N:3.5
f3_5	NOK,pIOK,pNOK|N:3.5	rng	NOK,pIOK,pNOK|N:3.5
f3_5	NOK,pIOK,pNOK|N:3.5	str	NOK,pIOK,pNOK|N:3.5
f3_5	NOK,pIOK,pNOK|N:3.5	utf8	POK,pPOK,UTF8|P:3.5
f3_5	NOK,pIOK,pNOK|N:4.5	add	NOK,pIOK,pNOK|N:4.5
f3_5	NOK,pIOK,pNOK|N:4.5	bors	NOK,pIOK,pNOK|N:4.5
f3_5	NOK,pIOK,pNOK|N:4.5	cat0	POK,pPOK|P:4.5
f3_5	NOK,pIOK,pNOK|N:4.5	catx	POK,pPOK|P:4.5x
f3_5	NOK,pIOK,pNOK|N:4.5	copy	NOK,pIOK,pNOK|N:4.5
f3_5	NOK,pIOK,pNOK|N:4.5	dec	NOK,pNOK|N:3.5
f3_5	NOK,pIOK,pNOK|N:4.5	fbors	NOK,pIOK,pNOK|N:4.5
f3_5	NOK,pIOK,pNOK|N:4.5	inc	NOK,pNOK|N:5.5
f3_5	NOK,pIOK,pNOK|N:4.5	iv	NOK,pIOK,pNOK|N:4.5
f3_5	NOK,pIOK,pNOK|N:4.5	nv	NOK,pIOK,pNOK|N:4.5
f3_5	NOK,pIOK,pNOK|N:4.5	rng	NOK,pIOK,pNOK|N:4.5
f3_5	NOK,pIOK,pNOK|N:4.5	str	NOK,pIOK,pNOK|N:4.5
f3_5	NOK,pIOK,pNOK|N:4.5	utf8	POK,pPOK,UTF8|P:4.5
f3_5	NOK,pIOK,pNOK|N:5.5	add	NOK,pIOK,pNOK|N:5.5
f3_5	NOK,pIOK,pNOK|N:5.5	bors	NOK,pIOK,pNOK|N:5.5
f3_5	NOK,pIOK,pNOK|N:5.5	cat0	POK,pPOK|P:5.5
f3_5	NOK,pIOK,pNOK|N:5.5	catx	POK,pPOK|P:5.5x
f3_5	NOK,pIOK,pNOK|N:5.5	copy	NOK,pIOK,pNOK|N:5.5
f3_5	NOK,pIOK,pNOK|N:5.5	dec	NOK,pNOK|N:4.5
f3_5	NOK,pIOK,pNOK|N:5.5	fbors	NOK,pIOK,pNOK|N:5.5
f3_5	NOK,pIOK,pNOK|N:5.5	inc	NOK,pNOK|N:6.5
f3_5	NOK,pIOK,pNOK|N:5.5	iv	NOK,pIOK,pNOK|N:5.5
f3_5	NOK,pIOK,pNOK|N:5.5	nv	NOK,pIOK,pNOK|N:5.5
f3_5	NOK,pIOK,pNOK|N:5.5	rng	NOK,pIOK,pNOK|N:5.5
f3_5	NOK,pIOK,pNOK|N:5.5	str	NOK,pIOK,pNOK|N:5.5
f3_5	NOK,pIOK,pNOK|N:5.5	utf8	POK,pPOK,UTF8|P:5.5
f3_5	NOK,pNOK|N:0.5	add	NOK,pIOK,pNOK|N:0.5
f3_5	NOK,pNOK|N:0.5	bors	NOK,pIOK,pNOK|N:0.5
f3_5	NOK,pNOK|N:0.5	cat0	POK,pPOK|P:0.5
f3_5	NOK,pNOK|N:0.5	catx	POK,pPOK|P:0.5x
f3_5	NOK,pNOK|N:0.5	copy	NOK,pNOK|N:0.5
f3_5	NOK,pNOK|N:0.5	dec	NOK,pNOK|N:-0.5
f3_5	NOK,pNOK|N:0.5	fbors	NOK,pNOK|N:0.5
f3_5	NOK,pNOK|N:0.5	inc	NOK,pNOK|N:1.5
f3_5	NOK,pNOK|N:0.5	iv	NOK,pIOK,pNOK|N:0.5
f3_5	NOK,pNOK|N:0.5	nv	NOK,pNOK|N:0.5
f3_5	NOK,pNOK|N:0.5	rng	NOK,pIOK,pNOK|N:0.5
f3_5	NOK,pNOK|N:0.5	str	NOK,pNOK|N:0.5
f3_5	NOK,pNOK|N:0.5	utf8	POK,pPOK,UTF8|P:0.5
f3_5	NOK,pNOK|N:1.5	add	NOK,pIOK,pNOK|N:1.5
f3_5	NOK,pNOK|N:1.5	bors	NOK,pIOK,pNOK|N:1.5
f3_5	NOK,pNOK|N:1.5	cat0	POK,pPOK|P:1.5
f3_5	NOK,pNOK|N:1.5	catx	POK,pPOK|P:1.5x
f3_5	NOK,pNOK|N:1.5	copy	NOK,pNOK|N:1.5
f3_5	NOK,pNOK|N:1.5	dec	NOK,pNOK|N:0.5
f3_5	NOK,pNOK|N:1.5	fbors	NOK,pNOK|N:1.5
f3_5	NOK,pNOK|N:1.5	inc	NOK,pNOK|N:2.5
f3_5	NOK,pNOK|N:1.5	iv	NOK,pIOK,pNOK|N:1.5
f3_5	NOK,pNOK|N:1.5	nv	NOK,pNOK|N:1.5
f3_5	NOK,pNOK|N:1.5	rng	NOK,pIOK,pNOK|N:1.5
f3_5	NOK,pNOK|N:1.5	str	NOK,pNOK|N:1.5
f3_5	NOK,pNOK|N:1.5	utf8	POK,pPOK,UTF8|P:1.5
f3_5	NOK,pNOK|N:2.5	add	NOK,pIOK,pNOK|N:2.5
f3_5	NOK,pNOK|N:2.5	bors	NOK,pIOK,pNOK|N:2.5
f3_5	NOK,pNOK|N:2.5	cat0	POK,pPOK|P:2.5
f3_5	NOK,pNOK|N:2.5	catx	POK,pPOK|P:2.5x
f3_5	NOK,pNOK|N:2.5	copy	NOK,pNOK|N:2.5
f3_5	NOK,pNOK|N:2.5	dec	NOK,pNOK|N:1.5
f3_5	NOK,pNOK|N:2.5	fbors	NOK,pNOK|N:2.5
f3_5	NOK,pNOK|N:2.5	inc	NOK,pNOK|N:3.5
f3_5	NOK,pNOK|N:2.5	iv	NOK,pIOK,pNOK|N:2.5
f3_5	NOK,pNOK|N:2.5	nv	NOK,pNOK|N:2.5
f3_5	NOK,pNOK|N:2.5	rng	NOK,pIOK,pNOK|N:2.5
f3_5	NOK,pNOK|N:2.5	str	NOK,pNOK|N:2.5
f3_5	NOK,pNOK|N:2.5	utf8	POK,pPOK,UTF8|P:2.5
f3_5	NOK,pNOK|N:3.5	add	NOK,pIOK,pNOK|N:3.5
f3_5	NOK,pNOK|N:3.5	bors	NOK,pIOK,pNOK|N:3.5
f3_5	NOK,pNOK|N:3.5	cat0	POK,pPOK|P:3.5
f3_5	NOK,pNOK|N:3.5	catx	POK,pPOK|P:3.5x
f3_5	NOK,pNOK|N:3.5	copy	NOK,pNOK|N:3.5
f3_5	NOK,pNOK|N:3.5	dec	NOK,pNOK|N:2.5
f3_5	NOK,pNOK|N:3.5	fbors	NOK,pNOK|N:3.5
f3_5	NOK,pNOK|N:3.5	inc	NOK,pNOK|N:4.5
f3_5	NOK,pNOK|N:3.5	iv	NOK,pIOK,pNOK|N:3.5
f3_5	NOK,pNOK|N:3.5	nv	NOK,pNOK|N:3.5
f3_5	NOK,pNOK|N:3.5	rng	NOK,pIOK,pNOK|N:3.5
f3_5	NOK,pNOK|N:3.5	str	NOK,pNOK|N:3.5
f3_5	NOK,pNOK|N:3.5	utf8	POK,pPOK,UTF8|P:3.5
f3_5	NOK,pNOK|N:4.5	add	NOK,pIOK,pNOK|N:4.5
f3_5	NOK,pNOK|N:4.5	bors	NOK,pIOK,pNOK|N:4.5
f3_5	NOK,pNOK|N:4.5	cat0	POK,pPOK|P:4.5
f3_5	NOK,pNOK|N:4.5	catx	POK,pPOK|P:4.5x
f3_5	NOK,pNOK|N:4.5	copy	NOK,pNOK|N:4.5
f3_5	NOK,pNOK|N:4.5	dec	NOK,pNOK|N:3.5
f3_5	NOK,pNOK|N:4.5	fbors	NOK,pNOK|N:4.5
f3_5	NOK,pNOK|N:4.5	inc	NOK,pNOK|N:5.5
f3_5	NOK,pNOK|N:4.5	iv	NOK,pIOK,pNOK|N:4.5
f3_5	NOK,pNOK|N:4.5	nv	NOK,pNOK|N:4.5
f3_5	NOK,pNOK|N:4.5	rng	NOK,pIOK,pNOK|N:4.5
f3_5	NOK,pNOK|N:4.5	str	NOK,pNOK|N:4.5
f3_5	NOK,pNOK|N:4.5	utf8	POK,pPOK,UTF8|P:4.5
f3_5	NOK,pNOK|N:5.5	add	NOK,pIOK,pNOK|N:5.5
f3_5	NOK,pNOK|N:5.5	bors	NOK,pIOK,pNOK|N:5.5
f3_5	NOK,pNOK|N:5.5	cat0	POK,pPOK|P:5.5
f3_5	NOK,pNOK|N:5.5	catx	POK,pPOK|P:5.5x
f3_5	NOK,pNOK|N:5.5	copy	NOK,pNOK|N:5.5
f3_5	NOK,pNOK|N:5.5	dec	NOK,pNOK|N:4.5
f3_5	NOK,pNOK|N:5.5	fbors	NOK,pNOK|N:5.5
f3_5	NOK,pNOK|N:5.5	inc	NOK,pNOK|N:6.5
f3_5	NOK,pNOK|N:5.5	iv	NOK,pIOK,pNOK|N:5.5
f3_5	NOK,pNOK|N:5.5	nv	NOK,pNOK|N:5.5
f3_5	NOK,pNOK|N:5.5	rng	NOK,pIOK,pNOK|N:5.5
f3_5	NOK,pNOK|N:5.5	str	NOK,pNOK|N:5.5
f3_5	NOK,pNOK|N:5.5	utf8	POK,pPOK,UTF8|P:5.5
f3_5	NOK,pNOK|N:6.5	add	NOK,pIOK,pNOK|N:6.5
f3_5	NOK,pNOK|N:6.5	bors	NOK,pIOK,pNOK|N:6.5
f3_5	NOK,pNOK|N:6.5	cat0	POK,pPOK|P:6.5
f3_5	NOK,pNOK|N:6.5	catx	POK,pPOK|P:6.5x
f3_5	NOK,pNOK|N:6.5	copy	NOK,pNOK|N:6.5
f3_5	NOK,pNOK|N:6.5	dec	NOK,pNOK|N:5.5
f3_5	NOK,pNOK|N:6.5	fbors	NOK,pNOK|N:6.5
f3_5	NOK,pNOK|N:6.5	inc	NOK,pNOK|N:7.5
f3_5	NOK,pNOK|N:6.5	iv	NOK,pIOK,pNOK|N:6.5
f3_5	NOK,pNOK|N:6.5	nv	NOK,pNOK|N:6.5
f3_5	NOK,pNOK|N:6.5	rng	NOK,pIOK,pNOK|N:6.5
f3_5	NOK,pNOK|N:6.5	str	NOK,pNOK|N:6.5
f3_5	NOK,pNOK|N:6.5	utf8	POK,pPOK,UTF8|P:6.5
f3_5	POK,pIOK,pNOK,pPOK,UTF8|P:3.5x	add	POK,pIOK,pNOK,pPOK,UTF8|P:3.5x
f3_5	POK,pIOK,pNOK,pPOK,UTF8|P:3.5x	bors	POK,pIOK,pNOK,pPOK,UTF8|P:3.5x
f3_5	POK,pIOK,pNOK,pPOK,UTF8|P:3.5x	cat0	POK,pIOK,pNOK,pPOK,UTF8|P:3.5x
f3_5	POK,pIOK,pNOK,pPOK,UTF8|P:3.5x	catx	POK,pIOK,pNOK,pPOK,UTF8|P:3.5xx
f3_5	POK,pIOK,pNOK,pPOK,UTF8|P:3.5x	copy	POK,pIOK,pNOK,pPOK,UTF8|P:3.5x
f3_5	POK,pIOK,pNOK,pPOK,UTF8|P:3.5x	dec	NOK,pNOK|N:2.5
f3_5	POK,pIOK,pNOK,pPOK,UTF8|P:3.5x	fbors	POK,pIOK,pNOK,pPOK,UTF8|P:3.5x
f3_5	POK,pIOK,pNOK,pPOK,UTF8|P:3.5x	inc	NOK,pNOK|N:4.5
f3_5	POK,pIOK,pNOK,pPOK,UTF8|P:3.5x	iv	POK,pIOK,pNOK,pPOK,UTF8|P:3.5x
f3_5	POK,pIOK,pNOK,pPOK,UTF8|P:3.5x	nv	POK,pIOK,pNOK,pPOK,UTF8|P:3.5x
f3_5	POK,pIOK,pNOK,pPOK,UTF8|P:3.5x	rng	POK,pIOK,pNOK,pPOK,UTF8|P:3.5x
f3_5	POK,pIOK,pNOK,pPOK,UTF8|P:3.5x	str	POK,pIOK,pNOK,pPOK,UTF8|P:3.5x
f3_5	POK,pIOK,pNOK,pPOK,UTF8|P:3.5x	utf8	POK,pIOK,pNOK,pPOK,UTF8|P:3.5x
f3_5	POK,pIOK,pNOK,pPOK|P:2.5x	add	POK,pIOK,pNOK,pPOK|P:2.5x
f3_5	POK,pIOK,pNOK,pPOK|P:2.5x	bors	POK,pIOK,pNOK,pPOK|P:2.5x
f3_5	POK,pIOK,pNOK,pPOK|P:2.5x	cat0	POK,pIOK,pNOK,pPOK|P:2.5x
f3_5	POK,pIOK,pNOK,pPOK|P:2.5x	catx	POK,pIOK,pNOK,pPOK|P:2.5xx
f3_5	POK,pIOK,pNOK,pPOK|P:2.5x	copy	POK,pIOK,pNOK,pPOK|P:2.5x
f3_5	POK,pIOK,pNOK,pPOK|P:2.5x	dec	NOK,pNOK|N:1.5
f3_5	POK,pIOK,pNOK,pPOK|P:2.5x	fbors	POK,pIOK,pNOK,pPOK|P:2.5x
f3_5	POK,pIOK,pNOK,pPOK|P:2.5x	inc	NOK,pNOK|N:3.5
f3_5	POK,pIOK,pNOK,pPOK|P:2.5x	iv	POK,pIOK,pNOK,pPOK|P:2.5x
f3_5	POK,pIOK,pNOK,pPOK|P:2.5x	nv	POK,pIOK,pNOK,pPOK|P:2.5x
f3_5	POK,pIOK,pNOK,pPOK|P:2.5x	rng	POK,pIOK,pNOK,pPOK|P:2.5x
f3_5	POK,pIOK,pNOK,pPOK|P:2.5x	str	POK,pIOK,pNOK,pPOK|P:2.5x
f3_5	POK,pIOK,pNOK,pPOK|P:2.5x	utf8	POK,pIOK,pNOK,pPOK,UTF8|P:2.5x
f3_5	POK,pIOK,pNOK,pPOK|P:3.5x	add	POK,pIOK,pNOK,pPOK|P:3.5x
f3_5	POK,pIOK,pNOK,pPOK|P:3.5x	bors	POK,pIOK,pNOK,pPOK|P:3.5x
f3_5	POK,pIOK,pNOK,pPOK|P:3.5x	cat0	POK,pIOK,pNOK,pPOK|P:3.5x
f3_5	POK,pIOK,pNOK,pPOK|P:3.5x	catx	POK,pIOK,pNOK,pPOK|P:3.5xx
f3_5	POK,pIOK,pNOK,pPOK|P:3.5x	copy	POK,pIOK,pNOK,pPOK|P:3.5x
f3_5	POK,pIOK,pNOK,pPOK|P:3.5x	dec	NOK,pNOK|N:2.5
f3_5	POK,pIOK,pNOK,pPOK|P:3.5x	fbors	POK,pIOK,pNOK,pPOK|P:3.5x
f3_5	POK,pIOK,pNOK,pPOK|P:3.5x	inc	NOK,pNOK|N:4.5
f3_5	POK,pIOK,pNOK,pPOK|P:3.5x	iv	POK,pIOK,pNOK,pPOK|P:3.5x
f3_5	POK,pIOK,pNOK,pPOK|P:3.5x	nv	POK,pIOK,pNOK,pPOK|P:3.5x
f3_5	POK,pIOK,pNOK,pPOK|P:3.5x	rng	POK,pIOK,pNOK,pPOK|P:3.5x
f3_5	POK,pIOK,pNOK,pPOK|P:3.5x	str	POK,pIOK,pNOK,pPOK|P:3.5x
f3_5	POK,pIOK,pNOK,pPOK|P:3.5x	utf8	POK,pIOK,pNOK,pPOK,UTF8|P:3.5x
f3_5	POK,pIOK,pNOK,pPOK|P:3.5xx	add	POK,pIOK,pNOK,pPOK|P:3.5xx
f3_5	POK,pIOK,pNOK,pPOK|P:3.5xx	bors	POK,pIOK,pNOK,pPOK|P:3.5xx
f3_5	POK,pIOK,pNOK,pPOK|P:3.5xx	cat0	POK,pIOK,pNOK,pPOK|P:3.5xx
f3_5	POK,pIOK,pNOK,pPOK|P:3.5xx	catx	POK,pIOK,pNOK,pPOK|P:3.5xxx
f3_5	POK,pIOK,pNOK,pPOK|P:3.5xx	copy	POK,pIOK,pNOK,pPOK|P:3.5xx
f3_5	POK,pIOK,pNOK,pPOK|P:3.5xx	dec	NOK,pNOK|N:2.5
f3_5	POK,pIOK,pNOK,pPOK|P:3.5xx	fbors	POK,pIOK,pNOK,pPOK|P:3.5xx
f3_5	POK,pIOK,pNOK,pPOK|P:3.5xx	inc	NOK,pNOK|N:4.5
f3_5	POK,pIOK,pNOK,pPOK|P:3.5xx	iv	POK,pIOK,pNOK,pPOK|P:3.5xx
f3_5	POK,pIOK,pNOK,pPOK|P:3.5xx	nv	POK,pIOK,pNOK,pPOK|P:3.5xx
f3_5	POK,pIOK,pNOK,pPOK|P:3.5xx	rng	POK,pIOK,pNOK,pPOK|P:3.5xx
f3_5	POK,pIOK,pNOK,pPOK|P:3.5xx	str	POK,pIOK,pNOK,pPOK|P:3.5xx
f3_5	POK,pIOK,pNOK,pPOK|P:3.5xx	utf8	POK,pIOK,pNOK,pPOK,UTF8|P:3.5xx
f3_5	POK,pIOK,pNOK,pPOK|P:4.5x	add	POK,pIOK,pNOK,pPOK|P:4.5x
f3_5	POK,pIOK,pNOK,pPOK|P:4.5x	bors	POK,pIOK,pNOK,pPOK|P:4.5x
f3_5	POK,pIOK,pNOK,pPOK|P:4.5x	cat0	POK,pIOK,pNOK,pPOK|P:4.5x
f3_5	POK,pIOK,pNOK,pPOK|P:4.5x	catx	POK,pIOK,pNOK,pPOK|P:4.5xx
f3_5	POK,pIOK,pNOK,pPOK|P:4.5x	copy	POK,pIOK,pNOK,pPOK|P:4.5x
f3_5	POK,pIOK,pNOK,pPOK|P:4.5x	dec	NOK,pNOK|N:3.5
f3_5	POK,pIOK,pNOK,pPOK|P:4.5x	fbors	POK,pIOK,pNOK,pPOK|P:4.5x
f3_5	POK,pIOK,pNOK,pPOK|P:4.5x	inc	NOK,pNOK|N:5.5
f3_5	POK,pIOK,pNOK,pPOK|P:4.5x	iv	POK,pIOK,pNOK,pPOK|P:4.5x
f3_5	POK,pIOK,pNOK,pPOK|P:4.5x	nv	POK,pIOK,pNOK,pPOK|P:4.5x
f3_5	POK,pIOK,pNOK,pPOK|P:4.5x	rng	POK,pIOK,pNOK,pPOK|P:4.5x
f3_5	POK,pIOK,pNOK,pPOK|P:4.5x	str	POK,pIOK,pNOK,pPOK|P:4.5x
f3_5	POK,pIOK,pNOK,pPOK|P:4.5x	utf8	POK,pIOK,pNOK,pPOK,UTF8|P:4.5x
f3_5	POK,pNOK,pPOK,UTF8|P:3.5x	add	POK,pIOK,pNOK,pPOK,UTF8|P:3.5x
f3_5	POK,pNOK,pPOK,UTF8|P:3.5x	bors	POK,pIOK,pNOK,pPOK,UTF8|P:3.5x
f3_5	POK,pNOK,pPOK,UTF8|P:3.5x	cat0	POK,pNOK,pPOK,UTF8|P:3.5x
f3_5	POK,pNOK,pPOK,UTF8|P:3.5x	catx	POK,pNOK,pPOK,UTF8|P:3.5xx
f3_5	POK,pNOK,pPOK,UTF8|P:3.5x	copy	POK,pNOK,pPOK,UTF8|P:3.5x
f3_5	POK,pNOK,pPOK,UTF8|P:3.5x	dec	NOK,pNOK|N:2.5
f3_5	POK,pNOK,pPOK,UTF8|P:3.5x	fbors	POK,pNOK,pPOK,UTF8|P:3.5x
f3_5	POK,pNOK,pPOK,UTF8|P:3.5x	inc	NOK,pNOK|N:4.5
f3_5	POK,pNOK,pPOK,UTF8|P:3.5x	iv	POK,pIOK,pNOK,pPOK,UTF8|P:3.5x
f3_5	POK,pNOK,pPOK,UTF8|P:3.5x	nv	POK,pNOK,pPOK,UTF8|P:3.5x
f3_5	POK,pNOK,pPOK,UTF8|P:3.5x	rng	POK,pIOK,pNOK,pPOK,UTF8|P:3.5x
f3_5	POK,pNOK,pPOK,UTF8|P:3.5x	str	POK,pNOK,pPOK,UTF8|P:3.5x
f3_5	POK,pNOK,pPOK,UTF8|P:3.5x	utf8	POK,pNOK,pPOK,UTF8|P:3.5x
f3_5	POK,pNOK,pPOK|P:2.5x	add	POK,pIOK,pNOK,pPOK|P:2.5x
f3_5	POK,pNOK,pPOK|P:2.5x	bors	POK,pIOK,pNOK,pPOK|P:2.5x
f3_5	POK,pNOK,pPOK|P:2.5x	cat0	POK,pNOK,pPOK|P:2.5x
f3_5	POK,pNOK,pPOK|P:2.5x	catx	POK,pNOK,pPOK|P:2.5xx
f3_5	POK,pNOK,pPOK|P:2.5x	copy	POK,pNOK,pPOK|P:2.5x
f3_5	POK,pNOK,pPOK|P:2.5x	dec	NOK,pNOK|N:1.5
f3_5	POK,pNOK,pPOK|P:2.5x	fbors	POK,pNOK,pPOK|P:2.5x
f3_5	POK,pNOK,pPOK|P:2.5x	inc	NOK,pNOK|N:3.5
f3_5	POK,pNOK,pPOK|P:2.5x	iv	POK,pIOK,pNOK,pPOK|P:2.5x
f3_5	POK,pNOK,pPOK|P:2.5x	nv	POK,pNOK,pPOK|P:2.5x
f3_5	POK,pNOK,pPOK|P:2.5x	rng	POK,pIOK,pNOK,pPOK|P:2.5x
f3_5	POK,pNOK,pPOK|P:2.5x	str	POK,pNOK,pPOK|P:2.5x
f3_5	POK,pNOK,pPOK|P:2.5x	utf8	POK,pNOK,pPOK,UTF8|P:2.5x
f3_5	POK,pNOK,pPOK|P:3.5x	add	POK,pIOK,pNOK,pPOK|P:3.5x
f3_5	POK,pNOK,pPOK|P:3.5x	bors	POK,pIOK,pNOK,pPOK|P:3.5x
f3_5	POK,pNOK,pPOK|P:3.5x	cat0	POK,pNOK,pPOK|P:3.5x
f3_5	POK,pNOK,pPOK|P:3.5x	catx	POK,pNOK,pPOK|P:3.5xx
f3_5	POK,pNOK,pPOK|P:3.5x	copy	POK,pNOK,pPOK|P:3.5x
f3_5	POK,pNOK,pPOK|P:3.5x	dec	NOK,pNOK|N:2.5
f3_5	POK,pNOK,pPOK|P:3.5x	fbors	POK,pNOK,pPOK|P:3.5x
f3_5	POK,pNOK,pPOK|P:3.5x	inc	NOK,pNOK|N:4.5
f3_5	POK,pNOK,pPOK|P:3.5x	iv	POK,pIOK,pNOK,pPOK|P:3.5x
f3_5	POK,pNOK,pPOK|P:3.5x	nv	POK,pNOK,pPOK|P:3.5x
f3_5	POK,pNOK,pPOK|P:3.5x	rng	POK,pIOK,pNOK,pPOK|P:3.5x
f3_5	POK,pNOK,pPOK|P:3.5x	str	POK,pNOK,pPOK|P:3.5x
f3_5	POK,pNOK,pPOK|P:3.5x	utf8	POK,pNOK,pPOK,UTF8|P:3.5x
f3_5	POK,pNOK,pPOK|P:3.5xx	add	POK,pIOK,pNOK,pPOK|P:3.5xx
f3_5	POK,pNOK,pPOK|P:3.5xx	bors	POK,pIOK,pNOK,pPOK|P:3.5xx
f3_5	POK,pNOK,pPOK|P:3.5xx	cat0	POK,pNOK,pPOK|P:3.5xx
f3_5	POK,pNOK,pPOK|P:3.5xx	catx	POK,pNOK,pPOK|P:3.5xxx
f3_5	POK,pNOK,pPOK|P:3.5xx	copy	POK,pNOK,pPOK|P:3.5xx
f3_5	POK,pNOK,pPOK|P:3.5xx	dec	NOK,pNOK|N:2.5
f3_5	POK,pNOK,pPOK|P:3.5xx	fbors	POK,pNOK,pPOK|P:3.5xx
f3_5	POK,pNOK,pPOK|P:3.5xx	inc	NOK,pNOK|N:4.5
f3_5	POK,pNOK,pPOK|P:3.5xx	iv	POK,pIOK,pNOK,pPOK|P:3.5xx
f3_5	POK,pNOK,pPOK|P:3.5xx	nv	POK,pNOK,pPOK|P:3.5xx
f3_5	POK,pNOK,pPOK|P:3.5xx	rng	POK,pIOK,pNOK,pPOK|P:3.5xx
f3_5	POK,pNOK,pPOK|P:3.5xx	str	POK,pNOK,pPOK|P:3.5xx
f3_5	POK,pNOK,pPOK|P:3.5xx	utf8	POK,pNOK,pPOK,UTF8|P:3.5xx
f3_5	POK,pNOK,pPOK|P:4.5x	add	POK,pIOK,pNOK,pPOK|P:4.5x
f3_5	POK,pNOK,pPOK|P:4.5x	bors	POK,pIOK,pNOK,pPOK|P:4.5x
f3_5	POK,pNOK,pPOK|P:4.5x	cat0	POK,pNOK,pPOK|P:4.5x
f3_5	POK,pNOK,pPOK|P:4.5x	catx	POK,pNOK,pPOK|P:4.5xx
f3_5	POK,pNOK,pPOK|P:4.5x	copy	POK,pNOK,pPOK|P:4.5x
f3_5	POK,pNOK,pPOK|P:4.5x	dec	NOK,pNOK|N:3.5
f3_5	POK,pNOK,pPOK|P:4.5x	fbors	POK,pNOK,pPOK|P:4.5x
f3_5	POK,pNOK,pPOK|P:4.5x	inc	NOK,pNOK|N:5.5
f3_5	POK,pNOK,pPOK|P:4.5x	iv	POK,pIOK,pNOK,pPOK|P:4.5x
f3_5	POK,pNOK,pPOK|P:4.5x	nv	POK,pNOK,pPOK|P:4.5x
f3_5	POK,pNOK,pPOK|P:4.5x	rng	POK,pIOK,pNOK,pPOK|P:4.5x
f3_5	POK,pNOK,pPOK|P:4.5x	str	POK,pNOK,pPOK|P:4.5x
f3_5	POK,pNOK,pPOK|P:4.5x	utf8	POK,pNOK,pPOK,UTF8|P:4.5x
f3_5	POK,pPOK,UTF8|P:1.5	add	NOK,POK,pIOK,pNOK,pPOK,UTF8|P:1.5
f3_5	POK,pPOK,UTF8|P:1.5	bors	POK,pPOK,UTF8|P:1.5
f3_5	POK,pPOK,UTF8|P:1.5	cat0	POK,pPOK,UTF8|P:1.5
f3_5	POK,pPOK,UTF8|P:1.5	catx	POK,pPOK,UTF8|P:1.5x
f3_5	POK,pPOK,UTF8|P:1.5	copy	POK,pPOK,UTF8|P:1.5
f3_5	POK,pPOK,UTF8|P:1.5	dec	NOK,pNOK|N:0.5
f3_5	POK,pPOK,UTF8|P:1.5	fbors	POK,pPOK,UTF8|P:1.5
f3_5	POK,pPOK,UTF8|P:1.5	inc	NOK,pNOK|N:2.5
f3_5	POK,pPOK,UTF8|P:1.5	iv	NOK,POK,pIOK,pNOK,pPOK,UTF8|P:1.5
f3_5	POK,pPOK,UTF8|P:1.5	nv	NOK,POK,pNOK,pPOK,UTF8|P:1.5
f3_5	POK,pPOK,UTF8|P:1.5	rng	NOK,POK,pIOK,pNOK,pPOK,UTF8|P:1.5
f3_5	POK,pPOK,UTF8|P:1.5	str	POK,pPOK,UTF8|P:1.5
f3_5	POK,pPOK,UTF8|P:1.5	utf8	POK,pPOK,UTF8|P:1.5
f3_5	POK,pPOK,UTF8|P:2.5	add	NOK,POK,pIOK,pNOK,pPOK,UTF8|P:2.5
f3_5	POK,pPOK,UTF8|P:2.5	bors	POK,pPOK,UTF8|P:2.5
f3_5	POK,pPOK,UTF8|P:2.5	cat0	POK,pPOK,UTF8|P:2.5
f3_5	POK,pPOK,UTF8|P:2.5	catx	POK,pPOK,UTF8|P:2.5x
f3_5	POK,pPOK,UTF8|P:2.5	copy	POK,pPOK,UTF8|P:2.5
f3_5	POK,pPOK,UTF8|P:2.5	dec	NOK,pNOK|N:1.5
f3_5	POK,pPOK,UTF8|P:2.5	fbors	POK,pPOK,UTF8|P:2.5
f3_5	POK,pPOK,UTF8|P:2.5	inc	NOK,pNOK|N:3.5
f3_5	POK,pPOK,UTF8|P:2.5	iv	NOK,POK,pIOK,pNOK,pPOK,UTF8|P:2.5
f3_5	POK,pPOK,UTF8|P:2.5	nv	NOK,POK,pNOK,pPOK,UTF8|P:2.5
f3_5	POK,pPOK,UTF8|P:2.5	rng	NOK,POK,pIOK,pNOK,pPOK,UTF8|P:2.5
f3_5	POK,pPOK,UTF8|P:2.5	str	POK,pPOK,UTF8|P:2.5
f3_5	POK,pPOK,UTF8|P:2.5	utf8	POK,pPOK,UTF8|P:2.5
f3_5	POK,pPOK,UTF8|P:2.5x	add	POK,pIOK,pNOK,pPOK,UTF8|P:2.5x
f3_5	POK,pPOK,UTF8|P:2.5x	bors	POK,pPOK,UTF8|P:2.5x
f3_5	POK,pPOK,UTF8|P:2.5x	cat0	POK,pPOK,UTF8|P:2.5x
f3_5	POK,pPOK,UTF8|P:2.5x	catx	POK,pPOK,UTF8|P:2.5xx
f3_5	POK,pPOK,UTF8|P:2.5x	copy	POK,pPOK,UTF8|P:2.5x
f3_5	POK,pPOK,UTF8|P:2.5x	dec	NOK,pNOK|N:1.5
f3_5	POK,pPOK,UTF8|P:2.5x	fbors	POK,pPOK,UTF8|P:2.5x
f3_5	POK,pPOK,UTF8|P:2.5x	inc	NOK,pNOK|N:3.5
f3_5	POK,pPOK,UTF8|P:2.5x	iv	POK,pIOK,pNOK,pPOK,UTF8|P:2.5x
f3_5	POK,pPOK,UTF8|P:2.5x	nv	POK,pNOK,pPOK,UTF8|P:2.5x
f3_5	POK,pPOK,UTF8|P:2.5x	rng	POK,pPOK,UTF8|P:2.5x
f3_5	POK,pPOK,UTF8|P:2.5x	str	POK,pPOK,UTF8|P:2.5x
f3_5	POK,pPOK,UTF8|P:2.5x	utf8	POK,pPOK,UTF8|P:2.5x
f3_5	POK,pPOK,UTF8|P:3.5	add	NOK,POK,pIOK,pNOK,pPOK,UTF8|P:3.5
f3_5	POK,pPOK,UTF8|P:3.5	bors	POK,pPOK,UTF8|P:3.5
f3_5	POK,pPOK,UTF8|P:3.5	cat0	POK,pPOK,UTF8|P:3.5
f3_5	POK,pPOK,UTF8|P:3.5	catx	POK,pPOK,UTF8|P:3.5x
f3_5	POK,pPOK,UTF8|P:3.5	copy	POK,pPOK,UTF8|P:3.5
f3_5	POK,pPOK,UTF8|P:3.5	dec	NOK,pNOK|N:2.5
f3_5	POK,pPOK,UTF8|P:3.5	fbors	POK,pPOK,UTF8|P:3.5
f3_5	POK,pPOK,UTF8|P:3.5	inc	NOK,pNOK|N:4.5
f3_5	POK,pPOK,UTF8|P:3.5	iv	NOK,POK,pIOK,pNOK,pPOK,UTF8|P:3.5
f3_5	POK,pPOK,UTF8|P:3.5	nv	NOK,POK,pNOK,pPOK,UTF8|P:3.5
f3_5	POK,pPOK,UTF8|P:3.5	rng	NOK,POK,pIOK,pNOK,pPOK,UTF8|P:3.5
f3_5	POK,pPOK,UTF8|P:3.5	str	POK,pPOK,UTF8|P:3.5
f3_5	POK,pPOK,UTF8|P:3.5	utf8	POK,pPOK,UTF8|P:3.5
f3_5	POK,pPOK,UTF8|P:3.5x	add	POK,pIOK,pNOK,pPOK,UTF8|P:3.5x
f3_5	POK,pPOK,UTF8|P:3.5x	bors	POK,pPOK,UTF8|P:3.5x
f3_5	POK,pPOK,UTF8|P:3.5x	cat0	POK,pPOK,UTF8|P:3.5x
f3_5	POK,pPOK,UTF8|P:3.5x	catx	POK,pPOK,UTF8|P:3.5xx
f3_5	POK,pPOK,UTF8|P:3.5x	copy	POK,pPOK,UTF8|P:3.5x
f3_5	POK,pPOK,UTF8|P:3.5x	dec	NOK,pNOK|N:2.5
f3_5	POK,pPOK,UTF8|P:3.5x	fbors	POK,pPOK,UTF8|P:3.5x
f3_5	POK,pPOK,UTF8|P:3.5x	inc	NOK,pNOK|N:4.5
f3_5	POK,pPOK,UTF8|P:3.5x	iv	POK,pIOK,pNOK,pPOK,UTF8|P:3.5x
f3_5	POK,pPOK,UTF8|P:3.5x	nv	POK,pNOK,pPOK,UTF8|P:3.5x
f3_5	POK,pPOK,UTF8|P:3.5x	rng	POK,pPOK,UTF8|P:3.5x
f3_5	POK,pPOK,UTF8|P:3.5x	str	POK,pPOK,UTF8|P:3.5x
f3_5	POK,pPOK,UTF8|P:3.5x	utf8	POK,pPOK,UTF8|P:3.5x
f3_5	POK,pPOK,UTF8|P:3.5xx	add	POK,pIOK,pNOK,pPOK,UTF8|P:3.5xx
f3_5	POK,pPOK,UTF8|P:3.5xx	bors	POK,pPOK,UTF8|P:3.5xx
f3_5	POK,pPOK,UTF8|P:3.5xx	cat0	POK,pPOK,UTF8|P:3.5xx
f3_5	POK,pPOK,UTF8|P:3.5xx	catx	POK,pPOK,UTF8|P:3.5xxx
f3_5	POK,pPOK,UTF8|P:3.5xx	copy	POK,pPOK,UTF8|P:3.5xx
f3_5	POK,pPOK,UTF8|P:3.5xx	dec	NOK,pNOK|N:2.5
f3_5	POK,pPOK,UTF8|P:3.5xx	fbors	POK,pPOK,UTF8|P:3.5xx
f3_5	POK,pPOK,UTF8|P:3.5xx	inc	NOK,pNOK|N:4.5
f3_5	POK,pPOK,UTF8|P:3.5xx	iv	POK,pIOK,pNOK,pPOK,UTF8|P:3.5xx
f3_5	POK,pPOK,UTF8|P:3.5xx	nv	POK,pNOK,pPOK,UTF8|P:3.5xx
f3_5	POK,pPOK,UTF8|P:3.5xx	rng	POK,pPOK,UTF8|P:3.5xx
f3_5	POK,pPOK,UTF8|P:3.5xx	str	POK,pPOK,UTF8|P:3.5xx
f3_5	POK,pPOK,UTF8|P:3.5xx	utf8	POK,pPOK,UTF8|P:3.5xx
f3_5	POK,pPOK,UTF8|P:4.5	add	NOK,POK,pIOK,pNOK,pPOK,UTF8|P:4.5
f3_5	POK,pPOK,UTF8|P:4.5	bors	POK,pPOK,UTF8|P:4.5
f3_5	POK,pPOK,UTF8|P:4.5	cat0	POK,pPOK,UTF8|P:4.5
f3_5	POK,pPOK,UTF8|P:4.5	catx	POK,pPOK,UTF8|P:4.5x
f3_5	POK,pPOK,UTF8|P:4.5	copy	POK,pPOK,UTF8|P:4.5
f3_5	POK,pPOK,UTF8|P:4.5	dec	NOK,pNOK|N:3.5
f3_5	POK,pPOK,UTF8|P:4.5	fbors	POK,pPOK,UTF8|P:4.5
f3_5	POK,pPOK,UTF8|P:4.5	inc	NOK,pNOK|N:5.5
f3_5	POK,pPOK,UTF8|P:4.5	iv	NOK,POK,pIOK,pNOK,pPOK,UTF8|P:4.5
f3_5	POK,pPOK,UTF8|P:4.5	nv	NOK,POK,pNOK,pPOK,UTF8|P:4.5
f3_5	POK,pPOK,UTF8|P:4.5	rng	NOK,POK,pIOK,pNOK,pPOK,UTF8|P:4.5
f3_5	POK,pPOK,UTF8|P:4.5	str	POK,pPOK,UTF8|P:4.5
f3_5	POK,pPOK,UTF8|P:4.5	utf8	POK,pPOK,UTF8|P:4.5
f3_5	POK,pPOK,UTF8|P:4.5x	add	POK,pIOK,pNOK,pPOK,UTF8|P:4.5x
f3_5	POK,pPOK,UTF8|P:4.5x	bors	POK,pPOK,UTF8|P:4.5x
f3_5	POK,pPOK,UTF8|P:4.5x	cat0	POK,pPOK,UTF8|P:4.5x
f3_5	POK,pPOK,UTF8|P:4.5x	catx	POK,pPOK,UTF8|P:4.5xx
f3_5	POK,pPOK,UTF8|P:4.5x	copy	POK,pPOK,UTF8|P:4.5x
f3_5	POK,pPOK,UTF8|P:4.5x	dec	NOK,pNOK|N:3.5
f3_5	POK,pPOK,UTF8|P:4.5x	fbors	POK,pPOK,UTF8|P:4.5x
f3_5	POK,pPOK,UTF8|P:4.5x	inc	NOK,pNOK|N:5.5
f3_5	POK,pPOK,UTF8|P:4.5x	iv	POK,pIOK,pNOK,pPOK,UTF8|P:4.5x
f3_5	POK,pPOK,UTF8|P:4.5x	nv	POK,pNOK,pPOK,UTF8|P:4.5x
f3_5	POK,pPOK,UTF8|P:4.5x	rng	POK,pPOK,UTF8|P:4.5x
f3_5	POK,pPOK,UTF8|P:4.5x	str	POK,pPOK,UTF8|P:4.5x
f3_5	POK,pPOK,UTF8|P:4.5x	utf8	POK,pPOK,UTF8|P:4.5x
f3_5	POK,pPOK,UTF8|P:5.5	add	NOK,POK,pIOK,pNOK,pPOK,UTF8|P:5.5
f3_5	POK,pPOK,UTF8|P:5.5	bors	POK,pPOK,UTF8|P:5.5
f3_5	POK,pPOK,UTF8|P:5.5	cat0	POK,pPOK,UTF8|P:5.5
f3_5	POK,pPOK,UTF8|P:5.5	catx	POK,pPOK,UTF8|P:5.5x
f3_5	POK,pPOK,UTF8|P:5.5	copy	POK,pPOK,UTF8|P:5.5
f3_5	POK,pPOK,UTF8|P:5.5	dec	NOK,pNOK|N:4.5
f3_5	POK,pPOK,UTF8|P:5.5	fbors	POK,pPOK,UTF8|P:5.5
f3_5	POK,pPOK,UTF8|P:5.5	inc	NOK,pNOK|N:6.5
f3_5	POK,pPOK,UTF8|P:5.5	iv	NOK,POK,pIOK,pNOK,pPOK,UTF8|P:5.5
f3_5	POK,pPOK,UTF8|P:5.5	nv	NOK,POK,pNOK,pPOK,UTF8|P:5.5
f3_5	POK,pPOK,UTF8|P:5.5	rng	NOK,POK,pIOK,pNOK,pPOK,UTF8|P:5.5
f3_5	POK,pPOK,UTF8|P:5.5	str	POK,pPOK,UTF8|P:5.5
f3_5	POK,pPOK,UTF8|P:5.5	utf8	POK,pPOK,UTF8|P:5.5
f3_5	POK,pPOK|P:1.5	add	NOK,POK,pIOK,pNOK,pPOK|P:1.5
f3_5	POK,pPOK|P:1.5	bors	POK,pPOK|P:1.5
f3_5	POK,pPOK|P:1.5	cat0	POK,pPOK|P:1.5
f3_5	POK,pPOK|P:1.5	catx	POK,pPOK|P:1.5x
f3_5	POK,pPOK|P:1.5	copy	POK,pPOK|P:1.5
f3_5	POK,pPOK|P:1.5	dec	NOK,pNOK|N:0.5
f3_5	POK,pPOK|P:1.5	fbors	POK,pPOK|P:1.5
f3_5	POK,pPOK|P:1.5	inc	NOK,pNOK|N:2.5
f3_5	POK,pPOK|P:1.5	iv	NOK,POK,pIOK,pNOK,pPOK|P:1.5
f3_5	POK,pPOK|P:1.5	nv	NOK,POK,pNOK,pPOK|P:1.5
f3_5	POK,pPOK|P:1.5	rng	NOK,POK,pIOK,pNOK,pPOK|P:1.5
f3_5	POK,pPOK|P:1.5	str	POK,pPOK|P:1.5
f3_5	POK,pPOK|P:1.5	utf8	POK,pPOK,UTF8|P:1.5
f3_5	POK,pPOK|P:1.5x	add	POK,pIOK,pNOK,pPOK|P:1.5x
f3_5	POK,pPOK|P:1.5x	bors	POK,pPOK|P:1.5x
f3_5	POK,pPOK|P:1.5x	cat0	POK,pPOK|P:1.5x
f3_5	POK,pPOK|P:1.5x	catx	POK,pPOK|P:1.5xx
f3_5	POK,pPOK|P:1.5x	copy	POK,pPOK|P:1.5x
f3_5	POK,pPOK|P:1.5x	dec	NOK,pNOK|N:0.5
f3_5	POK,pPOK|P:1.5x	fbors	POK,pPOK|P:1.5x
f3_5	POK,pPOK|P:1.5x	inc	NOK,pNOK|N:2.5
f3_5	POK,pPOK|P:1.5x	iv	POK,pIOK,pNOK,pPOK|P:1.5x
f3_5	POK,pPOK|P:1.5x	nv	POK,pNOK,pPOK|P:1.5x
f3_5	POK,pPOK|P:1.5x	rng	POK,pPOK|P:1.5x
f3_5	POK,pPOK|P:1.5x	str	POK,pPOK|P:1.5x
f3_5	POK,pPOK|P:1.5x	utf8	POK,pPOK,UTF8|P:1.5x
f3_5	POK,pPOK|P:2.5	add	NOK,POK,pIOK,pNOK,pPOK|P:2.5
f3_5	POK,pPOK|P:2.5	bors	POK,pPOK|P:2.5
f3_5	POK,pPOK|P:2.5	cat0	POK,pPOK|P:2.5
f3_5	POK,pPOK|P:2.5	catx	POK,pPOK|P:2.5x
f3_5	POK,pPOK|P:2.5	copy	POK,pPOK|P:2.5
f3_5	POK,pPOK|P:2.5	dec	NOK,pNOK|N:1.5
f3_5	POK,pPOK|P:2.5	fbors	POK,pPOK|P:2.5
f3_5	POK,pPOK|P:2.5	inc	NOK,pNOK|N:3.5
f3_5	POK,pPOK|P:2.5	iv	NOK,POK,pIOK,pNOK,pPOK|P:2.5
f3_5	POK,pPOK|P:2.5	nv	NOK,POK,pNOK,pPOK|P:2.5
f3_5	POK,pPOK|P:2.5	rng	NOK,POK,pIOK,pNOK,pPOK|P:2.5
f3_5	POK,pPOK|P:2.5	str	POK,pPOK|P:2.5
f3_5	POK,pPOK|P:2.5	utf8	POK,pPOK,UTF8|P:2.5
f3_5	POK,pPOK|P:2.5x	add	POK,pIOK,pNOK,pPOK|P:2.5x
f3_5	POK,pPOK|P:2.5x	bors	POK,pPOK|P:2.5x
f3_5	POK,pPOK|P:2.5x	cat0	POK,pPOK|P:2.5x
f3_5	POK,pPOK|P:2.5x	catx	POK,pPOK|P:2.5xx
f3_5	POK,pPOK|P:2.5x	copy	POK,pPOK|P:2.5x
f3_5	POK,pPOK|P:2.5x	dec	NOK,pNOK|N:1.5
f3_5	POK,pPOK|P:2.5x	fbors	POK,pPOK|P:2.5x
f3_5	POK,pPOK|P:2.5x	inc	NOK,pNOK|N:3.5
f3_5	POK,pPOK|P:2.5x	iv	POK,pIOK,pNOK,pPOK|P:2.5x
f3_5	POK,pPOK|P:2.5x	nv	POK,pNOK,pPOK|P:2.5x
f3_5	POK,pPOK|P:2.5x	rng	POK,pPOK|P:2.5x
f3_5	POK,pPOK|P:2.5x	str	POK,pPOK|P:2.5x
f3_5	POK,pPOK|P:2.5x	utf8	POK,pPOK,UTF8|P:2.5x
f3_5	POK,pPOK|P:2.5xx	add	POK,pIOK,pNOK,pPOK|P:2.5xx
f3_5	POK,pPOK|P:2.5xx	bors	POK,pPOK|P:2.5xx
f3_5	POK,pPOK|P:2.5xx	cat0	POK,pPOK|P:2.5xx
f3_5	POK,pPOK|P:2.5xx	catx	POK,pPOK|P:2.5xxx
f3_5	POK,pPOK|P:2.5xx	copy	POK,pPOK|P:2.5xx
f3_5	POK,pPOK|P:2.5xx	dec	NOK,pNOK|N:1.5
f3_5	POK,pPOK|P:2.5xx	fbors	POK,pPOK|P:2.5xx
f3_5	POK,pPOK|P:2.5xx	inc	NOK,pNOK|N:3.5
f3_5	POK,pPOK|P:2.5xx	iv	POK,pIOK,pNOK,pPOK|P:2.5xx
f3_5	POK,pPOK|P:2.5xx	nv	POK,pNOK,pPOK|P:2.5xx
f3_5	POK,pPOK|P:2.5xx	rng	POK,pPOK|P:2.5xx
f3_5	POK,pPOK|P:2.5xx	str	POK,pPOK|P:2.5xx
f3_5	POK,pPOK|P:2.5xx	utf8	POK,pPOK,UTF8|P:2.5xx
f3_5	POK,pPOK|P:3.5	add	NOK,POK,pIOK,pNOK,pPOK|P:3.5
f3_5	POK,pPOK|P:3.5	bors	POK,pPOK|P:3.5
f3_5	POK,pPOK|P:3.5	cat0	POK,pPOK|P:3.5
f3_5	POK,pPOK|P:3.5	catx	POK,pPOK|P:3.5x
f3_5	POK,pPOK|P:3.5	copy	POK,pPOK|P:3.5
f3_5	POK,pPOK|P:3.5	dec	NOK,pNOK|N:2.5
f3_5	POK,pPOK|P:3.5	fbors	POK,pPOK|P:3.5
f3_5	POK,pPOK|P:3.5	inc	NOK,pNOK|N:4.5
f3_5	POK,pPOK|P:3.5	iv	NOK,POK,pIOK,pNOK,pPOK|P:3.5
f3_5	POK,pPOK|P:3.5	nv	NOK,POK,pNOK,pPOK|P:3.5
f3_5	POK,pPOK|P:3.5	rng	NOK,POK,pIOK,pNOK,pPOK|P:3.5
f3_5	POK,pPOK|P:3.5	str	POK,pPOK|P:3.5
f3_5	POK,pPOK|P:3.5	utf8	POK,pPOK,UTF8|P:3.5
f3_5	POK,pPOK|P:3.5x	add	POK,pIOK,pNOK,pPOK|P:3.5x
f3_5	POK,pPOK|P:3.5x	bors	POK,pPOK|P:3.5x
f3_5	POK,pPOK|P:3.5x	cat0	POK,pPOK|P:3.5x
f3_5	POK,pPOK|P:3.5x	catx	POK,pPOK|P:3.5xx
f3_5	POK,pPOK|P:3.5x	copy	POK,pPOK|P:3.5x
f3_5	POK,pPOK|P:3.5x	dec	NOK,pNOK|N:2.5
f3_5	POK,pPOK|P:3.5x	fbors	POK,pPOK|P:3.5x
f3_5	POK,pPOK|P:3.5x	inc	NOK,pNOK|N:4.5
f3_5	POK,pPOK|P:3.5x	iv	POK,pIOK,pNOK,pPOK|P:3.5x
f3_5	POK,pPOK|P:3.5x	nv	POK,pNOK,pPOK|P:3.5x
f3_5	POK,pPOK|P:3.5x	rng	POK,pPOK|P:3.5x
f3_5	POK,pPOK|P:3.5x	str	POK,pPOK|P:3.5x
f3_5	POK,pPOK|P:3.5x	utf8	POK,pPOK,UTF8|P:3.5x
f3_5	POK,pPOK|P:3.5xx	add	POK,pIOK,pNOK,pPOK|P:3.5xx
f3_5	POK,pPOK|P:3.5xx	bors	POK,pPOK|P:3.5xx
f3_5	POK,pPOK|P:3.5xx	cat0	POK,pPOK|P:3.5xx
f3_5	POK,pPOK|P:3.5xx	catx	POK,pPOK|P:3.5xxx
f3_5	POK,pPOK|P:3.5xx	copy	POK,pPOK|P:3.5xx
f3_5	POK,pPOK|P:3.5xx	dec	NOK,pNOK|N:2.5
f3_5	POK,pPOK|P:3.5xx	fbors	POK,pPOK|P:3.5xx
f3_5	POK,pPOK|P:3.5xx	inc	NOK,pNOK|N:4.5
f3_5	POK,pPOK|P:3.5xx	iv	POK,pIOK,pNOK,pPOK|P:3.5xx
f3_5	POK,pPOK|P:3.5xx	nv	POK,pNOK,pPOK|P:3.5xx
f3_5	POK,pPOK|P:3.5xx	rng	POK,pPOK|P:3.5xx
f3_5	POK,pPOK|P:3.5xx	str	POK,pPOK|P:3.5xx
f3_5	POK,pPOK|P:3.5xx	utf8	POK,pPOK,UTF8|P:3.5xx
f3_5	POK,pPOK|P:3.5xxx	add	POK,pIOK,pNOK,pPOK|P:3.5xxx
f3_5	POK,pPOK|P:3.5xxx	bors	POK,pPOK|P:3.5xxx
f3_5	POK,pPOK|P:3.5xxx	cat0	POK,pPOK|P:3.5xxx
f3_5	POK,pPOK|P:3.5xxx	catx	POK,pPOK|P:3.5xxxx
f3_5	POK,pPOK|P:3.5xxx	copy	POK,pPOK|P:3.5xxx
f3_5	POK,pPOK|P:3.5xxx	dec	NOK,pNOK|N:2.5
f3_5	POK,pPOK|P:3.5xxx	fbors	POK,pPOK|P:3.5xxx
f3_5	POK,pPOK|P:3.5xxx	inc	NOK,pNOK|N:4.5
f3_5	POK,pPOK|P:3.5xxx	iv	POK,pIOK,pNOK,pPOK|P:3.5xxx
f3_5	POK,pPOK|P:3.5xxx	nv	POK,pNOK,pPOK|P:3.5xxx
f3_5	POK,pPOK|P:3.5xxx	rng	POK,pPOK|P:3.5xxx
f3_5	POK,pPOK|P:3.5xxx	str	POK,pPOK|P:3.5xxx
f3_5	POK,pPOK|P:3.5xxx	utf8	POK,pPOK,UTF8|P:3.5xxx
f3_5	POK,pPOK|P:4.5	add	NOK,POK,pIOK,pNOK,pPOK|P:4.5
f3_5	POK,pPOK|P:4.5	bors	POK,pPOK|P:4.5
f3_5	POK,pPOK|P:4.5	cat0	POK,pPOK|P:4.5
f3_5	POK,pPOK|P:4.5	catx	POK,pPOK|P:4.5x
f3_5	POK,pPOK|P:4.5	copy	POK,pPOK|P:4.5
f3_5	POK,pPOK|P:4.5	dec	NOK,pNOK|N:3.5
f3_5	POK,pPOK|P:4.5	fbors	POK,pPOK|P:4.5
f3_5	POK,pPOK|P:4.5	inc	NOK,pNOK|N:5.5
f3_5	POK,pPOK|P:4.5	iv	NOK,POK,pIOK,pNOK,pPOK|P:4.5
f3_5	POK,pPOK|P:4.5	nv	NOK,POK,pNOK,pPOK|P:4.5
f3_5	POK,pPOK|P:4.5	rng	NOK,POK,pIOK,pNOK,pPOK|P:4.5
f3_5	POK,pPOK|P:4.5	str	POK,pPOK|P:4.5
f3_5	POK,pPOK|P:4.5	utf8	POK,pPOK,UTF8|P:4.5
f3_5	POK,pPOK|P:4.5x	add	POK,pIOK,pNOK,pPOK|P:4.5x
f3_5	POK,pPOK|P:4.5x	bors	POK,pPOK|P:4.5x
f3_5	POK,pPOK|P:4.5x	cat0	POK,pPOK|P:4.5x
f3_5	POK,pPOK|P:4.5x	catx	POK,pPOK|P:4.5xx
f3_5	POK,pPOK|P:4.5x	copy	POK,pPOK|P:4.5x
f3_5	POK,pPOK|P:4.5x	dec	NOK,pNOK|N:3.5
f3_5	POK,pPOK|P:4.5x	fbors	POK,pPOK|P:4.5x
f3_5	POK,pPOK|P:4.5x	inc	NOK,pNOK|N:5.5
f3_5	POK,pPOK|P:4.5x	iv	POK,pIOK,pNOK,pPOK|P:4.5x
f3_5	POK,pPOK|P:4.5x	nv	POK,pNOK,pPOK|P:4.5x
f3_5	POK,pPOK|P:4.5x	rng	POK,pPOK|P:4.5x
f3_5	POK,pPOK|P:4.5x	str	POK,pPOK|P:4.5x
f3_5	POK,pPOK|P:4.5x	utf8	POK,pPOK,UTF8|P:4.5x
f3_5	POK,pPOK|P:4.5xx	add	POK,pIOK,pNOK,pPOK|P:4.5xx
f3_5	POK,pPOK|P:4.5xx	bors	POK,pPOK|P:4.5xx
f3_5	POK,pPOK|P:4.5xx	cat0	POK,pPOK|P:4.5xx
f3_5	POK,pPOK|P:4.5xx	catx	POK,pPOK|P:4.5xxx
f3_5	POK,pPOK|P:4.5xx	copy	POK,pPOK|P:4.5xx
f3_5	POK,pPOK|P:4.5xx	dec	NOK,pNOK|N:3.5
f3_5	POK,pPOK|P:4.5xx	fbors	POK,pPOK|P:4.5xx
f3_5	POK,pPOK|P:4.5xx	inc	NOK,pNOK|N:5.5
f3_5	POK,pPOK|P:4.5xx	iv	POK,pIOK,pNOK,pPOK|P:4.5xx
f3_5	POK,pPOK|P:4.5xx	nv	POK,pNOK,pPOK|P:4.5xx
f3_5	POK,pPOK|P:4.5xx	rng	POK,pPOK|P:4.5xx
f3_5	POK,pPOK|P:4.5xx	str	POK,pPOK|P:4.5xx
f3_5	POK,pPOK|P:4.5xx	utf8	POK,pPOK,UTF8|P:4.5xx
f3_5	POK,pPOK|P:5.5	add	NOK,POK,pIOK,pNOK,pPOK|P:5.5
f3_5	POK,pPOK|P:5.5	bors	POK,pPOK|P:5.5
f3_5	POK,pPOK|P:5.5	cat0	POK,pPOK|P:5.5
f3_5	POK,pPOK|P:5.5	catx	POK,pPOK|P:5.5x
f3_5	POK,pPOK|P:5.5	copy	POK,pPOK|P:5.5
f3_5	POK,pPOK|P:5.5	dec	NOK,pNOK|N:4.5
f3_5	POK,pPOK|P:5.5	fbors	POK,pPOK|P:5.5
f3_5	POK,pPOK|P:5.5	inc	NOK,pNOK|N:6.5
f3_5	POK,pPOK|P:5.5	iv	NOK,POK,pIOK,pNOK,pPOK|P:5.5
f3_5	POK,pPOK|P:5.5	nv	NOK,POK,pNOK,pPOK|P:5.5
f3_5	POK,pPOK|P:5.5	rng	NOK,POK,pIOK,pNOK,pPOK|P:5.5
f3_5	POK,pPOK|P:5.5	str	POK,pPOK|P:5.5
f3_5	POK,pPOK|P:5.5	utf8	POK,pPOK,UTF8|P:5.5
f3_5	POK,pPOK|P:5.5x	add	POK,pIOK,pNOK,pPOK|P:5.5x
f3_5	POK,pPOK|P:5.5x	bors	POK,pPOK|P:5.5x
f3_5	POK,pPOK|P:5.5x	cat0	POK,pPOK|P:5.5x
f3_5	POK,pPOK|P:5.5x	catx	POK,pPOK|P:5.5xx
f3_5	POK,pPOK|P:5.5x	copy	POK,pPOK|P:5.5x
f3_5	POK,pPOK|P:5.5x	dec	NOK,pNOK|N:4.5
f3_5	POK,pPOK|P:5.5x	fbors	POK,pPOK|P:5.5x
f3_5	POK,pPOK|P:5.5x	inc	NOK,pNOK|N:6.5
f3_5	POK,pPOK|P:5.5x	iv	POK,pIOK,pNOK,pPOK|P:5.5x
f3_5	POK,pPOK|P:5.5x	nv	POK,pNOK,pPOK|P:5.5x
f3_5	POK,pPOK|P:5.5x	rng	POK,pPOK|P:5.5x
f3_5	POK,pPOK|P:5.5x	str	POK,pPOK|P:5.5x
f3_5	POK,pPOK|P:5.5x	utf8	POK,pPOK,UTF8|P:5.5x
i10	IOK,NOK,POK,pIOK,pNOK,pPOK,UTF8|P:10	add	IOK,NOK,POK,pIOK,pNOK,pPOK,UTF8|P:10
i10	IOK,NOK,POK,pIOK,pNOK,pPOK,UTF8|P:10	bors	IOK,NOK,POK,pIOK,pNOK,pPOK,UTF8|P:10
i10	IOK,NOK,POK,pIOK,pNOK,pPOK,UTF8|P:10	cat0	POK,pPOK,UTF8|P:10
i10	IOK,NOK,POK,pIOK,pNOK,pPOK,UTF8|P:10	catx	POK,pPOK,UTF8|P:10x
i10	IOK,NOK,POK,pIOK,pNOK,pPOK,UTF8|P:10	copy	IOK,NOK,POK,pIOK,pNOK,pPOK,UTF8|P:10
i10	IOK,NOK,POK,pIOK,pNOK,pPOK,UTF8|P:10	dec	IOK,pIOK|N:9
i10	IOK,NOK,POK,pIOK,pNOK,pPOK,UTF8|P:10	fbors	IOK,NOK,POK,pIOK,pNOK,pPOK,UTF8|P:10
i10	IOK,NOK,POK,pIOK,pNOK,pPOK,UTF8|P:10	inc	IOK,pIOK|N:11
i10	IOK,NOK,POK,pIOK,pNOK,pPOK,UTF8|P:10	iv	IOK,NOK,POK,pIOK,pNOK,pPOK,UTF8|P:10
i10	IOK,NOK,POK,pIOK,pNOK,pPOK,UTF8|P:10	nv	IOK,NOK,POK,pIOK,pNOK,pPOK,UTF8|P:10
i10	IOK,NOK,POK,pIOK,pNOK,pPOK,UTF8|P:10	rng	IOK,NOK,POK,pIOK,pNOK,pPOK,UTF8|P:10
i10	IOK,NOK,POK,pIOK,pNOK,pPOK,UTF8|P:10	str	IOK,NOK,POK,pIOK,pNOK,pPOK,UTF8|P:10
i10	IOK,NOK,POK,pIOK,pNOK,pPOK,UTF8|P:10	utf8	IOK,NOK,POK,pIOK,pNOK,pPOK,UTF8|P:10
i10	IOK,NOK,POK,pIOK,pNOK,pPOK,UTF8|P:11	add	IOK,NOK,POK,pIOK,pNOK,pPOK,UTF8|P:11
i10	IOK,NOK,POK,pIOK,pNOK,pPOK,UTF8|P:11	bors	IOK,NOK,POK,pIOK,pNOK,pPOK,UTF8|P:11
i10	IOK,NOK,POK,pIOK,pNOK,pPOK,UTF8|P:11	cat0	POK,pPOK,UTF8|P:11
i10	IOK,NOK,POK,pIOK,pNOK,pPOK,UTF8|P:11	catx	POK,pPOK,UTF8|P:11x
i10	IOK,NOK,POK,pIOK,pNOK,pPOK,UTF8|P:11	copy	IOK,NOK,POK,pIOK,pNOK,pPOK,UTF8|P:11
i10	IOK,NOK,POK,pIOK,pNOK,pPOK,UTF8|P:11	dec	IOK,pIOK|N:10
i10	IOK,NOK,POK,pIOK,pNOK,pPOK,UTF8|P:11	fbors	IOK,NOK,POK,pIOK,pNOK,pPOK,UTF8|P:11
i10	IOK,NOK,POK,pIOK,pNOK,pPOK,UTF8|P:11	inc	IOK,pIOK|N:12
i10	IOK,NOK,POK,pIOK,pNOK,pPOK,UTF8|P:11	iv	IOK,NOK,POK,pIOK,pNOK,pPOK,UTF8|P:11
i10	IOK,NOK,POK,pIOK,pNOK,pPOK,UTF8|P:11	nv	IOK,NOK,POK,pIOK,pNOK,pPOK,UTF8|P:11
i10	IOK,NOK,POK,pIOK,pNOK,pPOK,UTF8|P:11	rng	IOK,NOK,POK,pIOK,pNOK,pPOK,UTF8|P:11
i10	IOK,NOK,POK,pIOK,pNOK,pPOK,UTF8|P:11	str	IOK,NOK,POK,pIOK,pNOK,pPOK,UTF8|P:11
i10	IOK,NOK,POK,pIOK,pNOK,pPOK,UTF8|P:11	utf8	IOK,NOK,POK,pIOK,pNOK,pPOK,UTF8|P:11
i10	IOK,NOK,POK,pIOK,pNOK,pPOK,UTF8|P:9	add	IOK,NOK,POK,pIOK,pNOK,pPOK,UTF8|P:9
i10	IOK,NOK,POK,pIOK,pNOK,pPOK,UTF8|P:9	bors	IOK,NOK,POK,pIOK,pNOK,pPOK,UTF8|P:9
i10	IOK,NOK,POK,pIOK,pNOK,pPOK,UTF8|P:9	cat0	POK,pPOK,UTF8|P:9
i10	IOK,NOK,POK,pIOK,pNOK,pPOK,UTF8|P:9	catx	POK,pPOK,UTF8|P:9x
i10	IOK,NOK,POK,pIOK,pNOK,pPOK,UTF8|P:9	copy	IOK,NOK,POK,pIOK,pNOK,pPOK,UTF8|P:9
i10	IOK,NOK,POK,pIOK,pNOK,pPOK,UTF8|P:9	dec	IOK,pIOK|N:8
i10	IOK,NOK,POK,pIOK,pNOK,pPOK,UTF8|P:9	fbors	IOK,NOK,POK,pIOK,pNOK,pPOK,UTF8|P:9
i10	IOK,NOK,POK,pIOK,pNOK,pPOK,UTF8|P:9	inc	IOK,pIOK|N:10
i10	IOK,NOK,POK,pIOK,pNOK,pPOK,UTF8|P:9	iv	IOK,NOK,POK,pIOK,pNOK,pPOK,UTF8|P:9
i10	IOK,NOK,POK,pIOK,pNOK,pPOK,UTF8|P:9	nv	IOK,NOK,POK,pIOK,pNOK,pPOK,UTF8|P:9
i10	IOK,NOK,POK,pIOK,pNOK,pPOK,UTF8|P:9	rng	IOK,NOK,POK,pIOK,pNOK,pPOK,UTF8|P:9
i10	IOK,NOK,POK,pIOK,pNOK,pPOK,UTF8|P:9	str	IOK,NOK,POK,pIOK,pNOK,pPOK,UTF8|P:9
i10	IOK,NOK,POK,pIOK,pNOK,pPOK,UTF8|P:9	utf8	IOK,NOK,POK,pIOK,pNOK,pPOK,UTF8|P:9
i10	IOK,NOK,POK,pIOK,pNOK,pPOK|P:10	add	IOK,NOK,POK,pIOK,pNOK,pPOK|P:10
i10	IOK,NOK,POK,pIOK,pNOK,pPOK|P:10	bors	IOK,NOK,POK,pIOK,pNOK,pPOK|P:10
i10	IOK,NOK,POK,pIOK,pNOK,pPOK|P:10	cat0	POK,pPOK|P:10
i10	IOK,NOK,POK,pIOK,pNOK,pPOK|P:10	catx	POK,pPOK|P:10x
i10	IOK,NOK,POK,pIOK,pNOK,pPOK|P:10	copy	IOK,NOK,POK,pIOK,pNOK,pPOK|P:10
i10	IOK,NOK,POK,pIOK,pNOK,pPOK|P:10	dec	IOK,pIOK|N:9
i10	IOK,NOK,POK,pIOK,pNOK,pPOK|P:10	fbors	IOK,NOK,POK,pIOK,pNOK,pPOK|P:10
i10	IOK,NOK,POK,pIOK,pNOK,pPOK|P:10	inc	IOK,pIOK|N:11
i10	IOK,NOK,POK,pIOK,pNOK,pPOK|P:10	iv	IOK,NOK,POK,pIOK,pNOK,pPOK|P:10
i10	IOK,NOK,POK,pIOK,pNOK,pPOK|P:10	nv	IOK,NOK,POK,pIOK,pNOK,pPOK|P:10
i10	IOK,NOK,POK,pIOK,pNOK,pPOK|P:10	rng	IOK,NOK,POK,pIOK,pNOK,pPOK|P:10
i10	IOK,NOK,POK,pIOK,pNOK,pPOK|P:10	str	IOK,NOK,POK,pIOK,pNOK,pPOK|P:10
i10	IOK,NOK,POK,pIOK,pNOK,pPOK|P:10	utf8	IOK,NOK,POK,pIOK,pNOK,pPOK,UTF8|P:10
i10	IOK,NOK,POK,pIOK,pNOK,pPOK|P:11	add	IOK,NOK,POK,pIOK,pNOK,pPOK|P:11
i10	IOK,NOK,POK,pIOK,pNOK,pPOK|P:11	bors	IOK,NOK,POK,pIOK,pNOK,pPOK|P:11
i10	IOK,NOK,POK,pIOK,pNOK,pPOK|P:11	cat0	POK,pPOK|P:11
i10	IOK,NOK,POK,pIOK,pNOK,pPOK|P:11	catx	POK,pPOK|P:11x
i10	IOK,NOK,POK,pIOK,pNOK,pPOK|P:11	copy	IOK,NOK,POK,pIOK,pNOK,pPOK|P:11
i10	IOK,NOK,POK,pIOK,pNOK,pPOK|P:11	dec	IOK,pIOK|N:10
i10	IOK,NOK,POK,pIOK,pNOK,pPOK|P:11	fbors	IOK,NOK,POK,pIOK,pNOK,pPOK|P:11
i10	IOK,NOK,POK,pIOK,pNOK,pPOK|P:11	inc	IOK,pIOK|N:12
i10	IOK,NOK,POK,pIOK,pNOK,pPOK|P:11	iv	IOK,NOK,POK,pIOK,pNOK,pPOK|P:11
i10	IOK,NOK,POK,pIOK,pNOK,pPOK|P:11	nv	IOK,NOK,POK,pIOK,pNOK,pPOK|P:11
i10	IOK,NOK,POK,pIOK,pNOK,pPOK|P:11	rng	IOK,NOK,POK,pIOK,pNOK,pPOK|P:11
i10	IOK,NOK,POK,pIOK,pNOK,pPOK|P:11	str	IOK,NOK,POK,pIOK,pNOK,pPOK|P:11
i10	IOK,NOK,POK,pIOK,pNOK,pPOK|P:11	utf8	IOK,NOK,POK,pIOK,pNOK,pPOK,UTF8|P:11
i10	IOK,NOK,POK,pIOK,pNOK,pPOK|P:9	add	IOK,NOK,POK,pIOK,pNOK,pPOK|P:9
i10	IOK,NOK,POK,pIOK,pNOK,pPOK|P:9	bors	IOK,NOK,POK,pIOK,pNOK,pPOK|P:9
i10	IOK,NOK,POK,pIOK,pNOK,pPOK|P:9	cat0	POK,pPOK|P:9
i10	IOK,NOK,POK,pIOK,pNOK,pPOK|P:9	catx	POK,pPOK|P:9x
i10	IOK,NOK,POK,pIOK,pNOK,pPOK|P:9	copy	IOK,NOK,POK,pIOK,pNOK,pPOK|P:9
i10	IOK,NOK,POK,pIOK,pNOK,pPOK|P:9	dec	IOK,pIOK|N:8
i10	IOK,NOK,POK,pIOK,pNOK,pPOK|P:9	fbors	IOK,NOK,POK,pIOK,pNOK,pPOK|P:9
i10	IOK,NOK,POK,pIOK,pNOK,pPOK|P:9	inc	IOK,pIOK|N:10
i10	IOK,NOK,POK,pIOK,pNOK,pPOK|P:9	iv	IOK,NOK,POK,pIOK,pNOK,pPOK|P:9
i10	IOK,NOK,POK,pIOK,pNOK,pPOK|P:9	nv	IOK,NOK,POK,pIOK,pNOK,pPOK|P:9
i10	IOK,NOK,POK,pIOK,pNOK,pPOK|P:9	rng	IOK,NOK,POK,pIOK,pNOK,pPOK|P:9
i10	IOK,NOK,POK,pIOK,pNOK,pPOK|P:9	str	IOK,NOK,POK,pIOK,pNOK,pPOK|P:9
i10	IOK,NOK,POK,pIOK,pNOK,pPOK|P:9	utf8	IOK,NOK,POK,pIOK,pNOK,pPOK,UTF8|P:9
i10	IOK,NOK,pIOK,pNOK,pPOK|N:10	add	IOK,NOK,pIOK,pNOK,pPOK|N:10
i10	IOK,NOK,pIOK,pNOK,pPOK|N:10	bors	IOK,NOK,pIOK,pNOK,pPOK|N:10
i10	IOK,NOK,pIOK,pNOK,pPOK|N:10	cat0	POK,pPOK|P:10
i10	IOK,NOK,pIOK,pNOK,pPOK|N:10	catx	POK,pPOK|P:10x
i10	IOK,NOK,pIOK,pNOK,pPOK|N:10	copy	IOK,NOK,pIOK,pNOK,pPOK|N:10
i10	IOK,NOK,pIOK,pNOK,pPOK|N:10	dec	IOK,pIOK|N:9
i10	IOK,NOK,pIOK,pNOK,pPOK|N:10	fbors	IOK,NOK,pIOK,pNOK,pPOK|N:10
i10	IOK,NOK,pIOK,pNOK,pPOK|N:10	inc	IOK,pIOK|N:11
i10	IOK,NOK,pIOK,pNOK,pPOK|N:10	iv	IOK,NOK,pIOK,pNOK,pPOK|N:10
i10	IOK,NOK,pIOK,pNOK,pPOK|N:10	nv	IOK,NOK,pIOK,pNOK,pPOK|N:10
i10	IOK,NOK,pIOK,pNOK,pPOK|N:10	rng	IOK,NOK,pIOK,pNOK,pPOK|N:10
i10	IOK,NOK,pIOK,pNOK,pPOK|N:10	str	IOK,NOK,pIOK,pNOK,pPOK|N:10
i10	IOK,NOK,pIOK,pNOK,pPOK|N:10	utf8	POK,pPOK,UTF8|P:10
i10	IOK,NOK,pIOK,pNOK,pPOK|N:11	add	IOK,NOK,pIOK,pNOK,pPOK|N:11
i10	IOK,NOK,pIOK,pNOK,pPOK|N:11	bors	IOK,NOK,pIOK,pNOK,pPOK|N:11
i10	IOK,NOK,pIOK,pNOK,pPOK|N:11	cat0	POK,pPOK|P:11
i10	IOK,NOK,pIOK,pNOK,pPOK|N:11	catx	POK,pPOK|P:11x
i10	IOK,NOK,pIOK,pNOK,pPOK|N:11	copy	IOK,NOK,pIOK,pNOK,pPOK|N:11
i10	IOK,NOK,pIOK,pNOK,pPOK|N:11	dec	IOK,pIOK|N:10
i10	IOK,NOK,pIOK,pNOK,pPOK|N:11	fbors	IOK,NOK,pIOK,pNOK,pPOK|N:11
i10	IOK,NOK,pIOK,pNOK,pPOK|N:11	inc	IOK,pIOK|N:12
i10	IOK,NOK,pIOK,pNOK,pPOK|N:11	iv	IOK,NOK,pIOK,pNOK,pPOK|N:11
i10	IOK,NOK,pIOK,pNOK,pPOK|N:11	nv	IOK,NOK,pIOK,pNOK,pPOK|N:11
i10	IOK,NOK,pIOK,pNOK,pPOK|N:11	rng	IOK,NOK,pIOK,pNOK,pPOK|N:11
i10	IOK,NOK,pIOK,pNOK,pPOK|N:11	str	IOK,NOK,pIOK,pNOK,pPOK|N:11
i10	IOK,NOK,pIOK,pNOK,pPOK|N:11	utf8	POK,pPOK,UTF8|P:11
i10	IOK,NOK,pIOK,pNOK,pPOK|N:9	add	IOK,NOK,pIOK,pNOK,pPOK|N:9
i10	IOK,NOK,pIOK,pNOK,pPOK|N:9	bors	IOK,NOK,pIOK,pNOK,pPOK|N:9
i10	IOK,NOK,pIOK,pNOK,pPOK|N:9	cat0	POK,pPOK|P:9
i10	IOK,NOK,pIOK,pNOK,pPOK|N:9	catx	POK,pPOK|P:9x
i10	IOK,NOK,pIOK,pNOK,pPOK|N:9	copy	IOK,NOK,pIOK,pNOK,pPOK|N:9
i10	IOK,NOK,pIOK,pNOK,pPOK|N:9	dec	IOK,pIOK|N:8
i10	IOK,NOK,pIOK,pNOK,pPOK|N:9	fbors	IOK,NOK,pIOK,pNOK,pPOK|N:9
i10	IOK,NOK,pIOK,pNOK,pPOK|N:9	inc	IOK,pIOK|N:10
i10	IOK,NOK,pIOK,pNOK,pPOK|N:9	iv	IOK,NOK,pIOK,pNOK,pPOK|N:9
i10	IOK,NOK,pIOK,pNOK,pPOK|N:9	nv	IOK,NOK,pIOK,pNOK,pPOK|N:9
i10	IOK,NOK,pIOK,pNOK,pPOK|N:9	rng	IOK,NOK,pIOK,pNOK,pPOK|N:9
i10	IOK,NOK,pIOK,pNOK,pPOK|N:9	str	IOK,NOK,pIOK,pNOK,pPOK|N:9
i10	IOK,NOK,pIOK,pNOK,pPOK|N:9	utf8	POK,pPOK,UTF8|P:9
i10	IOK,NOK,pIOK,pNOK|N:10	add	IOK,NOK,pIOK,pNOK|N:10
i10	IOK,NOK,pIOK,pNOK|N:10	bors	IOK,NOK,pIOK,pNOK|N:10
i10	IOK,NOK,pIOK,pNOK|N:10	cat0	POK,pPOK|P:10
i10	IOK,NOK,pIOK,pNOK|N:10	catx	POK,pPOK|P:10x
i10	IOK,NOK,pIOK,pNOK|N:10	copy	IOK,NOK,pIOK,pNOK|N:10
i10	IOK,NOK,pIOK,pNOK|N:10	dec	IOK,pIOK|N:9
i10	IOK,NOK,pIOK,pNOK|N:10	fbors	IOK,NOK,pIOK,pNOK,pPOK|N:10
i10	IOK,NOK,pIOK,pNOK|N:10	inc	IOK,pIOK|N:11
i10	IOK,NOK,pIOK,pNOK|N:10	iv	IOK,NOK,pIOK,pNOK|N:10
i10	IOK,NOK,pIOK,pNOK|N:10	nv	IOK,NOK,pIOK,pNOK|N:10
i10	IOK,NOK,pIOK,pNOK|N:10	rng	IOK,NOK,pIOK,pNOK|N:10
i10	IOK,NOK,pIOK,pNOK|N:10	str	IOK,NOK,pIOK,pNOK,pPOK|N:10
i10	IOK,NOK,pIOK,pNOK|N:10	utf8	POK,pPOK,UTF8|P:10
i10	IOK,NOK,pIOK,pNOK|N:11	add	IOK,NOK,pIOK,pNOK|N:11
i10	IOK,NOK,pIOK,pNOK|N:11	bors	IOK,NOK,pIOK,pNOK|N:11
i10	IOK,NOK,pIOK,pNOK|N:11	cat0	POK,pPOK|P:11
i10	IOK,NOK,pIOK,pNOK|N:11	catx	POK,pPOK|P:11x
i10	IOK,NOK,pIOK,pNOK|N:11	copy	IOK,NOK,pIOK,pNOK|N:11
i10	IOK,NOK,pIOK,pNOK|N:11	dec	IOK,pIOK|N:10
i10	IOK,NOK,pIOK,pNOK|N:11	fbors	IOK,NOK,pIOK,pNOK,pPOK|N:11
i10	IOK,NOK,pIOK,pNOK|N:11	inc	IOK,pIOK|N:12
i10	IOK,NOK,pIOK,pNOK|N:11	iv	IOK,NOK,pIOK,pNOK|N:11
i10	IOK,NOK,pIOK,pNOK|N:11	nv	IOK,NOK,pIOK,pNOK|N:11
i10	IOK,NOK,pIOK,pNOK|N:11	rng	IOK,NOK,pIOK,pNOK|N:11
i10	IOK,NOK,pIOK,pNOK|N:11	str	IOK,NOK,pIOK,pNOK,pPOK|N:11
i10	IOK,NOK,pIOK,pNOK|N:11	utf8	POK,pPOK,UTF8|P:11
i10	IOK,NOK,pIOK,pNOK|N:12	add	IOK,NOK,pIOK,pNOK|N:12
i10	IOK,NOK,pIOK,pNOK|N:12	bors	IOK,NOK,pIOK,pNOK|N:12
i10	IOK,NOK,pIOK,pNOK|N:12	cat0	POK,pPOK|P:12
i10	IOK,NOK,pIOK,pNOK|N:12	catx	POK,pPOK|P:12x
i10	IOK,NOK,pIOK,pNOK|N:12	copy	IOK,NOK,pIOK,pNOK|N:12
i10	IOK,NOK,pIOK,pNOK|N:12	dec	IOK,pIOK|N:11
i10	IOK,NOK,pIOK,pNOK|N:12	fbors	IOK,NOK,pIOK,pNOK,pPOK|N:12
i10	IOK,NOK,pIOK,pNOK|N:12	inc	IOK,pIOK|N:13
i10	IOK,NOK,pIOK,pNOK|N:12	iv	IOK,NOK,pIOK,pNOK|N:12
i10	IOK,NOK,pIOK,pNOK|N:12	nv	IOK,NOK,pIOK,pNOK|N:12
i10	IOK,NOK,pIOK,pNOK|N:12	rng	IOK,NOK,pIOK,pNOK|N:12
i10	IOK,NOK,pIOK,pNOK|N:12	str	IOK,NOK,pIOK,pNOK,pPOK|N:12
i10	IOK,NOK,pIOK,pNOK|N:12	utf8	POK,pPOK,UTF8|P:12
i10	IOK,NOK,pIOK,pNOK|N:8	add	IOK,NOK,pIOK,pNOK|N:8
i10	IOK,NOK,pIOK,pNOK|N:8	bors	IOK,NOK,pIOK,pNOK|N:8
i10	IOK,NOK,pIOK,pNOK|N:8	cat0	POK,pPOK|P:8
i10	IOK,NOK,pIOK,pNOK|N:8	catx	POK,pPOK|P:8x
i10	IOK,NOK,pIOK,pNOK|N:8	copy	IOK,NOK,pIOK,pNOK|N:8
i10	IOK,NOK,pIOK,pNOK|N:8	dec	IOK,pIOK|N:7
i10	IOK,NOK,pIOK,pNOK|N:8	fbors	IOK,NOK,pIOK,pNOK,pPOK|N:8
i10	IOK,NOK,pIOK,pNOK|N:8	inc	IOK,pIOK|N:9
i10	IOK,NOK,pIOK,pNOK|N:8	iv	IOK,NOK,pIOK,pNOK|N:8
i10	IOK,NOK,pIOK,pNOK|N:8	nv	IOK,NOK,pIOK,pNOK|N:8
i10	IOK,NOK,pIOK,pNOK|N:8	rng	IOK,NOK,pIOK,pNOK|N:8
i10	IOK,NOK,pIOK,pNOK|N:8	str	IOK,NOK,pIOK,pNOK,pPOK|N:8
i10	IOK,NOK,pIOK,pNOK|N:8	utf8	POK,pPOK,UTF8|P:8
i10	IOK,NOK,pIOK,pNOK|N:9	add	IOK,NOK,pIOK,pNOK|N:9
i10	IOK,NOK,pIOK,pNOK|N:9	bors	IOK,NOK,pIOK,pNOK|N:9
i10	IOK,NOK,pIOK,pNOK|N:9	cat0	POK,pPOK|P:9
i10	IOK,NOK,pIOK,pNOK|N:9	catx	POK,pPOK|P:9x
i10	IOK,NOK,pIOK,pNOK|N:9	copy	IOK,NOK,pIOK,pNOK|N:9
i10	IOK,NOK,pIOK,pNOK|N:9	dec	IOK,pIOK|N:8
i10	IOK,NOK,pIOK,pNOK|N:9	fbors	IOK,NOK,pIOK,pNOK,pPOK|N:9
i10	IOK,NOK,pIOK,pNOK|N:9	inc	IOK,pIOK|N:10
i10	IOK,NOK,pIOK,pNOK|N:9	iv	IOK,NOK,pIOK,pNOK|N:9
i10	IOK,NOK,pIOK,pNOK|N:9	nv	IOK,NOK,pIOK,pNOK|N:9
i10	IOK,NOK,pIOK,pNOK|N:9	rng	IOK,NOK,pIOK,pNOK|N:9
i10	IOK,NOK,pIOK,pNOK|N:9	str	IOK,NOK,pIOK,pNOK,pPOK|N:9
i10	IOK,NOK,pIOK,pNOK|N:9	utf8	POK,pPOK,UTF8|P:9
i10	IOK,POK,pIOK,pPOK,UTF8|P:10	add	IOK,POK,pIOK,pPOK,UTF8|P:10
i10	IOK,POK,pIOK,pPOK,UTF8|P:10	bors	IOK,POK,pIOK,pPOK,UTF8|P:10
i10	IOK,POK,pIOK,pPOK,UTF8|P:10	cat0	POK,pPOK,UTF8|P:10
i10	IOK,POK,pIOK,pPOK,UTF8|P:10	catx	POK,pPOK,UTF8|P:10x
i10	IOK,POK,pIOK,pPOK,UTF8|P:10	copy	IOK,POK,pIOK,pPOK,UTF8|P:10
i10	IOK,POK,pIOK,pPOK,UTF8|P:10	dec	IOK,pIOK|N:9
i10	IOK,POK,pIOK,pPOK,UTF8|P:10	fbors	IOK,POK,pIOK,pPOK,UTF8|P:10
i10	IOK,POK,pIOK,pPOK,UTF8|P:10	inc	IOK,pIOK|N:11
i10	IOK,POK,pIOK,pPOK,UTF8|P:10	iv	IOK,POK,pIOK,pPOK,UTF8|P:10
i10	IOK,POK,pIOK,pPOK,UTF8|P:10	nv	IOK,NOK,POK,pIOK,pNOK,pPOK,UTF8|P:10
i10	IOK,POK,pIOK,pPOK,UTF8|P:10	rng	IOK,POK,pIOK,pPOK,UTF8|P:10
i10	IOK,POK,pIOK,pPOK,UTF8|P:10	str	IOK,POK,pIOK,pPOK,UTF8|P:10
i10	IOK,POK,pIOK,pPOK,UTF8|P:10	utf8	IOK,POK,pIOK,pPOK,UTF8|P:10
i10	IOK,POK,pIOK,pPOK,UTF8|P:11	add	IOK,POK,pIOK,pPOK,UTF8|P:11
i10	IOK,POK,pIOK,pPOK,UTF8|P:11	bors	IOK,POK,pIOK,pPOK,UTF8|P:11
i10	IOK,POK,pIOK,pPOK,UTF8|P:11	cat0	POK,pPOK,UTF8|P:11
i10	IOK,POK,pIOK,pPOK,UTF8|P:11	catx	POK,pPOK,UTF8|P:11x
i10	IOK,POK,pIOK,pPOK,UTF8|P:11	copy	IOK,POK,pIOK,pPOK,UTF8|P:11
i10	IOK,POK,pIOK,pPOK,UTF8|P:11	dec	IOK,pIOK|N:10
i10	IOK,POK,pIOK,pPOK,UTF8|P:11	fbors	IOK,POK,pIOK,pPOK,UTF8|P:11
i10	IOK,POK,pIOK,pPOK,UTF8|P:11	inc	IOK,pIOK|N:12
i10	IOK,POK,pIOK,pPOK,UTF8|P:11	iv	IOK,POK,pIOK,pPOK,UTF8|P:11
i10	IOK,POK,pIOK,pPOK,UTF8|P:11	nv	IOK,NOK,POK,pIOK,pNOK,pPOK,UTF8|P:11
i10	IOK,POK,pIOK,pPOK,UTF8|P:11	rng	IOK,POK,pIOK,pPOK,UTF8|P:11
i10	IOK,POK,pIOK,pPOK,UTF8|P:11	str	IOK,POK,pIOK,pPOK,UTF8|P:11
i10	IOK,POK,pIOK,pPOK,UTF8|P:11	utf8	IOK,POK,pIOK,pPOK,UTF8|P:11
i10	IOK,POK,pIOK,pPOK,UTF8|P:9	add	IOK,POK,pIOK,pPOK,UTF8|P:9
i10	IOK,POK,pIOK,pPOK,UTF8|P:9	bors	IOK,POK,pIOK,pPOK,UTF8|P:9
i10	IOK,POK,pIOK,pPOK,UTF8|P:9	cat0	POK,pPOK,UTF8|P:9
i10	IOK,POK,pIOK,pPOK,UTF8|P:9	catx	POK,pPOK,UTF8|P:9x
i10	IOK,POK,pIOK,pPOK,UTF8|P:9	copy	IOK,POK,pIOK,pPOK,UTF8|P:9
i10	IOK,POK,pIOK,pPOK,UTF8|P:9	dec	IOK,pIOK|N:8
i10	IOK,POK,pIOK,pPOK,UTF8|P:9	fbors	IOK,POK,pIOK,pPOK,UTF8|P:9
i10	IOK,POK,pIOK,pPOK,UTF8|P:9	inc	IOK,pIOK|N:10
i10	IOK,POK,pIOK,pPOK,UTF8|P:9	iv	IOK,POK,pIOK,pPOK,UTF8|P:9
i10	IOK,POK,pIOK,pPOK,UTF8|P:9	nv	IOK,NOK,POK,pIOK,pNOK,pPOK,UTF8|P:9
i10	IOK,POK,pIOK,pPOK,UTF8|P:9	rng	IOK,POK,pIOK,pPOK,UTF8|P:9
i10	IOK,POK,pIOK,pPOK,UTF8|P:9	str	IOK,POK,pIOK,pPOK,UTF8|P:9
i10	IOK,POK,pIOK,pPOK,UTF8|P:9	utf8	IOK,POK,pIOK,pPOK,UTF8|P:9
i10	IOK,POK,pIOK,pPOK|P:10	add	IOK,POK,pIOK,pPOK|P:10
i10	IOK,POK,pIOK,pPOK|P:10	bors	IOK,POK,pIOK,pPOK|P:10
i10	IOK,POK,pIOK,pPOK|P:10	cat0	POK,pPOK|P:10
i10	IOK,POK,pIOK,pPOK|P:10	catx	POK,pPOK|P:10x
i10	IOK,POK,pIOK,pPOK|P:10	copy	IOK,POK,pIOK,pPOK|P:10
i10	IOK,POK,pIOK,pPOK|P:10	dec	IOK,pIOK|N:9
i10	IOK,POK,pIOK,pPOK|P:10	fbors	IOK,POK,pIOK,pPOK|P:10
i10	IOK,POK,pIOK,pPOK|P:10	inc	IOK,pIOK|N:11
i10	IOK,POK,pIOK,pPOK|P:10	iv	IOK,POK,pIOK,pPOK|P:10
i10	IOK,POK,pIOK,pPOK|P:10	nv	IOK,NOK,POK,pIOK,pNOK,pPOK|P:10
i10	IOK,POK,pIOK,pPOK|P:10	rng	IOK,POK,pIOK,pPOK|P:10
i10	IOK,POK,pIOK,pPOK|P:10	str	IOK,POK,pIOK,pPOK|P:10
i10	IOK,POK,pIOK,pPOK|P:10	utf8	IOK,POK,pIOK,pPOK,UTF8|P:10
i10	IOK,POK,pIOK,pPOK|P:11	add	IOK,POK,pIOK,pPOK|P:11
i10	IOK,POK,pIOK,pPOK|P:11	bors	IOK,POK,pIOK,pPOK|P:11
i10	IOK,POK,pIOK,pPOK|P:11	cat0	POK,pPOK|P:11
i10	IOK,POK,pIOK,pPOK|P:11	catx	POK,pPOK|P:11x
i10	IOK,POK,pIOK,pPOK|P:11	copy	IOK,POK,pIOK,pPOK|P:11
i10	IOK,POK,pIOK,pPOK|P:11	dec	IOK,pIOK|N:10
i10	IOK,POK,pIOK,pPOK|P:11	fbors	IOK,POK,pIOK,pPOK|P:11
i10	IOK,POK,pIOK,pPOK|P:11	inc	IOK,pIOK|N:12
i10	IOK,POK,pIOK,pPOK|P:11	iv	IOK,POK,pIOK,pPOK|P:11
i10	IOK,POK,pIOK,pPOK|P:11	nv	IOK,NOK,POK,pIOK,pNOK,pPOK|P:11
i10	IOK,POK,pIOK,pPOK|P:11	rng	IOK,POK,pIOK,pPOK|P:11
i10	IOK,POK,pIOK,pPOK|P:11	str	IOK,POK,pIOK,pPOK|P:11
i10	IOK,POK,pIOK,pPOK|P:11	utf8	IOK,POK,pIOK,pPOK,UTF8|P:11
i10	IOK,POK,pIOK,pPOK|P:9	add	IOK,POK,pIOK,pPOK|P:9
i10	IOK,POK,pIOK,pPOK|P:9	bors	IOK,POK,pIOK,pPOK|P:9
i10	IOK,POK,pIOK,pPOK|P:9	cat0	POK,pPOK|P:9
i10	IOK,POK,pIOK,pPOK|P:9	catx	POK,pPOK|P:9x
i10	IOK,POK,pIOK,pPOK|P:9	copy	IOK,POK,pIOK,pPOK|P:9
i10	IOK,POK,pIOK,pPOK|P:9	dec	IOK,pIOK|N:8
i10	IOK,POK,pIOK,pPOK|P:9	fbors	IOK,POK,pIOK,pPOK|P:9
i10	IOK,POK,pIOK,pPOK|P:9	inc	IOK,pIOK|N:10
i10	IOK,POK,pIOK,pPOK|P:9	iv	IOK,POK,pIOK,pPOK|P:9
i10	IOK,POK,pIOK,pPOK|P:9	nv	IOK,NOK,POK,pIOK,pNOK,pPOK|P:9
i10	IOK,POK,pIOK,pPOK|P:9	rng	IOK,POK,pIOK,pPOK|P:9
i10	IOK,POK,pIOK,pPOK|P:9	str	IOK,POK,pIOK,pPOK|P:9
i10	IOK,POK,pIOK,pPOK|P:9	utf8	IOK,POK,pIOK,pPOK,UTF8|P:9
i10	IOK,pIOK,pPOK|N:10	add	IOK,pIOK,pPOK|N:10
i10	IOK,pIOK,pPOK|N:10	bors	IOK,pIOK,pPOK|N:10
i10	IOK,pIOK,pPOK|N:10	cat0	POK,pPOK|P:10
i10	IOK,pIOK,pPOK|N:10	catx	POK,pPOK|P:10x
i10	IOK,pIOK,pPOK|N:10	copy	IOK,pIOK,pPOK|N:10
i10	IOK,pIOK,pPOK|N:10	dec	IOK,pIOK|N:9
i10	IOK,pIOK,pPOK|N:10	fbors	IOK,pIOK,pPOK|N:10
i10	IOK,pIOK,pPOK|N:10	inc	IOK,pIOK|N:11
i10	IOK,pIOK,pPOK|N:10	iv	IOK,pIOK,pPOK|N:10
i10	IOK,pIOK,pPOK|N:10	nv	IOK,NOK,pIOK,pNOK,pPOK|N:10
i10	IOK,pIOK,pPOK|N:10	rng	IOK,pIOK,pPOK|N:10
i10	IOK,pIOK,pPOK|N:10	str	IOK,pIOK,pPOK|N:10
i10	IOK,pIOK,pPOK|N:10	utf8	POK,pPOK,UTF8|P:10
i10	IOK,pIOK,pPOK|N:11	add	IOK,pIOK,pPOK|N:11
i10	IOK,pIOK,pPOK|N:11	bors	IOK,pIOK,pPOK|N:11
i10	IOK,pIOK,pPOK|N:11	cat0	POK,pPOK|P:11
i10	IOK,pIOK,pPOK|N:11	catx	POK,pPOK|P:11x
i10	IOK,pIOK,pPOK|N:11	copy	IOK,pIOK,pPOK|N:11
i10	IOK,pIOK,pPOK|N:11	dec	IOK,pIOK|N:10
i10	IOK,pIOK,pPOK|N:11	fbors	IOK,pIOK,pPOK|N:11
i10	IOK,pIOK,pPOK|N:11	inc	IOK,pIOK|N:12
i10	IOK,pIOK,pPOK|N:11	iv	IOK,pIOK,pPOK|N:11
i10	IOK,pIOK,pPOK|N:11	nv	IOK,NOK,pIOK,pNOK,pPOK|N:11
i10	IOK,pIOK,pPOK|N:11	rng	IOK,pIOK,pPOK|N:11
i10	IOK,pIOK,pPOK|N:11	str	IOK,pIOK,pPOK|N:11
i10	IOK,pIOK,pPOK|N:11	utf8	POK,pPOK,UTF8|P:11
i10	IOK,pIOK,pPOK|N:12	add	IOK,pIOK,pPOK|N:12
i10	IOK,pIOK,pPOK|N:12	bors	IOK,pIOK,pPOK|N:12
i10	IOK,pIOK,pPOK|N:12	cat0	POK,pPOK|P:12
i10	IOK,pIOK,pPOK|N:12	catx	POK,pPOK|P:12x
i10	IOK,pIOK,pPOK|N:12	copy	IOK,pIOK,pPOK|N:12
i10	IOK,pIOK,pPOK|N:12	dec	IOK,pIOK|N:11
i10	IOK,pIOK,pPOK|N:12	fbors	IOK,pIOK,pPOK|N:12
i10	IOK,pIOK,pPOK|N:12	inc	IOK,pIOK|N:13
i10	IOK,pIOK,pPOK|N:12	iv	IOK,pIOK,pPOK|N:12
i10	IOK,pIOK,pPOK|N:12	nv	IOK,NOK,pIOK,pNOK,pPOK|N:12
i10	IOK,pIOK,pPOK|N:12	rng	IOK,pIOK,pPOK|N:12
i10	IOK,pIOK,pPOK|N:12	str	IOK,pIOK,pPOK|N:12
i10	IOK,pIOK,pPOK|N:12	utf8	POK,pPOK,UTF8|P:12
i10	IOK,pIOK,pPOK|N:8	add	IOK,pIOK,pPOK|N:8
i10	IOK,pIOK,pPOK|N:8	bors	IOK,pIOK,pPOK|N:8
i10	IOK,pIOK,pPOK|N:8	cat0	POK,pPOK|P:8
i10	IOK,pIOK,pPOK|N:8	catx	POK,pPOK|P:8x
i10	IOK,pIOK,pPOK|N:8	copy	IOK,pIOK,pPOK|N:8
i10	IOK,pIOK,pPOK|N:8	dec	IOK,pIOK|N:7
i10	IOK,pIOK,pPOK|N:8	fbors	IOK,pIOK,pPOK|N:8
i10	IOK,pIOK,pPOK|N:8	inc	IOK,pIOK|N:9
i10	IOK,pIOK,pPOK|N:8	iv	IOK,pIOK,pPOK|N:8
i10	IOK,pIOK,pPOK|N:8	nv	IOK,NOK,pIOK,pNOK,pPOK|N:8
i10	IOK,pIOK,pPOK|N:8	rng	IOK,pIOK,pPOK|N:8
i10	IOK,pIOK,pPOK|N:8	str	IOK,pIOK,pPOK|N:8
i10	IOK,pIOK,pPOK|N:8	utf8	POK,pPOK,UTF8|P:8
i10	IOK,pIOK,pPOK|N:9	add	IOK,pIOK,pPOK|N:9
i10	IOK,pIOK,pPOK|N:9	bors	IOK,pIOK,pPOK|N:9
i10	IOK,pIOK,pPOK|N:9	cat0	POK,pPOK|P:9
i10	IOK,pIOK,pPOK|N:9	catx	POK,pPOK|P:9x
i10	IOK,pIOK,pPOK|N:9	copy	IOK,pIOK,pPOK|N:9
i10	IOK,pIOK,pPOK|N:9	dec	IOK,pIOK|N:8
i10	IOK,pIOK,pPOK|N:9	fbors	IOK,pIOK,pPOK|N:9
i10	IOK,pIOK,pPOK|N:9	inc	IOK,pIOK|N:10
i10	IOK,pIOK,pPOK|N:9	iv	IOK,pIOK,pPOK|N:9
i10	IOK,pIOK,pPOK|N:9	nv	IOK,NOK,pIOK,pNOK,pPOK|N:9
i10	IOK,pIOK,pPOK|N:9	rng	IOK,pIOK,pPOK|N:9
i10	IOK,pIOK,pPOK|N:9	str	IOK,pIOK,pPOK|N:9
i10	IOK,pIOK,pPOK|N:9	utf8	POK,pPOK,UTF8|P:9
i10	IOK,pIOK|N:10	add	IOK,pIOK|N:10
i10	IOK,pIOK|N:10	bors	IOK,pIOK|N:10
i10	IOK,pIOK|N:10	cat0	POK,pPOK|P:10
i10	IOK,pIOK|N:10	catx	POK,pPOK|P:10x
i10	IOK,pIOK|N:10	copy	IOK,pIOK|N:10
i10	IOK,pIOK|N:10	dec	IOK,pIOK|N:9
i10	IOK,pIOK|N:10	fbors	IOK,pIOK,pPOK|N:10
i10	IOK,pIOK|N:10	inc	IOK,pIOK|N:11
i10	IOK,pIOK|N:10	iv	IOK,pIOK|N:10
i10	IOK,pIOK|N:10	nv	IOK,NOK,pIOK,pNOK|N:10
i10	IOK,pIOK|N:10	rng	IOK,pIOK|N:10
i10	IOK,pIOK|N:10	str	IOK,pIOK,pPOK|N:10
i10	IOK,pIOK|N:10	utf8	POK,pPOK,UTF8|P:10
i10	IOK,pIOK|N:11	add	IOK,pIOK|N:11
i10	IOK,pIOK|N:11	bors	IOK,pIOK|N:11
i10	IOK,pIOK|N:11	cat0	POK,pPOK|P:11
i10	IOK,pIOK|N:11	catx	POK,pPOK|P:11x
i10	IOK,pIOK|N:11	copy	IOK,pIOK|N:11
i10	IOK,pIOK|N:11	dec	IOK,pIOK|N:10
i10	IOK,pIOK|N:11	fbors	IOK,pIOK,pPOK|N:11
i10	IOK,pIOK|N:11	inc	IOK,pIOK|N:12
i10	IOK,pIOK|N:11	iv	IOK,pIOK|N:11
i10	IOK,pIOK|N:11	nv	IOK,NOK,pIOK,pNOK|N:11
i10	IOK,pIOK|N:11	rng	IOK,pIOK|N:11
i10	IOK,pIOK|N:11	str	IOK,pIOK,pPOK|N:11
i10	IOK,pIOK|N:11	utf8	POK,pPOK,UTF8|P:11
i10	IOK,pIOK|N:12	add	IOK,pIOK|N:12
i10	IOK,pIOK|N:12	bors	IOK,pIOK|N:12
i10	IOK,pIOK|N:12	cat0	POK,pPOK|P:12
i10	IOK,pIOK|N:12	catx	POK,pPOK|P:12x
i10	IOK,pIOK|N:12	copy	IOK,pIOK|N:12
i10	IOK,pIOK|N:12	dec	IOK,pIOK|N:11
i10	IOK,pIOK|N:12	fbors	IOK,pIOK,pPOK|N:12
i10	IOK,pIOK|N:12	inc	IOK,pIOK|N:13
i10	IOK,pIOK|N:12	iv	IOK,pIOK|N:12
i10	IOK,pIOK|N:12	nv	IOK,NOK,pIOK,pNOK|N:12
i10	IOK,pIOK|N:12	rng	IOK,pIOK|N:12
i10	IOK,pIOK|N:12	str	IOK,pIOK,pPOK|N:12
i10	IOK,pIOK|N:12	utf8	POK,pPOK,UTF8|P:12
i10	IOK,pIOK|N:13	add	IOK,pIOK|N:13
i10	IOK,pIOK|N:13	bors	IOK,pIOK|N:13
i10	IOK,pIOK|N:13	cat0	POK,pPOK|P:13
i10	IOK,pIOK|N:13	catx	POK,pPOK|P:13x
i10	IOK,pIOK|N:13	copy	IOK,pIOK|N:13
i10	IOK,pIOK|N:13	dec	IOK,pIOK|N:12
i10	IOK,pIOK|N:13	fbors	IOK,pIOK,pPOK|N:13
i10	IOK,pIOK|N:13	inc	IOK,pIOK|N:14
i10	IOK,pIOK|N:13	iv	IOK,pIOK|N:13
i10	IOK,pIOK|N:13	nv	IOK,NOK,pIOK,pNOK|N:13
i10	IOK,pIOK|N:13	rng	IOK,pIOK|N:13
i10	IOK,pIOK|N:13	str	IOK,pIOK,pPOK|N:13
i10	IOK,pIOK|N:13	utf8	POK,pPOK,UTF8|P:13
i10	IOK,pIOK|N:7	add	IOK,pIOK|N:7
i10	IOK,pIOK|N:7	bors	IOK,pIOK|N:7
i10	IOK,pIOK|N:7	cat0	POK,pPOK|P:7
i10	IOK,pIOK|N:7	catx	POK,pPOK|P:7x
i10	IOK,pIOK|N:7	copy	IOK,pIOK|N:7
i10	IOK,pIOK|N:7	dec	IOK,pIOK|N:6
i10	IOK,pIOK|N:7	fbors	IOK,pIOK,pPOK|N:7
i10	IOK,pIOK|N:7	inc	IOK,pIOK|N:8
i10	IOK,pIOK|N:7	iv	IOK,pIOK|N:7
i10	IOK,pIOK|N:7	nv	IOK,NOK,pIOK,pNOK|N:7
i10	IOK,pIOK|N:7	rng	IOK,pIOK|N:7
i10	IOK,pIOK|N:7	str	IOK,pIOK,pPOK|N:7
i10	IOK,pIOK|N:7	utf8	POK,pPOK,UTF8|P:7
i10	IOK,pIOK|N:8	add	IOK,pIOK|N:8
i10	IOK,pIOK|N:8	bors	IOK,pIOK|N:8
i10	IOK,pIOK|N:8	cat0	POK,pPOK|P:8
i10	IOK,pIOK|N:8	catx	POK,pPOK|P:8x
i10	IOK,pIOK|N:8	copy	IOK,pIOK|N:8
i10	IOK,pIOK|N:8	dec	IOK,pIOK|N:7
i10	IOK,pIOK|N:8	fbors	IOK,pIOK,pPOK|N:8
i10	IOK,pIOK|N:8	inc	IOK,pIOK|N:9
i10	IOK,pIOK|N:8	iv	IOK,pIOK|N:8
i10	IOK,pIOK|N:8	nv	IOK,NOK,pIOK,pNOK|N:8
i10	IOK,pIOK|N:8	rng	IOK,pIOK|N:8
i10	IOK,pIOK|N:8	str	IOK,pIOK,pPOK|N:8
i10	IOK,pIOK|N:8	utf8	POK,pPOK,UTF8|P:8
i10	IOK,pIOK|N:9	add	IOK,pIOK|N:9
i10	IOK,pIOK|N:9	bors	IOK,pIOK|N:9
i10	IOK,pIOK|N:9	cat0	POK,pPOK|P:9
i10	IOK,pIOK|N:9	catx	POK,pPOK|P:9x
i10	IOK,pIOK|N:9	copy	IOK,pIOK|N:9
i10	IOK,pIOK|N:9	dec	IOK,pIOK|N:8
i10	IOK,pIOK|N:9	fbors	IOK,pIOK,pPOK|N:9
i10	IOK,pIOK|N:9	inc	IOK,pIOK|N:10
i10	IOK,pIOK|N:9	iv	IOK,pIOK|N:9
i10	IOK,pIOK|N:9	nv	IOK,NOK,pIOK,pNOK|N:9
i10	IOK,pIOK|N:9	rng	IOK,pIOK|N:9
i10	IOK,pIOK|N:9	str	IOK,pIOK,pPOK|N:9
i10	IOK,pIOK|N:9	utf8	POK,pPOK,UTF8|P:9
i10	NOK,POK,pNOK,pPOK,UTF8|P:10	add	IOK,NOK,POK,pIOK,pNOK,pPOK,UTF8|P:10
i10	NOK,POK,pNOK,pPOK,UTF8|P:10	bors	IOK,NOK,POK,pIOK,pNOK,pPOK,UTF8|P:10
i10	NOK,POK,pNOK,pPOK,UTF8|P:10	cat0	POK,pPOK,UTF8|P:10
i10	NOK,POK,pNOK,pPOK,UTF8|P:10	catx	POK,pPOK,UTF8|P:10x
i10	NOK,POK,pNOK,pPOK,UTF8|P:10	copy	NOK,POK,pNOK,pPOK,UTF8|P:10
i10	NOK,POK,pNOK,pPOK,UTF8|P:10	dec	NOK,pNOK|N:9
i10	NOK,POK,pNOK,pPOK,UTF8|P:10	fbors	NOK,POK,pNOK,pPOK,UTF8|P:10
i10	NOK,POK,pNOK,pPOK,UTF8|P:10	inc	IOK,pIOK|N:11
i10	NOK,POK,pNOK,pPOK,UTF8|P:10	iv	IOK,NOK,POK,pIOK,pNOK,pPOK,UTF8|P:10
i10	NOK,POK,pNOK,pPOK,UTF8|P:10	nv	NOK,POK,pNOK,pPOK,UTF8|P:10
i10	NOK,POK,pNOK,pPOK,UTF8|P:10	rng	IOK,NOK,POK,pIOK,pNOK,pPOK,UTF8|P:10
i10	NOK,POK,pNOK,pPOK,UTF8|P:10	str	NOK,POK,pNOK,pPOK,UTF8|P:10
i10	NOK,POK,pNOK,pPOK,UTF8|P:10	utf8	NOK,POK,pNOK,pPOK,UTF8|P:10
i10	NOK,POK,pNOK,pPOK,UTF8|P:11	add	IOK,NOK,POK,pIOK,pNOK,pPOK,UTF8|P:11
i10	NOK,POK,pNOK,pPOK,UTF8|P:11	bors	IOK,NOK,POK,pIOK,pNOK,pPOK,UTF8|P:11
i10	NOK,POK,pNOK,pPOK,UTF8|P:11	cat0	POK,pPOK,UTF8|P:11
i10	NOK,POK,pNOK,pPOK,UTF8|P:11	catx	POK,pPOK,UTF8|P:11x
i10	NOK,POK,pNOK,pPOK,UTF8|P:11	copy	NOK,POK,pNOK,pPOK,UTF8|P:11
i10	NOK,POK,pNOK,pPOK,UTF8|P:11	dec	NOK,pNOK|N:10
i10	NOK,POK,pNOK,pPOK,UTF8|P:11	fbors	NOK,POK,pNOK,pPOK,UTF8|P:11
i10	NOK,POK,pNOK,pPOK,UTF8|P:11	inc	IOK,pIOK|N:12
i10	NOK,POK,pNOK,pPOK,UTF8|P:11	iv	IOK,NOK,POK,pIOK,pNOK,pPOK,UTF8|P:11
i10	NOK,POK,pNOK,pPOK,UTF8|P:11	nv	NOK,POK,pNOK,pPOK,UTF8|P:11
i10	NOK,POK,pNOK,pPOK,UTF8|P:11	rng	IOK,NOK,POK,pIOK,pNOK,pPOK,UTF8|P:11
i10	NOK,POK,pNOK,pPOK,UTF8|P:11	str	NOK,POK,pNOK,pPOK,UTF8|P:11
i10	NOK,POK,pNOK,pPOK,UTF8|P:11	utf8	NOK,POK,pNOK,pPOK,UTF8|P:11
i10	NOK,POK,pNOK,pPOK,UTF8|P:9	add	IOK,NOK,POK,pIOK,pNOK,pPOK,UTF8|P:9
i10	NOK,POK,pNOK,pPOK,UTF8|P:9	bors	IOK,NOK,POK,pIOK,pNOK,pPOK,UTF8|P:9
i10	NOK,POK,pNOK,pPOK,UTF8|P:9	cat0	POK,pPOK,UTF8|P:9
i10	NOK,POK,pNOK,pPOK,UTF8|P:9	catx	POK,pPOK,UTF8|P:9x
i10	NOK,POK,pNOK,pPOK,UTF8|P:9	copy	NOK,POK,pNOK,pPOK,UTF8|P:9
i10	NOK,POK,pNOK,pPOK,UTF8|P:9	dec	NOK,pNOK|N:8
i10	NOK,POK,pNOK,pPOK,UTF8|P:9	fbors	NOK,POK,pNOK,pPOK,UTF8|P:9
i10	NOK,POK,pNOK,pPOK,UTF8|P:9	inc	IOK,pIOK|N:10
i10	NOK,POK,pNOK,pPOK,UTF8|P:9	iv	IOK,NOK,POK,pIOK,pNOK,pPOK,UTF8|P:9
i10	NOK,POK,pNOK,pPOK,UTF8|P:9	nv	NOK,POK,pNOK,pPOK,UTF8|P:9
i10	NOK,POK,pNOK,pPOK,UTF8|P:9	rng	IOK,NOK,POK,pIOK,pNOK,pPOK,UTF8|P:9
i10	NOK,POK,pNOK,pPOK,UTF8|P:9	str	NOK,POK,pNOK,pPOK,UTF8|P:9
i10	NOK,POK,pNOK,pPOK,UTF8|P:9	utf8	NOK,POK,pNOK,pPOK,UTF8|P:9
i10	NOK,POK,pNOK,pPOK|P:10	add	IOK,NOK,POK,pIOK,pNOK,pPOK|P:10
i10	NOK,POK,pNOK,pPOK|P:10	bors	IOK,NOK,POK,pIOK,pNOK,pPOK|P:10
i10	NOK,POK,pNOK,pPOK|P:10	cat0	POK,pPOK|P:10
i10	NOK,POK,pNOK,pPOK|P:10	catx	POK,pPOK|P:10x
i10	NOK,POK,pNOK,pPOK|P:10	copy	NOK,POK,pNOK,pPOK|P:10
i10	NOK,POK,pNOK,pPOK|P:10	dec	NOK,pNOK|N:9
i10	NOK,POK,pNOK,pPOK|P:10	fbors	NOK,POK,pNOK,pPOK|P:10
i10	NOK,POK,pNOK,pPOK|P:10	inc	IOK,pIOK|N:11
i10	NOK,POK,pNOK,pPOK|P:10	iv	IOK,NOK,POK,pIOK,pNOK,pPOK|P:10
i10	NOK,POK,pNOK,pPOK|P:10	nv	NOK,POK,pNOK,pPOK|P:10
i10	NOK,POK,pNOK,pPOK|P:10	rng	IOK,NOK,POK,pIOK,pNOK,pPOK|P:10
i10	NOK,POK,pNOK,pPOK|P:10	str	NOK,POK,pNOK,pPOK|P:10
i10	NOK,POK,pNOK,pPOK|P:10	utf8	NOK,POK,pNOK,pPOK,UTF8|P:10
i10	NOK,POK,pNOK,pPOK|P:11	add	IOK,NOK,POK,pIOK,pNOK,pPOK|P:11
i10	NOK,POK,pNOK,pPOK|P:11	bors	IOK,NOK,POK,pIOK,pNOK,pPOK|P:11
i10	NOK,POK,pNOK,pPOK|P:11	cat0	POK,pPOK|P:11
i10	NOK,POK,pNOK,pPOK|P:11	catx	POK,pPOK|P:11x
i10	NOK,POK,pNOK,pPOK|P:11	copy	NOK,POK,pNOK,pPOK|P:11
i10	NOK,POK,pNOK,pPOK|P:11	dec	NOK,pNOK|N:10
i10	NOK,POK,pNOK,pPOK|P:11	fbors	NOK,POK,pNOK,pPOK|P:11
i10	NOK,POK,pNOK,pPOK|P:11	inc	IOK,pIOK|N:12
i10	NOK,POK,pNOK,pPOK|P:11	iv	IOK,NOK,POK,pIOK,pNOK,pPOK|P:11
i10	NOK,POK,pNOK,pPOK|P:11	nv	NOK,POK,pNOK,pPOK|P:11
i10	NOK,POK,pNOK,pPOK|P:11	rng	IOK,NOK,POK,pIOK,pNOK,pPOK|P:11
i10	NOK,POK,pNOK,pPOK|P:11	str	NOK,POK,pNOK,pPOK|P:11
i10	NOK,POK,pNOK,pPOK|P:11	utf8	NOK,POK,pNOK,pPOK,UTF8|P:11
i10	NOK,POK,pNOK,pPOK|P:9	add	IOK,NOK,POK,pIOK,pNOK,pPOK|P:9
i10	NOK,POK,pNOK,pPOK|P:9	bors	IOK,NOK,POK,pIOK,pNOK,pPOK|P:9
i10	NOK,POK,pNOK,pPOK|P:9	cat0	POK,pPOK|P:9
i10	NOK,POK,pNOK,pPOK|P:9	catx	POK,pPOK|P:9x
i10	NOK,POK,pNOK,pPOK|P:9	copy	NOK,POK,pNOK,pPOK|P:9
i10	NOK,POK,pNOK,pPOK|P:9	dec	NOK,pNOK|N:8
i10	NOK,POK,pNOK,pPOK|P:9	fbors	NOK,POK,pNOK,pPOK|P:9
i10	NOK,POK,pNOK,pPOK|P:9	inc	IOK,pIOK|N:10
i10	NOK,POK,pNOK,pPOK|P:9	iv	IOK,NOK,POK,pIOK,pNOK,pPOK|P:9
i10	NOK,POK,pNOK,pPOK|P:9	nv	NOK,POK,pNOK,pPOK|P:9
i10	NOK,POK,pNOK,pPOK|P:9	rng	IOK,NOK,POK,pIOK,pNOK,pPOK|P:9
i10	NOK,POK,pNOK,pPOK|P:9	str	NOK,POK,pNOK,pPOK|P:9
i10	NOK,POK,pNOK,pPOK|P:9	utf8	NOK,POK,pNOK,pPOK,UTF8|P:9
i10	NOK,pNOK|N:10	add	IOK,NOK,pIOK,pNOK|N:10
i10	NOK,pNOK|N:10	bors	IOK,NOK,pIOK,pNOK|N:10
i10	NOK,pNOK|N:10	cat0	POK,pPOK|P:10
i10	NOK,pNOK|N:10	catx	POK,pPOK|P:10x
i10	NOK,pNOK|N:10	copy	NOK,pNOK|N:10
i10	NOK,pNOK|N:10	dec	NOK,pNOK|N:9
i10	NOK,pNOK|N:10	fbors	NOK,pNOK|N:10
i10	NOK,pNOK|N:10	inc	IOK,pIOK|N:11
i10	NOK,pNOK|N:10	iv	IOK,NOK,pIOK,pNOK|N:10
i10	NOK,pNOK|N:10	nv	NOK,pNOK|N:10
i10	NOK,pNOK|N:10	rng	IOK,NOK,pIOK,pNOK|N:10
i10	NOK,pNOK|N:10	str	NOK,pNOK|N:10
i10	NOK,pNOK|N:10	utf8	POK,pPOK,UTF8|P:10
i10	NOK,pNOK|N:11	add	IOK,NOK,pIOK,pNOK|N:11
i10	NOK,pNOK|N:11	bors	IOK,NOK,pIOK,pNOK|N:11
i10	NOK,pNOK|N:11	cat0	POK,pPOK|P:11
i10	NOK,pNOK|N:11	catx	POK,pPOK|P:11x
i10	NOK,pNOK|N:11	copy	NOK,pNOK|N:11
i10	NOK,pNOK|N:11	dec	NOK,pNOK|N:10
i10	NOK,pNOK|N:11	fbors	NOK,pNOK|N:11
i10	NOK,pNOK|N:11	inc	IOK,pIOK|N:12
i10	NOK,pNOK|N:11	iv	IOK,NOK,pIOK,pNOK|N:11
i10	NOK,pNOK|N:11	nv	NOK,pNOK|N:11
i10	NOK,pNOK|N:11	rng	IOK,NOK,pIOK,pNOK|N:11
i10	NOK,pNOK|N:11	str	NOK,pNOK|N:11
i10	NOK,pNOK|N:11	utf8	POK,pPOK,UTF8|P:11
i10	NOK,pNOK|N:12	add	IOK,NOK,pIOK,pNOK|N:12
i10	NOK,pNOK|N:12	bors	IOK,NOK,pIOK,pNOK|N:12
i10	NOK,pNOK|N:12	cat0	POK,pPOK|P:12
i10	NOK,pNOK|N:12	catx	POK,pPOK|P:12x
i10	NOK,pNOK|N:12	copy	NOK,pNOK|N:12
i10	NOK,pNOK|N:12	dec	NOK,pNOK|N:11
i10	NOK,pNOK|N:12	fbors	NOK,pNOK|N:12
i10	NOK,pNOK|N:12	inc	IOK,pIOK|N:13
i10	NOK,pNOK|N:12	iv	IOK,NOK,pIOK,pNOK|N:12
i10	NOK,pNOK|N:12	nv	NOK,pNOK|N:12
i10	NOK,pNOK|N:12	rng	IOK,NOK,pIOK,pNOK|N:12
i10	NOK,pNOK|N:12	str	NOK,pNOK|N:12
i10	NOK,pNOK|N:12	utf8	POK,pPOK,UTF8|P:12
i10	NOK,pNOK|N:8	add	IOK,NOK,pIOK,pNOK|N:8
i10	NOK,pNOK|N:8	bors	IOK,NOK,pIOK,pNOK|N:8
i10	NOK,pNOK|N:8	cat0	POK,pPOK|P:8
i10	NOK,pNOK|N:8	catx	POK,pPOK|P:8x
i10	NOK,pNOK|N:8	copy	NOK,pNOK|N:8
i10	NOK,pNOK|N:8	dec	NOK,pNOK|N:7
i10	NOK,pNOK|N:8	fbors	NOK,pNOK|N:8
i10	NOK,pNOK|N:8	inc	IOK,pIOK|N:9
i10	NOK,pNOK|N:8	iv	IOK,NOK,pIOK,pNOK|N:8
i10	NOK,pNOK|N:8	nv	NOK,pNOK|N:8
i10	NOK,pNOK|N:8	rng	IOK,NOK,pIOK,pNOK|N:8
i10	NOK,pNOK|N:8	str	NOK,pNOK|N:8
i10	NOK,pNOK|N:8	utf8	POK,pPOK,UTF8|P:8
i10	NOK,pNOK|N:9	add	IOK,NOK,pIOK,pNOK|N:9
i10	NOK,pNOK|N:9	bors	IOK,NOK,pIOK,pNOK|N:9
i10	NOK,pNOK|N:9	cat0	POK,pPOK|P:9
i10	NOK,pNOK|N:9	catx	POK,pPOK|P:9x
i10	NOK,pNOK|N:9	copy	NOK,pNOK|N:9
i10	NOK,pNOK|N:9	dec	NOK,pNOK|N:8
i10	NOK,pNOK|N:9	fbors	NOK,pNOK|N:9
i10	NOK,pNOK|N:9	inc	IOK,pIOK|N:10
i10	NOK,pNOK|N:9	iv	IOK,NOK,pIOK,pNOK|N:9
i10	NOK,pNOK|N:9	nv	NOK,pNOK|N:9
i10	NOK,pNOK|N:9	rng	IOK,NOK,pIOK,pNOK|N:9
i10	NOK,pNOK|N:9	str	NOK,pNOK|N:9
i10	NOK,pNOK|N:9	utf8	POK,pPOK,UTF8|P:9
i10	POK,pIOK,pNOK,pPOK,UTF8|P:10x	add	POK,pIOK,pNOK,pPOK,UTF8|P:10x
i10	POK,pIOK,pNOK,pPOK,UTF8|P:10x	bors	POK,pIOK,pNOK,pPOK,UTF8|P:10x
i10	POK,pIOK,pNOK,pPOK,UTF8|P:10x	cat0	POK,pIOK,pNOK,pPOK,UTF8|P:10x
i10	POK,pIOK,pNOK,pPOK,UTF8|P:10x	catx	POK,pIOK,pNOK,pPOK,UTF8|P:10xx
i10	POK,pIOK,pNOK,pPOK,UTF8|P:10x	copy	POK,pIOK,pNOK,pPOK,UTF8|P:10x
i10	POK,pIOK,pNOK,pPOK,UTF8|P:10x	dec	NOK,pNOK|N:9
i10	POK,pIOK,pNOK,pPOK,UTF8|P:10x	fbors	POK,pIOK,pNOK,pPOK,UTF8|P:10x
i10	POK,pIOK,pNOK,pPOK,UTF8|P:10x	inc	NOK,pNOK|N:11
i10	POK,pIOK,pNOK,pPOK,UTF8|P:10x	iv	POK,pIOK,pNOK,pPOK,UTF8|P:10x
i10	POK,pIOK,pNOK,pPOK,UTF8|P:10x	nv	POK,pIOK,pNOK,pPOK,UTF8|P:10x
i10	POK,pIOK,pNOK,pPOK,UTF8|P:10x	rng	POK,pIOK,pNOK,pPOK,UTF8|P:10x
i10	POK,pIOK,pNOK,pPOK,UTF8|P:10x	str	POK,pIOK,pNOK,pPOK,UTF8|P:10x
i10	POK,pIOK,pNOK,pPOK,UTF8|P:10x	utf8	POK,pIOK,pNOK,pPOK,UTF8|P:10x
i10	POK,pIOK,pNOK,pPOK|P:10x	add	POK,pIOK,pNOK,pPOK|P:10x
i10	POK,pIOK,pNOK,pPOK|P:10x	bors	POK,pIOK,pNOK,pPOK|P:10x
i10	POK,pIOK,pNOK,pPOK|P:10x	cat0	POK,pIOK,pNOK,pPOK|P:10x
i10	POK,pIOK,pNOK,pPOK|P:10x	catx	POK,pIOK,pNOK,pPOK|P:10xx
i10	POK,pIOK,pNOK,pPOK|P:10x	copy	POK,pIOK,pNOK,pPOK|P:10x
i10	POK,pIOK,pNOK,pPOK|P:10x	dec	NOK,pNOK|N:9
i10	POK,pIOK,pNOK,pPOK|P:10x	fbors	POK,pIOK,pNOK,pPOK|P:10x
i10	POK,pIOK,pNOK,pPOK|P:10x	inc	NOK,pNOK|N:11
i10	POK,pIOK,pNOK,pPOK|P:10x	iv	POK,pIOK,pNOK,pPOK|P:10x
i10	POK,pIOK,pNOK,pPOK|P:10x	nv	POK,pIOK,pNOK,pPOK|P:10x
i10	POK,pIOK,pNOK,pPOK|P:10x	rng	POK,pIOK,pNOK,pPOK|P:10x
i10	POK,pIOK,pNOK,pPOK|P:10x	str	POK,pIOK,pNOK,pPOK|P:10x
i10	POK,pIOK,pNOK,pPOK|P:10x	utf8	POK,pIOK,pNOK,pPOK,UTF8|P:10x
i10	POK,pIOK,pNOK,pPOK|P:10xx	add	POK,pIOK,pNOK,pPOK|P:10xx
i10	POK,pIOK,pNOK,pPOK|P:10xx	bors	POK,pIOK,pNOK,pPOK|P:10xx
i10	POK,pIOK,pNOK,pPOK|P:10xx	cat0	POK,pIOK,pNOK,pPOK|P:10xx
i10	POK,pIOK,pNOK,pPOK|P:10xx	catx	POK,pIOK,pNOK,pPOK|P:10xxx
i10	POK,pIOK,pNOK,pPOK|P:10xx	copy	POK,pIOK,pNOK,pPOK|P:10xx
i10	POK,pIOK,pNOK,pPOK|P:10xx	dec	NOK,pNOK|N:9
i10	POK,pIOK,pNOK,pPOK|P:10xx	fbors	POK,pIOK,pNOK,pPOK|P:10xx
i10	POK,pIOK,pNOK,pPOK|P:10xx	inc	NOK,pNOK|N:11
i10	POK,pIOK,pNOK,pPOK|P:10xx	iv	POK,pIOK,pNOK,pPOK|P:10xx
i10	POK,pIOK,pNOK,pPOK|P:10xx	nv	POK,pIOK,pNOK,pPOK|P:10xx
i10	POK,pIOK,pNOK,pPOK|P:10xx	rng	POK,pIOK,pNOK,pPOK|P:10xx
i10	POK,pIOK,pNOK,pPOK|P:10xx	str	POK,pIOK,pNOK,pPOK|P:10xx
i10	POK,pIOK,pNOK,pPOK|P:10xx	utf8	POK,pIOK,pNOK,pPOK,UTF8|P:10xx
i10	POK,pIOK,pNOK,pPOK|P:11x	add	POK,pIOK,pNOK,pPOK|P:11x
i10	POK,pIOK,pNOK,pPOK|P:11x	bors	POK,pIOK,pNOK,pPOK|P:11x
i10	POK,pIOK,pNOK,pPOK|P:11x	cat0	POK,pIOK,pNOK,pPOK|P:11x
i10	POK,pIOK,pNOK,pPOK|P:11x	catx	POK,pIOK,pNOK,pPOK|P:11xx
i10	POK,pIOK,pNOK,pPOK|P:11x	copy	POK,pIOK,pNOK,pPOK|P:11x
i10	POK,pIOK,pNOK,pPOK|P:11x	dec	NOK,pNOK|N:10
i10	POK,pIOK,pNOK,pPOK|P:11x	fbors	POK,pIOK,pNOK,pPOK|P:11x
i10	POK,pIOK,pNOK,pPOK|P:11x	inc	NOK,pNOK|N:12
i10	POK,pIOK,pNOK,pPOK|P:11x	iv	POK,pIOK,pNOK,pPOK|P:11x
i10	POK,pIOK,pNOK,pPOK|P:11x	nv	POK,pIOK,pNOK,pPOK|P:11x
i10	POK,pIOK,pNOK,pPOK|P:11x	rng	POK,pIOK,pNOK,pPOK|P:11x
i10	POK,pIOK,pNOK,pPOK|P:11x	str	POK,pIOK,pNOK,pPOK|P:11x
i10	POK,pIOK,pNOK,pPOK|P:11x	utf8	POK,pIOK,pNOK,pPOK,UTF8|P:11x
i10	POK,pIOK,pNOK,pPOK|P:9x	add	POK,pIOK,pNOK,pPOK|P:9x
i10	POK,pIOK,pNOK,pPOK|P:9x	bors	POK,pIOK,pNOK,pPOK|P:9x
i10	POK,pIOK,pNOK,pPOK|P:9x	cat0	POK,pIOK,pNOK,pPOK|P:9x
i10	POK,pIOK,pNOK,pPOK|P:9x	catx	POK,pIOK,pNOK,pPOK|P:9xx
i10	POK,pIOK,pNOK,pPOK|P:9x	copy	POK,pIOK,pNOK,pPOK|P:9x
i10	POK,pIOK,pNOK,pPOK|P:9x	dec	NOK,pNOK|N:8
i10	POK,pIOK,pNOK,pPOK|P:9x	fbors	POK,pIOK,pNOK,pPOK|P:9x
i10	POK,pIOK,pNOK,pPOK|P:9x	inc	NOK,pNOK|N:10
i10	POK,pIOK,pNOK,pPOK|P:9x	iv	POK,pIOK,pNOK,pPOK|P:9x
i10	POK,pIOK,pNOK,pPOK|P:9x	nv	POK,pIOK,pNOK,pPOK|P:9x
i10	POK,pIOK,pNOK,pPOK|P:9x	rng	POK,pIOK,pNOK,pPOK|P:9x
i10	POK,pIOK,pNOK,pPOK|P:9x	str	POK,pIOK,pNOK,pPOK|P:9x
i10	POK,pIOK,pNOK,pPOK|P:9x	utf8	POK,pIOK,pNOK,pPOK,UTF8|P:9x
i10	POK,pNOK,pPOK,UTF8|P:10x	add	POK,pIOK,pNOK,pPOK,UTF8|P:10x
i10	POK,pNOK,pPOK,UTF8|P:10x	bors	POK,pIOK,pNOK,pPOK,UTF8|P:10x
i10	POK,pNOK,pPOK,UTF8|P:10x	cat0	POK,pNOK,pPOK,UTF8|P:10x
i10	POK,pNOK,pPOK,UTF8|P:10x	catx	POK,pNOK,pPOK,UTF8|P:10xx
i10	POK,pNOK,pPOK,UTF8|P:10x	copy	POK,pNOK,pPOK,UTF8|P:10x
i10	POK,pNOK,pPOK,UTF8|P:10x	dec	NOK,pNOK|N:9
i10	POK,pNOK,pPOK,UTF8|P:10x	fbors	POK,pNOK,pPOK,UTF8|P:10x
i10	POK,pNOK,pPOK,UTF8|P:10x	inc	NOK,pNOK|N:11
i10	POK,pNOK,pPOK,UTF8|P:10x	iv	POK,pIOK,pNOK,pPOK,UTF8|P:10x
i10	POK,pNOK,pPOK,UTF8|P:10x	nv	POK,pNOK,pPOK,UTF8|P:10x
i10	POK,pNOK,pPOK,UTF8|P:10x	rng	POK,pIOK,pNOK,pPOK,UTF8|P:10x
i10	POK,pNOK,pPOK,UTF8|P:10x	str	POK,pNOK,pPOK,UTF8|P:10x
i10	POK,pNOK,pPOK,UTF8|P:10x	utf8	POK,pNOK,pPOK,UTF8|P:10x
i10	POK,pNOK,pPOK|P:10x	add	POK,pIOK,pNOK,pPOK|P:10x
i10	POK,pNOK,pPOK|P:10x	bors	POK,pIOK,pNOK,pPOK|P:10x
i10	POK,pNOK,pPOK|P:10x	cat0	POK,pNOK,pPOK|P:10x
i10	POK,pNOK,pPOK|P:10x	catx	POK,pNOK,pPOK|P:10xx
i10	POK,pNOK,pPOK|P:10x	copy	POK,pNOK,pPOK|P:10x
i10	POK,pNOK,pPOK|P:10x	dec	NOK,pNOK|N:9
i10	POK,pNOK,pPOK|P:10x	fbors	POK,pNOK,pPOK|P:10x
i10	POK,pNOK,pPOK|P:10x	inc	NOK,pNOK|N:11
i10	POK,pNOK,pPOK|P:10x	iv	POK,pIOK,pNOK,pPOK|P:10x
i10	POK,pNOK,pPOK|P:10x	nv	POK,pNOK,pPOK|P:10x
i10	POK,pNOK,pPOK|P:10x	rng	POK,pIOK,pNOK,pPOK|P:10x
i10	POK,pNOK,pPOK|P:10x	str	POK,pNOK,pPOK|P:10x
i10	POK,pNOK,pPOK|P:10x	utf8	POK,pNOK,pPOK,UTF8|P:10x
i10	POK,pNOK,pPOK|P:10xx	add	POK,pIOK,pNOK,pPOK|P:10xx
i10	POK,pNOK,pPOK|P:10xx	bors	POK,pIOK,pNOK,pPOK|P:10xx
i10	POK,pNOK,pPOK|P:10xx	cat0	POK,pNOK,pPOK|P:10xx
i10	POK,pNOK,pPOK|P:10xx	catx	POK,pNOK,pPOK|P:10xxx
i10	POK,pNOK,pPOK|P:10xx	copy	POK,pNOK,pPOK|P:10xx
i10	POK,pNOK,pPOK|P:10xx	dec	NOK,pNOK|N:9
i10	POK,pNOK,pPOK|P:10xx	fbors	POK,pNOK,pPOK|P:10xx
i10	POK,pNOK,pPOK|P:10xx	inc	NOK,pNOK|N:11
i10	POK,pNOK,pPOK|P:10xx	iv	POK,pIOK,pNOK,pPOK|P:10xx
i10	POK,pNOK,pPOK|P:10xx	nv	POK,pNOK,pPOK|P:10xx
i10	POK,pNOK,pPOK|P:10xx	rng	POK,pIOK,pNOK,pPOK|P:10xx
i10	POK,pNOK,pPOK|P:10xx	str	POK,pNOK,pPOK|P:10xx
i10	POK,pNOK,pPOK|P:10xx	utf8	POK,pNOK,pPOK,UTF8|P:10xx
i10	POK,pNOK,pPOK|P:11x	add	POK,pIOK,pNOK,pPOK|P:11x
i10	POK,pNOK,pPOK|P:11x	bors	POK,pIOK,pNOK,pPOK|P:11x
i10	POK,pNOK,pPOK|P:11x	cat0	POK,pNOK,pPOK|P:11x
i10	POK,pNOK,pPOK|P:11x	catx	POK,pNOK,pPOK|P:11xx
i10	POK,pNOK,pPOK|P:11x	copy	POK,pNOK,pPOK|P:11x
i10	POK,pNOK,pPOK|P:11x	dec	NOK,pNOK|N:10
i10	POK,pNOK,pPOK|P:11x	fbors	POK,pNOK,pPOK|P:11x
i10	POK,pNOK,pPOK|P:11x	inc	NOK,pNOK|N:12
i10	POK,pNOK,pPOK|P:11x	iv	POK,pIOK,pNOK,pPOK|P:11x
i10	POK,pNOK,pPOK|P:11x	nv	POK,pNOK,pPOK|P:11x
i10	POK,pNOK,pPOK|P:11x	rng	POK,pIOK,pNOK,pPOK|P:11x
i10	POK,pNOK,pPOK|P:11x	str	POK,pNOK,pPOK|P:11x
i10	POK,pNOK,pPOK|P:11x	utf8	POK,pNOK,pPOK,UTF8|P:11x
i10	POK,pNOK,pPOK|P:9x	add	POK,pIOK,pNOK,pPOK|P:9x
i10	POK,pNOK,pPOK|P:9x	bors	POK,pIOK,pNOK,pPOK|P:9x
i10	POK,pNOK,pPOK|P:9x	cat0	POK,pNOK,pPOK|P:9x
i10	POK,pNOK,pPOK|P:9x	catx	POK,pNOK,pPOK|P:9xx
i10	POK,pNOK,pPOK|P:9x	copy	POK,pNOK,pPOK|P:9x
i10	POK,pNOK,pPOK|P:9x	dec	NOK,pNOK|N:8
i10	POK,pNOK,pPOK|P:9x	fbors	POK,pNOK,pPOK|P:9x
i10	POK,pNOK,pPOK|P:9x	inc	NOK,pNOK|N:10
i10	POK,pNOK,pPOK|P:9x	iv	POK,pIOK,pNOK,pPOK|P:9x
i10	POK,pNOK,pPOK|P:9x	nv	POK,pNOK,pPOK|P:9x
i10	POK,pNOK,pPOK|P:9x	rng	POK,pIOK,pNOK,pPOK|P:9x
i10	POK,pNOK,pPOK|P:9x	str	POK,pNOK,pPOK|P:9x
i10	POK,pNOK,pPOK|P:9x	utf8	POK,pNOK,pPOK,UTF8|P:9x
i10	POK,pPOK,UTF8|P:10	add	IOK,POK,pIOK,pPOK,UTF8|P:10
i10	POK,pPOK,UTF8|P:10	bors	POK,pPOK,UTF8|P:10
i10	POK,pPOK,UTF8|P:10	cat0	POK,pPOK,UTF8|P:10
i10	POK,pPOK,UTF8|P:10	catx	POK,pPOK,UTF8|P:10x
i10	POK,pPOK,UTF8|P:10	copy	POK,pPOK,UTF8|P:10
i10	POK,pPOK,UTF8|P:10	dec	IOK,pIOK|N:9
i10	POK,pPOK,UTF8|P:10	fbors	POK,pPOK,UTF8|P:10
i10	POK,pPOK,UTF8|P:10	inc	POK,pPOK,UTF8|P:11
i10	POK,pPOK,UTF8|P:10	iv	IOK,POK,pIOK,pPOK,UTF8|P:10
i10	POK,pPOK,UTF8|P:10	nv	NOK,POK,pNOK,pPOK,UTF8|P:10
i10	POK,pPOK,UTF8|P:10	rng	IOK,NOK,POK,pIOK,pNOK,pPOK,UTF8|P:10
i10	POK,pPOK,UTF8|P:10	str	POK,pPOK,UTF8|P:10
i10	POK,pPOK,UTF8|P:10	utf8	POK,pPOK,UTF8|P:10
i10	POK,pPOK,UTF8|P:10x	add	POK,pIOK,pNOK,pPOK,UTF8|P:10x
i10	POK,pPOK,UTF8|P:10x	bors	POK,pPOK,UTF8|P:10x
i10	POK,pPOK,UTF8|P:10x	cat0	POK,pPOK,UTF8|P:10x
i10	POK,pPOK,UTF8|P:10x	catx	POK,pPOK,UTF8|P:10xx
i10	POK,pPOK,UTF8|P:10x	copy	POK,pPOK,UTF8|P:10x
i10	POK,pPOK,UTF8|P:10x	dec	NOK,pNOK|N:9
i10	POK,pPOK,UTF8|P:10x	fbors	POK,pPOK,UTF8|P:10x
i10	POK,pPOK,UTF8|P:10x	inc	NOK,pNOK|N:11
i10	POK,pPOK,UTF8|P:10x	iv	POK,pIOK,pNOK,pPOK,UTF8|P:10x
i10	POK,pPOK,UTF8|P:10x	nv	POK,pNOK,pPOK,UTF8|P:10x
i10	POK,pPOK,UTF8|P:10x	rng	POK,pPOK,UTF8|P:10x
i10	POK,pPOK,UTF8|P:10x	str	POK,pPOK,UTF8|P:10x
i10	POK,pPOK,UTF8|P:10x	utf8	POK,pPOK,UTF8|P:10x
i10	POK,pPOK,UTF8|P:10xx	add	POK,pIOK,pNOK,pPOK,UTF8|P:10xx
i10	POK,pPOK,UTF8|P:10xx	bors	POK,pPOK,UTF8|P:10xx
i10	POK,pPOK,UTF8|P:10xx	cat0	POK,pPOK,UTF8|P:10xx
i10	POK,pPOK,UTF8|P:10xx	catx	POK,pPOK,UTF8|P:10xxx
i10	POK,pPOK,UTF8|P:10xx	copy	POK,pPOK,UTF8|P:10xx
i10	POK,pPOK,UTF8|P:10xx	dec	NOK,pNOK|N:9
i10	POK,pPOK,UTF8|P:10xx	fbors	POK,pPOK,UTF8|P:10xx
i10	POK,pPOK,UTF8|P:10xx	inc	NOK,pNOK|N:11
i10	POK,pPOK,UTF8|P:10xx	iv	POK,pIOK,pNOK,pPOK,UTF8|P:10xx
i10	POK,pPOK,UTF8|P:10xx	nv	POK,pNOK,pPOK,UTF8|P:10xx
i10	POK,pPOK,UTF8|P:10xx	rng	POK,pPOK,UTF8|P:10xx
i10	POK,pPOK,UTF8|P:10xx	str	POK,pPOK,UTF8|P:10xx
i10	POK,pPOK,UTF8|P:10xx	utf8	POK,pPOK,UTF8|P:10xx
i10	POK,pPOK,UTF8|P:11	add	IOK,POK,pIOK,pPOK,UTF8|P:11
i10	POK,pPOK,UTF8|P:11	bors	POK,pPOK,UTF8|P:11
i10	POK,pPOK,UTF8|P:11	cat0	POK,pPOK,UTF8|P:11
i10	POK,pPOK,UTF8|P:11	catx	POK,pPOK,UTF8|P:11x
i10	POK,pPOK,UTF8|P:11	copy	POK,pPOK,UTF8|P:11
i10	POK,pPOK,UTF8|P:11	dec	IOK,pIOK|N:10
i10	POK,pPOK,UTF8|P:11	fbors	POK,pPOK,UTF8|P:11
i10	POK,pPOK,UTF8|P:11	inc	POK,pPOK,UTF8|P:12
i10	POK,pPOK,UTF8|P:11	iv	IOK,POK,pIOK,pPOK,UTF8|P:11
i10	POK,pPOK,UTF8|P:11	nv	NOK,POK,pNOK,pPOK,UTF8|P:11
i10	POK,pPOK,UTF8|P:11	rng	IOK,NOK,POK,pIOK,pNOK,pPOK,UTF8|P:11
i10	POK,pPOK,UTF8|P:11	str	POK,pPOK,UTF8|P:11
i10	POK,pPOK,UTF8|P:11	utf8	POK,pPOK,UTF8|P:11
i10	POK,pPOK,UTF8|P:11x	add	POK,pIOK,pNOK,pPOK,UTF8|P:11x
i10	POK,pPOK,UTF8|P:11x	bors	POK,pPOK,UTF8|P:11x
i10	POK,pPOK,UTF8|P:11x	cat0	POK,pPOK,UTF8|P:11x
i10	POK,pPOK,UTF8|P:11x	catx	POK,pPOK,UTF8|P:11xx
i10	POK,pPOK,UTF8|P:11x	copy	POK,pPOK,UTF8|P:11x
i10	POK,pPOK,UTF8|P:11x	dec	NOK,pNOK|N:10
i10	POK,pPOK,UTF8|P:11x	fbors	POK,pPOK,UTF8|P:11x
i10	POK,pPOK,UTF8|P:11x	inc	NOK,pNOK|N:12
i10	POK,pPOK,UTF8|P:11x	iv	POK,pIOK,pNOK,pPOK,UTF8|P:11x
i10	POK,pPOK,UTF8|P:11x	nv	POK,pNOK,pPOK,UTF8|P:11x
i10	POK,pPOK,UTF8|P:11x	rng	POK,pPOK,UTF8|P:11x
i10	POK,pPOK,UTF8|P:11x	str	POK,pPOK,UTF8|P:11x
i10	POK,pPOK,UTF8|P:11x	utf8	POK,pPOK,UTF8|P:11x
i10	POK,pPOK,UTF8|P:12	add	IOK,POK,pIOK,pPOK,UTF8|P:12
i10	POK,pPOK,UTF8|P:12	bors	POK,pPOK,UTF8|P:12
i10	POK,pPOK,UTF8|P:12	cat0	POK,pPOK,UTF8|P:12
i10	POK,pPOK,UTF8|P:12	catx	POK,pPOK,UTF8|P:12x
i10	POK,pPOK,UTF8|P:12	copy	POK,pPOK,UTF8|P:12
i10	POK,pPOK,UTF8|P:12	dec	IOK,pIOK|N:11
i10	POK,pPOK,UTF8|P:12	fbors	POK,pPOK,UTF8|P:12
i10	POK,pPOK,UTF8|P:12	inc	POK,pPOK,UTF8|P:13
i10	POK,pPOK,UTF8|P:12	iv	IOK,POK,pIOK,pPOK,UTF8|P:12
i10	POK,pPOK,UTF8|P:12	nv	NOK,POK,pNOK,pPOK,UTF8|P:12
i10	POK,pPOK,UTF8|P:12	rng	IOK,NOK,POK,pIOK,pNOK,pPOK,UTF8|P:12
i10	POK,pPOK,UTF8|P:12	str	POK,pPOK,UTF8|P:12
i10	POK,pPOK,UTF8|P:12	utf8	POK,pPOK,UTF8|P:12
i10	POK,pPOK,UTF8|P:8	add	IOK,POK,pIOK,pPOK,UTF8|P:8
i10	POK,pPOK,UTF8|P:8	bors	POK,pPOK,UTF8|P:8
i10	POK,pPOK,UTF8|P:8	cat0	POK,pPOK,UTF8|P:8
i10	POK,pPOK,UTF8|P:8	catx	POK,pPOK,UTF8|P:8x
i10	POK,pPOK,UTF8|P:8	copy	POK,pPOK,UTF8|P:8
i10	POK,pPOK,UTF8|P:8	dec	IOK,pIOK|N:7
i10	POK,pPOK,UTF8|P:8	fbors	POK,pPOK,UTF8|P:8
i10	POK,pPOK,UTF8|P:8	inc	POK,pPOK,UTF8|P:9
i10	POK,pPOK,UTF8|P:8	iv	IOK,POK,pIOK,pPOK,UTF8|P:8
i10	POK,pPOK,UTF8|P:8	nv	NOK,POK,pNOK,pPOK,UTF8|P:8
i10	POK,pPOK,UTF8|P:8	rng	IOK,NOK,POK,pIOK,pNOK,pPOK,UTF8|P:8
i10	POK,pPOK,UTF8|P:8	str	POK,pPOK,UTF8|P:8
i10	POK,pPOK,UTF8|P:8	utf8	POK,pPOK,UTF8|P:8
i10	POK,pPOK,UTF8|P:9	add	IOK,POK,pIOK,pPOK,UTF8|P:9
i10	POK,pPOK,UTF8|P:9	bors	POK,pPOK,UTF8|P:9
i10	POK,pPOK,UTF8|P:9	cat0	POK,pPOK,UTF8|P:9
i10	POK,pPOK,UTF8|P:9	catx	POK,pPOK,UTF8|P:9x
i10	POK,pPOK,UTF8|P:9	copy	POK,pPOK,UTF8|P:9
i10	POK,pPOK,UTF8|P:9	dec	IOK,pIOK|N:8
i10	POK,pPOK,UTF8|P:9	fbors	POK,pPOK,UTF8|P:9
i10	POK,pPOK,UTF8|P:9	inc	POK,pPOK,UTF8|P:10
i10	POK,pPOK,UTF8|P:9	iv	IOK,POK,pIOK,pPOK,UTF8|P:9
i10	POK,pPOK,UTF8|P:9	nv	NOK,POK,pNOK,pPOK,UTF8|P:9
i10	POK,pPOK,UTF8|P:9	rng	IOK,NOK,POK,pIOK,pNOK,pPOK,UTF8|P:9
i10	POK,pPOK,UTF8|P:9	str	POK,pPOK,UTF8|P:9
i10	POK,pPOK,UTF8|P:9	utf8	POK,pPOK,UTF8|P:9
i10	POK,pPOK,UTF8|P:9x	add	POK,pIOK,pNOK,pPOK,UTF8|P:9x
i10	POK,pPOK,UTF8|P:9x	bors	POK,pPOK,UTF8|P:9x
i10	POK,pPOK,UTF8|P:9x	cat0	POK,pPOK,UTF8|P:9x
i10	POK,pPOK,UTF8|P:9x	catx	POK,pPOK,UTF8|P:9xx
i10	POK,pPOK,UTF8|P:9x	copy	POK,pPOK,UTF8|P:9x
i10	POK,pPOK,UTF8|P:9x	dec	NOK,pNOK|N:8
i10	POK,pPOK,UTF8|P:9x	fbors	POK,pPOK,UTF8|P:9x
i10	POK,pPOK,UTF8|P:9x	inc	NOK,pNOK|N:10
i10	POK,pPOK,UTF8|P:9x	iv	POK,pIOK,pNOK,pPOK,UTF8|P:9x
i10	POK,pPOK,UTF8|P:9x	nv	POK,pNOK,pPOK,UTF8|P:9x
i10	POK,pPOK,UTF8|P:9x	rng	POK,pPOK,UTF8|P:9x
i10	POK,pPOK,UTF8|P:9x	str	POK,pPOK,UTF8|P:9x
i10	POK,pPOK,UTF8|P:9x	utf8	POK,pPOK,UTF8|P:9x
i10	POK,pPOK|P:10	add	IOK,POK,pIOK,pPOK|P:10
i10	POK,pPOK|P:10	bors	POK,pPOK|P:10
i10	POK,pPOK|P:10	cat0	POK,pPOK|P:10
i10	POK,pPOK|P:10	catx	POK,pPOK|P:10x
i10	POK,pPOK|P:10	copy	POK,pPOK|P:10
i10	POK,pPOK|P:10	dec	IOK,pIOK|N:9
i10	POK,pPOK|P:10	fbors	POK,pPOK|P:10
i10	POK,pPOK|P:10	inc	POK,pPOK|P:11
i10	POK,pPOK|P:10	iv	IOK,POK,pIOK,pPOK|P:10
i10	POK,pPOK|P:10	nv	NOK,POK,pNOK,pPOK|P:10
i10	POK,pPOK|P:10	rng	IOK,NOK,POK,pIOK,pNOK,pPOK|P:10
i10	POK,pPOK|P:10	str	POK,pPOK|P:10
i10	POK,pPOK|P:10	utf8	POK,pPOK,UTF8|P:10
i10	POK,pPOK|P:10x	add	POK,pIOK,pNOK,pPOK|P:10x
i10	POK,pPOK|P:10x	bors	POK,pPOK|P:10x
i10	POK,pPOK|P:10x	cat0	POK,pPOK|P:10x
i10	POK,pPOK|P:10x	catx	POK,pPOK|P:10xx
i10	POK,pPOK|P:10x	copy	POK,pPOK|P:10x
i10	POK,pPOK|P:10x	dec	NOK,pNOK|N:9
i10	POK,pPOK|P:10x	fbors	POK,pPOK|P:10x
i10	POK,pPOK|P:10x	inc	NOK,pNOK|N:11
i10	POK,pPOK|P:10x	iv	POK,pIOK,pNOK,pPOK|P:10x
i10	POK,pPOK|P:10x	nv	POK,pNOK,pPOK|P:10x
i10	POK,pPOK|P:10x	rng	POK,pPOK|P:10x
i10	POK,pPOK|P:10x	str	POK,pPOK|P:10x
i10	POK,pPOK|P:10x	utf8	POK,pPOK,UTF8|P:10x
i10	POK,pPOK|P:10xx	add	POK,pIOK,pNOK,pPOK|P:10xx
i10	POK,pPOK|P:10xx	bors	POK,pPOK|P:10xx
i10	POK,pPOK|P:10xx	cat0	POK,pPOK|P:10xx
i10	POK,pPOK|P:10xx	catx	POK,pPOK|P:10xxx
i10	POK,pPOK|P:10xx	copy	POK,pPOK|P:10xx
i10	POK,pPOK|P:10xx	dec	NOK,pNOK|N:9
i10	POK,pPOK|P:10xx	fbors	POK,pPOK|P:10xx
i10	POK,pPOK|P:10xx	inc	NOK,pNOK|N:11
i10	POK,pPOK|P:10xx	iv	POK,pIOK,pNOK,pPOK|P:10xx
i10	POK,pPOK|P:10xx	nv	POK,pNOK,pPOK|P:10xx
i10	POK,pPOK|P:10xx	rng	POK,pPOK|P:10xx
i10	POK,pPOK|P:10xx	str	POK,pPOK|P:10xx
i10	POK,pPOK|P:10xx	utf8	POK,pPOK,UTF8|P:10xx
i10	POK,pPOK|P:10xxx	add	POK,pIOK,pNOK,pPOK|P:10xxx
i10	POK,pPOK|P:10xxx	bors	POK,pPOK|P:10xxx
i10	POK,pPOK|P:10xxx	cat0	POK,pPOK|P:10xxx
i10	POK,pPOK|P:10xxx	catx	POK,pPOK|P:10xxxx
i10	POK,pPOK|P:10xxx	copy	POK,pPOK|P:10xxx
i10	POK,pPOK|P:10xxx	dec	NOK,pNOK|N:9
i10	POK,pPOK|P:10xxx	fbors	POK,pPOK|P:10xxx
i10	POK,pPOK|P:10xxx	inc	NOK,pNOK|N:11
i10	POK,pPOK|P:10xxx	iv	POK,pIOK,pNOK,pPOK|P:10xxx
i10	POK,pPOK|P:10xxx	nv	POK,pNOK,pPOK|P:10xxx
i10	POK,pPOK|P:10xxx	rng	POK,pPOK|P:10xxx
i10	POK,pPOK|P:10xxx	str	POK,pPOK|P:10xxx
i10	POK,pPOK|P:10xxx	utf8	POK,pPOK,UTF8|P:10xxx
i10	POK,pPOK|P:11	add	IOK,POK,pIOK,pPOK|P:11
i10	POK,pPOK|P:11	bors	POK,pPOK|P:11
i10	POK,pPOK|P:11	cat0	POK,pPOK|P:11
i10	POK,pPOK|P:11	catx	POK,pPOK|P:11x
i10	POK,pPOK|P:11	copy	POK,pPOK|P:11
i10	POK,pPOK|P:11	dec	IOK,pIOK|N:10
i10	POK,pPOK|P:11	fbors	POK,pPOK|P:11
i10	POK,pPOK|P:11	inc	POK,pPOK|P:12
i10	POK,pPOK|P:11	iv	IOK,POK,pIOK,pPOK|P:11
i10	POK,pPOK|P:11	nv	NOK,POK,pNOK,pPOK|P:11
i10	POK,pPOK|P:11	rng	IOK,NOK,POK,pIOK,pNOK,pPOK|P:11
i10	POK,pPOK|P:11	str	POK,pPOK|P:11
i10	POK,pPOK|P:11	utf8	POK,pPOK,UTF8|P:11
i10	POK,pPOK|P:11x	add	POK,pIOK,pNOK,pPOK|P:11x
i10	POK,pPOK|P:11x	bors	POK,pPOK|P:11x
i10	POK,pPOK|P:11x	cat0	POK,pPOK|P:11x
i10	POK,pPOK|P:11x	catx	POK,pPOK|P:11xx
i10	POK,pPOK|P:11x	copy	POK,pPOK|P:11x
i10	POK,pPOK|P:11x	dec	NOK,pNOK|N:10
i10	POK,pPOK|P:11x	fbors	POK,pPOK|P:11x
i10	POK,pPOK|P:11x	inc	NOK,pNOK|N:12
i10	POK,pPOK|P:11x	iv	POK,pIOK,pNOK,pPOK|P:11x
i10	POK,pPOK|P:11x	nv	POK,pNOK,pPOK|P:11x
i10	POK,pPOK|P:11x	rng	POK,pPOK|P:11x
i10	POK,pPOK|P:11x	str	POK,pPOK|P:11x
i10	POK,pPOK|P:11x	utf8	POK,pPOK,UTF8|P:11x
i10	POK,pPOK|P:11xx	add	POK,pIOK,pNOK,pPOK|P:11xx
i10	POK,pPOK|P:11xx	bors	POK,pPOK|P:11xx
i10	POK,pPOK|P:11xx	cat0	POK,pPOK|P:11xx
i10	POK,pPOK|P:11xx	catx	POK,pPOK|P:11xxx
i10	POK,pPOK|P:11xx	copy	POK,pPOK|P:11xx
i10	POK,pPOK|P:11xx	dec	NOK,pNOK|N:10
i10	POK,pPOK|P:11xx	fbors	POK,pPOK|P:11xx
i10	POK,pPOK|P:11xx	inc	NOK,pNOK|N:12
i10	POK,pPOK|P:11xx	iv	POK,pIOK,pNOK,pPOK|P:11xx
i10	POK,pPOK|P:11xx	nv	POK,pNOK,pPOK|P:11xx
i10	POK,pPOK|P:11xx	rng	POK,pPOK|P:11xx
i10	POK,pPOK|P:11xx	str	POK,pPOK|P:11xx
i10	POK,pPOK|P:11xx	utf8	POK,pPOK,UTF8|P:11xx
i10	POK,pPOK|P:12	add	IOK,POK,pIOK,pPOK|P:12
i10	POK,pPOK|P:12	bors	POK,pPOK|P:12
i10	POK,pPOK|P:12	cat0	POK,pPOK|P:12
i10	POK,pPOK|P:12	catx	POK,pPOK|P:12x
i10	POK,pPOK|P:12	copy	POK,pPOK|P:12
i10	POK,pPOK|P:12	dec	IOK,pIOK|N:11
i10	POK,pPOK|P:12	fbors	POK,pPOK|P:12
i10	POK,pPOK|P:12	inc	POK,pPOK|P:13
i10	POK,pPOK|P:12	iv	IOK,POK,pIOK,pPOK|P:12
i10	POK,pPOK|P:12	nv	NOK,POK,pNOK,pPOK|P:12
i10	POK,pPOK|P:12	rng	IOK,NOK,POK,pIOK,pNOK,pPOK|P:12
i10	POK,pPOK|P:12	str	POK,pPOK|P:12
i10	POK,pPOK|P:12	utf8	POK,pPOK,UTF8|P:12
i10	POK,pPOK|P:12x	add	POK,pIOK,pNOK,pPOK|P:12x
i10	POK,pPOK|P:12x	bors	POK,pPOK|P:12x
i10	POK,pPOK|P:12x	cat0	POK,pPOK|P:12x
i10	POK,pPOK|P:12x	catx	POK,pPOK|P:12xx
i10	POK,pPOK|P:12x	copy	POK,pPOK|P:12x
i10	POK,pPOK|P:12x	dec	NOK,pNOK|N:11
i10	POK,pPOK|P:12x	fbors	POK,pPOK|P:12x
i10	POK,pPOK|P:12x	inc	NOK,pNOK|N:13
i10	POK,pPOK|P:12x	iv	POK,pIOK,pNOK,pPOK|P:12x
i10	POK,pPOK|P:12x	nv	POK,pNOK,pPOK|P:12x
i10	POK,pPOK|P:12x	rng	POK,pPOK|P:12x
i10	POK,pPOK|P:12x	str	POK,pPOK|P:12x
i10	POK,pPOK|P:12x	utf8	POK,pPOK,UTF8|P:12x
i10	POK,pPOK|P:8	add	IOK,POK,pIOK,pPOK|P:8
i10	POK,pPOK|P:8	bors	POK,pPOK|P:8
i10	POK,pPOK|P:8	cat0	POK,pPOK|P:8
i10	POK,pPOK|P:8	catx	POK,pPOK|P:8x
i10	POK,pPOK|P:8	copy	POK,pPOK|P:8
i10	POK,pPOK|P:8	dec	IOK,pIOK|N:7
i10	POK,pPOK|P:8	fbors	POK,pPOK|P:8
i10	POK,pPOK|P:8	inc	POK,pPOK|P:9
i10	POK,pPOK|P:8	iv	IOK,POK,pIOK,pPOK|P:8
i10	POK,pPOK|P:8	nv	NOK,POK,pNOK,pPOK|P:8
i10	POK,pPOK|P:8	rng	IOK,NOK,POK,pIOK,pNOK,pPOK|P:8
i10	POK,pPOK|P:8	str	POK,pPOK|P:8
i10	POK,pPOK|P:8	utf8	POK,pPOK,UTF8|P:8
i10	POK,pPOK|P:8x	add	POK,pIOK,pNOK,pPOK|P:8x
i10	POK,pPOK|P:8x	bors	POK,pPOK|P:8x
i10	POK,pPOK|P:8x	cat0	POK,pPOK|P:8x
i10	POK,pPOK|P:8x	catx	POK,pPOK|P:8xx
i10	POK,pPOK|P:8x	copy	POK,pPOK|P:8x
i10	POK,pPOK|P:8x	dec	NOK,pNOK|N:7
i10	POK,pPOK|P:8x	fbors	POK,pPOK|P:8x
i10	POK,pPOK|P:8x	inc	NOK,pNOK|N:9
i10	POK,pPOK|P:8x	iv	POK,pIOK,pNOK,pPOK|P:8x
i10	POK,pPOK|P:8x	nv	POK,pNOK,pPOK|P:8x
i10	POK,pPOK|P:8x	rng	POK,pPOK|P:8x
i10	POK,pPOK|P:8x	str	POK,pPOK|P:8x
i10	POK,pPOK|P:8x	utf8	POK,pPOK,UTF8|P:8x
i10	POK,pPOK|P:9	add	IOK,POK,pIOK,pPOK|P:9
i10	POK,pPOK|P:9	bors	POK,pPOK|P:9
i10	POK,pPOK|P:9	cat0	POK,pPOK|P:9
i10	POK,pPOK|P:9	catx	POK,pPOK|P:9x
i10	POK,pPOK|P:9	copy	POK,pPOK|P:9
i10	POK,pPOK|P:9	dec	IOK,pIOK|N:8
i10	POK,pPOK|P:9	fbors	POK,pPOK|P:9
i10	POK,pPOK|P:9	inc	POK,pPOK|P:10
i10	POK,pPOK|P:9	iv	IOK,POK,pIOK,pPOK|P:9
i10	POK,pPOK|P:9	nv	NOK,POK,pNOK,pPOK|P:9
i10	POK,pPOK|P:9	rng	IOK,NOK,POK,pIOK,pNOK,pPOK|P:9
i10	POK,pPOK|P:9	str	POK,pPOK|P:9
i10	POK,pPOK|P:9	utf8	POK,pPOK,UTF8|P:9
i10	POK,pPOK|P:9x	add	POK,pIOK,pNOK,pPOK|P:9x
i10	POK,pPOK|P:9x	bors	POK,pPOK|P:9x
i10	POK,pPOK|P:9x	cat0	POK,pPOK|P:9x
i10	POK,pPOK|P:9x	catx	POK,pPOK|P:9xx
i10	POK,pPOK|P:9x	copy	POK,pPOK|P:9x
i10	POK,pPOK|P:9x	dec	NOK,pNOK|N:8
i10	POK,pPOK|P:9x	fbors	POK,pPOK|P:9x
i10	POK,pPOK|P:9x	inc	NOK,pNOK|N:10
i10	POK,pPOK|P:9x	iv	POK,pIOK,pNOK,pPOK|P:9x
i10	POK,pPOK|P:9x	nv	POK,pNOK,pPOK|P:9x
i10	POK,pPOK|P:9x	rng	POK,pPOK|P:9x
i10	POK,pPOK|P:9x	str	POK,pPOK|P:9x
i10	POK,pPOK|P:9x	utf8	POK,pPOK,UTF8|P:9x
i10	POK,pPOK|P:9xx	add	POK,pIOK,pNOK,pPOK|P:9xx
i10	POK,pPOK|P:9xx	bors	POK,pPOK|P:9xx
i10	POK,pPOK|P:9xx	cat0	POK,pPOK|P:9xx
i10	POK,pPOK|P:9xx	catx	POK,pPOK|P:9xxx
i10	POK,pPOK|P:9xx	copy	POK,pPOK|P:9xx
i10	POK,pPOK|P:9xx	dec	NOK,pNOK|N:8
i10	POK,pPOK|P:9xx	fbors	POK,pPOK|P:9xx
i10	POK,pPOK|P:9xx	inc	NOK,pNOK|N:10
i10	POK,pPOK|P:9xx	iv	POK,pIOK,pNOK,pPOK|P:9xx
i10	POK,pPOK|P:9xx	nv	POK,pNOK,pPOK|P:9xx
i10	POK,pPOK|P:9xx	rng	POK,pPOK|P:9xx
i10	POK,pPOK|P:9xx	str	POK,pPOK|P:9xx
i10	POK,pPOK|P:9xx	utf8	POK,pPOK,UTF8|P:9xx
iMax	IOK,NOK,pIOK,pNOK,IsUV|N:9.2233720368547758e+18	add	IOK,NOK,pIOK,pNOK,IsUV|N:9.2233720368547758e+18
iMax	IOK,NOK,pIOK,pNOK,IsUV|N:9.2233720368547758e+18	bors	IOK,NOK,pIOK,pNOK,IsUV|N:9.2233720368547758e+18
iMax	IOK,NOK,pIOK,pNOK,IsUV|N:9.2233720368547758e+18	dec	IOK,pIOK,IsUV|N:9.2233720368547758e+18
iMax	IOK,NOK,pIOK,pNOK,IsUV|N:9.2233720368547758e+18	fbors	IOK,NOK,pIOK,pNOK,pPOK,IsUV|N:9.2233720368547758e+18
iMax	IOK,NOK,pIOK,pNOK,IsUV|N:9.2233720368547758e+18	inc	IOK,pIOK,IsUV|N:9.2233720368547758e+18
iMax	IOK,NOK,pIOK,pNOK,IsUV|N:9.2233720368547758e+18	iv	IOK,NOK,pIOK,pNOK,IsUV|N:9.2233720368547758e+18
iMax	IOK,NOK,pIOK,pNOK,IsUV|N:9.2233720368547758e+18	nv	IOK,NOK,pIOK,pNOK,IsUV|N:9.2233720368547758e+18
iMax	IOK,NOK,pIOK,pNOK,IsUV|N:9.2233720368547758e+18	str	IOK,NOK,pIOK,pNOK,pPOK,IsUV|N:9.2233720368547758e+18
iMax	IOK,NOK,pIOK,pNOK,pPOK,IsUV|N:9.2233720368547758e+18	add	IOK,NOK,pIOK,pNOK,pPOK,IsUV|N:9.2233720368547758e+18
iMax	IOK,NOK,pIOK,pNOK,pPOK,IsUV|N:9.2233720368547758e+18	bors	IOK,NOK,pIOK,pNOK,pPOK,IsUV|N:9.2233720368547758e+18
iMax	IOK,NOK,pIOK,pNOK,pPOK,IsUV|N:9.2233720368547758e+18	dec	IOK,pIOK,IsUV|N:9.2233720368547758e+18
iMax	IOK,NOK,pIOK,pNOK,pPOK,IsUV|N:9.2233720368547758e+18	fbors	IOK,NOK,pIOK,pNOK,pPOK,IsUV|N:9.2233720368547758e+18
iMax	IOK,NOK,pIOK,pNOK,pPOK,IsUV|N:9.2233720368547758e+18	inc	IOK,pIOK,IsUV|N:9.2233720368547758e+18
iMax	IOK,NOK,pIOK,pNOK,pPOK,IsUV|N:9.2233720368547758e+18	iv	IOK,NOK,pIOK,pNOK,pPOK,IsUV|N:9.2233720368547758e+18
iMax	IOK,NOK,pIOK,pNOK,pPOK,IsUV|N:9.2233720368547758e+18	nv	IOK,NOK,pIOK,pNOK,pPOK,IsUV|N:9.2233720368547758e+18
iMax	IOK,NOK,pIOK,pNOK,pPOK,IsUV|N:9.2233720368547758e+18	str	IOK,NOK,pIOK,pNOK,pPOK,IsUV|N:9.2233720368547758e+18
iMax	IOK,pIOK,IsUV|N:9.2233720368547758e+18	add	IOK,pIOK,IsUV|N:9.2233720368547758e+18
iMax	IOK,pIOK,IsUV|N:9.2233720368547758e+18	bors	IOK,pIOK,IsUV|N:9.2233720368547758e+18
iMax	IOK,pIOK,IsUV|N:9.2233720368547758e+18	dec	IOK,pIOK,IsUV|N:9.2233720368547758e+18
iMax	IOK,pIOK,IsUV|N:9.2233720368547758e+18	fbors	IOK,pIOK,pPOK,IsUV|N:9.2233720368547758e+18
iMax	IOK,pIOK,IsUV|N:9.2233720368547758e+18	inc	IOK,pIOK,IsUV|N:9.2233720368547758e+18
iMax	IOK,pIOK,IsUV|N:9.2233720368547758e+18	iv	IOK,pIOK,IsUV|N:9.2233720368547758e+18
iMax	IOK,pIOK,IsUV|N:9.2233720368547758e+18	nv	IOK,NOK,pIOK,pNOK,IsUV|N:9.2233720368547758e+18
iMax	IOK,pIOK,IsUV|N:9.2233720368547758e+18	str	IOK,pIOK,pPOK,IsUV|N:9.2233720368547758e+18
iMax	IOK,pIOK,pNOK,pPOK|N:9.2233720368547758e+18	add	IOK,pIOK,pNOK,pPOK|N:9.2233720368547758e+18
iMax	IOK,pIOK,pNOK,pPOK|N:9.2233720368547758e+18	bors	IOK,pIOK,pNOK,pPOK|N:9.2233720368547758e+18
iMax	IOK,pIOK,pNOK,pPOK|N:9.2233720368547758e+18	cat0	POK,pPOK|P:9223372036854775807
iMax	IOK,pIOK,pNOK,pPOK|N:9.2233720368547758e+18	catx	POK,pPOK|P:9223372036854775807x
iMax	IOK,pIOK,pNOK,pPOK|N:9.2233720368547758e+18	copy	IOK,pIOK,pNOK,pPOK|N:9.2233720368547758e+18
iMax	IOK,pIOK,pNOK,pPOK|N:9.2233720368547758e+18	dec	IOK,pIOK|N:9.2233720368547758e+18
iMax	IOK,pIOK,pNOK,pPOK|N:9.2233720368547758e+18	fbors	IOK,pIOK,pNOK,pPOK|N:9.2233720368547758e+18
iMax	IOK,pIOK,pNOK,pPOK|N:9.2233720368547758e+18	inc	IOK,pIOK,IsUV|N:9.2233720368547758e+18
iMax	IOK,pIOK,pNOK,pPOK|N:9.2233720368547758e+18	iv	IOK,pIOK,pNOK,pPOK|N:9.2233720368547758e+18
iMax	IOK,pIOK,pNOK,pPOK|N:9.2233720368547758e+18	nv	IOK,pIOK,pNOK,pPOK|N:9.2233720368547758e+18
iMax	IOK,pIOK,pNOK,pPOK|N:9.2233720368547758e+18	rng	IOK,pIOK,pNOK,pPOK|N:9.2233720368547758e+18
iMax	IOK,pIOK,pNOK,pPOK|N:9.2233720368547758e+18	str	IOK,pIOK,pNOK,pPOK|N:9.2233720368547758e+18
iMax	IOK,pIOK,pNOK,pPOK|N:9.2233720368547758e+18	utf8	POK,pPOK,UTF8|P:9223372036854775807
iMax	IOK,pIOK,pNOK|N:9.2233720368547758e+18	add	IOK,pIOK,pNOK|N:9.2233720368547758e+18
iMax	IOK,pIOK,pNOK|N:9.2233720368547758e+18	bors	IOK,pIOK,pNOK|N:9.2233720368547758e+18
iMax	IOK,pIOK,pNOK|N:9.2233720368547758e+18	cat0	POK,pPOK|P:9223372036854775807
iMax	IOK,pIOK,pNOK|N:9.2233720368547758e+18	catx	POK,pPOK|P:9223372036854775807x
iMax	IOK,pIOK,pNOK|N:9.2233720368547758e+18	copy	IOK,pIOK,pNOK|N:9.2233720368547758e+18
iMax	IOK,pIOK,pNOK|N:9.2233720368547758e+18	dec	IOK,pIOK|N:9.2233720368547758e+18
iMax	IOK,pIOK,pNOK|N:9.2233720368547758e+18	fbors	IOK,pIOK,pNOK,pPOK|N:9.2233720368547758e+18
iMax	IOK,pIOK,pNOK|N:9.2233720368547758e+18	inc	IOK,pIOK,IsUV|N:9.2233720368547758e+18
iMax	IOK,pIOK,pNOK|N:9.2233720368547758e+18	iv	IOK,pIOK,pNOK|N:9.2233720368547758e+18
iMax	IOK,pIOK,pNOK|N:9.2233720368547758e+18	nv	IOK,pIOK,pNOK|N:9.2233720368547758e+18
iMax	IOK,pIOK,pNOK|N:9.2233720368547758e+18	rng	IOK,pIOK,pNOK|N:9.2233720368547758e+18
iMax	IOK,pIOK,pNOK|N:9.2233720368547758e+18	str	IOK,pIOK,pNOK,pPOK|N:9.2233720368547758e+18
iMax	IOK,pIOK,pNOK|N:9.2233720368547758e+18	utf8	POK,pPOK,UTF8|P:9223372036854775807
iMax	IOK,pIOK,pPOK|N:9.2233720368547758e+18	add	IOK,pIOK,pPOK|N:9.2233720368547758e+18
iMax	IOK,pIOK,pPOK|N:9.2233720368547758e+18	bors	IOK,pIOK,pPOK|N:9.2233720368547758e+18
iMax	IOK,pIOK,pPOK|N:9.2233720368547758e+18	cat0	POK,pPOK|P:9223372036854775807
iMax	IOK,pIOK,pPOK|N:9.2233720368547758e+18	catx	POK,pPOK|P:9223372036854775807x
iMax	IOK,pIOK,pPOK|N:9.2233720368547758e+18	copy	IOK,pIOK,pPOK|N:9.2233720368547758e+18
iMax	IOK,pIOK,pPOK|N:9.2233720368547758e+18	dec	IOK,pIOK|N:9.2233720368547758e+18
iMax	IOK,pIOK,pPOK|N:9.2233720368547758e+18	fbors	IOK,pIOK,pPOK|N:9.2233720368547758e+18
iMax	IOK,pIOK,pPOK|N:9.2233720368547758e+18	inc	IOK,pIOK,IsUV|N:9.2233720368547758e+18
iMax	IOK,pIOK,pPOK|N:9.2233720368547758e+18	iv	IOK,pIOK,pPOK|N:9.2233720368547758e+18
iMax	IOK,pIOK,pPOK|N:9.2233720368547758e+18	nv	IOK,pIOK,pNOK,pPOK|N:9.2233720368547758e+18
iMax	IOK,pIOK,pPOK|N:9.2233720368547758e+18	rng	IOK,pIOK,pPOK|N:9.2233720368547758e+18
iMax	IOK,pIOK,pPOK|N:9.2233720368547758e+18	str	IOK,pIOK,pPOK|N:9.2233720368547758e+18
iMax	IOK,pIOK,pPOK|N:9.2233720368547758e+18	utf8	POK,pPOK,UTF8|P:9223372036854775807
iMax	IOK,pIOK|N:9.2233720368547758e+18	add	IOK,pIOK|N:9.2233720368547758e+18
iMax	IOK,pIOK|N:9.2233720368547758e+18	bors	IOK,pIOK|N:9.2233720368547758e+18
iMax	IOK,pIOK|N:9.2233720368547758e+18	cat0	POK,pPOK|P:9223372036854775807
iMax	IOK,pIOK|N:9.2233720368547758e+18	catx	POK,pPOK|P:9223372036854775807x
iMax	IOK,pIOK|N:9.2233720368547758e+18	copy	IOK,pIOK|N:9.2233720368547758e+18
iMax	IOK,pIOK|N:9.2233720368547758e+18	dec	IOK,pIOK|N:9.2233720368547758e+18
iMax	IOK,pIOK|N:9.2233720368547758e+18	fbors	IOK,pIOK,pPOK|N:9.2233720368547758e+18
iMax	IOK,pIOK|N:9.2233720368547758e+18	inc	IOK,pIOK,IsUV|N:9.2233720368547758e+18
iMax	IOK,pIOK|N:9.2233720368547758e+18	iv	IOK,pIOK|N:9.2233720368547758e+18
iMax	IOK,pIOK|N:9.2233720368547758e+18	nv	IOK,pIOK,pNOK|N:9.2233720368547758e+18
iMax	IOK,pIOK|N:9.2233720368547758e+18	rng	IOK,pIOK|N:9.2233720368547758e+18
iMax	IOK,pIOK|N:9.2233720368547758e+18	str	IOK,pIOK,pPOK|N:9.2233720368547758e+18
iMax	IOK,pIOK|N:9.2233720368547758e+18	utf8	POK,pPOK,UTF8|P:9223372036854775807
s09	IOK,NOK,POK,pIOK,pNOK,pPOK,UTF8|P:09	add	IOK,NOK,POK,pIOK,pNOK,pPOK,UTF8|P:09
s09	IOK,NOK,POK,pIOK,pNOK,pPOK,UTF8|P:09	bors	IOK,NOK,POK,pIOK,pNOK,pPOK,UTF8|P:09
s09	IOK,NOK,POK,pIOK,pNOK,pPOK,UTF8|P:09	cat0	POK,pPOK,UTF8|P:09
s09	IOK,NOK,POK,pIOK,pNOK,pPOK,UTF8|P:09	catx	POK,pPOK,UTF8|P:09x
s09	IOK,NOK,POK,pIOK,pNOK,pPOK,UTF8|P:09	copy	IOK,NOK,POK,pIOK,pNOK,pPOK,UTF8|P:09
s09	IOK,NOK,POK,pIOK,pNOK,pPOK,UTF8|P:09	dec	IOK,pIOK|N:8
s09	IOK,NOK,POK,pIOK,pNOK,pPOK,UTF8|P:09	fbors	IOK,NOK,POK,pIOK,pNOK,pPOK,UTF8|P:09
s09	IOK,NOK,POK,pIOK,pNOK,pPOK,UTF8|P:09	inc	IOK,pIOK|N:10
s09	IOK,NOK,POK,pIOK,pNOK,pPOK,UTF8|P:09	iv	IOK,NOK,POK,pIOK,pNOK,pPOK,UTF8|P:09
s09	IOK,NOK,POK,pIOK,pNOK,pPOK,UTF8|P:09	nv	IOK,NOK,POK,pIOK,pNOK,pPOK,UTF8|P:09
s09	IOK,NOK,POK,pIOK,pNOK,pPOK,UTF8|P:09	rng	IOK,NOK,POK,pIOK,pNOK,pPOK,UTF8|P:09
s09	IOK,NOK,POK,pIOK,pNOK,pPOK,UTF8|P:09	str	IOK,NOK,POK,pIOK,pNOK,pPOK,UTF8|P:09
s09	IOK,NOK,POK,pIOK,pNOK,pPOK,UTF8|P:09	utf8	IOK,NOK,POK,pIOK,pNOK,pPOK,UTF8|P:09
s09	IOK,NOK,POK,pIOK,pNOK,pPOK,UTF8|P:10	add	IOK,NOK,POK,pIOK,pNOK,pPOK,UTF8|P:10
s09	IOK,NOK,POK,pIOK,pNOK,pPOK,UTF8|P:10	bors	IOK,NOK,POK,pIOK,pNOK,pPOK,UTF8|P:10
s09	IOK,NOK,POK,pIOK,pNOK,pPOK,UTF8|P:10	cat0	POK,pPOK,UTF8|P:10
s09	IOK,NOK,POK,pIOK,pNOK,pPOK,UTF8|P:10	catx	POK,pPOK,UTF8|P:10x
s09	IOK,NOK,POK,pIOK,pNOK,pPOK,UTF8|P:10	copy	IOK,NOK,POK,pIOK,pNOK,pPOK,UTF8|P:10
s09	IOK,NOK,POK,pIOK,pNOK,pPOK,UTF8|P:10	dec	IOK,pIOK|N:9
s09	IOK,NOK,POK,pIOK,pNOK,pPOK,UTF8|P:10	fbors	IOK,NOK,POK,pIOK,pNOK,pPOK,UTF8|P:10
s09	IOK,NOK,POK,pIOK,pNOK,pPOK,UTF8|P:10	inc	IOK,pIOK|N:11
s09	IOK,NOK,POK,pIOK,pNOK,pPOK,UTF8|P:10	iv	IOK,NOK,POK,pIOK,pNOK,pPOK,UTF8|P:10
s09	IOK,NOK,POK,pIOK,pNOK,pPOK,UTF8|P:10	nv	IOK,NOK,POK,pIOK,pNOK,pPOK,UTF8|P:10
s09	IOK,NOK,POK,pIOK,pNOK,pPOK,UTF8|P:10	rng	IOK,NOK,POK,pIOK,pNOK,pPOK,UTF8|P:10
s09	IOK,NOK,POK,pIOK,pNOK,pPOK,UTF8|P:10	str	IOK,NOK,POK,pIOK,pNOK,pPOK,UTF8|P:10
s09	IOK,NOK,POK,pIOK,pNOK,pPOK,UTF8|P:10	utf8	IOK,NOK,POK,pIOK,pNOK,pPOK,UTF8|P:10
s09	IOK,NOK,POK,pIOK,pNOK,pPOK,UTF8|P:8	add	IOK,NOK,POK,pIOK,pNOK,pPOK,UTF8|P:8
s09	IOK,NOK,POK,pIOK,pNOK,pPOK,UTF8|P:8	bors	IOK,NOK,POK,pIOK,pNOK,pPOK,UTF8|P:8
s09	IOK,NOK,POK,pIOK,pNOK,pPOK,UTF8|P:8	cat0	POK,pPOK,UTF8|P:8
s09	IOK,NOK,POK,pIOK,pNOK,pPOK,UTF8|P:8	catx	POK,pPOK,UTF8|P:8x
s09	IOK,NOK,POK,pIOK,pNOK,pPOK,UTF8|P:8	copy	IOK,NOK,POK,pIOK,pNOK,pPOK,UTF8|P:8
s09	IOK,NOK,POK,pIOK,pNOK,pPOK,UTF8|P:8	dec	IOK,pIOK|N:7
s09	IOK,NOK,POK,pIOK,pNOK,pPOK,UTF8|P:8	fbors	IOK,NOK,POK,pIOK,pNOK,pPOK,UTF8|P:8
s09	IOK,NOK,POK,pIOK,pNOK,pPOK,UTF8|P:8	inc	IOK,pIOK|N:9
s09	IOK,NOK,POK,pIOK,pNOK,pPOK,UTF8|P:8	iv	IOK,NOK,POK,pIOK,pNOK,pPOK,UTF8|P:8
s09	IOK,NOK,POK,pIOK,pNOK,pPOK,UTF8|P:8	nv	IOK,NOK,POK,pIOK,pNOK,pPOK,UTF8|P:8
s09	IOK,NOK,POK,pIOK,pNOK,pPOK,UTF8|P:8	rng	IOK,NOK,POK,pIOK,pNOK,pPOK,UTF8|P:8
s09	IOK,NOK,POK,pIOK,pNOK,pPOK,UTF8|P:8	str	IOK,NOK,POK,pIOK,pNOK,pPOK,UTF8|P:8
s09	IOK,NOK,POK,pIOK,pNOK,pPOK,UTF8|P:8	utf8	IOK,NOK,POK,pIOK,pNOK,pPOK,UTF8|P:8
s09	IOK,NOK,POK,pIOK,pNOK,pPOK|P:09	add	IOK,NOK,POK,pIOK,pNOK,pPOK|P:09
s09	IOK,NOK,POK,pIOK,pNOK,pPOK|P:09	bors	IOK,NOK,POK,pIOK,pNOK,pPOK|P:09
s09	IOK,NOK,POK,pIOK,pNOK,pPOK|P:09	cat0	POK,pPOK|P:09
s09	IOK,NOK,POK,pIOK,pNOK,pPOK|P:09	catx	POK,pPOK|P:09x
s09	IOK,NOK,POK,pIOK,pNOK,pPOK|P:09	copy	IOK,NOK,POK,pIOK,pNOK,pPOK|P:09
s09	IOK,NOK,POK,pIOK,pNOK,pPOK|P:09	dec	IOK,pIOK|N:8
s09	IOK,NOK,POK,pIOK,pNOK,pPOK|P:09	fbors	IOK,NOK,POK,pIOK,pNOK,pPOK|P:09
s09	IOK,NOK,POK,pIOK,pNOK,pPOK|P:09	inc	IOK,pIOK|N:10
s09	IOK,NOK,POK,pIOK,pNOK,pPOK|P:09	iv	IOK,NOK,POK,pIOK,pNOK,pPOK|P:09
s09	IOK,NOK,POK,pIOK,pNOK,pPOK|P:09	nv	IOK,NOK,POK,pIOK,pNOK,pPOK|P:09
s09	IOK,NOK,POK,pIOK,pNOK,pPOK|P:09	rng	IOK,NOK,POK,pIOK,pNOK,pPOK|P:09
s09	IOK,NOK,POK,pIOK,pNOK,pPOK|P:09	str	IOK,NOK,POK,pIOK,pNOK,pPOK|P:09
s09	IOK,NOK,POK,pIOK,pNOK,pPOK|P:09	utf8	IOK,NOK,POK,pIOK,pNOK,pPOK,UTF8|P:09
s09	IOK,NOK,POK,pIOK,pNOK,pPOK|P:10	add	IOK,NOK,POK,pIOK,pNOK,pPOK|P:10
s09	IOK,NOK,POK,pIOK,pNOK,pPOK|P:10	bors	IOK,NOK,POK,pIOK,pNOK,pPOK|P:10
s09	IOK,NOK,POK,pIOK,pNOK,pPOK|P:10	cat0	POK,pPOK|P:10
s09	IOK,NOK,POK,pIOK,pNOK,pPOK|P:10	catx	POK,pPOK|P:10x
s09	IOK,NOK,POK,pIOK,pNOK,pPOK|P:10	copy	IOK,NOK,POK,pIOK,pNOK,pPOK|P:10
s09	IOK,NOK,POK,pIOK,pNOK,pPOK|P:10	dec	IOK,pIOK|N:9
s09	IOK,NOK,POK,pIOK,pNOK,pPOK|P:10	fbors	IOK,NOK,POK,pIOK,pNOK,pPOK|P:10
s09	IOK,NOK,POK,pIOK,pNOK,pPOK|P:10	inc	IOK,pIOK|N:11
s09	IOK,NOK,POK,pIOK,pNOK,pPOK|P:10	iv	IOK,NOK,POK,pIOK,pNOK,pPOK|P:10
s09	IOK,NOK,POK,pIOK,pNOK,pPOK|P:10	nv	IOK,NOK,POK,pIOK,pNOK,pPOK|P:10
s09	IOK,NOK,POK,pIOK,pNOK,pPOK|P:10	rng	IOK,NOK,POK,pIOK,pNOK,pPOK|P:10
s09	IOK,NOK,POK,pIOK,pNOK,pPOK|P:10	str	IOK,NOK,POK,pIOK,pNOK,pPOK|P:10
s09	IOK,NOK,POK,pIOK,pNOK,pPOK|P:10	utf8	IOK,NOK,POK,pIOK,pNOK,pPOK,UTF8|P:10
s09	IOK,NOK,POK,pIOK,pNOK,pPOK|P:11	add	IOK,NOK,POK,pIOK,pNOK,pPOK|P:11
s09	IOK,NOK,POK,pIOK,pNOK,pPOK|P:11	bors	IOK,NOK,POK,pIOK,pNOK,pPOK|P:11
s09	IOK,NOK,POK,pIOK,pNOK,pPOK|P:11	cat0	POK,pPOK|P:11
s09	IOK,NOK,POK,pIOK,pNOK,pPOK|P:11	catx	POK,pPOK|P:11x
s09	IOK,NOK,POK,pIOK,pNOK,pPOK|P:11	copy	IOK,NOK,POK,pIOK,pNOK,pPOK|P:11
s09	IOK,NOK,POK,pIOK,pNOK,pPOK|P:11	dec	IOK,pIOK|N:10
s09	IOK,NOK,POK,pIOK,pNOK,pPOK|P:11	fbors	IOK,NOK,POK,pIOK,pNOK,pPOK|P:11
s09	IOK,NOK,POK,pIOK,pNOK,pPOK|P:11	inc	IOK,pIOK|N:12
s09	IOK,NOK,POK,pIOK,pNOK,pPOK|P:11	iv	IOK,NOK,POK,pIOK,pNOK,pPOK|P:11
s09	IOK,NOK,POK,pIOK,pNOK,pPOK|P:11	nv	IOK,NOK,POK,pIOK,pNOK,pPOK|P:11
s09	IOK,NOK,POK,pIOK,pNOK,pPOK|P:11	rng	IOK,NOK,POK,pIOK,pNOK,pPOK|P:11
s09	IOK,NOK,POK,pIOK,pNOK,pPOK|P:11	str	IOK,NOK,POK,pIOK,pNOK,pPOK|P:11
s09	IOK,NOK,POK,pIOK,pNOK,pPOK|P:11	utf8	IOK,NOK,POK,pIOK,pNOK,pPOK,UTF8|P:11
s09	IOK,NOK,POK,pIOK,pNOK,pPOK|P:8	add	IOK,NOK,POK,pIOK,pNOK,pPOK|P:8
s09	IOK,NOK,POK,pIOK,pNOK,pPOK|P:8	bors	IOK,NOK,POK,pIOK,pNOK,pPOK|P:8
s09	IOK,NOK,POK,pIOK,pNOK,pPOK|P:8	cat0	POK,pPOK|P:8
s09	IOK,NOK,POK,pIOK,pNOK,pPOK|P:8	catx	POK,pPOK|P:8x
s09	IOK,NOK,POK,pIOK,pNOK,pPOK|P:8	copy	IOK,NOK,POK,pIOK,pNOK,pPOK|P:8
s09	IOK,NOK,POK,pIOK,pNOK,pPOK|P:8	dec	IOK,pIOK|N:7
s09	IOK,NOK,POK,pIOK,pNOK,pPOK|P:8	fbors	IOK,NOK,POK,pIOK,pNOK,pPOK|P:8
s09	IOK,NOK,POK,pIOK,pNOK,pPOK|P:8	inc	IOK,pIOK|N:9
s09	IOK,NOK,POK,pIOK,pNOK,pPOK|P:8	iv	IOK,NOK,POK,pIOK,pNOK,pPOK|P:8
s09	IOK,NOK,POK,pIOK,pNOK,pPOK|P:8	nv	IOK,NOK,POK,pIOK,pNOK,pPOK|P:8
s09	IOK,NOK,POK,pIOK,pNOK,pPOK|P:8	rng	IOK,NOK,POK,pIOK,pNOK,pPOK|P:8
s09	IOK,NOK,POK,pIOK,pNOK,pPOK|P:8	str	IOK,NOK,POK,pIOK,pNOK,pPOK|P:8
s09	IOK,NOK,POK,pIOK,pNOK,pPOK|P:8	utf8	IOK,NOK,POK,pIOK,pNOK,pPOK,UTF8|P:8
s09	IOK,NOK,pIOK,pNOK,pPOK|N:8	add	IOK,NOK,pIOK,pNOK,pPOK|N:8
s09	IOK,NOK,pIOK,pNOK,pPOK|N:8	bors	IOK,NOK,pIOK,pNOK,pPOK|N:8
s09	IOK,NOK,pIOK,pNOK,pPOK|N:8	cat0	POK,pPOK|P:8
s09	IOK,NOK,pIOK,pNOK,pPOK|N:8	catx	POK,pPOK|P:8x
s09	IOK,NOK,pIOK,pNOK,pPOK|N:8	copy	IOK,NOK,pIOK,pNOK,pPOK|N:8
s09	IOK,NOK,pIOK,pNOK,pPOK|N:8	dec	IOK,pIOK|N:7
s09	IOK,NOK,pIOK,pNOK,pPOK|N:8	fbors	IOK,NOK,pIOK,pNOK,pPOK|N:8
s09	IOK,NOK,pIOK,pNOK,pPOK|N:8	inc	IOK,pIOK|N:9
s09	IOK,NOK,pIOK,pNOK,pPOK|N:8	iv	IOK,NOK,pIOK,pNOK,pPOK|N:8
s09	IOK,NOK,pIOK,pNOK,pPOK|N:8	nv	IOK,NOK,pIOK,pNOK,pPOK|N:8
s09	IOK,NOK,pIOK,pNOK,pPOK|N:8	rng	IOK,NOK,pIOK,pNOK,pPOK|N:8
s09	IOK,NOK,pIOK,pNOK,pPOK|N:8	str	IOK,NOK,pIOK,pNOK,pPOK|N:8
s09	IOK,NOK,pIOK,pNOK,pPOK|N:8	utf8	POK,pPOK,UTF8|P:8
s09	IOK,NOK,pIOK,pNOK|N:10	add	IOK,NOK,pIOK,pNOK|N:10
s09	IOK,NOK,pIOK,pNOK|N:10	bors	IOK,NOK,pIOK,pNOK|N:10
s09	IOK,NOK,pIOK,pNOK|N:10	cat0	POK,pPOK|P:10
s09	IOK,NOK,pIOK,pNOK|N:10	catx	POK,pPOK|P:10x
s09	IOK,NOK,pIOK,pNOK|N:10	copy	IOK,NOK,pIOK,pNOK|N:10
s09	IOK,NOK,pIOK,pNOK|N:10	dec	IOK,pIOK|N:9
s09	IOK,NOK,pIOK,pNOK|N:10	fbors	IOK,NOK,pIOK,pNOK,pPOK|N:10
s09	IOK,NOK,pIOK,pNOK|N:10	inc	IOK,pIOK|N:11
s09	IOK,NOK,pIOK,pNOK|N:10	iv	IOK,NOK,pIOK,pNOK|N:10
s09	IOK,NOK,pIOK,pNOK|N:10	nv	IOK,NOK,pIOK,pNOK|N:10
s09	IOK,NOK,pIOK,pNOK|N:10	rng	IOK,NOK,pIOK,pNOK|N:10
s09	IOK,NOK,pIOK,pNOK|N:10	str	IOK,NOK,pIOK,pNOK,pPOK|N:10
s09	IOK,NOK,pIOK,pNOK|N:10	utf8	POK,pPOK,UTF8|P:10
s09	IOK,NOK,pIOK,pNOK|N:7	add	IOK,NOK,pIOK,pNOK|N:7
s09	IOK,NOK,pIOK,pNOK|N:7	bors	IOK,NOK,pIOK,pNOK|N:7
s09	IOK,NOK,pIOK,pNOK|N:7	cat0	POK,pPOK|P:7
s09	IOK,NOK,pIOK,pNOK|N:7	catx	POK,pPOK|P:7x
s09	IOK,NOK,pIOK,pNOK|N:7	copy	IOK,NOK,pIOK,pNOK|N:7
s09	IOK,NOK,pIOK,pNOK|N:7	dec	IOK,pIOK|N:6
s09	IOK,NOK,pIOK,pNOK|N:7	fbors	IOK,NOK,pIOK,pNOK,pPOK|N:7
s09	IOK,NOK,pIOK,pNOK|N:7	inc	IOK,pIOK|N:8
s09	IOK,NOK,pIOK,pNOK|N:7	iv	IOK,NOK,pIOK,pNOK|N:7
s09	IOK,NOK,pIOK,pNOK|N:7	nv	IOK,NOK,pIOK,pNOK|N:7
s09	IOK,NOK,pIOK,pNOK|N:7	rng	IOK,NOK,pIOK,pNOK|N:7
s09	IOK,NOK,pIOK,pNOK|N:7	str	IOK,NOK,pIOK,pNOK,pPOK|N:7
s09	IOK,NOK,pIOK,pNOK|N:7	utf8	POK,pPOK,UTF8|P:7
s09	IOK,NOK,pIOK,pNOK|N:8	add	IOK,NOK,pIOK,pNOK|N:8
s09	IOK,NOK,pIOK,pNOK|N:8	bors	IOK,NOK,pIOK,pNOK|N:8
s09	IOK,NOK,pIOK,pNOK|N:8	cat0	POK,pPOK|P:8
s09	IOK,NOK,pIOK,pNOK|N:8	catx	POK,pPOK|P:8x
s09	IOK,NOK,pIOK,pNOK|N:8	copy	IOK,NOK,pIOK,pNOK|N:8
s09	IOK,NOK,pIOK,pNOK|N:8	dec	IOK,pIOK|N:7
s09	IOK,NOK,pIOK,pNOK|N:8	fbors	IOK,NOK,pIOK,pNOK,pPOK|N:8
s09	IOK,NOK,pIOK,pNOK|N:8	inc	IOK,pIOK|N:9
s09	IOK,NOK,pIOK,pNOK|N:8	iv	IOK,NOK,pIOK,pNOK|N:8
s09	IOK,NOK,pIOK,pNOK|N:8	nv	IOK,NOK,pIOK,pNOK|N:8
s09	IOK,NOK,pIOK,pNOK|N:8	rng	IOK,NOK,pIOK,pNOK|N:8
s09	IOK,NOK,pIOK,pNOK|N:8	str	IOK,NOK,pIOK,pNOK,pPOK|N:8
s09	IOK,NOK,pIOK,pNOK|N:8	utf8	POK,pPOK,UTF8|P:8
s09	IOK,NOK,pIOK,pNOK|N:9	add	IOK,NOK,pIOK,pNOK|N:9
s09	IOK,NOK,pIOK,pNOK|N:9	bors	IOK,NOK,pIOK,pNOK|N:9
s09	IOK,NOK,pIOK,pNOK|N:9	cat0	POK,pPOK|P:9
s09	IOK,NOK,pIOK,pNOK|N:9	catx	POK,pPOK|P:9x
s09	IOK,NOK,pIOK,pNOK|N:9	copy	IOK,NOK,pIOK,pNOK|N:9
s09	IOK,NOK,pIOK,pNOK|N:9	dec	IOK,pIOK|N:8
s09	IOK,NOK,pIOK,pNOK|N:9	fbors	IOK,NOK,pIOK,pNOK,pPOK|N:9
s09	IOK,NOK,pIOK,pNOK|N:9	inc	IOK,pIOK|N:10
s09	IOK,NOK,pIOK,pNOK|N:9	iv	IOK,NOK,pIOK,pNOK|N:9
s09	IOK,NOK,pIOK,pNOK|N:9	nv	IOK,NOK,pIOK,pNOK|N:9
s09	IOK,NOK,pIOK,pNOK|N:9	rng	IOK,NOK,pIOK,pNOK|N:9
s09	IOK,NOK,pIOK,pNOK|N:9	str	IOK,NOK,pIOK,pNOK,pPOK|N:9
s09	IOK,NOK,pIOK,pNOK|N:9	utf8	POK,pPOK,UTF8|P:9
s09	IOK,POK,pIOK,pPOK,UTF8|P:09	add	IOK,POK,pIOK,pPOK,UTF8|P:09
s09	IOK,POK,pIOK,pPOK,UTF8|P:09	bors	IOK,POK,pIOK,pPOK,UTF8|P:09
s09	IOK,POK,pIOK,pPOK,UTF8|P:09	cat0	POK,pPOK,UTF8|P:09
s09	IOK,POK,pIOK,pPOK,UTF8|P:09	catx	POK,pPOK,UTF8|P:09x
s09	IOK,POK,pIOK,pPOK,UTF8|P:09	copy	IOK,POK,pIOK,pPOK,UTF8|P:09
s09	IOK,POK,pIOK,pPOK,UTF8|P:09	dec	IOK,pIOK|N:8
s09	IOK,POK,pIOK,pPOK,UTF8|P:09	fbors	IOK,POK,pIOK,pPOK,UTF8|P:09
s09	IOK,POK,pIOK,pPOK,UTF8|P:09	inc	IOK,pIOK|N:10
s09	IOK,POK,pIOK,pPOK,UTF8|P:09	iv	IOK,POK,pIOK,pPOK,UTF8|P:09
s09	IOK,POK,pIOK,pPOK,UTF8|P:09	nv	IOK,NOK,POK,pIOK,pNOK,pPOK,UTF8|P:09
s09	IOK,POK,pIOK,pPOK,UTF8|P:09	rng	IOK,POK,pIOK,pPOK,UTF8|P:09
s09	IOK,POK,pIOK,pPOK,UTF8|P:09	str	IOK,POK,pIOK,pPOK,UTF8|P:09
s09	IOK,POK,pIOK,pPOK,UTF8|P:09	utf8	IOK,POK,pIOK,pPOK,UTF8|P:09
s09	IOK,POK,pIOK,pPOK,UTF8|P:10	add	IOK,POK,pIOK,pPOK,UTF8|P:10
s09	IOK,POK,pIOK,pPOK,UTF8|P:10	bors	IOK,POK,pIOK,pPOK,UTF8|P:10
s09	IOK,POK,pIOK,pPOK,UTF8|P:10	cat0	POK,pPOK,UTF8|P:10
s09	IOK,POK,pIOK,pPOK,UTF8|P:10	catx	POK,pPOK,UTF8|P:10x
s09	IOK,POK,pIOK,pPOK,UTF8|P:10	copy	IOK,POK,pIOK,pPOK,UTF8|P:10
s09	IOK,POK,pIOK,pPOK,UTF8|P:10	dec	IOK,pIOK|N:9
s09	IOK,POK,pIOK,pPOK,UTF8|P:10	fbors	IOK,POK,pIOK,pPOK,UTF8|P:10
s09	IOK,POK,pIOK,pPOK,UTF8|P:10	inc	IOK,pIOK|N:11
s09	IOK,POK,pIOK,pPOK,UTF8|P:10	iv	IOK,POK,pIOK,pPOK,UTF8|P:10
s09	IOK,POK,pIOK,pPOK,UTF8|P:10	nv	IOK,NOK,POK,pIOK,pNOK,pPOK,UTF8|P:10
s09	IOK,POK,pIOK,pPOK,UTF8|P:10	rng	IOK,POK,pIOK,pPOK,UTF8|P:10
s09	IOK,POK,pIOK,pPOK,UTF8|P:10	str	IOK,POK,pIOK,pPOK,UTF8|P:10
s09	IOK,POK,pIOK,pPOK,UTF8|P:10	utf8	IOK,POK,pIOK,pPOK,UTF8|P:10
s09	IOK,POK,pIOK,pPOK,UTF8|P:8	add	IOK,POK,pIOK,pPOK,UTF8|P:8
s09	IOK,POK,pIOK,pPOK,UTF8|P:8	bors	IOK,POK,pIOK,pPOK,UTF8|P:8
s09	IOK,POK,pIOK,pPOK,UTF8|P:8	cat0	POK,pPOK,UTF8|P:8
s09	IOK,POK,pIOK,pPOK,UTF8|P:8	catx	POK,pPOK,UTF8|P:8x
s09	IOK,POK,pIOK,pPOK,UTF8|P:8	copy	IOK,POK,pIOK,pPOK,UTF8|P:8
s09	IOK,POK,pIOK,pPOK,UTF8|P:8	dec	IOK,pIOK|N:7
s09	IOK,POK,pIOK,pPOK,UTF8|P:8	fbors	IOK,POK,pIOK,pPOK,UTF8|P:8
s09	IOK,POK,pIOK,pPOK,UTF8|P:8	inc	IOK,pIOK|N:9
s09	IOK,POK,pIOK,pPOK,UTF8|P:8	iv	IOK,POK,pIOK,pPOK,UTF8|P:8
s09	IOK,POK,pIOK,pPOK,UTF8|P:8	nv	IOK,NOK,POK,pIOK,pNOK,pPOK,UTF8|P:8
s09	IOK,POK,pIOK,pPOK,UTF8|P:8	rng	IOK,POK,pIOK,pPOK,UTF8|P:8
s09	IOK,POK,pIOK,pPOK,UTF8|P:8	str	IOK,POK,pIOK,pPOK,UTF8|P:8
s09	IOK,POK,pIOK,pPOK,UTF8|P:8	utf8	IOK,POK,pIOK,pPOK,UTF8|P:8
s09	IOK,POK,pIOK,pPOK|P:09	add	IOK,POK,pIOK,pPOK|P:09
s09	IOK,POK,pIOK,pPOK|P:09	bors	IOK,POK,pIOK,pPOK|P:09
s09	IOK,POK,pIOK,pPOK|P:09	cat0	POK,pPOK|P:09
s09	IOK,POK,pIOK,pPOK|P:09	catx	POK,pPOK|P:09x
s09	IOK,POK,pIOK,pPOK|P:09	copy	IOK,POK,pIOK,pPOK|P:09
s09	IOK,POK,pIOK,pPOK|P:09	dec	IOK,pIOK|N:8
s09	IOK,POK,pIOK,pPOK|P:09	fbors	IOK,POK,pIOK,pPOK|P:09
s09	IOK,POK,pIOK,pPOK|P:09	inc	IOK,pIOK|N:10
s09	IOK,POK,pIOK,pPOK|P:09	iv	IOK,POK,pIOK,pPOK|P:09
s09	IOK,POK,pIOK,pPOK|P:09	nv	IOK,NOK,POK,pIOK,pNOK,pPOK|P:09
s09	IOK,POK,pIOK,pPOK|P:09	rng	IOK,POK,pIOK,pPOK|P:09
s09	IOK,POK,pIOK,pPOK|P:09	str	IOK,POK,pIOK,pPOK|P:09
s09	IOK,POK,pIOK,pPOK|P:09	utf8	IOK,POK,pIOK,pPOK,UTF8|P:09
s09	IOK,POK,pIOK,pPOK|P:10	add	IOK,POK,pIOK,pPOK|P:10
s09	IOK,POK,pIOK,pPOK|P:10	bors	IOK,POK,pIOK,pPOK|P:10
s09	IOK,POK,pIOK,pPOK|P:10	cat0	POK,pPOK|P:10
s09	IOK,POK,pIOK,pPOK|P:10	catx	POK,pPOK|P:10x
s09	IOK,POK,pIOK,pPOK|P:10	copy	IOK,POK,pIOK,pPOK|P:10
s09	IOK,POK,pIOK,pPOK|P:10	dec	IOK,pIOK|N:9
s09	IOK,POK,pIOK,pPOK|P:10	fbors	IOK,POK,pIOK,pPOK|P:10
s09	IOK,POK,pIOK,pPOK|P:10	inc	IOK,pIOK|N:11
s09	IOK,POK,pIOK,pPOK|P:10	iv	IOK,POK,pIOK,pPOK|P:10
s09	IOK,POK,pIOK,pPOK|P:10	nv	IOK,NOK,POK,pIOK,pNOK,pPOK|P:10
s09	IOK,POK,pIOK,pPOK|P:10	rng	IOK,POK,pIOK,pPOK|P:10
s09	IOK,POK,pIOK,pPOK|P:10	str	IOK,POK,pIOK,pPOK|P:10
s09	IOK,POK,pIOK,pPOK|P:10	utf8	IOK,POK,pIOK,pPOK,UTF8|P:10
s09	IOK,POK,pIOK,pPOK|P:11	add	IOK,POK,pIOK,pPOK|P:11
s09	IOK,POK,pIOK,pPOK|P:11	bors	IOK,POK,pIOK,pPOK|P:11
s09	IOK,POK,pIOK,pPOK|P:11	cat0	POK,pPOK|P:11
s09	IOK,POK,pIOK,pPOK|P:11	catx	POK,pPOK|P:11x
s09	IOK,POK,pIOK,pPOK|P:11	copy	IOK,POK,pIOK,pPOK|P:11
s09	IOK,POK,pIOK,pPOK|P:11	dec	IOK,pIOK|N:10
s09	IOK,POK,pIOK,pPOK|P:11	fbors	IOK,POK,pIOK,pPOK|P:11
s09	IOK,POK,pIOK,pPOK|P:11	inc	IOK,pIOK|N:12
s09	IOK,POK,pIOK,pPOK|P:11	iv	IOK,POK,pIOK,pPOK|P:11
s09	IOK,POK,pIOK,pPOK|P:11	nv	IOK,NOK,POK,pIOK,pNOK,pPOK|P:11
s09	IOK,POK,pIOK,pPOK|P:11	rng	IOK,POK,pIOK,pPOK|P:11
s09	IOK,POK,pIOK,pPOK|P:11	str	IOK,POK,pIOK,pPOK|P:11
s09	IOK,POK,pIOK,pPOK|P:11	utf8	IOK,POK,pIOK,pPOK,UTF8|P:11
s09	IOK,POK,pIOK,pPOK|P:8	add	IOK,POK,pIOK,pPOK|P:8
s09	IOK,POK,pIOK,pPOK|P:8	bors	IOK,POK,pIOK,pPOK|P:8
s09	IOK,POK,pIOK,pPOK|P:8	cat0	POK,pPOK|P:8
s09	IOK,POK,pIOK,pPOK|P:8	catx	POK,pPOK|P:8x
s09	IOK,POK,pIOK,pPOK|P:8	copy	IOK,POK,pIOK,pPOK|P:8
s09	IOK,POK,pIOK,pPOK|P:8	dec	IOK,pIOK|N:7
s09	IOK,POK,pIOK,pPOK|P:8	fbors	IOK,POK,pIOK,pPOK|P:8
s09	IOK,POK,pIOK,pPOK|P:8	inc	IOK,pIOK|N:9
s09	IOK,POK,pIOK,pPOK|P:8	iv	IOK,POK,pIOK,pPOK|P:8
s09	IOK,POK,pIOK,pPOK|P:8	nv	IOK,NOK,POK,pIOK,pNOK,pPOK|P:8
s09	IOK,POK,pIOK,pPOK|P:8	rng	IOK,POK,pIOK,pPOK|P:8
s09	IOK,POK,pIOK,pPOK|P:8	str	IOK,POK,pIOK,pPOK|P:8
s09	IOK,POK,pIOK,pPOK|P:8	utf8	IOK,POK,pIOK,pPOK,UTF8|P:8
s09	IOK,pIOK,pPOK|N:10	add	IOK,pIOK,pPOK|N:10
s09	IOK,pIOK,pPOK|N:10	bors	IOK,pIOK,pPOK|N:10
s09	IOK,pIOK,pPOK|N:10	cat0	POK,pPOK|P:10
s09	IOK,pIOK,pPOK|N:10	catx	POK,pPOK|P:10x
s09	IOK,pIOK,pPOK|N:10	copy	IOK,pIOK,pPOK|N:10
s09	IOK,pIOK,pPOK|N:10	dec	IOK,pIOK|N:9
s09	IOK,pIOK,pPOK|N:10	fbors	IOK,pIOK,pPOK|N:10
s09	IOK,pIOK,pPOK|N:10	inc	IOK,pIOK|N:11
s09	IOK,pIOK,pPOK|N:10	iv	IOK,pIOK,pPOK|N:10
s09	IOK,pIOK,pPOK|N:10	nv	IOK,NOK,pIOK,pNOK,pPOK|N:10
s09	IOK,pIOK,pPOK|N:10	rng	IOK,pIOK,pPOK|N:10
s09	IOK,pIOK,pPOK|N:10	str	IOK,pIOK,pPOK|N:10
s09	IOK,pIOK,pPOK|N:10	utf8	POK,pPOK,UTF8|P:10
s09	IOK,pIOK,pPOK|N:7	add	IOK,pIOK,pPOK|N:7
s09	IOK,pIOK,pPOK|N:7	bors	IOK,pIOK,pPOK|N:7
s09	IOK,pIOK,pPOK|N:7	cat0	POK,pPOK|P:7
s09	IOK,pIOK,pPOK|N:7	catx	POK,pPOK|P:7x
s09	IOK,pIOK,pPOK|N:7	copy	IOK,pIOK,pPOK|N:7
s09	IOK,pIOK,pPOK|N:7	dec	IOK,pIOK|N:6
s09	IOK,pIOK,pPOK|N:7	fbors	IOK,pIOK,pPOK|N:7
s09	IOK,pIOK,pPOK|N:7	inc	IOK,pIOK|N:8
s09	IOK,pIOK,pPOK|N:7	iv	IOK,pIOK,pPOK|N:7
s09	IOK,pIOK,pPOK|N:7	nv	IOK,NOK,pIOK,pNOK,pPOK|N:7
s09	IOK,pIOK,pPOK|N:7	rng	IOK,pIOK,pPOK|N:7
s09	IOK,pIOK,pPOK|N:7	str	IOK,pIOK,pPOK|N:7
s09	IOK,pIOK,pPOK|N:7	utf8	POK,pPOK,UTF8|P:7
s09	IOK,pIOK,pPOK|N:8	add	IOK,pIOK,pPOK|N:8
s09	IOK,pIOK,pPOK|N:8	bors	IOK,pIOK,pPOK|N:8
s09	IOK,pIOK,pPOK|N:8	cat0	POK,pPOK|P:8
s09	IOK,pIOK,pPOK|N:8	catx	POK,pPOK|P:8x
s09	IOK,pIOK,pPOK|N:8	copy	IOK,pIOK,pPOK|N:8
s09	IOK,pIOK,pPOK|N:8	dec	IOK,pIOK|N:7
s09	IOK,pIOK,pPOK|N:8	fbors	IOK,pIOK,pPOK|N:8
s09	IOK,pIOK,pPOK|N:8	inc	IOK,pIOK|N:9
s09	IOK,pIOK,pPOK|N:8	iv	IOK,pIOK,pPOK|N:8
s09	IOK,pIOK,pPOK|N:8	nv	IOK,NOK,pIOK,pNOK,pPOK|N:8
s09	IOK,pIOK,pPOK|N:8	rng	IOK,pIOK,pPOK|N:8
s09	IOK,pIOK,pPOK|N:8	str	IOK,pIOK,pPOK|N:8
s09	IOK,pIOK,pPOK|N:8	utf8	POK,pPOK,UTF8|P:8
s09	IOK,pIOK,pPOK|N:9	add	IOK,pIOK,pPOK|N:9
s09	IOK,pIOK,pPOK|N:9	bors	IOK,pIOK,pPOK|N:9
s09	IOK,pIOK,pPOK|N:9	cat0	POK,pPOK|P:9
s09	IOK,pIOK,pPOK|N:9	catx	POK,pPOK|P:9x
s09	IOK,pIOK,pPOK|N:9	copy	IOK,pIOK,pPOK|N:9
s09	IOK,pIOK,pPOK|N:9	dec	IOK,pIOK|N:8
s09	IOK,pIOK,pPOK|N:9	fbors	IOK,pIOK,pPOK|N:9
s09	IOK,pIOK,pPOK|N:9	inc	IOK,pIOK|N:10
s09	IOK,pIOK,pPOK|N:9	iv	IOK,pIOK,pPOK|N:9
s09	IOK,pIOK,pPOK|N:9	nv	IOK,NOK,pIOK,pNOK,pPOK|N:9
s09	IOK,pIOK,pPOK|N:9	rng	IOK,pIOK,pPOK|N:9
s09	IOK,pIOK,pPOK|N:9	str	IOK,pIOK,pPOK|N:9
s09	IOK,pIOK,pPOK|N:9	utf8	POK,pPOK,UTF8|P:9
s09	IOK,pIOK|N:10	add	IOK,pIOK|N:10
s09	IOK,pIOK|N:10	bors	IOK,pIOK|N:10
s09	IOK,pIOK|N:10	cat0	POK,pPOK|P:10
s09	IOK,pIOK|N:10	catx	POK,pPOK|P:10x
s09	IOK,pIOK|N:10	copy	IOK,pIOK|N:10
s09	IOK,pIOK|N:10	dec	IOK,pIOK|N:9
s09	IOK,pIOK|N:10	fbors	IOK,pIOK,pPOK|N:10
s09	IOK,pIOK|N:10	inc	IOK,pIOK|N:11
s09	IOK,pIOK|N:10	iv	IOK,pIOK|N:10
s09	IOK,pIOK|N:10	nv	IOK,NOK,pIOK,pNOK|N:10
s09	IOK,pIOK|N:10	rng	IOK,pIOK|N:10
s09	IOK,pIOK|N:10	str	IOK,pIOK,pPOK|N:10
s09	IOK,pIOK|N:10	utf8	POK,pPOK,UTF8|P:10
s09	IOK,pIOK|N:11	add	IOK,pIOK|N:11
s09	IOK,pIOK|N:11	bors	IOK,pIOK|N:11
s09	IOK,pIOK|N:11	cat0	POK,pPOK|P:11
s09	IOK,pIOK|N:11	catx	POK,pPOK|P:11x
s09	IOK,pIOK|N:11	copy	IOK,pIOK|N:11
s09	IOK,pIOK|N:11	dec	IOK,pIOK|N:10
s09	IOK,pIOK|N:11	fbors	IOK,pIOK,pPOK|N:11
s09	IOK,pIOK|N:11	inc	IOK,pIOK|N:12
s09	IOK,pIOK|N:11	iv	IOK,pIOK|N:11
s09	IOK,pIOK|N:11	nv	IOK,NOK,pIOK,pNOK|N:11
s09	IOK,pIOK|N:11	rng	IOK,pIOK|N:11
s09	IOK,pIOK|N:11	str	IOK,pIOK,pPOK|N:11
s09	IOK,pIOK|N:11	utf8	POK,pPOK,UTF8|P:11
s09	IOK,pIOK|N:6	add	IOK,pIOK|N:6
s09	IOK,pIOK|N:6	bors	IOK,pIOK|N:6
s09	IOK,pIOK|N:6	cat0	POK,pPOK|P:6
s09	IOK,pIOK|N:6	catx	POK,pPOK|P:6x
s09	IOK,pIOK|N:6	copy	IOK,pIOK|N:6
s09	IOK,pIOK|N:6	dec	IOK,pIOK|N:5
s09	IOK,pIOK|N:6	fbors	IOK,pIOK,pPOK|N:6
s09	IOK,pIOK|N:6	inc	IOK,pIOK|N:7
s09	IOK,pIOK|N:6	iv	IOK,pIOK|N:6
s09	IOK,pIOK|N:6	nv	IOK,NOK,pIOK,pNOK|N:6
s09	IOK,pIOK|N:6	rng	IOK,pIOK|N:6
s09	IOK,pIOK|N:6	str	IOK,pIOK,pPOK|N:6
s09	IOK,pIOK|N:6	utf8	POK,pPOK,UTF8|P:6
s09	IOK,pIOK|N:7	add	IOK,pIOK|N:7
s09	IOK,pIOK|N:7	bors	IOK,pIOK|N:7
s09	IOK,pIOK|N:7	cat0	POK,pPOK|P:7
s09	IOK,pIOK|N:7	catx	POK,pPOK|P:7x
s09	IOK,pIOK|N:7	copy	IOK,pIOK|N:7
s09	IOK,pIOK|N:7	dec	IOK,pIOK|N:6
s09	IOK,pIOK|N:7	fbors	IOK,pIOK,pPOK|N:7
s09	IOK,pIOK|N:7	inc	IOK,pIOK|N:8
s09	IOK,pIOK|N:7	iv	IOK,pIOK|N:7
s09	IOK,pIOK|N:7	nv	IOK,NOK,pIOK,pNOK|N:7
s09	IOK,pIOK|N:7	rng	IOK,pIOK|N:7
s09	IOK,pIOK|N:7	str	IOK,pIOK,pPOK|N:7
s09	IOK,pIOK|N:7	utf8	POK,pPOK,UTF8|P:7
s09	IOK,pIOK|N:8	add	IOK,pIOK|N:8
s09	IOK,pIOK|N:8	bors	IOK,pIOK|N:8
s09	IOK,pIOK|N:8	cat0	POK,pPOK|P:8
s09	IOK,pIOK|N:8	catx	POK,pPOK|P:8x
s09	IOK,pIOK|N:8	copy	IOK,pIOK|N:8
s09	IOK,pIOK|N:8	dec	IOK,pIOK|N:7
s09	IOK,pIOK|N:8	fbors	IOK,pIOK,pPOK|N:8
s09	IOK,pIOK|N:8	inc	IOK,pIOK|N:9
s09	IOK,pIOK|N:8	iv	IOK,pIOK|N:8
s09	IOK,pIOK|N:8	nv	IOK,NOK,pIOK,pNOK|N:8
s09	IOK,pIOK|N:8	rng	IOK,pIOK|N:8
s09	IOK,pIOK|N:8	str	IOK,pIOK,pPOK|N:8
s09	IOK,pIOK|N:8	utf8	POK,pPOK,UTF8|P:8
s09	IOK,pIOK|N:9	add	IOK,pIOK|N:9
s09	IOK,pIOK|N:9	bors	IOK,pIOK|N:9
s09	IOK,pIOK|N:9	cat0	POK,pPOK|P:9
s09	IOK,pIOK|N:9	catx	POK,pPOK|P:9x
s09	IOK,pIOK|N:9	copy	IOK,pIOK|N:9
s09	IOK,pIOK|N:9	dec	IOK,pIOK|N:8
s09	IOK,pIOK|N:9	fbors	IOK,pIOK,pPOK|N:9
s09	IOK,pIOK|N:9	inc	IOK,pIOK|N:10
s09	IOK,pIOK|N:9	iv	IOK,pIOK|N:9
s09	IOK,pIOK|N:9	nv	IOK,NOK,pIOK,pNOK|N:9
s09	IOK,pIOK|N:9	rng	IOK,pIOK|N:9
s09	IOK,pIOK|N:9	str	IOK,pIOK,pPOK|N:9
s09	IOK,pIOK|N:9	utf8	POK,pPOK,UTF8|P:9
s09	NOK,POK,pNOK,pPOK,UTF8|P:09	add	IOK,NOK,POK,pIOK,pNOK,pPOK,UTF8|P:09
s09	NOK,POK,pNOK,pPOK,UTF8|P:09	bors	IOK,NOK,POK,pIOK,pNOK,pPOK,UTF8|P:09
s09	NOK,POK,pNOK,pPOK,UTF8|P:09	cat0	POK,pPOK,UTF8|P:09
s09	NOK,POK,pNOK,pPOK,UTF8|P:09	catx	POK,pPOK,UTF8|P:09x
s09	NOK,POK,pNOK,pPOK,UTF8|P:09	copy	NOK,POK,pNOK,pPOK,UTF8|P:09
s09	NOK,POK,pNOK,pPOK,UTF8|P:09	dec	NOK,pNOK|N:8
s09	NOK,POK,pNOK,pPOK,UTF8|P:09	fbors	NOK,POK,pNOK,pPOK,UTF8|P:09
s09	NOK,POK,pNOK,pPOK,UTF8|P:09	inc	IOK,pIOK|N:10
s09	NOK,POK,pNOK,pPOK,UTF8|P:09	iv	IOK,NOK,POK,pIOK,pNOK,pPOK,UTF8|P:09
s09	NOK,POK,pNOK,pPOK,UTF8|P:09	nv	NOK,POK,pNOK,pPOK,UTF8|P:09
s09	NOK,POK,pNOK,pPOK,UTF8|P:09	rng	IOK,NOK,POK,pIOK,pNOK,pPOK,UTF8|P:09
s09	NOK,POK,pNOK,pPOK,UTF8|P:09	str	NOK,POK,pNOK,pPOK,UTF8|P:09
s09	NOK,POK,pNOK,pPOK,UTF8|P:09	utf8	NOK,POK,pNOK,pPOK,UTF8|P:09
s09	NOK,POK,pNOK,pPOK,UTF8|P:10	add	IOK,NOK,POK,pIOK,pNOK,pPOK,UTF8|P:10
s09	NOK,POK,pNOK,pPOK,UTF8|P:10	bors	IOK,NOK,POK,pIOK,pNOK,pPOK,UTF8|P:10
s09	NOK,POK,pNOK,pPOK,UTF8|P:10	cat0	POK,pPOK,UTF8|P:10
s09	NOK,POK,pNOK,pPOK,UTF8|P:10	catx	POK,pPOK,UTF8|P:10x
s09	NOK,POK,pNOK,pPOK,UTF8|P:10	copy	NOK,POK,pNOK,pPOK,UTF8|P:10
s09	NOK,POK,pNOK,pPOK,UTF8|P:10	dec	NOK,pNOK|N:9
s09	NOK,POK,pNOK,pPOK,UTF8|P:10	fbors	NOK,POK,pNOK,pPOK,UTF8|P:10
s09	NOK,POK,pNOK,pPOK,UTF8|P:10	inc	IOK,pIOK|N:11
s09	NOK,POK,pNOK,pPOK,UTF8|P:10	iv	IOK,NOK,POK,pIOK,pNOK,pPOK,UTF8|P:10
s09	NOK,POK,pNOK,pPOK,UTF8|P:10	nv	NOK,POK,pNOK,pPOK,UTF8|P:10
s09	NOK,POK,pNOK,pPOK,UTF8|P:10	rng	IOK,NOK,POK,pIOK,pNOK,pPOK,UTF8|P:10
s09	NOK,POK,pNOK,pPOK,UTF8|P:10	str	NOK,POK,pNOK,pPOK,UTF8|P:10
s09	NOK,POK,pNOK,pPOK,UTF8|P:10	utf8	NOK,POK,pNOK,pPOK,UTF8|P:10
s09	NOK,POK,pNOK,pPOK,UTF8|P:8	add	IOK,NOK,POK,pIOK,pNOK,pPOK,UTF8|P:8
s09	NOK,POK,pNOK,pPOK,UTF8|P:8	bors	IOK,NOK,POK,pIOK,pNOK,pPOK,UTF8|P:8
s09	NOK,POK,pNOK,pPOK,UTF8|P:8	cat0	POK,pPOK,UTF8|P:8
s09	NOK,POK,pNOK,pPOK,UTF8|P:8	catx	POK,pPOK,UTF8|P:8x
s09	NOK,POK,pNOK,pPOK,UTF8|P:8	copy	NOK,POK,pNOK,pPOK,UTF8|P:8
s09	NOK,POK,pNOK,pPOK,UTF8|P:8	dec	NOK,pNOK|N:7
s09	NOK,POK,pNOK,pPOK,UTF8|P:8	fbors	NOK,POK,pNOK,pPOK,UTF8|P:8
s09	NOK,POK,pNOK,pPOK,UTF8|P:8	inc	IOK,pIOK|N:9
s09	NOK,POK,pNOK,pPOK,UTF8|P:8	iv	IOK,NOK,POK,pIOK,pNOK,pPOK,UTF8|P:8
s09	NOK,POK,pNOK,pPOK,UTF8|P:8	nv	NOK,POK,pNOK,pPOK,UTF8|P:8
s09	NOK,POK,pNOK,pPOK,UTF8|P:8	rng	IOK,NOK,POK,pIOK,pNOK,pPOK,UTF8|P:8
s09	NOK,POK,pNOK,pPOK,UTF8|P:8	str	NOK,POK,pNOK,pPOK,UTF8|P:8
s09	NOK,POK,pNOK,pPOK,UTF8|P:8	utf8	NOK,POK,pNOK,pPOK,UTF8|P:8
s09	NOK,POK,pNOK,pPOK|P:09	add	IOK,NOK,POK,pIOK,pNOK,pPOK|P:09
s09	NOK,POK,pNOK,pPOK|P:09	bors	IOK,NOK,POK,pIOK,pNOK,pPOK|P:09
s09	NOK,POK,pNOK,pPOK|P:09	cat0	POK,pPOK|P:09
s09	NOK,POK,pNOK,pPOK|P:09	catx	POK,pPOK|P:09x
s09	NOK,POK,pNOK,pPOK|P:09	copy	NOK,POK,pNOK,pPOK|P:09
s09	NOK,POK,pNOK,pPOK|P:09	dec	NOK,pNOK|N:8
s09	NOK,POK,pNOK,pPOK|P:09	fbors	NOK,POK,pNOK,pPOK|P:09
s09	NOK,POK,pNOK,pPOK|P:09	inc	IOK,pIOK|N:10
s09	NOK,POK,pNOK,pPOK|P:09	iv	IOK,NOK,POK,pIOK,pNOK,pPOK|P:09
s09	NOK,POK,pNOK,pPOK|P:09	nv	NOK,POK,pNOK,pPOK|P:09
s09	NOK,POK,pNOK,pPOK|P:09	rng	IOK,NOK,POK,pIOK,pNOK,pPOK|P:09
s09	NOK,POK,pNOK,pPOK|P:09	str	NOK,POK,pNOK,pPOK|P:09
s09	NOK,POK,pNOK,pPOK|P:09	utf8	NOK,POK,pNOK,pPOK,UTF8|P:09
s09	NOK,POK,pNOK,pPOK|P:10	add	IOK,NOK,POK,pIOK,pNOK,pPOK|P:10
s09	NOK,POK,pNOK,pPOK|P:10	bors	IOK,NOK,POK,pIOK,pNOK,pPOK|P:10
s09	NOK,POK,pNOK,pPOK|P:10	cat0	POK,pPOK|P:10
s09	NOK,POK,pNOK,pPOK|P:10	catx	POK,pPOK|P:10x
s09	NOK,POK,pNOK,pPOK|P:10	copy	NOK,POK,pNOK,pPOK|P:10
s09	NOK,POK,pNOK,pPOK|P:10	dec	NOK,pNOK|N:9
s09	NOK,POK,pNOK,pPOK|P:10	fbors	NOK,POK,pNOK,pPOK|P:10
s09	NOK,POK,pNOK,pPOK|P:10	inc	IOK,pIOK|N:11
s09	NOK,POK,pNOK,pPOK|P:10	iv	IOK,NOK,POK,pIOK,pNOK,pPOK|P:10
s09	NOK,POK,pNOK,pPOK|P:10	nv	NOK,POK,pNOK,pPOK|P:10
s09	NOK,POK,pNOK,pPOK|P:10	rng	IOK,NOK,POK,pIOK,pNOK,pPOK|P:10
s09	NOK,POK,pNOK,pPOK|P:10	str	NOK,POK,pNOK,pPOK|P:10
s09	NOK,POK,pNOK,pPOK|P:10	utf8	NOK,POK,pNOK,pPOK,UTF8|P:10
s09	NOK,POK,pNOK,pPOK|P:11	add	IOK,NOK,POK,pIOK,pNOK,pPOK|P:11
s09	NOK,POK,pNOK,pPOK|P:11	bors	IOK,NOK,POK,pIOK,pNOK,pPOK|P:11
s09	NOK,POK,pNOK,pPOK|P:11	cat0	POK,pPOK|P:11
s09	NOK,POK,pNOK,pPOK|P:11	catx	POK,pPOK|P:11x
s09	NOK,POK,pNOK,pPOK|P:11	copy	NOK,POK,pNOK,pPOK|P:11
s09	NOK,POK,pNOK,pPOK|P:11	dec	NOK,pNOK|N:10
s09	NOK,POK,pNOK,pPOK|P:11	fbors	NOK,POK,pNOK,pPOK|P:11
s09	NOK,POK,pNOK,pPOK|P:11	inc	IOK,pIOK|N:12
s09	NOK,POK,pNOK,pPOK|P:11	iv	IOK,NOK,POK,pIOK,pNOK,pPOK|P:11
s09	NOK,POK,pNOK,pPOK|P:11	nv	NOK,POK,pNOK,pPOK|P:11
s09	NOK,POK,pNOK,pPOK|P:11	rng	IOK,NOK,POK,pIOK,pNOK,pPOK|P:11
s09	NOK,POK,pNOK,pPOK|P:11	str	NOK,POK,pNOK,pPOK|P:11
s09	NOK,POK,pNOK,pPOK|P:11	utf8	NOK,POK,pNOK,pPOK,UTF8|P:11
s09	NOK,POK,pNOK,pPOK|P:8	add	IOK,NOK,POK,pIOK,pNOK,pPOK|P:8
s09	NOK,POK,pNOK,pPOK|P:8	bors	IOK,NOK,POK,pIOK,pNOK,pPOK|P:8
s09	NOK,POK,pNOK,pPOK|P:8	cat0	POK,pPOK|P:8
s09	NOK,POK,pNOK,pPOK|P:8	catx	POK,pPOK|P:8x
s09	NOK,POK,pNOK,pPOK|P:8	copy	NOK,POK,pNOK,pPOK|P:8
s09	NOK,POK,pNOK,pPOK|P:8	dec	NOK,pNOK|N:7
s09	NOK,POK,pNOK,pPOK|P:8	fbors	NOK,POK,pNOK,pPOK|P:8
s09	NOK,POK,pNOK,pPOK|P:8	inc	IOK,pIOK|N:9
s09	NOK,POK,pNOK,pPOK|P:8	iv	IOK,NOK,POK,pIOK,pNOK,pPOK|P:8
s09	NOK,POK,pNOK,pPOK|P:8	nv	NOK,POK,pNOK,pPOK|P:8
s09	NOK,POK,pNOK,pPOK|P:8	rng	IOK,NOK,POK,pIOK,pNOK,pPOK|P:8
s09	NOK,POK,pNOK,pPOK|P:8	str	NOK,POK,pNOK,pPOK|P:8
s09	NOK,POK,pNOK,pPOK|P:8	utf8	NOK,POK,pNOK,pPOK,UTF8|P:8
s09	NOK,pNOK|N:10	add	IOK,NOK,pIOK,pNOK|N:10
s09	NOK,pNOK|N:10	bors	IOK,NOK,pIOK,pNOK|N:10
s09	NOK,pNOK|N:10	cat0	POK,pPOK|P:10
s09	NOK,pNOK|N:10	catx	POK,pPOK|P:10x
s09	NOK,pNOK|N:10	copy	NOK,pNOK|N:10
s09	NOK,pNOK|N:10	dec	NOK,pNOK|N:9
s09	NOK,pNOK|N:10	fbors	NOK,pNOK|N:10
s09	NOK,pNOK|N:10	inc	IOK,pIOK|N:11
s09	NOK,pNOK|N:10	iv	IOK,NOK,pIOK,pNOK|N:10
s09	NOK,pNOK|N:10	nv	NOK,pNOK|N:10
s09	NOK,pNOK|N:10	rng	IOK,NOK,pIOK,pNOK|N:10
s09	NOK,pNOK|N:10	str	NOK,pNOK|N:10
s09	NOK,pNOK|N:10	utf8	POK,pPOK,UTF8|P:10
s09	NOK,pNOK|N:11	add	IOK,NOK,pIOK,pNOK|N:11
s09	NOK,pNOK|N:11	bors	IOK,NOK,pIOK,pNOK|N:11
s09	NOK,pNOK|N:11	cat0	POK,pPOK|P:11
s09	NOK,pNOK|N:11	catx	POK,pPOK|P:11x
s09	NOK,pNOK|N:11	copy	NOK,pNOK|N:11
s09	NOK,pNOK|N:11	dec	NOK,pNOK|N:10
s09	NOK,pNOK|N:11	fbors	NOK,pNOK|N:11
s09	NOK,pNOK|N:11	inc	IOK,pIOK|N:12
s09	NOK,pNOK|N:11	iv	IOK,NOK,pIOK,pNOK|N:11
s09	NOK,pNOK|N:11	nv	NOK,pNOK|N:11
s09	NOK,pNOK|N:11	rng	IOK,NOK,pIOK,pNOK|N:11
s09	NOK,pNOK|N:11	str	NOK,pNOK|N:11
s09	NOK,pNOK|N:11	utf8	POK,pPOK,UTF8|P:11
s09	NOK,pNOK|N:7	add	IOK,NOK,pIOK,pNOK|N:7
s09	NOK,pNOK|N:7	bors	IOK,NOK,pIOK,pNOK|N:7
s09	NOK,pNOK|N:7	cat0	POK,pPOK|P:7
s09	NOK,pNOK|N:7	catx	POK,pPOK|P:7x
s09	NOK,pNOK|N:7	copy	NOK,pNOK|N:7
s09	NOK,pNOK|N:7	dec	NOK,pNOK|N:6
s09	NOK,pNOK|N:7	fbors	NOK,pNOK|N:7
s09	NOK,pNOK|N:7	inc	IOK,pIOK|N:8
s09	NOK,pNOK|N:7	iv	IOK,NOK,pIOK,pNOK|N:7
s09	NOK,pNOK|N:7	nv	NOK,pNOK|N:7
s09	NOK,pNOK|N:7	rng	IOK,NOK,pIOK,pNOK|N:7
s09	NOK,pNOK|N:7	str	NOK,pNOK|N:7
s09	NOK,pNOK|N:7	utf8	POK,pPOK,UTF8|P:7
s09	NOK,pNOK|N:8	add	IOK,NOK,pIOK,pNOK|N:8
s09	NOK,pNOK|N:8	bors	IOK,NOK,pIOK,pNOK|N:8
s09	NOK,pNOK|N:8	cat0	POK,pPOK|P:8
s09	NOK,pNOK|N:8	catx	POK,pPOK|P:8x
s09	NOK,pNOK|N:8	copy	NOK,pNOK|N:8
s09	NOK,pNOK|N:8	dec	NOK,pNOK|N:7
s09	NOK,pNOK|N:8	fbors	NOK,pNOK|N:8
s09	NOK,pNOK|N:8	inc	IOK,pIOK|N:9
s09	NOK,pNOK|N:8	iv	IOK,NOK,pIOK,pNOK|N:8
s09	NOK,pNOK|N:8	nv	NOK,pNOK|N:8
s09	NOK,pNOK|N:8	rng	IOK,NOK,pIOK,pNOK|N:8
s09	NOK,pNOK|N:8	str	NOK,pNOK|N:8
s09	NOK,pNOK|N:8	utf8	POK,pPOK,UTF8|P:8
s09	NOK,pNOK|N:9	add	IOK,NOK,pIOK,pNOK|N:9
s09	NOK,pNOK|N:9	bors	IOK,NOK,pIOK,pNOK|N:9
s09	NOK,pNOK|N:9	cat0	POK,pPOK|P:9
s09	NOK,pNOK|N:9	catx	POK,pPOK|P:9x
s09	NOK,pNOK|N:9	copy	NOK,pNOK|N:9
s09	NOK,pNOK|N:9	dec	NOK,pNOK|N:8
s09	NOK,pNOK|N:9	fbors	NOK,pNOK|N:9
s09	NOK,pNOK|N:9	inc	IOK,pIOK|N:10
s09	NOK,pNOK|N:9	iv	IOK,NOK,pIOK,pNOK|N:9
s09	NOK,pNOK|N:9	nv	NOK,pNOK|N:9
s09	NOK,pNOK|N:9	rng	IOK,NOK,pIOK,pNOK|N:9
s09	NOK,pNOK|N:9	str	NOK,pNOK|N:9
s09	NOK,pNOK|N:9	utf8	POK,pPOK,UTF8|P:9
s09	POK,pIOK,pNOK,pPOK,UTF8|P:09x	add	POK,pIOK,pNOK,pPOK,UTF8|P:09x
s09	POK,pIOK,pNOK,pPOK,UTF8|P:09x	bors	POK,pIOK,pNOK,pPOK,UTF8|P:09x
s09	POK,pIOK,pNOK,pPOK,UTF8|P:09x	cat0	POK,pIOK,pNOK,pPOK,UTF8|P:09x
s09	POK,pIOK,pNOK,pPOK,UTF8|P:09x	catx	POK,pIOK,pNOK,pPOK,UTF8|P:09xx
s09	POK,pIOK,pNOK,pPOK,UTF8|P:09x	copy	POK,pIOK,pNOK,pPOK,UTF8|P:09x
s09	POK,pIOK,pNOK,pPOK,UTF8|P:09x	dec	NOK,pNOK|N:8
s09	POK,pIOK,pNOK,pPOK,UTF8|P:09x	fbors	POK,pIOK,pNOK,pPOK,UTF8|P:09x
s09	POK,pIOK,pNOK,pPOK,UTF8|P:09x	inc	NOK,pNOK|N:10
s09	POK,pIOK,pNOK,pPOK,UTF8|P:09x	iv	POK,pIOK,pNOK,pPOK,UTF8|P:09x
s09	POK,pIOK,pNOK,pPOK,UTF8|P:09x	nv	POK,pIOK,pNOK,pPOK,UTF8|P:09x
s09	POK,pIOK,pNOK,pPOK,UTF8|P:09x	rng	POK,pIOK,pNOK,pPOK,UTF8|P:09x
s09	POK,pIOK,pNOK,pPOK,UTF8|P:09x	str	POK,pIOK,pNOK,pPOK,UTF8|P:09x
s09	POK,pIOK,pNOK,pPOK,UTF8|P:09x	utf8	POK,pIOK,pNOK,pPOK,UTF8|P:09x
s09	POK,pIOK,pNOK,pPOK|P:09x	add	POK,pIOK,pNOK,pPOK|P:09x
s09	POK,pIOK,pNOK,pPOK|P:09x	bors	POK,pIOK,pNOK,pPOK|P:09x
s09	POK,pIOK,pNOK,pPOK|P:09x	cat0	POK,pIOK,pNOK,pPOK|P:09x
s09	POK,pIOK,pNOK,pPOK|P:09x	catx	POK,pIOK,pNOK,pPOK|P:09xx
s09	POK,pIOK,pNOK,pPOK|P:09x	copy	POK,pIOK,pNOK,pPOK|P:09x
s09	POK,pIOK,pNOK,pPOK|P:09x	dec	NOK,pNOK|N:8
s09	POK,pIOK,pNOK,pPOK|P:09x	fbors	POK,pIOK,pNOK,pPOK|P:09x
s09	POK,pIOK,pNOK,pPOK|P:09x	inc	NOK,pNOK|N:10
s09	POK,pIOK,pNOK,pPOK|P:09x	iv	POK,pIOK,pNOK,pPOK|P:09x
s09	POK,pIOK,pNOK,pPOK|P:09x	nv	POK,pIOK,pNOK,pPOK|P:09x
s09	POK,pIOK,pNOK,pPOK|P:09x	rng	POK,pIOK,pNOK,pPOK|P:09x
s09	POK,pIOK,pNOK,pPOK|P:09x	str	POK,pIOK,pNOK,pPOK|P:09x
s09	POK,pIOK,pNOK,pPOK|P:09x	utf8	POK,pIOK,pNOK,pPOK,UTF8|P:09x
s09	POK,pIOK,pNOK,pPOK|P:09xx	add	POK,pIOK,pNOK,pPOK|P:09xx
s09	POK,pIOK,pNOK,pPOK|P:09xx	bors	POK,pIOK,pNOK,pPOK|P:09xx
s09	POK,pIOK,pNOK,pPOK|P:09xx	cat0	POK,pIOK,pNOK,pPOK|P:09xx
s09	POK,pIOK,pNOK,pPOK|P:09xx	catx	POK,pIOK,pNOK,pPOK|P:09xxx
s09	POK,pIOK,pNOK,pPOK|P:09xx	copy	POK,pIOK,pNOK,pPOK|P:09xx
s09	POK,pIOK,pNOK,pPOK|P:09xx	dec	NOK,pNOK|N:8
s09	POK,pIOK,pNOK,pPOK|P:09xx	fbors	POK,pIOK,pNOK,pPOK|P:09xx
s09	POK,pIOK,pNOK,pPOK|P:09xx	inc	NOK,pNOK|N:10
s09	POK,pIOK,pNOK,pPOK|P:09xx	iv	POK,pIOK,pNOK,pPOK|P:09xx
s09	POK,pIOK,pNOK,pPOK|P:09xx	nv	POK,pIOK,pNOK,pPOK|P:09xx
s09	POK,pIOK,pNOK,pPOK|P:09xx	rng	POK,pIOK,pNOK,pPOK|P:09xx
s09	POK,pIOK,pNOK,pPOK|P:09xx	str	POK,pIOK,pNOK,pPOK|P:09xx
s09	POK,pIOK,pNOK,pPOK|P:09xx	utf8	POK,pIOK,pNOK,pPOK,UTF8|P:09xx
s09	POK,pIOK,pNOK,pPOK|P:10x	add	POK,pIOK,pNOK,pPOK|P:10x
s09	POK,pIOK,pNOK,pPOK|P:10x	bors	POK,pIOK,pNOK,pPOK|P:10x
s09	POK,pIOK,pNOK,pPOK|P:10x	cat0	POK,pIOK,pNOK,pPOK|P:10x
s09	POK,pIOK,pNOK,pPOK|P:10x	catx	POK,pIOK,pNOK,pPOK|P:10xx
s09	POK,pIOK,pNOK,pPOK|P:10x	copy	POK,pIOK,pNOK,pPOK|P:10x
s09	POK,pIOK,pNOK,pPOK|P:10x	dec	NOK,pNOK|N:9
s09	POK,pIOK,pNOK,pPOK|P:10x	fbors	POK,pIOK,pNOK,pPOK|P:10x
s09	POK,pIOK,pNOK,pPOK|P:10x	inc	NOK,pNOK|N:11
s09	POK,pIOK,pNOK,pPOK|P:10x	iv	POK,pIOK,pNOK,pPOK|P:10x
s09	POK,pIOK,pNOK,pPOK|P:10x	nv	POK,pIOK,pNOK,pPOK|P:10x
s09	POK,pIOK,pNOK,pPOK|P:10x	rng	POK,pIOK,pNOK,pPOK|P:10x
s09	POK,pIOK,pNOK,pPOK|P:10x	str	POK,pIOK,pNOK,pPOK|P:10x
s09	POK,pIOK,pNOK,pPOK|P:10x	utf8	POK,pIOK,pNOK,pPOK,UTF8|P:10x
s09	POK,pIOK,pNOK,pPOK|P:8x	add	POK,pIOK,pNOK,pPOK|P:8x
s09	POK,pIOK,pNOK,pPOK|P:8x	bors	POK,pIOK,pNOK,pPOK|P:8x
s09	POK,pIOK,pNOK,pPOK|P:8x	cat0	POK,pIOK,pNOK,pPOK|P:8x
s09	POK,pIOK,pNOK,pPOK|P:8x	catx	POK,pIOK,pNOK,pPOK|P:8xx
s09	POK,pIOK,pNOK,pPOK|P:8x	copy	POK,pIOK,pNOK,pPOK|P:8x
s09	POK,pIOK,pNOK,pPOK|P:8x	dec	NOK,pNOK|N:7
s09	POK,pIOK,pNOK,pPOK|P:8x	fbors	POK,pIOK,pNOK,pPOK|P:8x
s09	POK,pIOK,pNOK,pPOK|P:8x	inc	NOK,pNOK|N:9
s09	POK,pIOK,pNOK,pPOK|P:8x	iv	POK,pIOK,pNOK,pPOK|P:8x
s09	POK,pIOK,pNOK,pPOK|P:8x	nv	POK,pIOK,pNOK,pPOK|P:8x
s09	POK,pIOK,pNOK,pPOK|P:8x	rng	POK,pIOK,pNOK,pPOK|P:8x
s09	POK,pIOK,pNOK,pPOK|P:8x	str	POK,pIOK,pNOK,pPOK|P:8x
s09	POK,pIOK,pNOK,pPOK|P:8x	utf8	POK,pIOK,pNOK,pPOK,UTF8|P:8x
s09	POK,pNOK,pPOK,UTF8|P:09x	add	POK,pIOK,pNOK,pPOK,UTF8|P:09x
s09	POK,pNOK,pPOK,UTF8|P:09x	bors	POK,pIOK,pNOK,pPOK,UTF8|P:09x
s09	POK,pNOK,pPOK,UTF8|P:09x	cat0	POK,pNOK,pPOK,UTF8|P:09x
s09	POK,pNOK,pPOK,UTF8|P:09x	catx	POK,pNOK,pPOK,UTF8|P:09xx
s09	POK,pNOK,pPOK,UTF8|P:09x	copy	POK,pNOK,pPOK,UTF8|P:09x
s09	POK,pNOK,pPOK,UTF8|P:09x	dec	NOK,pNOK|N:8
s09	POK,pNOK,pPOK,UTF8|P:09x	fbors	POK,pNOK,pPOK,UTF8|P:09x
s09	POK,pNOK,pPOK,UTF8|P:09x	inc	NOK,pNOK|N:10
s09	POK,pNOK,pPOK,UTF8|P:09x	iv	POK,pIOK,pNOK,pPOK,UTF8|P:09x
s09	POK,pNOK,pPOK,UTF8|P:09x	nv	POK,pNOK,pPOK,UTF8|P:09x
s09	POK,pNOK,pPOK,UTF8|P:09x	rng	POK,pIOK,pNOK,pPOK,UTF8|P:09x
s09	POK,pNOK,pPOK,UTF8|P:09x	str	POK,pNOK,pPOK,UTF8|P:09x
s09	POK,pNOK,pPOK,UTF8|P:09x	utf8	POK,pNOK,pPOK,UTF8|P:09x
s09	POK,pNOK,pPOK|P:09x	add	POK,pIOK,pNOK,pPOK|P:09x
s09	POK,pNOK,pPOK|P:09x	bors	POK,pIOK,pNOK,pPOK|P:09x
s09	POK,pNOK,pPOK|P:09x	cat0	POK,pNOK,pPOK|P:09x
s09	POK,pNOK,pPOK|P:09x	catx	POK,pNOK,pPOK|P:09xx
s09	POK,pNOK,pPOK|P:09x	copy	POK,pNOK,pPOK|P:09x
s09	POK,pNOK,pPOK|P:09x	dec	NOK,pNOK|N:8
s09	POK,pNOK,pPOK|P:09x	fbors	POK,pNOK,pPOK|P:09x
s09	POK,pNOK,pPOK|P:09x	inc	NOK,pNOK|N:10
s09	POK,pNOK,pPOK|P:09x	iv	POK,pIOK,pNOK,pPOK|P:09x
s09	POK,pNOK,pPOK|P:09x	nv	POK,pNOK,pPOK|P:09x
s09	POK,pNOK,pPOK|P:09x	rng	POK,pIOK,pNOK,pPOK|P:09x
s09	POK,pNOK,pPOK|P:09x	str	POK,pNOK,pPOK|P:09x
s09	POK,pNOK,pPOK|P:09x	utf8	POK,pNOK,pPOK,UTF8|P:09x
s09	POK,pNOK,pPOK|P:09xx	add	POK,pIOK,pNOK,pPOK|P:09xx
s09	POK,pNOK,pPOK|P:09xx	bors	POK,pIOK,pNOK,pPOK|P:09xx
s09	POK,pNOK,pPOK|P:09xx	cat0	POK,pNOK,pPOK|P:09xx
s09	POK,pNOK,pPOK|P:09xx	catx	POK,pNOK,pPOK|P:09xxx
s09	POK,pNOK,pPOK|P:09xx	copy	POK,pNOK,pPOK|P:09xx
s09	POK,pNOK,pPOK|P:09xx	dec	NOK,pNOK|N:8
s09	POK,pNOK,pPOK|P:09xx	fbors	POK,pNOK,pPOK|P:09xx
s09	POK,pNOK,pPOK|P:09xx	inc	NOK,pNOK|N:10
s09	POK,pNOK,pPOK|P:09xx	iv	POK,pIOK,pNOK,pPOK|P:09xx
s09	POK,pNOK,pPOK|P:09xx	nv	POK,pNOK,pPOK|P:09xx
s09	POK,pNOK,pPOK|P:09xx	rng	POK,pIOK,pNOK,pPOK|P:09xx
s09	POK,pNOK,pPOK|P:09xx	str	POK,pNOK,pPOK|P:09xx
s09	POK,pNOK,pPOK|P:09xx	utf8	POK,pNOK,pPOK,UTF8|P:09xx
s09	POK,pNOK,pPOK|P:10x	add	POK,pIOK,pNOK,pPOK|P:10x
s09	POK,pNOK,pPOK|P:10x	bors	POK,pIOK,pNOK,pPOK|P:10x
s09	POK,pNOK,pPOK|P:10x	cat0	POK,pNOK,pPOK|P:10x
s09	POK,pNOK,pPOK|P:10x	catx	POK,pNOK,pPOK|P:10xx
s09	POK,pNOK,pPOK|P:10x	copy	POK,pNOK,pPOK|P:10x
s09	POK,pNOK,pPOK|P:10x	dec	NOK,pNOK|N:9
s09	POK,pNOK,pPOK|P:10x	fbors	POK,pNOK,pPOK|P:10x
s09	POK,pNOK,pPOK|P:10x	inc	NOK,pNOK|N:11
s09	POK,pNOK,pPOK|P:10x	iv	POK,pIOK,pNOK,pPOK|P:10x
s09	POK,pNOK,pPOK|P:10x	nv	POK,pNOK,pPOK|P:10x
s09	POK,pNOK,pPOK|P:10x	rng	POK,pIOK,pNOK,pPOK|P:10x
s09	POK,pNOK,pPOK|P:10x	str	POK,pNOK,pPOK|P:10x
s09	POK,pNOK,pPOK|P:10x	utf8	POK,pNOK,pPOK,UTF8|P:10x
s09	POK,pNOK,pPOK|P:8x	add	POK,pIOK,pNOK,pPOK|P:8x
s09	POK,pNOK,pPOK|P:8x	bors	POK,pIOK,pNOK,pPOK|P:8x
s09	POK,pNOK,pPOK|P:8x	cat0	POK,pNOK,pPOK|P:8x
s09	POK,pNOK,pPOK|P:8x	catx	POK,pNOK,pPOK|P:8xx
s09	POK,pNOK,pPOK|P:8x	copy	POK,pNOK,pPOK|P:8x
s09	POK,pNOK,pPOK|P:8x	dec	NOK,pNOK|N:7
s09	POK,pNOK,pPOK|P:8x	fbors	POK,pNOK,pPOK|P:8x
s09	POK,pNOK,pPOK|P:8x	inc	NOK,pNOK|N:9
s09	POK,pNOK,pPOK|P:8x	iv	POK,pIOK,pNOK,pPOK|P:8x
s09	POK,pNOK,pPOK|P:8x	nv	POK,pNOK,pPOK|P:8x
s09	POK,pNOK,pPOK|P:8x	rng	POK,pIOK,pNOK,pPOK|P:8x
s09	POK,pNOK,pPOK|P:8x	str	POK,pNOK,pPOK|P:8x
s09	POK,pNOK,pPOK|P:8x	utf8	POK,pNOK,pPOK,UTF8|P:8x
s09	POK,pPOK,UTF8|P:09	add	IOK,POK,pIOK,pPOK,UTF8|P:09
s09	POK,pPOK,UTF8|P:09	bors	POK,pPOK,UTF8|P:09
s09	POK,pPOK,UTF8|P:09	cat0	POK,pPOK,UTF8|P:09
s09	POK,pPOK,UTF8|P:09	catx	POK,pPOK,UTF8|P:09x
s09	POK,pPOK,UTF8|P:09	copy	POK,pPOK,UTF8|P:09
s09	POK,pPOK,UTF8|P:09	dec	IOK,pIOK|N:8
s09	POK,pPOK,UTF8|P:09	fbors	POK,pPOK,UTF8|P:09
s09	POK,pPOK,UTF8|P:09	inc	POK,pPOK,UTF8|P:10
s09	POK,pPOK,UTF8|P:09	iv	IOK,POK,pIOK,pPOK,UTF8|P:09
s09	POK,pPOK,UTF8|P:09	nv	NOK,POK,pNOK,pPOK,UTF8|P:09
s09	POK,pPOK,UTF8|P:09	rng	POK,pPOK,UTF8|P:09
s09	POK,pPOK,UTF8|P:09	str	POK,pPOK,UTF8|P:09
s09	POK,pPOK,UTF8|P:09	utf8	POK,pPOK,UTF8|P:09
s09	POK,pPOK,UTF8|P:09x	add	POK,pIOK,pNOK,pPOK,UTF8|P:09x
s09	POK,pPOK,UTF8|P:09x	bors	POK,pPOK,UTF8|P:09x
s09	POK,pPOK,UTF8|P:09x	cat0	POK,pPOK,UTF8|P:09x
s09	POK,pPOK,UTF8|P:09x	catx	POK,pPOK,UTF8|P:09xx
s09	POK,pPOK,UTF8|P:09x	copy	POK,pPOK,UTF8|P:09x
s09	POK,pPOK,UTF8|P:09x	dec	NOK,pNOK|N:8
s09	POK,pPOK,UTF8|P:09x	fbors	POK,pPOK,UTF8|P:09x
s09	POK,pPOK,UTF8|P:09x	inc	NOK,pNOK|N:10
s09	POK,pPOK,UTF8|P:09x	iv	POK,pIOK,pNOK,pPOK,UTF8|P:09x
s09	POK,pPOK,UTF8|P:09x	nv	POK,pNOK,pPOK,UTF8|P:09x
s09	POK,pPOK,UTF8|P:09x	rng	POK,pPOK,UTF8|P:09x
s09	POK,pPOK,UTF8|P:09x	str	POK,pPOK,UTF8|P:09x
s09	POK,pPOK,UTF8|P:09x	utf8	POK,pPOK,UTF8|P:09x
s09	POK,pPOK,UTF8|P:09xx	add	POK,pIOK,pNOK,pPOK,UTF8|P:09xx
s09	POK,pPOK,UTF8|P:09xx	bors	POK,pPOK,UTF8|P:09xx
s09	POK,pPOK,UTF8|P:09xx	cat0	POK,pPOK,UTF8|P:09xx
s09	POK,pPOK,UTF8|P:09xx	catx	POK,pPOK,UTF8|P:09xxx
s09	POK,pPOK,UTF8|P:09xx	copy	POK,pPOK,UTF8|P:09xx
s09	POK,pPOK,UTF8|P:09xx	dec	NOK,pNOK|N:8
s09	POK,pPOK,UTF8|P:09xx	fbors	POK,pPOK,UTF8|P:09xx
s09	POK,pPOK,UTF8|P:09xx	inc	NOK,pNOK|N:10
s09	POK,pPOK,UTF8|P:09xx	iv	POK,pIOK,pNOK,pPOK,UTF8|P:09xx
s09	POK,pPOK,UTF8|P:09xx	nv	POK,pNOK,pPOK,UTF8|P:09xx
s09	POK,pPOK,UTF8|P:09xx	rng	POK,pPOK,UTF8|P:09xx
s09	POK,pPOK,UTF8|P:09xx	str	POK,pPOK,UTF8|P:09xx
s09	POK,pPOK,UTF8|P:09xx	utf8	POK,pPOK,UTF8|P:09xx
s09	POK,pPOK,UTF8|P:10	add	IOK,POK,pIOK,pPOK,UTF8|P:10
s09	POK,pPOK,UTF8|P:10	bors	POK,pPOK,UTF8|P:10
s09	POK,pPOK,UTF8|P:10	cat0	POK,pPOK,UTF8|P:10
s09	POK,pPOK,UTF8|P:10	catx	POK,pPOK,UTF8|P:10x
s09	POK,pPOK,UTF8|P:10	copy	POK,pPOK,UTF8|P:10
s09	POK,pPOK,UTF8|P:10	dec	IOK,pIOK|N:9
s09	POK,pPOK,UTF8|P:10	fbors	POK,pPOK,UTF8|P:10
s09	POK,pPOK,UTF8|P:10	inc	POK,pPOK,UTF8|P:11
s09	POK,pPOK,UTF8|P:10	iv	IOK,POK,pIOK,pPOK,UTF8|P:10
s09	POK,pPOK,UTF8|P:10	nv	NOK,POK,pNOK,pPOK,UTF8|P:10
s09	POK,pPOK,UTF8|P:10	rng	IOK,NOK,POK,pIOK,pNOK,pPOK,UTF8|P:10
s09	POK,pPOK,UTF8|P:10	str	POK,pPOK,UTF8|P:10
s09	POK,pPOK,UTF8|P:10	utf8	POK,pPOK,UTF8|P:10
s09	POK,pPOK,UTF8|P:10x	add	POK,pIOK,pNOK,pPOK,UTF8|P:10x
s09	POK,pPOK,UTF8|P:10x	bors	POK,pPOK,UTF8|P:10x
s09	POK,pPOK,UTF8|P:10x	cat0	POK,pPOK,UTF8|P:10x
s09	POK,pPOK,UTF8|P:10x	catx	POK,pPOK,UTF8|P:10xx
s09	POK,pPOK,UTF8|P:10x	copy	POK,pPOK,UTF8|P:10x
s09	POK,pPOK,UTF8|P:10x	dec	NOK,pNOK|N:9
s09	POK,pPOK,UTF8|P:10x	fbors	POK,pPOK,UTF8|P:10x
s09	POK,pPOK,UTF8|P:10x	inc	NOK,pNOK|N:11
s09	POK,pPOK,UTF8|P:10x	iv	POK,pIOK,pNOK,pPOK,UTF8|P:10x
s09	POK,pPOK,UTF8|P:10x	nv	POK,pNOK,pPOK,UTF8|P:10x
s09	POK,pPOK,UTF8|P:10x	rng	POK,pPOK,UTF8|P:10x
s09	POK,pPOK,UTF8|P:10x	str	POK,pPOK,UTF8|P:10x
s09	POK,pPOK,UTF8|P:10x	utf8	POK,pPOK,UTF8|P:10x
s09	POK,pPOK,UTF8|P:11	add	IOK,POK,pIOK,pPOK,UTF8|P:11
s09	POK,pPOK,UTF8|P:11	bors	POK,pPOK,UTF8|P:11
s09	POK,pPOK,UTF8|P:11	cat0	POK,pPOK,UTF8|P:11
s09	POK,pPOK,UTF8|P:11	catx	POK,pPOK,UTF8|P:11x
s09	POK,pPOK,UTF8|P:11	copy	POK,pPOK,UTF8|P:11
s09	POK,pPOK,UTF8|P:11	dec	IOK,pIOK|N:10
s09	POK,pPOK,UTF8|P:11	fbors	POK,pPOK,UTF8|P:11
s09	POK,pPOK,UTF8|P:11	inc	POK,pPOK,UTF8|P:12
s09	POK,pPOK,UTF8|P:11	iv	IOK,POK,pIOK,pPOK,UTF8|P:11
s09	POK,pPOK,UTF8|P:11	nv	NOK,POK,pNOK,pPOK,UTF8|P:11
s09	POK,pPOK,UTF8|P:11	rng	IOK,NOK,POK,pIOK,pNOK,pPOK,UTF8|P:11
s09	POK,pPOK,UTF8|P:11	str	POK,pPOK,UTF8|P:11
s09	POK,pPOK,UTF8|P:11	utf8	POK,pPOK,UTF8|P:11
s09	POK,pPOK,UTF8|P:7	add	IOK,POK,pIOK,pPOK,UTF8|P:7
s09	POK,pPOK,UTF8|P:7	bors	POK,pPOK,UTF8|P:7
s09	POK,pPOK,UTF8|P:7	cat0	POK,pPOK,UTF8|P:7
s09	POK,pPOK,UTF8|P:7	catx	POK,pPOK,UTF8|P:7x
s09	POK,pPOK,UTF8|P:7	copy	POK,pPOK,UTF8|P:7
s09	POK,pPOK,UTF8|P:7	dec	IOK,pIOK|N:6
s09	POK,pPOK,UTF8|P:7	fbors	POK,pPOK,UTF8|P:7
s09	POK,pPOK,UTF8|P:7	inc	POK,pPOK,UTF8|P:8
s09	POK,pPOK,UTF8|P:7	iv	IOK,POK,pIOK,pPOK,UTF8|P:7
s09	POK,pPOK,UTF8|P:7	nv	NOK,POK,pNOK,pPOK,UTF8|P:7
s09	POK,pPOK,UTF8|P:7	rng	IOK,NOK,POK,pIOK,pNOK,pPOK,UTF8|P:7
s09	POK,pPOK,UTF8|P:7	str	POK,pPOK,UTF8|P:7
s09	POK,pPOK,UTF8|P:7	utf8	POK,pPOK,UTF8|P:7
s09	POK,pPOK,UTF8|P:8	add	IOK,POK,pIOK,pPOK,UTF8|P:8
s09	POK,pPOK,UTF8|P:8	bors	POK,pPOK,UTF8|P:8
s09	POK,pPOK,UTF8|P:8	cat0	POK,pPOK,UTF8|P:8
s09	POK,pPOK,UTF8|P:8	catx	POK,pPOK,UTF8|P:8x
s09	POK,pPOK,UTF8|P:8	copy	POK,pPOK,UTF8|P:8
s09	POK,pPOK,UTF8|P:8	dec	IOK,pIOK|N:7
s09	POK,pPOK,UTF8|P:8	fbors	POK,pPOK,UTF8|P:8
s09	POK,pPOK,UTF8|P:8	inc	POK,pPOK,UTF8|P:9
s09	POK,pPOK,UTF8|P:8	iv	IOK,POK,pIOK,pPOK,UTF8|P:8
s09	POK,pPOK,UTF8|P:8	nv	NOK,POK,pNOK,pPOK,UTF8|P:8
s09	POK,pPOK,UTF8|P:8	rng	IOK,NOK,POK,pIOK,pNOK,pPOK,UTF8|P:8
s09	POK,pPOK,UTF8|P:8	str	POK,pPOK,UTF8|P:8
s09	POK,pPOK,UTF8|P:8	utf8	POK,pPOK,UTF8|P:8
s09	POK,pPOK,UTF8|P:8x	add	POK,pIOK,pNOK,pPOK,UTF8|P:8x
s09	POK,pPOK,UTF8|P:8x	bors	POK,pPOK,UTF8|P:8x
s09	POK,pPOK,UTF8|P:8x	cat0	POK,pPOK,UTF8|P:8x
s09	POK,pPOK,UTF8|P:8x	catx	POK,pPOK,UTF8|P:8xx
s09	POK,pPOK,UTF8|P:8x	copy	POK,pPOK,UTF8|P:8x
s09	POK,pPOK,UTF8|P:8x	dec	NOK,pNOK|N:7
s09	POK,pPOK,UTF8|P:8x	fbors	POK,pPOK,UTF8|P:8x
s09	POK,pPOK,UTF8|P:8x	inc	NOK,pNOK|N:9
s09	POK,pPOK,UTF8|P:8x	iv	POK,pIOK,pNOK,pPOK,UTF8|P:8x
s09	POK,pPOK,UTF8|P:8x	nv	POK,pNOK,pPOK,UTF8|P:8x
s09	POK,pPOK,UTF8|P:8x	rng	POK,pPOK,UTF8|P:8x
s09	POK,pPOK,UTF8|P:8x	str	POK,pPOK,UTF8|P:8x
s09	POK,pPOK,UTF8|P:8x	utf8	POK,pPOK,UTF8|P:8x
s09	POK,pPOK,UTF8|P:9	add	IOK,POK,pIOK,pPOK,UTF8|P:9
s09	POK,pPOK,UTF8|P:9	bors	POK,pPOK,UTF8|P:9
s09	POK,pPOK,UTF8|P:9	cat0	POK,pPOK,UTF8|P:9
s09	POK,pPOK,UTF8|P:9	catx	POK,pPOK,UTF8|P:9x
s09	POK,pPOK,UTF8|P:9	copy	POK,pPOK,UTF8|P:9
s09	POK,pPOK,UTF8|P:9	dec	IOK,pIOK|N:8
s09	POK,pPOK,UTF8|P:9	fbors	POK,pPOK,UTF8|P:9
s09	POK,pPOK,UTF8|P:9	inc	POK,pPOK,UTF8|P:10
s09	POK,pPOK,UTF8|P:9	iv	IOK,POK,pIOK,pPOK,UTF8|P:9
s09	POK,pPOK,UTF8|P:9	nv	NOK,POK,pNOK,pPOK,UTF8|P:9
s09	POK,pPOK,UTF8|P:9	rng	IOK,NOK,POK,pIOK,pNOK,pPOK,UTF8|P:9
s09	POK,pPOK,UTF8|P:9	str	POK,pPOK,UTF8|P:9
s09	POK,pPOK,UTF8|P:9	utf8	POK,pPOK,UTF8|P:9
s09	POK,pPOK|P:09	add	IOK,POK,pIOK,pPOK|P:09
s09	POK,pPOK|P:09	bors	POK,pPOK|P:09
s09	POK,pPOK|P:09	cat0	POK,pPOK|P:09
s09	POK,pPOK|P:09	catx	POK,pPOK|P:09x
s09	POK,pPOK|P:09	copy	POK,pPOK|P:09
s09	POK,pPOK|P:09	dec	IOK,pIOK|N:8
s09	POK,pPOK|P:09	fbors	POK,pPOK|P:09
s09	POK,pPOK|P:09	inc	POK,pPOK|P:10
s09	POK,pPOK|P:09	iv	IOK,POK,pIOK,pPOK|P:09
s09	POK,pPOK|P:09	nv	NOK,POK,pNOK,pPOK|P:09
s09	POK,pPOK|P:09	rng	POK,pPOK|P:09
s09	POK,pPOK|P:09	str	POK,pPOK|P:09
s09	POK,pPOK|P:09	utf8	POK,pPOK,UTF8|P:09
s09	POK,pPOK|P:09x	add	POK,pIOK,pNOK,pPOK|P:09x
s09	POK,pPOK|P:09x	bors	POK,pPOK|P:09x
s09	POK,pPOK|P:09x	cat0	POK,pPOK|P:09x
s09	POK,pPOK|P:09x	catx	POK,pPOK|P:09xx
s09	POK,pPOK|P:09x	copy	POK,pPOK|P:09x
s09	POK,pPOK|P:09x	dec	NOK,pNOK|N:8
s09	POK,pPOK|P:09x	fbors	POK,pPOK|P:09x
s09	POK,pPOK|P:09x	inc	NOK,pNOK|N:10
s09	POK,pPOK|P:09x	iv	POK,pIOK,pNOK,pPOK|P:09x
s09	POK,pPOK|P:09x	nv	POK,pNOK,pPOK|P:09x
s09	POK,pPOK|P:09x	rng	POK,pPOK|P:09x
s09	POK,pPOK|P:09x	str	POK,pPOK|P:09x
s09	POK,pPOK|P:09x	utf8	POK,pPOK,UTF8|P:09x
s09	POK,pPOK|P:09xx	add	POK,pIOK,pNOK,pPOK|P:09xx
s09	POK,pPOK|P:09xx	bors	POK,pPOK|P:09xx
s09	POK,pPOK|P:09xx	cat0	POK,pPOK|P:09xx
s09	POK,pPOK|P:09xx	catx	POK,pPOK|P:09xxx
s09	POK,pPOK|P:09xx	copy	POK,pPOK|P:09xx
s09	POK,pPOK|P:09xx	dec	NOK,pNOK|N:8
s09	POK,pPOK|P:09xx	fbors	POK,pPOK|P:09xx
s09	POK,pPOK|P:09xx	inc	NOK,pNOK|N:10
s09	POK,pPOK|P:09xx	iv	POK,pIOK,pNOK,pPOK|P:09xx
s09	POK,pPOK|P:09xx	nv	POK,pNOK,pPOK|P:09xx
s09	POK,pPOK|P:09xx	rng	POK,pPOK|P:09xx
s09	POK,pPOK|P:09xx	str	POK,pPOK|P:09xx
s09	POK,pPOK|P:09xx	utf8	POK,pPOK,UTF8|P:09xx
s09	POK,pPOK|P:09xxx	add	POK,pIOK,pNOK,pPOK|P:09xxx
s09	POK,pPOK|P:09xxx	bors	POK,pPOK|P:09xxx
s09	POK,pPOK|P:09xxx	cat0	POK,pPOK|P:09xxx
s09	POK,pPOK|P:09xxx	catx	POK,pPOK|P:09xxxx
s09	POK,pPOK|P:09xxx	copy	POK,pPOK|P:09xxx
s09	POK,pPOK|P:09xxx	dec	NOK,pNOK|N:8
s09	POK,pPOK|P:09xxx	fbors	POK,pPOK|P:09xxx
s09	POK,pPOK|P:09xxx	inc	NOK,pNOK|N:10
s09	POK,pPOK|P:09xxx	iv	POK,pIOK,pNOK,pPOK|P:09xxx
s09	POK,pPOK|P:09xxx	nv	POK,pNOK,pPOK|P:09xxx
s09	POK,pPOK|P:09xxx	rng	POK,pPOK|P:09xxx
s09	POK,pPOK|P:09xxx	str	POK,pPOK|P:09xxx
s09	POK,pPOK|P:09xxx	utf8	POK,pPOK,UTF8|P:09xxx
s09	POK,pPOK|P:10	add	IOK,POK,pIOK,pPOK|P:10
s09	POK,pPOK|P:10	bors	POK,pPOK|P:10
s09	POK,pPOK|P:10	cat0	POK,pPOK|P:10
s09	POK,pPOK|P:10	catx	POK,pPOK|P:10x
s09	POK,pPOK|P:10	copy	POK,pPOK|P:10
s09	POK,pPOK|P:10	dec	IOK,pIOK|N:9
s09	POK,pPOK|P:10	fbors	POK,pPOK|P:10
s09	POK,pPOK|P:10	inc	POK,pPOK|P:11
s09	POK,pPOK|P:10	iv	IOK,POK,pIOK,pPOK|P:10
s09	POK,pPOK|P:10	nv	NOK,POK,pNOK,pPOK|P:10
s09	POK,pPOK|P:10	rng	IOK,NOK,POK,pIOK,pNOK,pPOK|P:10
s09	POK,pPOK|P:10	str	POK,pPOK|P:10
s09	POK,pPOK|P:10	utf8	POK,pPOK,UTF8|P:10
s09	POK,pPOK|P:10x	add	POK,pIOK,pNOK,pPOK|P:10x
s09	POK,pPOK|P:10x	bors	POK,pPOK|P:10x
s09	POK,pPOK|P:10x	cat0	POK,pPOK|P:10x
s09	POK,pPOK|P:10x	catx	POK,pPOK|P:10xx
s09	POK,pPOK|P:10x	copy	POK,pPOK|P:10x
s09	POK,pPOK|P:10x	dec	NOK,pNOK|N:9
s09	POK,pPOK|P:10x	fbors	POK,pPOK|P:10x
s09	POK,pPOK|P:10x	inc	NOK,pNOK|N:11
s09	POK,pPOK|P:10x	iv	POK,pIOK,pNOK,pPOK|P:10x
s09	POK,pPOK|P:10x	nv	POK,pNOK,pPOK|P:10x
s09	POK,pPOK|P:10x	rng	POK,pPOK|P:10x
s09	POK,pPOK|P:10x	str	POK,pPOK|P:10x
s09	POK,pPOK|P:10x	utf8	POK,pPOK,UTF8|P:10x
s09	POK,pPOK|P:10xx	add	POK,pIOK,pNOK,pPOK|P:10xx
s09	POK,pPOK|P:10xx	bors	POK,pPOK|P:10xx
s09	POK,pPOK|P:10xx	cat0	POK,pPOK|P:10xx
s09	POK,pPOK|P:10xx	catx	POK,pPOK|P:10xxx
s09	POK,pPOK|P:10xx	copy	POK,pPOK|P:10xx
s09	POK,pPOK|P:10xx	dec	NOK,pNOK|N:9
s09	POK,pPOK|P:10xx	fbors	POK,pPOK|P:10xx
s09	POK,pPOK|P:10xx	inc	NOK,pNOK|N:11
s09	POK,pPOK|P:10xx	iv	POK,pIOK,pNOK,pPOK|P:10xx
s09	POK,pPOK|P:10xx	nv	POK,pNOK,pPOK|P:10xx
s09	POK,pPOK|P:10xx	rng	POK,pPOK|P:10xx
s09	POK,pPOK|P:10xx	str	POK,pPOK|P:10xx
s09	POK,pPOK|P:10xx	utf8	POK,pPOK,UTF8|P:10xx
s09	POK,pPOK|P:11	add	IOK,POK,pIOK,pPOK|P:11
s09	POK,pPOK|P:11	bors	POK,pPOK|P:11
s09	POK,pPOK|P:11	cat0	POK,pPOK|P:11
s09	POK,pPOK|P:11	catx	POK,pPOK|P:11x
s09	POK,pPOK|P:11	copy	POK,pPOK|P:11
s09	POK,pPOK|P:11	dec	IOK,pIOK|N:10
s09	POK,pPOK|P:11	fbors	POK,pPOK|P:11
s09	POK,pPOK|P:11	inc	POK,pPOK|P:12
s09	POK,pPOK|P:11	iv	IOK,POK,pIOK,pPOK|P:11
s09	POK,pPOK|P:11	nv	NOK,POK,pNOK,pPOK|P:11
s09	POK,pPOK|P:11	rng	IOK,NOK,POK,pIOK,pNOK,pPOK|P:11
s09	POK,pPOK|P:11	str	POK,pPOK|P:11
s09	POK,pPOK|P:11	utf8	POK,pPOK,UTF8|P:11
s09	POK,pPOK|P:11x	add	POK,pIOK,pNOK,pPOK|P:11x
s09	POK,pPOK|P:11x	bors	POK,pPOK|P:11x
s09	POK,pPOK|P:11x	cat0	POK,pPOK|P:11x
s09	POK,pPOK|P:11x	catx	POK,pPOK|P:11xx
s09	POK,pPOK|P:11x	copy	POK,pPOK|P:11x
s09	POK,pPOK|P:11x	dec	NOK,pNOK|N:10
s09	POK,pPOK|P:11x	fbors	POK,pPOK|P:11x
s09	POK,pPOK|P:11x	inc	NOK,pNOK|N:12
s09	POK,pPOK|P:11x	iv	POK,pIOK,pNOK,pPOK|P:11x
s09	POK,pPOK|P:11x	nv	POK,pNOK,pPOK|P:11x
s09	POK,pPOK|P:11x	rng	POK,pPOK|P:11x
s09	POK,pPOK|P:11x	str	POK,pPOK|P:11x
s09	POK,pPOK|P:11x	utf8	POK,pPOK,UTF8|P:11x
s09	POK,pPOK|P:12	add	IOK,POK,pIOK,pPOK|P:12
s09	POK,pPOK|P:12	bors	POK,pPOK|P:12
s09	POK,pPOK|P:12	cat0	POK,pPOK|P:12
s09	POK,pPOK|P:12	catx	POK,pPOK|P:12x
s09	POK,pPOK|P:12	copy	POK,pPOK|P:12
s09	POK,pPOK|P:12	dec	IOK,pIOK|N:11
s09	POK,pPOK|P:12	fbors	POK,pPOK|P:12
s09	POK,pPOK|P:12	inc	POK,pPOK|P:13
s09	POK,pPOK|P:12	iv	IOK,POK,pIOK,pPOK|P:12
s09	POK,pPOK|P:12	nv	NOK,POK,pNOK,pPOK|P:12
s09	POK,pPOK|P:12	rng	IOK,NOK,POK,pIOK,pNOK,pPOK|P:12
s09	POK,pPOK|P:12	str	POK,pPOK|P:12
s09	POK,pPOK|P:12	utf8	POK,pPOK,UTF8|P:12
s09	POK,pPOK|P:7	add	IOK,POK,pIOK,pPOK|P:7
s09	POK,pPOK|P:7	bors	POK,pPOK|P:7
s09	POK,pPOK|P:7	cat0	POK,pPOK|P:7
s09	POK,pPOK|P:7	catx	POK,pPOK|P:7x
s09	POK,pPOK|P:7	copy	POK,pPOK|P:7
s09	POK,pPOK|P:7	dec	IOK,pIOK|N:6
s09	POK,pPOK|P:7	fbors	POK,pPOK|P:7
s09	POK,pPOK|P:7	inc	POK,pPOK|P:8
s09	POK,pPOK|P:7	iv	IOK,POK,pIOK,pPOK|P:7
s09	POK,pPOK|P:7	nv	NOK,POK,pNOK,pPOK|P:7
s09	POK,pPOK|P:7	rng	IOK,NOK,POK,pIOK,pNOK,pPOK|P:7
s09	POK,pPOK|P:7	str	POK,pPOK|P:7
s09	POK,pPOK|P:7	utf8	POK,pPOK,UTF8|P:7
s09	POK,pPOK|P:7x	add	POK,pIOK,pNOK,pPOK|P:7x
s09	POK,pPOK|P:7x	bors	POK,pPOK|P:7x
s09	POK,pPOK|P:7x	cat0	POK,pPOK|P:7x
s09	POK,pPOK|P:7x	catx	POK,pPOK|P:7xx
s09	POK,pPOK|P:7x	copy	POK,pPOK|P:7x
s09	POK,pPOK|P:7x	dec	NOK,pNOK|N:6
s09	POK,pPOK|P:7x	fbors	POK,pPOK|P:7x
s09	POK,pPOK|P:7x	inc	NOK,pNOK|N:8
s09	POK,pPOK|P:7x	iv	POK,pIOK,pNOK,pPOK|P:7x
s09	POK,pPOK|P:7x	nv	POK,pNOK,pPOK|P:7x
s09	POK,pPOK|P:7x	rng	POK,pPOK|P:7x
s09	POK,pPOK|P:7x	str	POK,pPOK|P:7x
s09	POK,pPOK|P:7x	utf8	POK,pPOK,UTF8|P:7x
s09	POK,pPOK|P:8	add	IOK,POK,pIOK,pPOK|P:8
s09	POK,pPOK|P:8	bors	POK,pPOK|P:8
s09	POK,pPOK|P:8	cat0	POK,pPOK|P:8
s09	POK,pPOK|P:8	catx	POK,pPOK|P:8x
s09	POK,pPOK|P:8	copy	POK,pPOK|P:8
s09	POK,pPOK|P:8	dec	IOK,pIOK|N:7
s09	POK,pPOK|P:8	fbors	POK,pPOK|P:8
s09	POK,pPOK|P:8	inc	POK,pPOK|P:9
s09	POK,pPOK|P:8	iv	IOK,POK,pIOK,pPOK|P:8
s09	POK,pPOK|P:8	nv	NOK,POK,pNOK,pPOK|P:8
s09	POK,pPOK|P:8	rng	IOK,NOK,POK,pIOK,pNOK,pPOK|P:8
s09	POK,pPOK|P:8	str	POK,pPOK|P:8
s09	POK,pPOK|P:8	utf8	POK,pPOK,UTF8|P:8
s09	POK,pPOK|P:8x	add	POK,pIOK,pNOK,pPOK|P:8x
s09	POK,pPOK|P:8x	bors	POK,pPOK|P:8x
s09	POK,pPOK|P:8x	cat0	POK,pPOK|P:8x
s09	POK,pPOK|P:8x	catx	POK,pPOK|P:8xx
s09	POK,pPOK|P:8x	copy	POK,pPOK|P:8x
s09	POK,pPOK|P:8x	dec	NOK,pNOK|N:7
s09	POK,pPOK|P:8x	fbors	POK,pPOK|P:8x
s09	POK,pPOK|P:8x	inc	NOK,pNOK|N:9
s09	POK,pPOK|P:8x	iv	POK,pIOK,pNOK,pPOK|P:8x
s09	POK,pPOK|P:8x	nv	POK,pNOK,pPOK|P:8x
s09	POK,pPOK|P:8x	rng	POK,pPOK|P:8x
s09	POK,pPOK|P:8x	str	POK,pPOK|P:8x
s09	POK,pPOK|P:8x	utf8	POK,pPOK,UTF8|P:8x
s09	POK,pPOK|P:8xx	add	POK,pIOK,pNOK,pPOK|P:8xx
s09	POK,pPOK|P:8xx	bors	POK,pPOK|P:8xx
s09	POK,pPOK|P:8xx	cat0	POK,pPOK|P:8xx
s09	POK,pPOK|P:8xx	catx	POK,pPOK|P:8xxx
s09	POK,pPOK|P:8xx	copy	POK,pPOK|P:8xx
s09	POK,pPOK|P:8xx	dec	NOK,pNOK|N:7
s09	POK,pPOK|P:8xx	fbors	POK,pPOK|P:8xx
s09	POK,pPOK|P:8xx	inc	NOK,pNOK|N:9
s09	POK,pPOK|P:8xx	iv	POK,pIOK,pNOK,pPOK|P:8xx
s09	POK,pPOK|P:8xx	nv	POK,pNOK,pPOK|P:8xx
s09	POK,pPOK|P:8xx	rng	POK,pPOK|P:8xx
s09	POK,pPOK|P:8xx	str	POK,pPOK|P:8xx
s09	POK,pPOK|P:8xx	utf8	POK,pPOK,UTF8|P:8xx
s09	POK,pPOK|P:9	add	IOK,POK,pIOK,pPOK|P:9
s09	POK,pPOK|P:9	bors	POK,pPOK|P:9
s09	POK,pPOK|P:9	cat0	POK,pPOK|P:9
s09	POK,pPOK|P:9	catx	POK,pPOK|P:9x
s09	POK,pPOK|P:9	copy	POK,pPOK|P:9
s09	POK,pPOK|P:9	dec	IOK,pIOK|N:8
s09	POK,pPOK|P:9	fbors	POK,pPOK|P:9
s09	POK,pPOK|P:9	inc	POK,pPOK|P:10
s09	POK,pPOK|P:9	iv	IOK,POK,pIOK,pPOK|P:9
s09	POK,pPOK|P:9	nv	NOK,POK,pNOK,pPOK|P:9
s09	POK,pPOK|P:9	rng	IOK,NOK,POK,pIOK,pNOK,pPOK|P:9
s09	POK,pPOK|P:9	str	POK,pPOK|P:9
s09	POK,pPOK|P:9	utf8	POK,pPOK,UTF8|P:9
s09	POK,pPOK|P:9x	add	POK,pIOK,pNOK,pPOK|P:9x
s09	POK,pPOK|P:9x	bors	POK,pPOK|P:9x
s09	POK,pPOK|P:9x	cat0	POK,pPOK|P:9x
s09	POK,pPOK|P:9x	catx	POK,pPOK|P:9xx
s09	POK,pPOK|P:9x	copy	POK,pPOK|P:9x
s09	POK,pPOK|P:9x	dec	NOK,pNOK|N:8
s09	POK,pPOK|P:9x	fbors	POK,pPOK|P:9x
s09	POK,pPOK|P:9x	inc	NOK,pNOK|N:10
s09	POK,pPOK|P:9x	iv	POK,pIOK,pNOK,pPOK|P:9x
s09	POK,pPOK|P:9x	nv	POK,pNOK,pPOK|P:9x
s09	POK,pPOK|P:9x	rng	POK,pPOK|P:9x
s09	POK,pPOK|P:9x	str	POK,pPOK|P:9x
s09	POK,pPOK|P:9x	utf8	POK,pPOK,UTF8|P:9x
s10	IOK,NOK,POK,pIOK,pNOK,pPOK,UTF8|P:10	add	IOK,NOK,POK,pIOK,pNOK,pPOK,UTF8|P:10
s10	IOK,NOK,POK,pIOK,pNOK,pPOK,UTF8|P:10	bors	IOK,NOK,POK,pIOK,pNOK,pPOK,UTF8|P:10
s10	IOK,NOK,POK,pIOK,pNOK,pPOK,UTF8|P:10	cat0	POK,pPOK,UTF8|P:10
s10	IOK,NOK,POK,pIOK,pNOK,pPOK,UTF8|P:10	catx	POK,pPOK,UTF8|P:10x
s10	IOK,NOK,POK,pIOK,pNOK,pPOK,UTF8|P:10	copy	IOK,NOK,POK,pIOK,pNOK,pPOK,UTF8|P:10
s10	IOK,NOK,POK,pIOK,pNOK,pPOK,UTF8|P:10	dec	IOK,pIOK|N:9
s10	IOK,NOK,POK,pIOK,pNOK,pPOK,UTF8|P:10	fbors	IOK,NOK,POK,pIOK,pNOK,pPOK,UTF8|P:10
s10	IOK,NOK,POK,pIOK,pNOK,pPOK,UTF8|P:10	inc	IOK,pIOK|N:11
s10	IOK,NOK,POK,pIOK,pNOK,pPOK,UTF8|P:10	iv	IOK,NOK,POK,pIOK,pNOK,pPOK,UTF8|P:10
s10	IOK,NOK,POK,pIOK,pNOK,pPOK,UTF8|P:10	nv	IOK,NOK,POK,pIOK,pNOK,pPOK,UTF8|P:10
s10	IOK,NOK,POK,pIOK,pNOK,pPOK,UTF8|P:10	rng	IOK,NOK,POK,pIOK,pNOK,pPOK,UTF8|P:10
s10	IOK,NOK,POK,pIOK,pNOK,pPOK,UTF8|P:10	str	IOK,NOK,POK,pIOK,pNOK,pPOK,UTF8|P:10
s10	IOK,NOK,POK,pIOK,pNOK,pPOK,UTF8|P:10	utf8	IOK,NOK,POK,pIOK,pNOK,pPOK,UTF8|P:10
s10	IOK,NOK,POK,pIOK,pNOK,pPOK,UTF8|P:11	add	IOK,NOK,POK,pIOK,pNOK,pPOK,UTF8|P:11
s10	IOK,NOK,POK,pIOK,pNOK,pPOK,UTF8|P:11	bors	IOK,NOK,POK,pIOK,pNOK,pPOK,UTF8|P:11
s10	IOK,NOK,POK,pIOK,pNOK,pPOK,UTF8|P:11	cat0	POK,pPOK,UTF8|P:11
s10	IOK,NOK,POK,pIOK,pNOK,pPOK,UTF8|P:11	catx	POK,pPOK,UTF8|P:11x
s10	IOK,NOK,POK,pIOK,pNOK,pPOK,UTF8|P:11	copy	IOK,NOK,POK,pIOK,pNOK,pPOK,UTF8|P:11
s10	IOK,NOK,POK,pIOK,pNOK,pPOK,UTF8|P:11	dec	IOK,pIOK|N:10
s10	IOK,NOK,POK,pIOK,pNOK,pPOK,UTF8|P:11	fbors	IOK,NOK,POK,pIOK,pNOK,pPOK,UTF8|P:11
s10	IOK,NOK,POK,pIOK,pNOK,pPOK,UTF8|P:11	inc	IOK,pIOK|N:12
s10	IOK,NOK,POK,pIOK,pNOK,pPOK,UTF8|P:11	iv	IOK,NOK,POK,pIOK,pNOK,pPOK,UTF8|P:11
s10	IOK,NOK,POK,pIOK,pNOK,pPOK,UTF8|P:11	nv	IOK,NOK,POK,pIOK,pNOK,pPOK,UTF8|P:11
s10	IOK,NOK,POK,pIOK,pNOK,pPOK,UTF8|P:11	rng	IOK,NOK,POK,pIOK,pNOK,pPOK,UTF8|P:11
s10	IOK,NOK,POK,pIOK,pNOK,pPOK,UTF8|P:11	str	IOK,NOK,POK,pIOK,pNOK,pPOK,UTF8|P:11
s10	IOK,NOK,POK,pIOK,pNOK,pPOK,UTF8|P:11	utf8	IOK,NOK,POK,pIOK,pNOK,pPOK,UTF8|P:11
s10	IOK,NOK,POK,pIOK,pNOK,pPOK,UTF8|P:9	add	IOK,NOK,POK,pIOK,pNOK,pPOK,UTF8|P:9
s10	IOK,NOK,POK,pIOK,pNOK,pPOK,UTF8|P:9	bors	IOK,NOK,POK,pIOK,pNOK,pPOK,UTF8|P:9
s10	IOK,NOK,POK,pIOK,pNOK,pPOK,UTF8|P:9	cat0	POK,pPOK,UTF8|P:9
s10	IOK,NOK,POK,pIOK,pNOK,pPOK,UTF8|P:9	catx	POK,pPOK,UTF8|P:9x
s10	IOK,NOK,POK,pIOK,pNOK,pPOK,UTF8|P:9	copy	IOK,NOK,POK,pIOK,pNOK,pPOK,UTF8|P:9
s10	IOK,NOK,POK,pIOK,pNOK,pPOK,UTF8|P:9	dec	IOK,pIOK|N:8
s10	IOK,NOK,POK,pIOK,pNOK,pPOK,UTF8|P:9	fbors	IOK,NOK,POK,pIOK,pNOK,pPOK,UTF8|P:9
s10	IOK,NOK,POK,pIOK,pNOK,pPOK,UTF8|P:9	inc	IOK,pIOK|N:10
s10	IOK,NOK,POK,pIOK,pNOK,pPOK,UTF8|P:9	iv	IOK,NOK,POK,pIOK,pNOK,pPOK,UTF8|P:9
s10	IOK,NOK,POK,pIOK,pNOK,pPOK,UTF8|P:9	nv	IOK,NOK,POK,pIOK,pNOK,pPOK,UTF8|P:9
s10	IOK,NOK,POK,pIOK,pNOK,pPOK,UTF8|P:9	rng	IOK,NOK,POK,pIOK,pNOK,pPOK,UTF8|P:9
s10	IOK,NOK,POK,pIOK,pNOK,pPOK,UTF8|P:9	str	IOK,NOK,POK,pIOK,pNOK,pPOK,UTF8|P:9
s10	IOK,NOK,POK,pIOK,pNOK,pPOK,UTF8|P:9	utf8	IOK,NOK,POK,pIOK,pNOK,pPOK,UTF8|P:9
s10	IOK,NOK,POK,pIOK,pNOK,pPOK|P:10	add	IOK,NOK,POK,pIOK,pNOK,pPOK|P:10
s10	IOK,NOK,POK,pIOK,pNOK,pPOK|P:10	bors	IOK,NOK,POK,pIOK,pNOK,pPOK|P:10
s10	IOK,NOK,POK,pIOK,pNOK,pPOK|P:10	cat0	POK,pPOK|P:10
s10	IOK,NOK,POK,pIOK,pNOK,pPOK|P:10	catx	POK,pPOK|P:10x
s10	IOK,NOK,POK,pIOK,pNOK,pPOK|P:10	copy	IOK,NOK,POK,pIOK,pNOK,pPOK|P:10
s10	IOK,NOK,POK,pIOK,pNOK,pPOK|P:10	dec	IOK,pIOK|N:9
s10	IOK,NOK,POK,pIOK,pNOK,pPOK|P:10	fbors	IOK,NOK,POK,pIOK,pNOK,pPOK|P:10
s10	IOK,NOK,POK,pIOK,pNOK,pPOK|P:10	inc	IOK,pIOK|N:11
s10	IOK,NOK,POK,pIOK,pNOK,pPOK|P:10	iv	IOK,NOK,POK,pIOK,pNOK,pPOK|P:10
s10	IOK,NOK,POK,pIOK,pNOK,pPOK|P:10	nv	IOK,NOK,POK,pIOK,pNOK,pPOK|P:10
s10	IOK,NOK,POK,pIOK,pNOK,pPOK|P:10	rng	IOK,NOK,POK,pIOK,pNOK,pPOK|P:10
s10	IOK,NOK,POK,pIOK,pNOK,pPOK|P:10	str	IOK,NOK,POK,pIOK,pNOK,pPOK|P:10
s10	IOK,NOK,POK,pIOK,pNOK,pPOK|P:10	utf8	IOK,NOK,POK,pIOK,pNOK,pPOK,UTF8|P:10
s10	IOK,NOK,POK,pIOK,pNOK,pPOK|P:11	add	IOK,NOK,POK,pIOK,pNOK,pPOK|P:11
s10	IOK,NOK,POK,pIOK,pNOK,pPOK|P:11	bors	IOK,NOK,POK,pIOK,pNOK,pPOK|P:11
s10	IOK,NOK,POK,pIOK,pNOK,pPOK|P:11	cat0	POK,pPOK|P:11
s10	IOK,NOK,POK,pIOK,pNOK,pPOK|P:11	catx	POK,pPOK|P:11x
s10	IOK,NOK,POK,pIOK,pNOK,pPOK|P:11	copy	IOK,NOK,POK,pIOK,pNOK,pPOK|P:11
s10	IOK,NOK,POK,pIOK,pNOK,pPOK|P:11	dec	IOK,pIOK|N:10
s10	IOK,NOK,POK,pIOK,pNOK,pPOK|P:11	fbors	IOK,NOK,POK,pIOK,pNOK,pPOK|P:11
s10	IOK,NOK,POK,pIOK,pNOK,pPOK|P:11	inc	IOK,pIOK|N:12
s10	IOK,NOK,POK,pIOK,pNOK,pPOK|P:11	iv	IOK,NOK,POK,pIOK,pNOK,pPOK|P:11
s10	IOK,NOK,POK,pIOK,pNOK,pPOK|P:11	nv	IOK,NOK,POK,pIOK,pNOK,pPOK|P:11
s10	IOK,NOK,POK,pIOK,pNOK,pPOK|P:11	rng	IOK,NOK,POK,pIOK,pNOK,pPOK|P:11
s10	IOK,NOK,POK,pIOK,pNOK,pPOK|P:11	str	IOK,NOK,POK,pIOK,pNOK,pPOK|P:11
s10	IOK,NOK,POK,pIOK,pNOK,pPOK|P:11	utf8	IOK,NOK,POK,pIOK,pNOK,pPOK,UTF8|P:11
s10	IOK,NOK,POK,pIOK,pNOK,pPOK|P:12	add	IOK,NOK,POK,pIOK,pNOK,pPOK|P:12
s10	IOK,NOK,POK,pIOK,pNOK,pPOK|P:12	bors	IOK,NOK,POK,pIOK,pNOK,pPOK|P:12
s10	IOK,NOK,POK,pIOK,pNOK,pPOK|P:12	cat0	POK,pPOK|P:12
s10	IOK,NOK,POK,pIOK,pNOK,pPOK|P:12	catx	POK,pPOK|P:12x
s10	IOK,NOK,POK,pIOK,pNOK,pPOK|P:12	copy	IOK,NOK,POK,pIOK,pNOK,pPOK|P:12
s10	IOK,NOK,POK,pIOK,pNOK,pPOK|P:12	dec	IOK,pIOK|N:11
s10	IOK,NOK,POK,pIOK,pNOK,pPOK|P:12	fbors	IOK,NOK,POK,pIOK,pNOK,pPOK|P:12
s10	IOK,NOK,POK,pIOK,pNOK,pPOK|P:12	inc	IOK,pIOK|N:13
s10	IOK,NOK,POK,pIOK,pNOK,pPOK|P:12	iv	IOK,NOK,POK,pIOK,pNOK,pPOK|P:12
s10	IOK,NOK,POK,pIOK,pNOK,pPOK|P:12	nv	IOK,NOK,POK,pIOK,pNOK,pPOK|P:12
s10	IOK,NOK,POK,pIOK,pNOK,pPOK|P:12	rng	IOK,NOK,POK,pIOK,pNOK,pPOK|P:12
s10	IOK,NOK,POK,pIOK,pNOK,pPOK|P:12	str	IOK,NOK,POK,pIOK,pNOK,pPOK|P:12
s10	IOK,NOK,POK,pIOK,pNOK,pPOK|P:12	utf8	IOK,NOK,POK,pIOK,pNOK,pPOK,UTF8|P:12
s10	IOK,NOK,POK,pIOK,pNOK,pPOK|P:9	add	IOK,NOK,POK,pIOK,pNOK,pPOK|P:9
s10	IOK,NOK,POK,pIOK,pNOK,pPOK|P:9	bors	IOK,NOK,POK,pIOK,pNOK,pPOK|P:9
s10	IOK,NOK,POK,pIOK,pNOK,pPOK|P:9	cat0	POK,pPOK|P:9
s10	IOK,NOK,POK,pIOK,pNOK,pPOK|P:9	catx	POK,pPOK|P:9x
s10	IOK,NOK,POK,pIOK,pNOK,pPOK|P:9	copy	IOK,NOK,POK,pIOK,pNOK,pPOK|P:9
s10	IOK,NOK,POK,pIOK,pNOK,pPOK|P:9	dec	IOK,pIOK|N:8
s10	IOK,NOK,POK,pIOK,pNOK,pPOK|P:9	fbors	IOK,NOK,POK,pIOK,pNOK,pPOK|P:9
s10	IOK,NOK,POK,pIOK,pNOK,pPOK|P:9	inc	IOK,pIOK|N:10
s10	IOK,NOK,POK,pIOK,pNOK,pPOK|P:9	iv	IOK,NOK,POK,pIOK,pNOK,pPOK|P:9
s10	IOK,NOK,POK,pIOK,pNOK,pPOK|P:9	nv	IOK,NOK,POK,pIOK,pNOK,pPOK|P:9
s10	IOK,NOK,POK,pIOK,pNOK,pPOK|P:9	rng	IOK,NOK,POK,pIOK,pNOK,pPOK|P:9
s10	IOK,NOK,POK,pIOK,pNOK,pPOK|P:9	str	IOK,NOK,POK,pIOK,pNOK,pPOK|P:9
s10	IOK,NOK,POK,pIOK,pNOK,pPOK|P:9	utf8	IOK,NOK,POK,pIOK,pNOK,pPOK,UTF8|P:9
s10	IOK,NOK,pIOK,pNOK,pPOK|N:9	add	IOK,NOK,pIOK,pNOK,pPOK|N:9
s10	IOK,NOK,pIOK,pNOK,pPOK|N:9	bors	IOK,NOK,pIOK,pNOK,pPOK|N:9
s10	IOK,NOK,pIOK,pNOK,pPOK|N:9	cat0	POK,pPOK|P:9
s10	IOK,NOK,pIOK,pNOK,pPOK|N:9	catx	POK,pPOK|P:9x
s10	IOK,NOK,pIOK,pNOK,pPOK|N:9	copy	IOK,NOK,pIOK,pNOK,pPOK|N:9
s10	IOK,NOK,pIOK,pNOK,pPOK|N:9	dec	IOK,pIOK|N:8
s10	IOK,NOK,pIOK,pNOK,pPOK|N:9	fbors	IOK,NOK,pIOK,pNOK,pPOK|N:9
s10	IOK,NOK,pIOK,pNOK,pPOK|N:9	inc	IOK,pIOK|N:10
s10	IOK,NOK,pIOK,pNOK,pPOK|N:9	iv	IOK,NOK,pIOK,pNOK,pPOK|N:9
s10	IOK,NOK,pIOK,pNOK,pPOK|N:9	nv	IOK,NOK,pIOK,pNOK,pPOK|N:9
s10	IOK,NOK,pIOK,pNOK,pPOK|N:9	rng	IOK,NOK,pIOK,pNOK,pPOK|N:9
s10	IOK,NOK,pIOK,pNOK,pPOK|N:9	str	IOK,NOK,pIOK,pNOK,pPOK|N:9
s10	IOK,NOK,pIOK,pNOK,pPOK|N:9	utf8	POK,pPOK,UTF8|P:9
s10	IOK,NOK,pIOK,pNOK|N:10	add	IOK,NOK,pIOK,pNOK|N:10
s10	IOK,NOK,pIOK,pNOK|N:10	bors	IOK,NOK,pIOK,pNOK|N:10
s10	IOK,NOK,pIOK,pNOK|N:10	cat0	POK,pPOK|P:10
s10	IOK,NOK,pIOK,pNOK|N:10	catx	POK,pPOK|P:10x
s10	IOK,NOK,pIOK,pNOK|N:10	copy	IOK,NOK,pIOK,pNOK|N:10
s10	IOK,NOK,pIOK,pNOK|N:10	dec	IOK,pIOK|N:9
s10	IOK,NOK,pIOK,pNOK|N:10	fbors	IOK,NOK,pIOK,pNOK,pPOK|N:10
s10	IOK,NOK,pIOK,pNOK|N:10	inc	IOK,pIOK|N:11
s10	IOK,NOK,pIOK,pNOK|N:10	iv	IOK,NOK,pIOK,pNOK|N:10
s10	IOK,NOK,pIOK,pNOK|N:10	nv	IOK,NOK,pIOK,pNOK|N:10
s10	IOK,NOK,pIOK,pNOK|N:10	rng	IOK,NOK,pIOK,pNOK|N:10
s10	IOK,NOK,pIOK,pNOK|N:10	str	IOK,NOK,pIOK,pNOK,pPOK|N:10
s10	IOK,NOK,pIOK,pNOK|N:10	utf8	POK,pPOK,UTF8|P:10
s10	IOK,NOK,pIOK,pNOK|N:11	add	IOK,NOK,pIOK,pNOK|N:11
s10	IOK,NOK,pIOK,pNOK|N:11	bors	IOK,NOK,pIOK,pNOK|N:11
s10	IOK,NOK,pIOK,pNOK|N:11	cat0	POK,pPOK|P:11
s10	IOK,NOK,pIOK,pNOK|N:11	catx	POK,pPOK|P:11x
s10	IOK,NOK,pIOK,pNOK|N:11	copy	IOK,NOK,pIOK,pNOK|N:11
s10	IOK,NOK,pIOK,pNOK|N:11	dec	IOK,pIOK|N:10
s10	IOK,NOK,pIOK,pNOK|N:11	fbors	IOK,NOK,pIOK,pNOK,pPOK|N:11
s10	IOK,NOK,pIOK,pNOK|N:11	inc	IOK,pIOK|N:12
s10	IOK,NOK,pIOK,pNOK|N:11	iv	IOK,NOK,pIOK,pNOK|N:11
s10	IOK,NOK,pIOK,pNOK|N:11	nv	IOK,NOK,pIOK,pNOK|N:11
s10	IOK,NOK,pIOK,pNOK|N:11	rng	IOK,NOK,pIOK,pNOK|N:11
s10	IOK,NOK,pIOK,pNOK|N:11	str	IOK,NOK,pIOK,pNOK,pPOK|N:11
s10	IOK,NOK,pIOK,pNOK|N:11	utf8	POK,pPOK,UTF8|P:11
s10	IOK,NOK,pIOK,pNOK|N:8	add	IOK,NOK,pIOK,pNOK|N:8
s10	IOK,NOK,pIOK,pNOK|N:8	bors	IOK,NOK,pIOK,pNOK|N:8
s10	IOK,NOK,pIOK,pNOK|N:8	cat0	POK,pPOK|P:8
s10	IOK,NOK,pIOK,pNOK|N:8	catx	POK,pPOK|P:8x
s10	IOK,NOK,pIOK,pNOK|N:8	copy	IOK,NOK,pIOK,pNOK|N:8
s10	IOK,NOK,pIOK,pNOK|N:8	dec	IOK,pIOK|N:7
s10	IOK,NOK,pIOK,pNOK|N:8	fbors	IOK,NOK,pIOK,pNOK,pPOK|N:8
s10	IOK,NOK,pIOK,pNOK|N:8	inc	IOK,pIOK|N:9
s10	IOK,NOK,pIOK,pNOK|N:8	iv	IOK,NOK,pIOK,pNOK|N:8
s10	IOK,NOK,pIOK,pNOK|N:8	nv	IOK,NOK,pIOK,pNOK|N:8
s10	IOK,NOK,pIOK,pNOK|N:8	rng	IOK,NOK,pIOK,pNOK|N:8
s10	IOK,NOK,pIOK,pNOK|N:8	str	IOK,NOK,pIOK,pNOK,pPOK|N:8
s10	IOK,NOK,pIOK,pNOK|N:8	utf8	POK,pPOK,UTF8|P:8
s10	IOK,NOK,pIOK,pNOK|N:9	add	IOK,NOK,pIOK,pNOK|N:9
s10	IOK,NOK,pIOK,pNOK|N:9	bors	IOK,NOK,pIOK,pNOK|N:9
s10	IOK,NOK,pIOK,pNOK|N:9	cat0	POK,pPOK|P:9
s10	IOK,NOK,pIOK,pNOK|N:9	catx	POK,pPOK|P:9x
s10	IOK,NOK,pIOK,pNOK|N:9	copy	IOK,NOK,pIOK,pNOK|N:9
s10	IOK,NOK,pIOK,pNOK|N:9	dec	IOK,pIOK|N:8
s10	IOK,NOK,pIOK,pNOK|N:9	fbors	IOK,NOK,pIOK,pNOK,pPOK|N:9
s10	IOK,NOK,pIOK,pNOK|N:9	inc	IOK,pIOK|N:10
s10	IOK,NOK,pIOK,pNOK|N:9	iv	IOK,NOK,pIOK,pNOK|N:9
s10	IOK,NOK,pIOK,pNOK|N:9	nv	IOK,NOK,pIOK,pNOK|N:9
s10	IOK,NOK,pIOK,pNOK|N:9	rng	IOK,NOK,pIOK,pNOK|N:9
s10	IOK,NOK,pIOK,pNOK|N:9	str	IOK,NOK,pIOK,pNOK,pPOK|N:9
s10	IOK,NOK,pIOK,pNOK|N:9	utf8	POK,pPOK,UTF8|P:9
s10	IOK,POK,pIOK,pPOK,UTF8|P:10	add	IOK,POK,pIOK,pPOK,UTF8|P:10
s10	IOK,POK,pIOK,pPOK,UTF8|P:10	bors	IOK,POK,pIOK,pPOK,UTF8|P:10
s10	IOK,POK,pIOK,pPOK,UTF8|P:10	cat0	POK,pPOK,UTF8|P:10
s10	IOK,POK,pIOK,pPOK,UTF8|P:10	catx	POK,pPOK,UTF8|P:10x
s10	IOK,POK,pIOK,pPOK,UTF8|P:10	copy	IOK,POK,pIOK,pPOK,UTF8|P:10
s10	IOK,POK,pIOK,pPOK,UTF8|P:10	dec	IOK,pIOK|N:9
s10	IOK,POK,pIOK,pPOK,UTF8|P:10	fbors	IOK,POK,pIOK,pPOK,UTF8|P:10
s10	IOK,POK,pIOK,pPOK,UTF8|P:10	inc	IOK,pIOK|N:11
s10	IOK,POK,pIOK,pPOK,UTF8|P:10	iv	IOK,POK,pIOK,pPOK,UTF8|P:10
s10	IOK,POK,pIOK,pPOK,UTF8|P:10	nv	IOK,NOK,POK,pIOK,pNOK,pPOK,UTF8|P:10
s10	IOK,POK,pIOK,pPOK,UTF8|P:10	rng	IOK,POK,pIOK,pPOK,UTF8|P:10
s10	IOK,POK,pIOK,pPOK,UTF8|P:10	str	IOK,POK,pIOK,pPOK,UTF8|P:10
s10	IOK,POK,pIOK,pPOK,UTF8|P:10	utf8	IOK,POK,pIOK,pPOK,UTF8|P:10
s10	IOK,POK,pIOK,pPOK,UTF8|P:11	add	IOK,POK,pIOK,pPOK,UTF8|P:11
s10	IOK,POK,pIOK,pPOK,UTF8|P:11	bors	IOK,POK,pIOK,pPOK,UTF8|P:11
s10	IOK,POK,pIOK,pPOK,UTF8|P:11	cat0	POK,pPOK,UTF8|P:11
s10	IOK,POK,pIOK,pPOK,UTF8|P:11	catx	POK,pPOK,UTF8|P:11x
s10	IOK,POK,pIOK,pPOK,UTF8|P:11	copy	IOK,POK,pIOK,pPOK,UTF8|P:11
s10	IOK,POK,pIOK,pPOK,UTF8|P:11	dec	IOK,pIOK|N:10
s10	IOK,POK,pIOK,pPOK,UTF8|P:11	fbors	IOK,POK,pIOK,pPOK,UTF8|P:11
s10	IOK,POK,pIOK,pPOK,UTF8|P:11	inc	IOK,pIOK|N:12
s10	IOK,POK,pIOK,pPOK,UTF8|P:11	iv	IOK,POK,pIOK,pPOK,UTF8|P:11
s10	IOK,POK,pIOK,pPOK,UTF8|P:11	nv	IOK,NOK,POK,pIOK,pNOK,pPOK,UTF8|P:11
s10	IOK,POK,pIOK,pPOK,UTF8|P:11	rng	IOK,POK,pIOK,pPOK,UTF8|P:11
s10	IOK,POK,pIOK,pPOK,UTF8|P:11	str	IOK,POK,pIOK,pPOK,UTF8|P:11
s10	IOK,POK,pIOK,pPOK,UTF8|P:11	utf8	IOK,POK,pIOK,pPOK,UTF8|P:11
s10	IOK,POK,pIOK,pPOK,UTF8|P:9	add	IOK,POK,pIOK,pPOK,UTF8|P:9
s10	IOK,POK,pIOK,pPOK,UTF8|P:9	bors	IOK,POK,pIOK,pPOK,UTF8|P:9
s10	IOK,POK,pIOK,pPOK,UTF8|P:9	cat0	POK,pPOK,UTF8|P:9
s10	IOK,POK,pIOK,pPOK,UTF8|P:9	catx	POK,pPOK,UTF8|P:9x
s10	IOK,POK,pIOK,pPOK,UTF8|P:9	copy	IOK,POK,pIOK,pPOK,UTF8|P:9
s10	IOK,POK,pIOK,pPOK,UTF8|P:9	dec	IOK,pIOK|N:8
s10	IOK,POK,pIOK,pPOK,UTF8|P:9	fbors	IOK,POK,pIOK,pPOK,UTF8|P:9
s10	IOK,POK,pIOK,pPOK,UTF8|P:9	inc	IOK,pIOK|N:10
s10	IOK,POK,pIOK,pPOK,UTF8|P:9	iv	IOK,POK,pIOK,pPOK,UTF8|P:9
s10	IOK,POK,pIOK,pPOK,UTF8|P:9	nv	IOK,NOK,POK,pIOK,pNOK,pPOK,UTF8|P:9
s10	IOK,POK,pIOK,pPOK,UTF8|P:9	rng	IOK,POK,pIOK,pPOK,UTF8|P:9
s10	IOK,POK,pIOK,pPOK,UTF8|P:9	str	IOK,POK,pIOK,pPOK,UTF8|P:9
s10	IOK,POK,pIOK,pPOK,UTF8|P:9	utf8	IOK,POK,pIOK,pPOK,UTF8|P:9
s10	IOK,POK,pIOK,pPOK|P:10	add	IOK,POK,pIOK,pPOK|P:10
s10	IOK,POK,pIOK,pPOK|P:10	bors	IOK,POK,pIOK,pPOK|P:10
s10	IOK,POK,pIOK,pPOK|P:10	cat0	POK,pPOK|P:10
s10	IOK,POK,pIOK,pPOK|P:10	catx	POK,pPOK|P:10x
s10	IOK,POK,pIOK,pPOK|P:10	copy	IOK,POK,pIOK,pPOK|P:10
s10	IOK,POK,pIOK,pPOK|P:10	dec	IOK,pIOK|N:9
s10	IOK,POK,pIOK,pPOK|P:10	fbors	IOK,POK,pIOK,pPOK|P:10
s10	IOK,POK,pIOK,pPOK|P:10	inc	IOK,pIOK|N:11
s10	IOK,POK,pIOK,pPOK|P:10	iv	IOK,POK,pIOK,pPOK|P:10
s10	IOK,POK,pIOK,pPOK|P:10	nv	IOK,NOK,POK,pIOK,pNOK,pPOK|P:10
s10	IOK,POK,pIOK,pPOK|P:10	rng	IOK,POK,pIOK,pPOK|P:10
s10	IOK,POK,pIOK,pPOK|P:10	str	IOK,POK,pIOK,pPOK|P:10
s10	IOK,POK,pIOK,pPOK|P:10	utf8	IOK,POK,pIOK,pPOK,UTF8|P:10
s10	IOK,POK,pIOK,pPOK|P:11	add	IOK,POK,pIOK,pPOK|P:11
s10	IOK,POK,pIOK,pPOK|P:11	bors	IOK,POK,pIOK,pPOK|P:11
s10	IOK,POK,pIOK,pPOK|P:11	cat0	POK,pPOK|P:11
s10	IOK,POK,pIOK,pPOK|P:11	catx	POK,pPOK|P:11x
s10	IOK,POK,pIOK,pPOK|P:11	copy	IOK,POK,pIOK,pPOK|P:11
s10	IOK,POK,pIOK,pPOK|P:11	dec	IOK,pIOK|N:10
s10	IOK,POK,pIOK,pPOK|P:11	fbors	IOK,POK,pIOK,pPOK|P:11
s10	IOK,POK,pIOK,pPOK|P:11	inc	IOK,pIOK|N:12
s10	IOK,POK,pIOK,pPOK|P:11	iv	IOK,POK,pIOK,pPOK|P:11
s10	IOK,POK,pIOK,pPOK|P:11	nv	IOK,NOK,POK,pIOK,pNOK,pPOK|P:11
s10	IOK,POK,pIOK,pPOK|P:11	rng	IOK,POK,pIOK,pPOK|P:11
s10	IOK,POK,pIOK,pPOK|P:11	str	IOK,POK,pIOK,pPOK|P:11
s10	IOK,POK,pIOK,pPOK|P:11	utf8	IOK,POK,pIOK,pPOK,UTF8|P:11
s10	IOK,POK,pIOK,pPOK|P:12	add	IOK,POK,pIOK,pPOK|P:12
s10	IOK,POK,pIOK,pPOK|P:12	bors	IOK,POK,pIOK,pPOK|P:12
s10	IOK,POK,pIOK,pPOK|P:12	cat0	POK,pPOK|P:12
s10	IOK,POK,pIOK,pPOK|P:12	catx	POK,pPOK|P:12x
s10	IOK,POK,pIOK,pPOK|P:12	copy	IOK,POK,pIOK,pPOK|P:12
s10	IOK,POK,pIOK,pPOK|P:12	dec	IOK,pIOK|N:11
s10	IOK,POK,pIOK,pPOK|P:12	fbors	IOK,POK,pIOK,pPOK|P:12
s10	IOK,POK,pIOK,pPOK|P:12	inc	IOK,pIOK|N:13
s10	IOK,POK,pIOK,pPOK|P:12	iv	IOK,POK,pIOK,pPOK|P:12
s10	IOK,POK,pIOK,pPOK|P:12	nv	IOK,NOK,POK,pIOK,pNOK,pPOK|P:12
s10	IOK,POK,pIOK,pPOK|P:12	rng	IOK,POK,pIOK,pPOK|P:12
s10	IOK,POK,pIOK,pPOK|P:12	str	IOK,POK,pIOK,pPOK|P:12
s10	IOK,POK,pIOK,pPOK|P:12	utf8	IOK,POK,pIOK,pPOK,UTF8|P:12
s10	IOK,POK,pIOK,pPOK|P:9	add	IOK,POK,pIOK,pPOK|P:9
s10	IOK,POK,pIOK,pPOK|P:9	bors	IOK,POK,pIOK,pPOK|P:9
s10	IOK,POK,pIOK,pPOK|P:9	cat0	POK,pPOK|P:9
s10	IOK,POK,pIOK,pPOK|P:9	catx	POK,pPOK|P:9x
s10	IOK,POK,pIOK,pPOK|P:9	copy	IOK,POK,pIOK,pPOK|P:9
s10	IOK,POK,pIOK,pPOK|P:9	dec	IOK,pIOK|N:8
s10	IOK,POK,pIOK,pPOK|P:9	fbors	IOK,POK,pIOK,pPOK|P:9
s10	IOK,POK,pIOK,pPOK|P:9	inc	IOK,pIOK|N:10
s10	IOK,POK,pIOK,pPOK|P:9	iv	IOK,POK,pIOK,pPOK|P:9
s10	IOK,POK,pIOK,pPOK|P:9	nv	IOK,NOK,POK,pIOK,pNOK,pPOK|P:9
s10	IOK,POK,pIOK,pPOK|P:9	rng	IOK,POK,pIOK,pPOK|P:9
s10	IOK,POK,pIOK,pPOK|P:9	str	IOK,POK,pIOK,pPOK|P:9
s10	IOK,POK,pIOK,pPOK|P:9	utf8	IOK,POK,pIOK,pPOK,UTF8|P:9
s10	IOK,pIOK,pPOK|N:10	add	IOK,pIOK,pPOK|N:10
s10	IOK,pIOK,pPOK|N:10	bors	IOK,pIOK,pPOK|N:10
s10	IOK,pIOK,pPOK|N:10	cat0	POK,pPOK|P:10
s10	IOK,pIOK,pPOK|N:10	catx	POK,pPOK|P:10x
s10	IOK,pIOK,pPOK|N:10	copy	IOK,pIOK,pPOK|N:10
s10	IOK,pIOK,pPOK|N:10	dec	IOK,pIOK|N:9
s10	IOK,pIOK,pPOK|N:10	fbors	IOK,pIOK,pPOK|N:10
s10	IOK,pIOK,pPOK|N:10	inc	IOK,pIOK|N:11
s10	IOK,pIOK,pPOK|N:10	iv	IOK,pIOK,pPOK|N:10
s10	IOK,pIOK,pPOK|N:10	nv	IOK,NOK,pIOK,pNOK,pPOK|N:10
s10	IOK,pIOK,pPOK|N:10	rng	IOK,pIOK,pPOK|N:10
s10	IOK,pIOK,pPOK|N:10	str	IOK,pIOK,pPOK|N:10
s10	IOK,pIOK,pPOK|N:10	utf8	POK,pPOK,UTF8|P:10
s10	IOK,pIOK,pPOK|N:11	add	IOK,pIOK,pPOK|N:11
s10	IOK,pIOK,pPOK|N:11	bors	IOK,pIOK,pPOK|N:11
s10	IOK,pIOK,pPOK|N:11	cat0	POK,pPOK|P:11
s10	IOK,pIOK,pPOK|N:11	catx	POK,pPOK|P:11x
s10	IOK,pIOK,pPOK|N:11	copy	IOK,pIOK,pPOK|N:11
s10	IOK,pIOK,pPOK|N:11	dec	IOK,pIOK|N:10
s10	IOK,pIOK,pPOK|N:11	fbors	IOK,pIOK,pPOK|N:11
s10	IOK,pIOK,pPOK|N:11	inc	IOK,pIOK|N:12
s10	IOK,pIOK,pPOK|N:11	iv	IOK,pIOK,pPOK|N:11
s10	IOK,pIOK,pPOK|N:11	nv	IOK,NOK,pIOK,pNOK,pPOK|N:11
s10	IOK,pIOK,pPOK|N:11	rng	IOK,pIOK,pPOK|N:11
s10	IOK,pIOK,pPOK|N:11	str	IOK,pIOK,pPOK|N:11
s10	IOK,pIOK,pPOK|N:11	utf8	POK,pPOK,UTF8|P:11
s10	IOK,pIOK,pPOK|N:8	add	IOK,pIOK,pPOK|N:8
s10	IOK,pIOK,pPOK|N:8	bors	IOK,pIOK,pPOK|N:8
s10	IOK,pIOK,pPOK|N:8	cat0	POK,pPOK|P:8
s10	IOK,pIOK,pPOK|N:8	catx	POK,pPOK|P:8x
s10	IOK,pIOK,pPOK|N:8	copy	IOK,pIOK,pPOK|N:8
s10	IOK,pIOK,pPOK|N:8	dec	IOK,pIOK|N:7
s10	IOK,pIOK,pPOK|N:8	fbors	IOK,pIOK,pPOK|N:8
s10	IOK,pIOK,pPOK|N:8	inc	IOK,pIOK|N:9
s10	IOK,pIOK,pPOK|N:8	iv	IOK,pIOK,pPOK|N:8
s10	IOK,pIOK,pPOK|N:8	nv	IOK,NOK,pIOK,pNOK,pPOK|N:8
s10	IOK,pIOK,pPOK|N:8	rng	IOK,pIOK,pPOK|N:8
s10	IOK,pIOK,pPOK|N:8	str	IOK,pIOK,pPOK|N:8
s10	IOK,pIOK,pPOK|N:8	utf8	POK,pPOK,UTF8|P:8
s10	IOK,pIOK,pPOK|N:9	add	IOK,pIOK,pPOK|N:9
s10	IOK,pIOK,pPOK|N:9	bors	IOK,pIOK,pPOK|N:9
s10	IOK,pIOK,pPOK|N:9	cat0	POK,pPOK|P:9
s10	IOK,pIOK,pPOK|N:9	catx	POK,pPOK|P:9x
s10	IOK,pIOK,pPOK|N:9	copy	IOK,pIOK,pPOK|N:9
s10	IOK,pIOK,pPOK|N:9	dec	IOK,pIOK|N:8
s10	IOK,pIOK,pPOK|N:9	fbors	IOK,pIOK,pPOK|N:9
s10	IOK,pIOK,pPOK|N:9	inc	IOK,pIOK|N:10
s10	IOK,pIOK,pPOK|N:9	iv	IOK,pIOK,pPOK|N:9
s10	IOK,pIOK,pPOK|N:9	nv	IOK,NOK,pIOK,pNOK,pPOK|N:9
s10	IOK,pIOK,pPOK|N:9	rng	IOK,pIOK,pPOK|N:9
s10	IOK,pIOK,pPOK|N:9	str	IOK,pIOK,pPOK|N:9
s10	IOK,pIOK,pPOK|N:9	utf8	POK,pPOK,UTF8|P:9
s10	IOK,pIOK|N:10	add	IOK,pIOK|N:10
s10	IOK,pIOK|N:10	bors	IOK,pIOK|N:10
s10	IOK,pIOK|N:10	cat0	POK,pPOK|P:10
s10	IOK,pIOK|N:10	catx	POK,pPOK|P:10x
s10	IOK,pIOK|N:10	copy	IOK,pIOK|N:10
s10	IOK,pIOK|N:10	dec	IOK,pIOK|N:9
s10	IOK,pIOK|N:10	fbors	IOK,pIOK,pPOK|N:10
s10	IOK,pIOK|N:10	inc	IOK,pIOK|N:11
s10	IOK,pIOK|N:10	iv	IOK,pIOK|N:10
s10	IOK,pIOK|N:10	nv	IOK,NOK,pIOK,pNOK|N:10
s10	IOK,pIOK|N:10	rng	IOK,pIOK|N:10
s10	IOK,pIOK|N:10	str	IOK,pIOK,pPOK|N:10
s10	IOK,pIOK|N:10	utf8	POK,pPOK,UTF8|P:10
s10	IOK,pIOK|N:11	add	IOK,pIOK|N:11
s10	IOK,pIOK|N:11	bors	IOK,pIOK|N:11
s10	IOK,pIOK|N:11	cat0	POK,pPOK|P:11
s10	IOK,pIOK|N:11	catx	POK,pPOK|P:11x
s10	IOK,pIOK|N:11	copy	IOK,pIOK|N:11
s10	IOK,pIOK|N:11	dec	IOK,pIOK|N:10
s10	IOK,pIOK|N:11	fbors	IOK,pIOK,pPOK|N:11
s10	IOK,pIOK|N:11	inc	IOK,pIOK|N:12
s10	IOK,pIOK|N:11	iv	IOK,pIOK|N:11
s10	IOK,pIOK|N:11	nv	IOK,NOK,pIOK,pNOK|N:11
s10	IOK,pIOK|N:11	rng	IOK,pIOK|N:11
s10	IOK,pIOK|N:11	str	IOK,pIOK,pPOK|N:11
s10	IOK,pIOK|N:11	utf8	POK,pPOK,UTF8|P:11
s10	IOK,pIOK|N:12	add	IOK,pIOK|N:12
s10	IOK,pIOK|N:12	bors	IOK,pIOK|N:12
s10	IOK,pIOK|N:12	cat0	POK,pPOK|P:12
s10	IOK,pIOK|N:12	catx	POK,pPOK|P:12x
s10	IOK,pIOK|N:12	copy	IOK,pIOK|N:12
s10	IOK,pIOK|N:12	dec	IOK,pIOK|N:11
s10	IOK,pIOK|N:12	fbors	IOK,pIOK,pPOK|N:12
s10	IOK,pIOK|N:12	inc	IOK,pIOK|N:13
s10	IOK,pIOK|N:12	iv	IOK,pIOK|N:12
s10	IOK,pIOK|N:12	nv	IOK,NOK,pIOK,pNOK|N:12
s10	IOK,pIOK|N:12	rng	IOK,pIOK|N:12
s10	IOK,pIOK|N:12	str	IOK,pIOK,pPOK|N:12
s10	IOK,pIOK|N:12	utf8	POK,pPOK,UTF8|P:12
s10	IOK,pIOK|N:7	add	IOK,pIOK|N:7
s10	IOK,pIOK|N:7	bors	IOK,pIOK|N:7
s10	IOK,pIOK|N:7	cat0	POK,pPOK|P:7
s10	IOK,pIOK|N:7	catx	POK,pPOK|P:7x
s10	IOK,pIOK|N:7	copy	IOK,pIOK|N:7
s10	IOK,pIOK|N:7	dec	IOK,pIOK|N:6
s10	IOK,pIOK|N:7	fbors	IOK,pIOK,pPOK|N:7
s10	IOK,pIOK|N:7	inc	IOK,pIOK|N:8
s10	IOK,pIOK|N:7	iv	IOK,pIOK|N:7
s10	IOK,pIOK|N:7	nv	IOK,NOK,pIOK,pNOK|N:7
s10	IOK,pIOK|N:7	rng	IOK,pIOK|N:7
s10	IOK,pIOK|N:7	str	IOK,pIOK,pPOK|N:7
s10	IOK,pIOK|N:7	utf8	POK,pPOK,UTF8|P:7
s10	IOK,pIOK|N:8	add	IOK,pIOK|N:8
s10	IOK,pIOK|N:8	bors	IOK,pIOK|N:8
s10	IOK,pIOK|N:8	cat0	POK,pPOK|P:8
s10	IOK,pIOK|N:8	catx	POK,pPOK|P:8x
s10	IOK,pIOK|N:8	copy	IOK,pIOK|N:8
s10	IOK,pIOK|N:8	dec	IOK,pIOK|N:7
s10	IOK,pIOK|N:8	fbors	IOK,pIOK,pPOK|N:8
s10	IOK,pIOK|N:8	inc	IOK,pIOK|N:9
s10	IOK,pIOK|N:8	iv	IOK,pIOK|N:8
s10	IOK,pIOK|N:8	nv	IOK,NOK,pIOK,pNOK|N:8
s10	IOK,pIOK|N:8	rng	IOK,pIOK|N:8
s10	IOK,pIOK|N:8	str	IOK,pIOK,pPOK|N:8
s10	IOK,pIOK|N:8	utf8	POK,pPOK,UTF8|P:8
s10	IOK,pIOK|N:9	add	IOK,pIOK|N:9
s10	IOK,pIOK|N:9	bors	IOK,pIOK|N:9
s10	IOK,pIOK|N:9	cat0	POK,pPOK|P:9
s10	IOK,pIOK|N:9	catx	POK,pPOK|P:9x
s10	IOK,pIOK|N:9	copy	IOK,pIOK|N:9
s10	IOK,pIOK|N:9	dec	IOK,pIOK|N:8
s10	IOK,pIOK|N:9	fbors	IOK,pIOK,pPOK|N:9
s10	IOK,pIOK|N:9	inc	IOK,pIOK|N:10
s10	IOK,pIOK|N:9	iv	IOK,pIOK|N:9
s10	IOK,pIOK|N:9	nv	IOK,NOK,pIOK,pNOK|N:9
s10	IOK,pIOK|N:9	rng	IOK,pIOK|N:9
s10	IOK,pIOK|N:9	str	IOK,pIOK,pPOK|N:9
s10	IOK,pIOK|N:9	utf8	POK,pPOK,UTF8|P:9
s10	NOK,POK,pNOK,pPOK,UTF8|P:10	add	IOK,NOK,POK,pIOK,pNOK,pPOK,UTF8|P:10
s10	NOK,POK,pNOK,pPOK,UTF8|P:10	bors	IOK,NOK,POK,pIOK,pNOK,pPOK,UTF8|P:10
s10	NOK,POK,pNOK,pPOK,UTF8|P:10	cat0	POK,pPOK,UTF8|P:10
s10	NOK,POK,pNOK,pPOK,UTF8|P:10	catx	POK,pPOK,UTF8|P:10x
s10	NOK,POK,pNOK,pPOK,UTF8|P:10	copy	NOK,POK,pNOK,pPOK,UTF8|P:10
s10	NOK,POK,pNOK,pPOK,UTF8|P:10	dec	NOK,pNOK|N:9
s10	NOK,POK,pNOK,pPOK,UTF8|P:10	fbors	NOK,POK,pNOK,pPOK,UTF8|P:10
s10	NOK,POK,pNOK,pPOK,UTF8|P:10	inc	IOK,pIOK|N:11
s10	NOK,POK,pNOK,pPOK,UTF8|P:10	iv	IOK,NOK,POK,pIOK,pNOK,pPOK,UTF8|P:10
s10	NOK,POK,pNOK,pPOK,UTF8|P:10	nv	NOK,POK,pNOK,pPOK,UTF8|P:10
s10	NOK,POK,pNOK,pPOK,UTF8|P:10	rng	IOK,NOK,POK,pIOK,pNOK,pPOK,UTF8|P:10
s10	NOK,POK,pNOK,pPOK,UTF8|P:10	str	NOK,POK,pNOK,pPOK,UTF8|P:10
s10	NOK,POK,pNOK,pPOK,UTF8|P:10	utf8	NOK,POK,pNOK,pPOK,UTF8|P:10
s10	NOK,POK,pNOK,pPOK,UTF8|P:11	add	IOK,NOK,POK,pIOK,pNOK,pPOK,UTF8|P:11
s10	NOK,POK,pNOK,pPOK,UTF8|P:11	bors	IOK,NOK,POK,pIOK,pNOK,pPOK,UTF8|P:11
s10	NOK,POK,pNOK,pPOK,UTF8|P:11	cat0	POK,pPOK,UTF8|P:11
s10	NOK,POK,pNOK,pPOK,UTF8|P:11	catx	POK,pPOK,UTF8|P:11x
s10	NOK,POK,pNOK,pPOK,UTF8|P:11	copy	NOK,POK,pNOK,pPOK,UTF8|P:11
s10	NOK,POK,pNOK,pPOK,UTF8|P:11	dec	NOK,pNOK|N:10
s10	NOK,POK,pNOK,pPOK,UTF8|P:11	fbors	NOK,POK,pNOK,pPOK,UTF8|P:11
s10	NOK,POK,pNOK,pPOK,UTF8|P:11	inc	IOK,pIOK|N:12
s10	NOK,POK,pNOK,pPOK,UTF8|P:11	iv	IOK,NOK,POK,pIOK,pNOK,pPOK,UTF8|P:11
s10	NOK,POK,pNOK,pPOK,UTF8|P:11	nv	NOK,POK,pNOK,pPOK,UTF8|P:11
s10	NOK,POK,pNOK,pPOK,UTF8|P:11	rng	IOK,NOK,POK,pIOK,pNOK,pPOK,UTF8|P:11
s10	NOK,POK,pNOK,pPOK,UTF8|P:11	str	NOK,POK,pNOK,pPOK,UTF8|P:11
s10	NOK,POK,pNOK,pPOK,UTF8|P:11	utf8	NOK,POK,pNOK,pPOK,UTF8|P:11
s10	NOK,POK,pNOK,pPOK,UTF8|P:9	add	IOK,NOK,POK,pIOK,pNOK,pPOK,UTF8|P:9
s10	NOK,POK,pNOK,pPOK,UTF8|P:9	bors	IOK,NOK,POK,pIOK,pNOK,pPOK,UTF8|P:9
s10	NOK,POK,pNOK,pPOK,UTF8|P:9	cat0	POK,pPOK,UTF8|P:9
s10	NOK,POK,pNOK,pPOK,UTF8|P:9	catx	POK,pPOK,UTF8|P:9x
s10	NOK,POK,pNOK,pPOK,UTF8|P:9	copy	NOK,POK,pNOK,pPOK,UTF8|P:9
s10	NOK,POK,pNOK,pPOK,UTF8|P:9	dec	NOK,pNOK|N:8
s10	NOK,POK,pNOK,pPOK,UTF8|P:9	fbors	NOK,POK,pNOK,pPOK,UTF8|P:9
s10	NOK,POK,pNOK,pPOK,UTF8|P:9	inc	IOK,pIOK|N:10
s10	NOK,POK,pNOK,pPOK,UTF8|P:9	iv	IOK,NOK,POK,pIOK,pNOK,pPOK,UTF8|P:9
s10	NOK,POK,pNOK,pPOK,UTF8|P:9	nv	NOK,POK,pNOK,pPOK,UTF8|P:9
s10	NOK,POK,pNOK,pPOK,UTF8|P:9	rng	IOK,NOK,POK,pIOK,pNOK,pPOK,UTF8|P:9
s10	NOK,POK,pNOK,pPOK,UTF8|P:9	str	NOK,POK,pNOK,pPOK,UTF8|P:9
s10	NOK,POK,pNOK,pPOK,UTF8|P:9	utf8	NOK,POK,pNOK,pPOK,UTF8|P:9
s10	NOK,POK,pNOK,pPOK|P:10	add	IOK,NOK,POK,pIOK,pNOK,pPOK|P:10
s10	NOK,POK,pNOK,pPOK|P:10	bors	IOK,NOK,POK,pIOK,pNOK,pPOK|P:10
s10	NOK,POK,pNOK,pPOK|P:10	cat0	POK,pPOK|P:10
s10	NOK,POK,pNOK,pPOK|P:10	catx	POK,pPOK|P:10x
s10	NOK,POK,pNOK,pPOK|P:10	copy	NOK,POK,pNOK,pPOK|P:10
s10	NOK,POK,pNOK,pPOK|P:10	dec	NOK,pNOK|N:9
s10	NOK,POK,pNOK,pPOK|P:10	fbors	NOK,POK,pNOK,pPOK|P:10
s10	NOK,POK,pNOK,pPOK|P:10	inc	IOK,pIOK|N:11
s10	NOK,POK,pNOK,pPOK|P:10	iv	IOK,NOK,POK,pIOK,pNOK,pPOK|P:10
s10	NOK,POK,pNOK,pPOK|P:10	nv	NOK,POK,pNOK,pPOK|P:10
s10	NOK,POK,pNOK,pPOK|P:10	rng	IOK,NOK,POK,pIOK,pNOK,pPOK|P:10
s10	NOK,POK,pNOK,pPOK|P:10	str	NOK,POK,pNOK,pPOK|P:10
s10	NOK,POK,pNOK,pPOK|P:10	utf8	NOK,POK,pNOK,pPOK,UTF8|P:10
s10	NOK,POK,pNOK,pPOK|P:11	add	IOK,NOK,POK,pIOK,pNOK,pPOK|P:11
s10	NOK,POK,pNOK,pPOK|P:11	bors	IOK,NOK,POK,pIOK,pNOK,pPOK|P:11
s10	NOK,POK,pNOK,pPOK|P:11	cat0	POK,pPOK|P:11
s10	NOK,POK,pNOK,pPOK|P:11	catx	POK,pPOK|P:11x
s10	NOK,POK,pNOK,pPOK|P:11	copy	NOK,POK,pNOK,pPOK|P:11
s10	NOK,POK,pNOK,pPOK|P:11	dec	NOK,pNOK|N:10
s10	NOK,POK,pNOK,pPOK|P:11	fbors	NOK,POK,pNOK,pPOK|P:11
s10	NOK,POK,pNOK,pPOK|P:11	inc	IOK,pIOK|N:12
s10	NOK,POK,pNOK,pPOK|P:11	iv	IOK,NOK,POK,pIOK,pNOK,pPOK|P:11
s10	NOK,POK,pNOK,pPOK|P:11	nv	NOK,POK,pNOK,pPOK|P:11
s10	NOK,POK,pNOK,pPOK|P:11	rng	IOK,NOK,POK,pIOK,pNOK,pPOK|P:11
s10	NOK,POK,pNOK,pPOK|P:11	str	NOK,POK,pNOK,pPOK|P:11
s10	NOK,POK,pNOK,pPOK|P:11	utf8	NOK,POK,pNOK,pPOK,UTF8|P:11
s10	NOK,POK,pNOK,pPOK|P:12	add	IOK,NOK,POK,pIOK,pNOK,pPOK|P:12
s10	NOK,POK,pNOK,pPOK|P:12	bors	IOK,NOK,POK,pIOK,pNOK,pPOK|P:12
s10	NOK,POK,pNOK,pPOK|P:12	cat0	POK,pPOK|P:12
s10	NOK,POK,pNOK,pPOK|P:12	catx	POK,pPOK|P:12x
s10	NOK,POK,pNOK,pPOK|P:12	copy	NOK,POK,pNOK,pPOK|P:12
s10	NOK,POK,pNOK,pPOK|P:12	dec	NOK,pNOK|N:11
s10	NOK,POK,pNOK,pPOK|P:12	fbors	NOK,POK,pNOK,pPOK|P:12
s10	NOK,POK,pNOK,pPOK|P:12	inc	IOK,pIOK|N:13
s10	NOK,POK,pNOK,pPOK|P:12	iv	IOK,NOK,POK,pIOK,pNOK,pPOK|P:12
s10	NOK,POK,pNOK,pPOK|P:12	nv	NOK,POK,pNOK,pPOK|P:12
s10	NOK,POK,pNOK,pPOK|P:12	rng	IOK,NOK,POK,pIOK,pNOK,pPOK|P:12
s10	NOK,POK,pNOK,pPOK|P:12	str	NOK,POK,pNOK,pPOK|P:12
s10	NOK,POK,pNOK,pPOK|P:12	utf8	NOK,POK,pNOK,pPOK,UTF8|P:12
s10	NOK,POK,pNOK,pPOK|P:9	add	IOK,NOK,POK,pIOK,pNOK,pPOK|P:9
s10	NOK,POK,pNOK,pPOK|P:9	bors	IOK,NOK,POK,pIOK,pNOK,pPOK|P:9
s10	NOK,POK,pNOK,pPOK|P:9	cat0	POK,pPOK|P:9
s10	NOK,POK,pNOK,pPOK|P:9	catx	POK,pPOK|P:9x
s10	NOK,POK,pNOK,pPOK|P:9	copy	NOK,POK,pNOK,pPOK|P:9
s10	NOK,POK,pNOK,pPOK|P:9	dec	NOK,pNOK|N:8
s10	NOK,POK,pNOK,pPOK|P:9	fbors	NOK,POK,pNOK,pPOK|P:9
s10	NOK,POK,pNOK,pPOK|P:9	inc	IOK,pIOK|N:10
s10	NOK,POK,pNOK,pPOK|P:9	iv	IOK,NOK,POK,pIOK,pNOK,pPOK|P:9
s10	NOK,POK,pNOK,pPOK|P:9	nv	NOK,POK,pNOK,pPOK|P:9
s10	NOK,POK,pNOK,pPOK|P:9	rng	IOK,NOK,POK,pIOK,pNOK,pPOK|P:9
s10	NOK,POK,pNOK,pPOK|P:9	str	NOK,POK,pNOK,pPOK|P:9
s10	NOK,POK,pNOK,pPOK|P:9	utf8	NOK,POK,pNOK,pPOK,UTF8|P:9
s10	NOK,pNOK|N:10	add	IOK,NOK,pIOK,pNOK|N:10
s10	NOK,pNOK|N:10	bors	IOK,NOK,pIOK,pNOK|N:10
s10	NOK,pNOK|N:10	cat0	POK,pPOK|P:10
s10	NOK,pNOK|N:10	catx	POK,pPOK|P:10x
s10	NOK,pNOK|N:10	copy	NOK,pNOK|N:10
s10	NOK,pNOK|N:10	dec	NOK,pNOK|N:9
s10	NOK,pNOK|N:10	fbors	NOK,pNOK|N:10
s10	NOK,pNOK|N:10	inc	IOK,pIOK|N:11
s10	NOK,pNOK|N:10	iv	IOK,NOK,pIOK,pNOK|N:10
s10	NOK,pNOK|N:10	nv	NOK,pNOK|N:10
s10	NOK,pNOK|N:10	rng	IOK,NOK,pIOK,pNOK|N:10
s10	NOK,pNOK|N:10	str	NOK,pNOK|N:10
s10	NOK,pNOK|N:10	utf8	POK,pPOK,UTF8|P:10
s10	NOK,pNOK|N:11	add	IOK,NOK,pIOK,pNOK|N:11
s10	NOK,pNOK|N:11	bors	IOK,NOK,pIOK,pNOK|N:11
s10	NOK,pNOK|N:11	cat0	POK,pPOK|P:11
s10	NOK,pNOK|N:11	catx	POK,pPOK|P:11x
s10	NOK,pNOK|N:11	copy	NOK,pNOK|N:11
s10	NOK,pNOK|N:11	dec	NOK,pNOK|N:10
s10	NOK,pNOK|N:11	fbors	NOK,pNOK|N:11
s10	NOK,pNOK|N:11	inc	IOK,pIOK|N:12
s10	NOK,pNOK|N:11	iv	IOK,NOK,pIOK,pNOK|N:11
s10	NOK,pNOK|N:11	nv	NOK,pNOK|N:11
s10	NOK,pNOK|N:11	rng	IOK,NOK,pIOK,pNOK|N:11
s10	NOK,pNOK|N:11	str	NOK,pNOK|N:11
s10	NOK,pNOK|N:11	utf8	POK,pPOK,UTF8|P:11
s10	NOK,pNOK|N:12	add	IOK,NOK,pIOK,pNOK|N:12
s10	NOK,pNOK|N:12	bors	IOK,NOK,pIOK,pNOK|N:12
s10	NOK,pNOK|N:12	cat0	POK,pPOK|P:12
s10	NOK,pNOK|N:12	catx	POK,pPOK|P:12x
s10	NOK,pNOK|N:12	copy	NOK,pNOK|N:12
s10	NOK,pNOK|N:12	dec	NOK,pNOK|N:11
s10	NOK,pNOK|N:12	fbors	NOK,pNOK|N:12
s10	NOK,pNOK|N:12	inc	IOK,pIOK|N:13
s10	NOK,pNOK|N:12	iv	IOK,NOK,pIOK,pNOK|N:12
s10	NOK,pNOK|N:12	nv	NOK,pNOK|N:12
s10	NOK,pNOK|N:12	rng	IOK,NOK,pIOK,pNOK|N:12
s10	NOK,pNOK|N:12	str	NOK,pNOK|N:12
s10	NOK,pNOK|N:12	utf8	POK,pPOK,UTF8|P:12
s10	NOK,pNOK|N:8	add	IOK,NOK,pIOK,pNOK|N:8
s10	NOK,pNOK|N:8	bors	IOK,NOK,pIOK,pNOK|N:8
s10	NOK,pNOK|N:8	cat0	POK,pPOK|P:8
s10	NOK,pNOK|N:8	catx	POK,pPOK|P:8x
s10	NOK,pNOK|N:8	copy	NOK,pNOK|N:8
s10	NOK,pNOK|N:8	dec	NOK,pNOK|N:7
s10	NOK,pNOK|N:8	fbors	NOK,pNOK|N:8
s10	NOK,pNOK|N:8	inc	IOK,pIOK|N:9
s10	NOK,pNOK|N:8	iv	IOK,NOK,pIOK,pNOK|N:8
s10	NOK,pNOK|N:8	nv	NOK,pNOK|N:8
s10	NOK,pNOK|N:8	rng	IOK,NOK,pIOK,pNOK|N:8
s10	NOK,pNOK|N:8	str	NOK,pNOK|N:8
s10	NOK,pNOK|N:8	utf8	POK,pPOK,UTF8|P:8
s10	NOK,pNOK|N:9	add	IOK,NOK,pIOK,pNOK|N:9
s10	NOK,pNOK|N:9	bors	IOK,NOK,pIOK,pNOK|N:9
s10	NOK,pNOK|N:9	cat0	POK,pPOK|P:9
s10	NOK,pNOK|N:9	catx	POK,pPOK|P:9x
s10	NOK,pNOK|N:9	copy	NOK,pNOK|N:9
s10	NOK,pNOK|N:9	dec	NOK,pNOK|N:8
s10	NOK,pNOK|N:9	fbors	NOK,pNOK|N:9
s10	NOK,pNOK|N:9	inc	IOK,pIOK|N:10
s10	NOK,pNOK|N:9	iv	IOK,NOK,pIOK,pNOK|N:9
s10	NOK,pNOK|N:9	nv	NOK,pNOK|N:9
s10	NOK,pNOK|N:9	rng	IOK,NOK,pIOK,pNOK|N:9
s10	NOK,pNOK|N:9	str	NOK,pNOK|N:9
s10	NOK,pNOK|N:9	utf8	POK,pPOK,UTF8|P:9
s10	POK,pIOK,pNOK,pPOK,UTF8|P:10x	add	POK,pIOK,pNOK,pPOK,UTF8|P:10x
s10	POK,pIOK,pNOK,pPOK,UTF8|P:10x	bors	POK,pIOK,pNOK,pPOK,UTF8|P:10x
s10	POK,pIOK,pNOK,pPOK,UTF8|P:10x	cat0	POK,pIOK,pNOK,pPOK,UTF8|P:10x
s10	POK,pIOK,pNOK,pPOK,UTF8|P:10x	catx	POK,pIOK,pNOK,pPOK,UTF8|P:10xx
s10	POK,pIOK,pNOK,pPOK,UTF8|P:10x	copy	POK,pIOK,pNOK,pPOK,UTF8|P:10x
s10	POK,pIOK,pNOK,pPOK,UTF8|P:10x	dec	NOK,pNOK|N:9
s10	POK,pIOK,pNOK,pPOK,UTF8|P:10x	fbors	POK,pIOK,pNOK,pPOK,UTF8|P:10x
s10	POK,pIOK,pNOK,pPOK,UTF8|P:10x	inc	NOK,pNOK|N:11
s10	POK,pIOK,pNOK,pPOK,UTF8|P:10x	iv	POK,pIOK,pNOK,pPOK,UTF8|P:10x
s10	POK,pIOK,pNOK,pPOK,UTF8|P:10x	nv	POK,pIOK,pNOK,pPOK,UTF8|P:10x
s10	POK,pIOK,pNOK,pPOK,UTF8|P:10x	rng	POK,pIOK,pNOK,pPOK,UTF8|P:10x
s10	POK,pIOK,pNOK,pPOK,UTF8|P:10x	str	POK,pIOK,pNOK,pPOK,UTF8|P:10x
s10	POK,pIOK,pNOK,pPOK,UTF8|P:10x	utf8	POK,pIOK,pNOK,pPOK,UTF8|P:10x
s10	POK,pIOK,pNOK,pPOK|P:10x	add	POK,pIOK,pNOK,pPOK|P:10x
s10	POK,pIOK,pNOK,pPOK|P:10x	bors	POK,pIOK,pNOK,pPOK|P:10x
s10	POK,pIOK,pNOK,pPOK|P:10x	cat0	POK,pIOK,pNOK,pPOK|P:10x
s10	POK,pIOK,pNOK,pPOK|P:10x	catx	POK,pIOK,pNOK,pPOK|P:10xx
s10	POK,pIOK,pNOK,pPOK|P:10x	copy	POK,pIOK,pNOK,pPOK|P:10x
s10	POK,pIOK,pNOK,pPOK|P:10x	dec	NOK,pNOK|N:9
s10	POK,pIOK,pNOK,pPOK|P:10x	fbors	POK,pIOK,pNOK,pPOK|P:10x
s10	POK,pIOK,pNOK,pPOK|P:10x	inc	NOK,pNOK|N:11
s10	POK,pIOK,pNOK,pPOK|P:10x	iv	POK,pIOK,pNOK,pPOK|P:10x
s10	POK,pIOK,pNOK,pPOK|P:10x	nv	POK,pIOK,pNOK,pPOK|P:10x
s10	POK,pIOK,pNOK,pPOK|P:10x	rng	POK,pIOK,pNOK,pPOK|P:10x
s10	POK,pIOK,pNOK,pPOK|P:10x	str	POK,pIOK,pNOK,pPOK|P:10x
s10	POK,pIOK,pNOK,pPOK|P:10x	utf8	POK,pIOK,pNOK,pPOK,UTF8|P:10x
s10	POK,pIOK,pNOK,pPOK|P:10xx	add	POK,pIOK,pNOK,pPOK|P:10xx
s10	POK,pIOK,pNOK,pPOK|P:10xx	bors	POK,pIOK,pNOK,pPOK|P:10xx
s10	POK,pIOK,pNOK,pPOK|P:10xx	cat0	POK,pIOK,pNOK,pPOK|P:10xx
s10	POK,pIOK,pNOK,pPOK|P:10xx	catx	POK,pIOK,pNOK,pPOK|P:10xxx
s10	POK,pIOK,pNOK,pPOK|P:10xx	copy	POK,pIOK,pNOK,pPOK|P:10xx
s10	POK,pIOK,pNOK,pPOK|P:10xx	dec	NOK,pNOK|N:9
s10	POK,pIOK,pNOK,pPOK|P:10xx	fbors	POK,pIOK,pNOK,pPOK|P:10xx
s10	POK,pIOK,pNOK,pPOK|P:10xx	inc	NOK,pNOK|N:11
s10	POK,pIOK,pNOK,pPOK|P:10xx	iv	POK,pIOK,pNOK,pPOK|P:10xx
s10	POK,pIOK,pNOK,pPOK|P:10xx	nv	POK,pIOK,pNOK,pPOK|P:10xx
s10	POK,pIOK,pNOK,pPOK|P:10xx	rng	POK,pIOK,pNOK,pPOK|P:10xx
s10	POK,pIOK,pNOK,pPOK|P:10xx	str	POK,pIOK,pNOK,pPOK|P:10xx
s10	POK,pIOK,pNOK,pPOK|P:10xx	utf8	POK,pIOK,pNOK,pPOK,UTF8|P:10xx
s10	POK,pIOK,pNOK,pPOK|P:11x	add	POK,pIOK,pNOK,pPOK|P:11x
s10	POK,pIOK,pNOK,pPOK|P:11x	bors	POK,pIOK,pNOK,pPOK|P:11x
s10	POK,pIOK,pNOK,pPOK|P:11x	cat0	POK,pIOK,pNOK,pPOK|P:11x
s10	POK,pIOK,pNOK,pPOK|P:11x	catx	POK,pIOK,pNOK,pPOK|P:11xx
s10	POK,pIOK,pNOK,pPOK|P:11x	copy	POK,pIOK,pNOK,pPOK|P:11x
s10	POK,pIOK,pNOK,pPOK|P:11x	dec	NOK,pNOK|N:10
s10	POK,pIOK,pNOK,pPOK|P:11x	fbors	POK,pIOK,pNOK,pPOK|P:11x
s10	POK,pIOK,pNOK,pPOK|P:11x	inc	NOK,pNOK|N:12
s10	POK,pIOK,pNOK,pPOK|P:11x	iv	POK,pIOK,pNOK,pPOK|P:11x
s10	POK,pIOK,pNOK,pPOK|P:11x	nv	POK,pIOK,pNOK,pPOK|P:11x
s10	POK,pIOK,pNOK,pPOK|P:11x	rng	POK,pIOK,pNOK,pPOK|P:11x
s10	POK,pIOK,pNOK,pPOK|P:11x	str	POK,pIOK,pNOK,pPOK|P:11x
s10	POK,pIOK,pNOK,pPOK|P:11x	utf8	POK,pIOK,pNOK,pPOK,UTF8|P:11x
s10	POK,pIOK,pNOK,pPOK|P:9x	add	POK,pIOK,pNOK,pPOK|P:9x
s10	POK,pIOK,pNOK,pPOK|P:9x	bors	POK,pIOK,pNOK,pPOK|P:9x
s10	POK,pIOK,pNOK,pPOK|P:9x	cat0	POK,pIOK,pNOK,pPOK|P:9x
s10	POK,pIOK,pNOK,pPOK|P:9x	catx	POK,pIOK,pNOK,pPOK|P:9xx
s10	POK,pIOK,pNOK,pPOK|P:9x	copy	POK,pIOK,pNOK,pPOK|P:9x
s10	POK,pIOK,pNOK,pPOK|P:9x	dec	NOK,pNOK|N:8
s10	POK,pIOK,pNOK,pPOK|P:9x	fbors	POK,pIOK,pNOK,pPOK|P:9x
s10	POK,pIOK,pNOK,pPOK|P:9x	inc	NOK,pNOK|N:10
s10	POK,pIOK,pNOK,pPOK|P:9x	iv	POK,pIOK,pNOK,pPOK|P:9x
s10	POK,pIOK,pNOK,pPOK|P:9x	nv	POK,pIOK,pNOK,pPOK|P:9x
s10	POK,pIOK,pNOK,pPOK|P:9x	rng	POK,pIOK,pNOK,pPOK|P:9x
s10	POK,pIOK,pNOK,pPOK|P:9x	str	POK,pIOK,pNOK,pPOK|P:9x
s10	POK,pIOK,pNOK,pPOK|P:9x	utf8	POK,pIOK,pNOK,pPOK,UTF8|P:9x
s10	POK,pNOK,pPOK,UTF8|P:10x	add	POK,pIOK,pNOK,pPOK,UTF8|P:10x
s10	POK,pNOK,pPOK,UTF8|P:10x	bors	POK,pIOK,pNOK,pPOK,UTF8|P:10x
s10	POK,pNOK,pPOK,UTF8|P:10x	cat0	POK,pNOK,pPOK,UTF8|P:10x
s10	POK,pNOK,pPOK,UTF8|P:10x	catx	POK,pNOK,pPOK,UTF8|P:10xx
s10	POK,pNOK,pPOK,UTF8|P:10x	copy	POK,pNOK,pPOK,UTF8|P:10x
s10	POK,pNOK,pPOK,UTF8|P:10x	dec	NOK,pNOK|N:9
s10	POK,pNOK,pPOK,UTF8|P:10x	fbors	POK,pNOK,pPOK,UTF8|P:10x
s10	POK,pNOK,pPOK,UTF8|P:10x	inc	NOK,pNOK|N:11
s10	POK,pNOK,pPOK,UTF8|P:10x	iv	POK,pIOK,pNOK,pPOK,UTF8|P:10x
s10	POK,pNOK,pPOK,UTF8|P:10x	nv	POK,pNOK,pPOK,UTF8|P:10x
s10	POK,pNOK,pPOK,UTF8|P:10x	rng	POK,pIOK,pNOK,pPOK,UTF8|P:10x
s10	POK,pNOK,pPOK,UTF8|P:10x	str	POK,pNOK,pPOK,UTF8|P:10x
s10	POK,pNOK,pPOK,UTF8|P:10x	utf8	POK,pNOK,pPOK,UTF8|P:10x
s10	POK,pNOK,pPOK|P:10x	add	POK,pIOK,pNOK,pPOK|P:10x
s10	POK,pNOK,pPOK|P:10x	bors	POK,pIOK,pNOK,pPOK|P:10x
s10	POK,pNOK,pPOK|P:10x	cat0	POK,pNOK,pPOK|P:10x
s10	POK,pNOK,pPOK|P:10x	catx	POK,pNOK,pPOK|P:10xx
s10	POK,pNOK,pPOK|P:10x	copy	POK,pNOK,pPOK|P:10x
s10	POK,pNOK,pPOK|P:10x	dec	NOK,pNOK|N:9
s10	POK,pNOK,pPOK|P:10x	fbors	POK,pNOK,pPOK|P:10x
s10	POK,pNOK,pPOK|P:10x	inc	NOK,pNOK|N:11
s10	POK,pNOK,pPOK|P:10x	iv	POK,pIOK,pNOK,pPOK|P:10x
s10	POK,pNOK,pPOK|P:10x	nv	POK,pNOK,pPOK|P:10x
s10	POK,pNOK,pPOK|P:10x	rng	POK,pIOK,pNOK,pPOK|P:10x
s10	POK,pNOK,pPOK|P:10x	str	POK,pNOK,pPOK|P:10x
s10	POK,pNOK,pPOK|P:10x	utf8	POK,pNOK,pPOK,UTF8|P:10x
s10	POK,pNOK,pPOK|P:10xx	add	POK,pIOK,pNOK,pPOK|P:10xx
s10	POK,pNOK,pPOK|P:10xx	bors	POK,pIOK,pNOK,pPOK|P:10xx
s10	POK,pNOK,pPOK|P:10xx	cat0	POK,pNOK,pPOK|P:10xx
s10	POK,pNOK,pPOK|P:10xx	catx	POK,pNOK,pPOK|P:10xxx
s10	POK,pNOK,pPOK|P:10xx	copy	POK,pNOK,pPOK|P:10xx
s10	POK,pNOK,pPOK|P:10xx	dec	NOK,pNOK|N:9
s10	POK,pNOK,pPOK|P:10xx	fbors	POK,pNOK,pPOK|P:10xx
s10	POK,pNOK,pPOK|P:10xx	inc	NOK,pNOK|N:11
s10	POK,pNOK,pPOK|P:10xx	iv	POK,pIOK,pNOK,pPOK|P:10xx
s10	POK,pNOK,pPOK|P:10xx	nv	POK,pNOK,pPOK|P:10xx
s10	POK,pNOK,pPOK|P:10xx	rng	POK,pIOK,pNOK,pPOK|P:10xx
s10	POK,pNOK,pPOK|P:10xx	str	POK,pNOK,pPOK|P:10xx
s10	POK,pNOK,pPOK|P:10xx	utf8	POK,pNOK,pPOK,UTF8|P:10xx
s10	POK,pNOK,pPOK|P:11x	add	POK,pIOK,pNOK,pPOK|P:11x
s10	POK,pNOK,pPOK|P:11x	bors	POK,pIOK,pNOK,pPOK|P:11x
s10	POK,pNOK,pPOK|P:11x	cat0	POK,pNOK,pPOK|P:11x
s10	POK,pNOK,pPOK|P:11x	catx	POK,pNOK,pPOK|P:11xx
s10	POK,pNOK,pPOK|P:11x	copy	POK,pNOK,pPOK|P:11x
s10	POK,pNOK,pPOK|P:11x	dec	NOK,pNOK|N:10
s10	POK,pNOK,pPOK|P:11x	fbors	POK,pNOK,pPOK|P:11x
s10	POK,pNOK,pPOK|P:11x	inc	NOK,pNOK|N:12
s10	POK,pNOK,pPOK|P:11x	iv	POK,pIOK,pNOK,pPOK|P:11x
s10	POK,pNOK,pPOK|P:11x	nv	POK,pNOK,pPOK|P:11x
s10	POK,pNOK,pPOK|P:11x	rng	POK,pIOK,pNOK,pPOK|P:11x
s10	POK,pNOK,pPOK|P:11x	str	POK,pNOK,pPOK|P:11x
s10	POK,pNOK,pPOK|P:11x	utf8	POK,pNOK,pPOK,UTF8|P:11x
s10	POK,pNOK,pPOK|P:9x	add	POK,pIOK,pNOK,pPOK|P:9x
s10	POK,pNOK,pPOK|P:9x	bors	POK,pIOK,pNOK,pPOK|P:9x
s10	POK,pNOK,pPOK|P:9x	cat0	POK,pNOK,pPOK|P:9x
s10	POK,pNOK,pPOK|P:9x	catx	POK,pNOK,pPOK|P:9xx
s10	POK,pNOK,pPOK|P:9x	copy	POK,pNOK,pPOK|P:9x
s10	POK,pNOK,pPOK|P:9x	dec	NOK,pNOK|N:8
s10	POK,pNOK,pPOK|P:9x	fbors	POK,pNOK,pPOK|P:9x
s10	POK,pNOK,pPOK|P:9x	inc	NOK,pNOK|N:10
s10	POK,pNOK,pPOK|P:9x	iv	POK,pIOK,pNOK,pPOK|P:9x
s10	POK,pNOK,pPOK|P:9x	nv	POK,pNOK,pPOK|P:9x
s10	POK,pNOK,pPOK|P:9x	rng	POK,pIOK,pNOK,pPOK|P:9x
s10	POK,pNOK,pPOK|P:9x	str	POK,pNOK,pPOK|P:9x
s10	POK,pNOK,pPOK|P:9x	utf8	POK,pNOK,pPOK,UTF8|P:9x
s10	POK,pPOK,UTF8|P:10	add	IOK,POK,pIOK,pPOK,UTF8|P:10
s10	POK,pPOK,UTF8|P:10	bors	POK,pPOK,UTF8|P:10
s10	POK,pPOK,UTF8|P:10	cat0	POK,pPOK,UTF8|P:10
s10	POK,pPOK,UTF8|P:10	catx	POK,pPOK,UTF8|P:10x
s10	POK,pPOK,UTF8|P:10	copy	POK,pPOK,UTF8|P:10
s10	POK,pPOK,UTF8|P:10	dec	IOK,pIOK|N:9
s10	POK,pPOK,UTF8|P:10	fbors	POK,pPOK,UTF8|P:10
s10	POK,pPOK,UTF8|P:10	inc	POK,pPOK,UTF8|P:11
s10	POK,pPOK,UTF8|P:10	iv	IOK,POK,pIOK,pPOK,UTF8|P:10
s10	POK,pPOK,UTF8|P:10	nv	NOK,POK,pNOK,pPOK,UTF8|P:10
s10	POK,pPOK,UTF8|P:10	rng	IOK,NOK,POK,pIOK,pNOK,pPOK,UTF8|P:10
s10	POK,pPOK,UTF8|P:10	str	POK,pPOK,UTF8|P:10
s10	POK,pPOK,UTF8|P:10	utf8	POK,pPOK,UTF8|P:10
s10	POK,pPOK,UTF8|P:10x	add	POK,pIOK,pNOK,pPOK,UTF8|P:10x
s10	POK,pPOK,UTF8|P:10x	bors	POK,pPOK,UTF8|P:10x
s10	POK,pPOK,UTF8|P:10x	cat0	POK,pPOK,UTF8|P:10x
s10	POK,pPOK,UTF8|P:10x	catx	POK,pPOK,UTF8|P:10xx
s10	POK,pPOK,UTF8|P:10x	copy	POK,pPOK,UTF8|P:10x
s10	POK,pPOK,UTF8|P:10x	dec	NOK,pNOK|N:9
s10	POK,pPOK,UTF8|P:10x	fbors	POK,pPOK,UTF8|P:10x
s10	POK,pPOK,UTF8|P:10x	inc	NOK,pNOK|N:11
s10	POK,pPOK,UTF8|P:10x	iv	POK,pIOK,pNOK,pPOK,UTF8|P:10x
s10	POK,pPOK,UTF8|P:10x	nv	POK,pNOK,pPOK,UTF8|P:10x
s10	POK,pPOK,UTF8|P:10x	rng	POK,pPOK,UTF8|P:10x
s10	POK,pPOK,UTF8|P:10x	str	POK,pPOK,UTF8|P:10x
s10	POK,pPOK,UTF8|P:10x	utf8	POK,pPOK,UTF8|P:10x
s10	POK,pPOK,UTF8|P:10xx	add	POK,pIOK,pNOK,pPOK,UTF8|P:10xx
s10	POK,pPOK,UTF8|P:10xx	bors	POK,pPOK,UTF8|P:10xx
s10	POK,pPOK,UTF8|P:10xx	cat0	POK,pPOK,UTF8|P:10xx
s10	POK,pPOK,UTF8|P:10xx	catx	POK,pPOK,UTF8|P:10xxx
s10	POK,pPOK,UTF8|P:10xx	copy	POK,pPOK,UTF8|P:10xx
s10	POK,pPOK,UTF8|P:10xx	dec	NOK,pNOK|N:9
s10	POK,pPOK,UTF8|P:10xx	fbors	POK,pPOK,UTF8|P:10xx
s10	POK,pPOK,UTF8|P:10xx	inc	NOK,pNOK|N:11
s10	POK,pPOK,UTF8|P:10xx	iv	POK,pIOK,pNOK,pPOK,UTF8|P:10xx
s10	POK,pPOK,UTF8|P:10xx	nv	POK,pNOK,pPOK,UTF8|P:10xx
s10	POK,pPOK,UTF8|P:10xx	rng	POK,pPOK,UTF8|P:10xx
s10	POK,pPOK,UTF8|P:10xx	str	POK,pPOK,UTF8|P:10xx
s10	POK,pPOK,UTF8|P:10xx	utf8	POK,pPOK,UTF8|P:10xx
s10	POK,pPOK,UTF8|P:11	add	IOK,POK,pIOK,pPOK,UTF8|P:11
s10	POK,pPOK,UTF8|P:11	bors	POK,pPOK,UTF8|P:11
s10	POK,pPOK,UTF8|P:11	cat0	POK,pPOK,UTF8|P:11
s10	POK,pPOK,UTF8|P:11	catx	POK,pPOK,UTF8|P:11x
s10	POK,pPOK,UTF8|P:11	copy	POK,pPOK,UTF8|P:11
s10	POK,pPOK,UTF8|P:11	dec	IOK,pIOK|N:10
s10	POK,pPOK,UTF8|P:11	fbors	POK,pPOK,UTF8|P:11
s10	POK,pPOK,UTF8|P:11	inc	POK,pPOK,UTF8|P:12
s10	POK,pPOK,UTF8|P:11	iv	IOK,POK,pIOK,pPOK,UTF8|P:11
s10	POK,pPOK,UTF8|P:11	nv	NOK,POK,pNOK,pPOK,UTF8|P:11
s10	POK,pPOK,UTF8|P:11	rng	IOK,NOK,POK,pIOK,pNOK,pPOK,UTF8|P:11
s10	POK,pPOK,UTF8|P:11	str	POK,pPOK,UTF8|P:11
s10	POK,pPOK,UTF8|P:11	utf8	POK,pPOK,UTF8|P:11
s10	POK,pPOK,UTF8|P:11x	add	POK,pIOK,pNOK,pPOK,UTF8|P:11x
s10	POK,pPOK,UTF8|P:11x	bors	POK,pPOK,UTF8|P:11x
s10	POK,pPOK,UTF8|P:11x	cat0	POK,pPOK,UTF8|P:11x
s10	POK,pPOK,UTF8|P:11x	catx	POK,pPOK,UTF8|P:11xx
s10	POK,pPOK,UTF8|P:11x	copy	POK,pPOK,UTF8|P:11x
s10	POK,pPOK,UTF8|P:11x	dec	NOK,pNOK|N:10
s10	POK,pPOK,UTF8|P:11x	fbors	POK,pPOK,UTF8|P:11x
s10	POK,pPOK,UTF8|P:11x	inc	NOK,pNOK|N:12
s10	POK,pPOK,UTF8|P:11x	iv	POK,pIOK,pNOK,pPOK,UTF8|P:11x
s10	POK,pPOK,UTF8|P:11x	nv	POK,pNOK,pPOK,UTF8|P:11x
s10	POK,pPOK,UTF8|P:11x	rng	POK,pPOK,UTF8|P:11x
s10	POK,pPOK,UTF8|P:11x	str	POK,pPOK,UTF8|P:11x
s10	POK,pPOK,UTF8|P:11x	utf8	POK,pPOK,UTF8|P:11x
s10	POK,pPOK,UTF8|P:12	add	IOK,POK,pIOK,pPOK,UTF8|P:12
s10	POK,pPOK,UTF8|P:12	bors	POK,pPOK,UTF8|P:12
s10	POK,pPOK,UTF8|P:12	cat0	POK,pPOK,UTF8|P:12
s10	POK,pPOK,UTF8|P:12	catx	POK,pPOK,UTF8|P:12x
s10	POK,pPOK,UTF8|P:12	copy	POK,pPOK,UTF8|P:12
s10	POK,pPOK,UTF8|P:12	dec	IOK,pIOK|N:11
s10	POK,pPOK,UTF8|P:12	fbors	POK,pPOK,UTF8|P:12
s10	POK,pPOK,UTF8|P:12	inc	POK,pPOK,UTF8|P:13
s10	POK,pPOK,UTF8|P:12	iv	IOK,POK,pIOK,pPOK,UTF8|P:12
s10	POK,pPOK,UTF8|P:12	nv	NOK,POK,pNOK,pPOK,UTF8|P:12
s10	POK,pPOK,UTF8|P:12	rng	IOK,NOK,POK,pIOK,pNOK,pPOK,UTF8|P:12
s10	POK,pPOK,UTF8|P:12	str	POK,pPOK,UTF8|P:12
s10	POK,pPOK,UTF8|P:12	utf8	POK,pPOK,UTF8|P:12
s10	POK,pPOK,UTF8|P:8	add	IOK,POK,pIOK,pPOK,UTF8|P:8
s10	POK,pPOK,UTF8|P:8	bors	POK,pPOK,UTF8|P:8
s10	POK,pPOK,UTF8|P:8	cat0	POK,pPOK,UTF8|P:8
s10	POK,pPOK,UTF8|P:8	catx	POK,pPOK,UTF8|P:8x
s10	POK,pPOK,UTF8|P:8	copy	POK,pPOK,UTF8|P:8
s10	POK,pPOK,UTF8|P:8	dec	IOK,pIOK|N:7
s10	POK,pPOK,UTF8|P:8	fbors	POK,pPOK,UTF8|P:8
s10	POK,pPOK,UTF8|P:8	inc	POK,pPOK,UTF8|P:9
s10	POK,pPOK,UTF8|P:8	iv	IOK,POK,pIOK,pPOK,UTF8|P:8
s10	POK,pPOK,UTF8|P:8	nv	NOK,POK,pNOK,pPOK,UTF8|P:8
s10	POK,pPOK,UTF8|P:8	rng	IOK,NOK,POK,pIOK,pNOK,pPOK,UTF8|P:8
s10	POK,pPOK,UTF8|P:8	str	POK,pPOK,UTF8|P:8
s10	POK,pPOK,UTF8|P:8	utf8	POK,pPOK,UTF8|P:8
s10	POK,pPOK,UTF8|P:9	add	IOK,POK,pIOK,pPOK,UTF8|P:9
s10	POK,pPOK,UTF8|P:9	bors	POK,pPOK,UTF8|P:9
s10	POK,pPOK,UTF8|P:9	cat0	POK,pPOK,UTF8|P:9
s10	POK,pPOK,UTF8|P:9	catx	POK,pPOK,UTF8|P:9x
s10	POK,pPOK,UTF8|P:9	copy	POK,pPOK,UTF8|P:9
s10	POK,pPOK,UTF8|P:9	dec	IOK,pIOK|N:8
s10	POK,pPOK,UTF8|P:9	fbors	POK,pPOK,UTF8|P:9
s10	POK,pPOK,UTF8|P:9	inc	POK,pPOK,UTF8|P:10
s10	POK,pPOK,UTF8|P:9	iv	IOK,POK,pIOK,pPOK,UTF8|P:9
s10	POK,pPOK,UTF8|P:9	nv	NOK,POK,pNOK,pPOK,UTF8|P:9
s10	POK,pPOK,UTF8|P:9	rng	IOK,NOK,POK,pIOK,pNOK,pPOK,UTF8|P:9
s10	POK,pPOK,UTF8|P:9	str	POK,pPOK,UTF8|P:9
s10	POK,pPOK,UTF8|P:9	utf8	POK,pPOK,UTF8|P:9
s10	POK,pPOK,UTF8|P:9x	add	POK,pIOK,pNOK,pPOK,UTF8|P:9x
s10	POK,pPOK,UTF8|P:9x	bors	POK,pPOK,UTF8|P:9x
s10	POK,pPOK,UTF8|P:9x	cat0	POK,pPOK,UTF8|P:9x
s10	POK,pPOK,UTF8|P:9x	catx	POK,pPOK,UTF8|P:9xx
s10	POK,pPOK,UTF8|P:9x	copy	POK,pPOK,UTF8|P:9x
s10	POK,pPOK,UTF8|P:9x	dec	NOK,pNOK|N:8
s10	POK,pPOK,UTF8|P:9x	fbors	POK,pPOK,UTF8|P:9x
s10	POK,pPOK,UTF8|P:9x	inc	NOK,pNOK|N:10
s10	POK,pPOK,UTF8|P:9x	iv	POK,pIOK,pNOK,pPOK,UTF8|P:9x
s10	POK,pPOK,UTF8|P:9x	nv	POK,pNOK,pPOK,UTF8|P:9x
s10	POK,pPOK,UTF8|P:9x	rng	POK,pPOK,UTF8|P:9x
s10	POK,pPOK,UTF8|P:9x	str	POK,pPOK,UTF8|P:9x
s10	POK,pPOK,UTF8|P:9x	utf8	POK,pPOK,UTF8|P:9x
s10	POK,pPOK|P:10	add	IOK,POK,pIOK,pPOK|P:10
s10	POK,pPOK|P:10	bors	POK,pPOK|P:10
s10	POK,pPOK|P:10	cat0	POK,pPOK|P:10
s10	POK,pPOK|P:10	catx	POK,pPOK|P:10x
s10	POK,pPOK|P:10	copy	POK,pPOK|P:10
s10	POK,pPOK|P:10	dec	IOK,pIOK|N:9
s10	POK,pPOK|P:10	fbors	POK,pPOK|P:10
s10	POK,pPOK|P:10	inc	POK,pPOK|P:11
s10	POK,pPOK|P:10	iv	IOK,POK,pIOK,pPOK|P:10
s10	POK,pPOK|P:10	nv	NOK,POK,pNOK,pPOK|P:10
s10	POK,pPOK|P:10	rng	IOK,NOK,POK,pIOK,pNOK,pPOK|P:10
s10	POK,pPOK|P:10	str	POK,pPOK|P:10
s10	POK,pPOK|P:10	utf8	POK,pPOK,UTF8|P:10
s10	POK,pPOK|P:10x	add	POK,pIOK,pNOK,pPOK|P:10x
s10	POK,pPOK|P:10x	bors	POK,pPOK|P:10x
s10	POK,pPOK|P:10x	cat0	POK,pPOK|P:10x
s10	POK,pPOK|P:10x	catx	POK,pPOK|P:10xx
s10	POK,pPOK|P:10x	copy	POK,pPOK|P:10x
s10	POK,pPOK|P:10x	dec	NOK,pNOK|N:9
s10	POK,pPOK|P:10x	fbors	POK,pPOK|P:10x
s10	POK,pPOK|P:10x	inc	NOK,pNOK|N:11
s10	POK,pPOK|P:10x	iv	POK,pIOK,pNOK,pPOK|P:10x
s10	POK,pPOK|P:10x	nv	POK,pNOK,pPOK|P:10x
s10	POK,pPOK|P:10x	rng	POK,pPOK|P:10x
s10	POK,pPOK|P:10x	str	POK,pPOK|P:10x
s10	POK,pPOK|P:10x	utf8	POK,pPOK,UTF8|P:10x
s10	POK,pPOK|P:10xx	add	POK,pIOK,pNOK,pPOK|P:10xx
s10	POK,pPOK|P:10xx	bors	POK,pPOK|P:10xx
s10	POK,pPOK|P:10xx	cat0	POK,pPOK|P:10xx
s10	POK,pPOK|P:10xx	catx	POK,pPOK|P:10xxx
s10	POK,pPOK|P:10xx	copy	POK,pPOK|P:10xx
s10	POK,pPOK|P:10xx	dec	NOK,pNOK|N:9
s10	POK,pPOK|P:10xx	fbors	POK,pPOK|P:10xx
s10	POK,pPOK|P:10xx	inc	NOK,pNOK|N:11
s10	POK,pPOK|P:10xx	iv	POK,pIOK,pNOK,pPOK|P:10xx
s10	POK,pPOK|P:10xx	nv	POK,pNOK,pPOK|P:10xx
s10	POK,pPOK|P:10xx	rng	POK,pPOK|P:10xx
s10	POK,pPOK|P:10xx	str	POK,pPOK|P:10xx
s10	POK,pPOK|P:10xx	utf8	POK,pPOK,UTF8|P:10xx
s10	POK,pPOK|P:10xxx	add	POK,pIOK,pNOK,pPOK|P:10xxx
s10	POK,pPOK|P:10xxx	bors	POK,pPOK|P:10xxx
s10	POK,pPOK|P:10xxx	cat0	POK,pPOK|P:10xxx
s10	POK,pPOK|P:10xxx	catx	POK,pPOK|P:10xxxx
s10	POK,pPOK|P:10xxx	copy	POK,pPOK|P:10xxx
s10	POK,pPOK|P:10xxx	dec	NOK,pNOK|N:9
s10	POK,pPOK|P:10xxx	fbors	POK,pPOK|P:10xxx
s10	POK,pPOK|P:10xxx	inc	NOK,pNOK|N:11
s10	POK,pPOK|P:10xxx	iv	POK,pIOK,pNOK,pPOK|P:10xxx
s10	POK,pPOK|P:10xxx	nv	POK,pNOK,pPOK|P:10xxx
s10	POK,pPOK|P:10xxx	rng	POK,pPOK|P:10xxx
s10	POK,pPOK|P:10xxx	str	POK,pPOK|P:10xxx
s10	POK,pPOK|P:10xxx	utf8	POK,pPOK,UTF8|P:10xxx
s10	POK,pPOK|P:11	add	IOK,POK,pIOK,pPOK|P:11
s10	POK,pPOK|P:11	bors	POK,pPOK|P:11
s10	POK,pPOK|P:11	cat0	POK,pPOK|P:11
s10	POK,pPOK|P:11	catx	POK,pPOK|P:11x
s10	POK,pPOK|P:11	copy	POK,pPOK|P:11
s10	POK,pPOK|P:11	dec	IOK,pIOK|N:10
s10	POK,pPOK|P:11	fbors	POK,pPOK|P:11
s10	POK,pPOK|P:11	inc	POK,pPOK|P:12
s10	POK,pPOK|P:11	iv	IOK,POK,pIOK,pPOK|P:11
s10	POK,pPOK|P:11	nv	NOK,POK,pNOK,pPOK|P:11
s10	POK,pPOK|P:11	rng	IOK,NOK,POK,pIOK,pNOK,pPOK|P:11
s10	POK,pPOK|P:11	str	POK,pPOK|P:11
s10	POK,pPOK|P:11	utf8	POK,pPOK,UTF8|P:11
s10	POK,pPOK|P:11x	add	POK,pIOK,pNOK,pPOK|P:11x
s10	POK,pPOK|P:11x	bors	POK,pPOK|P:11x
s10	POK,pPOK|P:11x	cat0	POK,pPOK|P:11x
s10	POK,pPOK|P:11x	catx	POK,pPOK|P:11xx
s10	POK,pPOK|P:11x	copy	POK,pPOK|P:11x
s10	POK,pPOK|P:11x	dec	NOK,pNOK|N:10
s10	POK,pPOK|P:11x	fbors	POK,pPOK|P:11x
s10	POK,pPOK|P:11x	inc	NOK,pNOK|N:12
s10	POK,pPOK|P:11x	iv	POK,pIOK,pNOK,pPOK|P:11x
s10	POK,pPOK|P:11x	nv	POK,pNOK,pPOK|P:11x
s10	POK,pPOK|P:11x	rng	POK,pPOK|P:11x
s10	POK,pPOK|P:11x	str	POK,pPOK|P:11x
s10	POK,pPOK|P:11x	utf8	POK,pPOK,UTF8|P:11x
s10	POK,pPOK|P:11xx	add	POK,pIOK,pNOK,pPOK|P:11xx
s10	POK,pPOK|P:11xx	bors	POK,pPOK|P:11xx
s10	POK,pPOK|P:11xx	cat0	POK,pPOK|P:11xx
s10	POK,pPOK|P:11xx	catx	POK,pPOK|P:11xxx
s10	POK,pPOK|P:11xx	copy	POK,pPOK|P:11xx
s10	POK,pPOK|P:11xx	dec	NOK,pNOK|N:10
s10	POK,pPOK|P:11xx	fbors	POK,pPOK|P:11xx
s10	POK,pPOK|P:11xx	inc	NOK,pNOK|N:12
s10	POK,pPOK|P:11xx	iv	POK,pIOK,pNOK,pPOK|P:11xx
s10	POK,pPOK|P:11xx	nv	POK,pNOK,pPOK|P:11xx
s10	POK,pPOK|P:11xx	rng	POK,pPOK|P:11xx
s10	POK,pPOK|P:11xx	str	POK,pPOK|P:11xx
s10	POK,pPOK|P:11xx	utf8	POK,pPOK,UTF8|P:11xx
s10	POK,pPOK|P:12	add	IOK,POK,pIOK,pPOK|P:12
s10	POK,pPOK|P:12	bors	POK,pPOK|P:12
s10	POK,pPOK|P:12	cat0	POK,pPOK|P:12
s10	POK,pPOK|P:12	catx	POK,pPOK|P:12x
s10	POK,pPOK|P:12	copy	POK,pPOK|P:12
s10	POK,pPOK|P:12	dec	IOK,pIOK|N:11
s10	POK,pPOK|P:12	fbors	POK,pPOK|P:12
s10	POK,pPOK|P:12	inc	POK,pPOK|P:13
s10	POK,pPOK|P:12	iv	IOK,POK,pIOK,pPOK|P:12
s10	POK,pPOK|P:12	nv	NOK,POK,pNOK,pPOK|P:12
s10	POK,pPOK|P:12	rng	IOK,NOK,POK,pIOK,pNOK,pPOK|P:12
s10	POK,pPOK|P:12	str	POK,pPOK|P:12
s10	POK,pPOK|P:12	utf8	POK,pPOK,UTF8|P:12
s10	POK,pPOK|P:12x	add	POK,pIOK,pNOK,pPOK|P:12x
s10	POK,pPOK|P:12x	bors	POK,pPOK|P:12x
s10	POK,pPOK|P:12x	cat0	POK,pPOK|P:12x
s10	POK,pPOK|P:12x	catx	POK,pPOK|P:12xx
s10	POK,pPOK|P:12x	copy	POK,pPOK|P:12x
s10	POK,pPOK|P:12x	dec	NOK,pNOK|N:11
s10	POK,pPOK|P:12x	fbors	POK,pPOK|P:12x
s10	POK,pPOK|P:12x	inc	NOK,pNOK|N:13
s10	POK,pPOK|P:12x	iv	POK,pIOK,pNOK,pPOK|P:12x
s10	POK,pPOK|P:12x	nv	POK,pNOK,pPOK|P:12x
s10	POK,pPOK|P:12x	rng	POK,pPOK|P:12x
s10	POK,pPOK|P:12x	str	POK,pPOK|P:12x
s10	POK,pPOK|P:12x	utf8	POK,pPOK,UTF8|P:12x
s10	POK,pPOK|P:13	add	IOK,POK,pIOK,pPOK|P:13
s10	POK,pPOK|P:13	bors	POK,pPOK|P:13
s10	POK,pPOK|P:13	cat0	POK,pPOK|P:13
s10	POK,pPOK|P:13	catx	POK,pPOK|P:13x
s10	POK,pPOK|P:13	copy	POK,pPOK|P:13
s10	POK,pPOK|P:13	dec	IOK,pIOK|N:12
s10	POK,pPOK|P:13	fbors	POK,pPOK|P:13
s10	POK,pPOK|P:13	inc	POK,pPOK|P:14
s10	POK,pPOK|P:13	iv	IOK,POK,pIOK,pPOK|P:13
s10	POK,pPOK|P:13	nv	NOK,POK,pNOK,pPOK|P:13
s10	POK,pPOK|P:13	rng	IOK,NOK,POK,pIOK,pNOK,pPOK|P:13
s10	POK,pPOK|P:13	str	POK,pPOK|P:13
s10	POK,pPOK|P:13	utf8	POK,pPOK,UTF8|P:13
s10	POK,pPOK|P:8	add	IOK,POK,pIOK,pPOK|P:8
s10	POK,pPOK|P:8	bors	POK,pPOK|P:8
s10	POK,pPOK|P:8	cat0	POK,pPOK|P:8
s10	POK,pPOK|P:8	catx	POK,pPOK|P:8x
s10	POK,pPOK|P:8	copy	POK,pPOK|P:8
s10	POK,pPOK|P:8	dec	IOK,pIOK|N:7
s10	POK,pPOK|P:8	fbors	POK,pPOK|P:8
s10	POK,pPOK|P:8	inc	POK,pPOK|P:9
s10	POK,pPOK|P:8	iv	IOK,POK,pIOK,pPOK|P:8
s10	POK,pPOK|P:8	nv	NOK,POK,pNOK,pPOK|P:8
s10	POK,pPOK|P:8	rng	IOK,NOK,POK,pIOK,pNOK,pPOK|P:8
s10	POK,pPOK|P:8	str	POK,pPOK|P:8
s10	POK,pPOK|P:8	utf8	POK,pPOK,UTF8|P:8
s10	POK,pPOK|P:8x	add	POK,pIOK,pNOK,pPOK|P:8x
s10	POK,pPOK|P:8x	bors	POK,pPOK|P:8x
s10	POK,pPOK|P:8x	cat0	POK,pPOK|P:8x
s10	POK,pPOK|P:8x	catx	POK,pPOK|P:8xx
s10	POK,pPOK|P:8x	copy	POK,pPOK|P:8x
s10	POK,pPOK|P:8x	dec	NOK,pNOK|N:7
s10	POK,pPOK|P:8x	fbors	POK,pPOK|P:8x
s10	POK,pPOK|P:8x	inc	NOK,pNOK|N:9
s10	POK,pPOK|P:8x	iv	POK,pIOK,pNOK,pPOK|P:8x
s10	POK,pPOK|P:8x	nv	POK,pNOK,pPOK|P:8x
s10	POK,pPOK|P:8x	rng	POK,pPOK|P:8x
s10	POK,pPOK|P:8x	str	POK,pPOK|P:8x
s10	POK,pPOK|P:8x	utf8	POK,pPOK,UTF8|P:8x
s10	POK,pPOK|P:9	add	IOK,POK,pIOK,pPOK|P:9
s10	POK,pPOK|P:9	bors	POK,pPOK|P:9
s10	POK,pPOK|P:9	cat0	POK,pPOK|P:9
s10	POK,pPOK|P:9	catx	POK,pPOK|P:9x
s10	POK,pPOK|P:9	copy	POK,pPOK|P:9
s10	POK,pPOK|P:9	dec	IOK,pIOK|N:8
s10	POK,pPOK|P:9	fbors	POK,pPOK|P:9
s10	POK,pPOK|P:9	inc	POK,pPOK|P:10
s10	POK,pPOK|P:9	iv	IOK,POK,pIOK,pPOK|P:9
s10	POK,pPOK|P:9	nv	NOK,POK,pNOK,pPOK|P:9
s10	POK,pPOK|P:9	rng	IOK,NOK,POK,pIOK,pNOK,pPOK|P:9
s10	POK,pPOK|P:9	str	POK,pPOK|P:9
s10	POK,pPOK|P:9	utf8	POK,pPOK,UTF8|P:9
s10	POK,pPOK|P:9x	add	POK,pIOK,pNOK,pPOK|P:9x
s10	POK,pPOK|P:9x	bors	POK,pPOK|P:9x
s10	POK,pPOK|P:9x	cat0	POK,pPOK|P:9x
s10	POK,pPOK|P:9x	catx	POK,pPOK|P:9xx
s10	POK,pPOK|P:9x	copy	POK,pPOK|P:9x
s10	POK,pPOK|P:9x	dec	NOK,pNOK|N:8
s10	POK,pPOK|P:9x	fbors	POK,pPOK|P:9x
s10	POK,pPOK|P:9x	inc	NOK,pNOK|N:10
s10	POK,pPOK|P:9x	iv	POK,pIOK,pNOK,pPOK|P:9x
s10	POK,pPOK|P:9x	nv	POK,pNOK,pPOK|P:9x
s10	POK,pPOK|P:9x	rng	POK,pPOK|P:9x
s10	POK,pPOK|P:9x	str	POK,pPOK|P:9x
s10	POK,pPOK|P:9x	utf8	POK,pPOK,UTF8|P:9x
s10	POK,pPOK|P:9xx	add	POK,pIOK,pNOK,pPOK|P:9xx
s10	POK,pPOK|P:9xx	bors	POK,pPOK|P:9xx
s10	POK,pPOK|P:9xx	cat0	POK,pPOK|P:9xx
s10	POK,pPOK|P:9xx	catx	POK,pPOK|P:9xxx
s10	POK,pPOK|P:9xx	copy	POK,pPOK|P:9xx
s10	POK,pPOK|P:9xx	dec	NOK,pNOK|N:8
s10	POK,pPOK|P:9xx	fbors	POK,pPOK|P:9xx
s10	POK,pPOK|P:9xx	inc	NOK,pNOK|N:10
s10	POK,pPOK|P:9xx	iv	POK,pIOK,pNOK,pPOK|P:9xx
s10	POK,pPOK|P:9xx	nv	POK,pNOK,pPOK|P:9xx
s10	POK,pPOK|P:9xx	rng	POK,pPOK|P:9xx
s10	POK,pPOK|P:9xx	str	POK,pPOK|P:9xx
s10	POK,pPOK|P:9xx	utf8	POK,pPOK,UTF8|P:9xx
s12x	IOK,NOK,POK,pIOK,pNOK,pPOK,UTF8|P:11	add	IOK,NOK,POK,pIOK,pNOK,pPOK,UTF8|P:11
s12x	IOK,NOK,POK,pIOK,pNOK,pPOK,UTF8|P:11	bors	IOK,NOK,POK,pIOK,pNOK,pPOK,UTF8|P:11
s12x	IOK,NOK,POK,pIOK,pNOK,pPOK,UTF8|P:11	cat0	POK,pPOK,UTF8|P:11
s12x	IOK,NOK,POK,pIOK,pNOK,pPOK,UTF8|P:11	catx	POK,pPOK,UTF8|P:11x
s12x	IOK,NOK,POK,pIOK,pNOK,pPOK,UTF8|P:11	copy	IOK,NOK,POK,pIOK,pNOK,pPOK,UTF8|P:11
s12x	IOK,NOK,POK,pIOK,pNOK,pPOK,UTF8|P:11	dec	IOK,pIOK|N:10
s12x	IOK,NOK,POK,pIOK,pNOK,pPOK,UTF8|P:11	fbors	IOK,NOK,POK,pIOK,pNOK,pPOK,UTF8|P:11
s12x	IOK,NOK,POK,pIOK,pNOK,pPOK,UTF8|P:11	inc	IOK,pIOK|N:12
s12x	IOK,NOK,POK,pIOK,pNOK,pPOK,UTF8|P:11	iv	IOK,NOK,POK,pIOK,pNOK,pPOK,UTF8|P:11
s12x	IOK,NOK,POK,pIOK,pNOK,pPOK,UTF8|P:11	nv	IOK,NOK,POK,pIOK,pNOK,pPOK,UTF8|P:11
s12x	IOK,NOK,POK,pIOK,pNOK,pPOK,UTF8|P:11	rng	IOK,NOK,POK,pIOK,pNOK,pPOK,UTF8|P:11
s12x	IOK,NOK,POK,pIOK,pNOK,pPOK,UTF8|P:11	str	IOK,NOK,POK,pIOK,pNOK,pPOK,UTF8|P:11
s12x	IOK,NOK,POK,pIOK,pNOK,pPOK,UTF8|P:11	utf8	IOK,NOK,POK,pIOK,pNOK,pPOK,UTF8|P:11
s12x	IOK,NOK,POK,pIOK,pNOK,pPOK,UTF8|P:13	add	IOK,NOK,POK,pIOK,pNOK,pPOK,UTF8|P:13
s12x	IOK,NOK,POK,pIOK,pNOK,pPOK,UTF8|P:13	bors	IOK,NOK,POK,pIOK,pNOK,pPOK,UTF8|P:13
s12x	IOK,NOK,POK,pIOK,pNOK,pPOK,UTF8|P:13	cat0	POK,pPOK,UTF8|P:13
s12x	IOK,NOK,POK,pIOK,pNOK,pPOK,UTF8|P:13	catx	POK,pPOK,UTF8|P:13x
s12x	IOK,NOK,POK,pIOK,pNOK,pPOK,UTF8|P:13	copy	IOK,NOK,POK,pIOK,pNOK,pPOK,UTF8|P:13
s12x	IOK,NOK,POK,pIOK,pNOK,pPOK,UTF8|P:13	dec	IOK,pIOK|N:12
s12x	IOK,NOK,POK,pIOK,pNOK,pPOK,UTF8|P:13	fbors	IOK,NOK,POK,pIOK,pNOK,pPOK,UTF8|P:13
s12x	IOK,NOK,POK,pIOK,pNOK,pPOK,UTF8|P:13	inc	IOK,pIOK|N:14
s12x	IOK,NOK,POK,pIOK,pNOK,pPOK,UTF8|P:13	iv	IOK,NOK,POK,pIOK,pNOK,pPOK,UTF8|P:13
s12x	IOK,NOK,POK,pIOK,pNOK,pPOK,UTF8|P:13	nv	IOK,NOK,POK,pIOK,pNOK,pPOK,UTF8|P:13
s12x	IOK,NOK,POK,pIOK,pNOK,pPOK,UTF8|P:13	rng	IOK,NOK,POK,pIOK,pNOK,pPOK,UTF8|P:13
s12x	IOK,NOK,POK,pIOK,pNOK,pPOK,UTF8|P:13	str	IOK,NOK,POK,pIOK,pNOK,pPOK,UTF8|P:13
s12x	IOK,NOK,POK,pIOK,pNOK,pPOK,UTF8|P:13	utf8	IOK,NOK,POK,pIOK,pNOK,pPOK,UTF8|P:13
s12x	IOK,NOK,POK,pIOK,pNOK,pPOK|P:11	add	IOK,NOK,POK,pIOK,pNOK,pPOK|P:11
s12x	IOK,NOK,POK,pIOK,pNOK,pPOK|P:11	bors	IOK,NOK,POK,pIOK,pNOK,pPOK|P:11
s12x	IOK,NOK,POK,pIOK,pNOK,pPOK|P:11	cat0	POK,pPOK|P:11
s12x	IOK,NOK,POK,pIOK,pNOK,pPOK|P:11	catx	POK,pPOK|P:11x
s12x	IOK,NOK,POK,pIOK,pNOK,pPOK|P:11	copy	IOK,NOK,POK,pIOK,pNOK,pPOK|P:11
s12x	IOK,NOK,POK,pIOK,pNOK,pPOK|P:11	dec	IOK,pIOK|N:10
s12x	IOK,NOK,POK,pIOK,pNOK,pPOK|P:11	fbors	IOK,NOK,POK,pIOK,pNOK,pPOK|P:11
s12x	IOK,NOK,POK,pIOK,pNOK,pPOK|P:11	inc	IOK,pIOK|N:12
s12x	IOK,NOK,POK,pIOK,pNOK,pPOK|P:11	iv	IOK,NOK,POK,pIOK,pNOK,pPOK|P:11
s12x	IOK,NOK,POK,pIOK,pNOK,pPOK|P:11	nv	IOK,NOK,POK,pIOK,pNOK,pPOK|P:11
s12x	IOK,NOK,POK,pIOK,pNOK,pPOK|P:11	rng	IOK,NOK,POK,pIOK,pNOK,pPOK|P:11
s12x	IOK,NOK,POK,pIOK,pNOK,pPOK|P:11	str	IOK,NOK,POK,pIOK,pNOK,pPOK|P:11
s12x	IOK,NOK,POK,pIOK,pNOK,pPOK|P:11	utf8	IOK,NOK,POK,pIOK,pNOK,pPOK,UTF8|P:11
s12x	IOK,NOK,POK,pIOK,pNOK,pPOK|P:13	add	IOK,NOK,POK,pIOK,pNOK,pPOK|P:13
s12x	IOK,NOK,POK,pIOK,pNOK,pPOK|P:13	bors	IOK,NOK,POK,pIOK,pNOK,pPOK|P:13
s12x	IOK,NOK,POK,pIOK,pNOK,pPOK|P:13	cat0	POK,pPOK|P:13
s12x	IOK,NOK,POK,pIOK,pNOK,pPOK|P:13	catx	POK,pPOK|P:13x
s12x	IOK,NOK,POK,pIOK,pNOK,pPOK|P:13	copy	IOK,NOK,POK,pIOK,pNOK,pPOK|P:13
s12x	IOK,NOK,POK,pIOK,pNOK,pPOK|P:13	dec	IOK,pIOK|N:12
s12x	IOK,NOK,POK,pIOK,pNOK,pPOK|P:13	fbors	IOK,NOK,POK,pIOK,pNOK,pPOK|P:13
s12x	IOK,NOK,POK,pIOK,pNOK,pPOK|P:13	inc	IOK,pIOK|N:14
s12x	IOK,NOK,POK,pIOK,pNOK,pPOK|P:13	iv	IOK,NOK,POK,pIOK,pNOK,pPOK|P:13
s12x	IOK,NOK,POK,pIOK,pNOK,pPOK|P:13	nv	IOK,NOK,POK,pIOK,pNOK,pPOK|P:13
s12x	IOK,NOK,POK,pIOK,pNOK,pPOK|P:13	rng	IOK,NOK,POK,pIOK,pNOK,pPOK|P:13
s12x	IOK,NOK,POK,pIOK,pNOK,pPOK|P:13	str	IOK,NOK,POK,pIOK,pNOK,pPOK|P:13
s12x	IOK,NOK,POK,pIOK,pNOK,pPOK|P:13	utf8	IOK,NOK,POK,pIOK,pNOK,pPOK,UTF8|P:13
s12x	IOK,NOK,pIOK,pNOK,pPOK|N:11	add	IOK,NOK,pIOK,pNOK,pPOK|N:11
s12x	IOK,NOK,pIOK,pNOK,pPOK|N:11	bors	IOK,NOK,pIOK,pNOK,pPOK|N:11
s12x	IOK,NOK,pIOK,pNOK,pPOK|N:11	cat0	POK,pPOK|P:11
s12x	IOK,NOK,pIOK,pNOK,pPOK|N:11	catx	POK,pPOK|P:11x
s12x	IOK,NOK,pIOK,pNOK,pPOK|N:11	copy	IOK,NOK,pIOK,pNOK,pPOK|N:11
s12x	IOK,NOK,pIOK,pNOK,pPOK|N:11	dec	IOK,pIOK|N:10
s12x	IOK,NOK,pIOK,pNOK,pPOK|N:11	fbors	IOK,NOK,pIOK,pNOK,pPOK|N:11
s12x	IOK,NOK,pIOK,pNOK,pPOK|N:11	inc	IOK,pIOK|N:12
s12x	IOK,NOK,pIOK,pNOK,pPOK|N:11	iv	IOK,NOK,pIOK,pNOK,pPOK|N:11
s12x	IOK,NOK,pIOK,pNOK,pPOK|N:11	nv	IOK,NOK,pIOK,pNOK,pPOK|N:11
s12x	IOK,NOK,pIOK,pNOK,pPOK|N:11	rng	IOK,NOK,pIOK,pNOK,pPOK|N:11
s12x	IOK,NOK,pIOK,pNOK,pPOK|N:11	str	IOK,NOK,pIOK,pNOK,pPOK|N:11
s12x	IOK,NOK,pIOK,pNOK,pPOK|N:11	utf8	POK,pPOK,UTF8|P:11
s12x	IOK,NOK,pIOK,pNOK,pPOK|N:13	add	IOK,NOK,pIOK,pNOK,pPOK|N:13
s12x	IOK,NOK,pIOK,pNOK,pPOK|N:13	bors	IOK,NOK,pIOK,pNOK,pPOK|N:13
s12x	IOK,NOK,pIOK,pNOK,pPOK|N:13	cat0	POK,pPOK|P:13
s12x	IOK,NOK,pIOK,pNOK,pPOK|N:13	catx	POK,pPOK|P:13x
s12x	IOK,NOK,pIOK,pNOK,pPOK|N:13	copy	IOK,NOK,pIOK,pNOK,pPOK|N:13
s12x	IOK,NOK,pIOK,pNOK,pPOK|N:13	dec	IOK,pIOK|N:12
s12x	IOK,NOK,pIOK,pNOK,pPOK|N:13	fbors	IOK,NOK,pIOK,pNOK,pPOK|N:13
s12x	IOK,NOK,pIOK,pNOK,pPOK|N:13	inc	IOK,pIOK|N:14
s12x	IOK,NOK,pIOK,pNOK,pPOK|N:13	iv	IOK,NOK,pIOK,pNOK,pPOK|N:13
s12x	IOK,NOK,pIOK,pNOK,pPOK|N:13	nv	IOK,NOK,pIOK,pNOK,pPOK|N:13
s12x	IOK,NOK,pIOK,pNOK,pPOK|N:13	rng	IOK,NOK,pIOK,pNOK,pPOK|N:13
s12x	IOK,NOK,pIOK,pNOK,pPOK|N:13	str	IOK,NOK,pIOK,pNOK,pPOK|N:13
s12x	IOK,NOK,pIOK,pNOK,pPOK|N:13	utf8	POK,pPOK,UTF8|P:13
s12x	IOK,NOK,pIOK,pNOK|N:10	add	IOK,NOK,pIOK,pNOK|N:10
s12x	IOK,NOK,pIOK,pNOK|N:10	bors	IOK,NOK,pIOK,pNOK|N:10
s12x	IOK,NOK,pIOK,pNOK|N:10	cat0	POK,pPOK|P:10
s12x	IOK,NOK,pIOK,pNOK|N:10	catx	POK,pPOK|P:10x
s12x	IOK,NOK,pIOK,pNOK|N:10	copy	IOK,NOK,pIOK,pNOK|N:10
s12x	IOK,NOK,pIOK,pNOK|N:10	dec	IOK,pIOK|N:9
s12x	IOK,NOK,pIOK,pNOK|N:10	fbors	IOK,NOK,pIOK,pNOK,pPOK|N:10
s12x	IOK,NOK,pIOK,pNOK|N:10	inc	IOK,pIOK|N:11
s12x	IOK,NOK,pIOK,pNOK|N:10	iv	IOK,NOK,pIOK,pNOK|N:10
s12x	IOK,NOK,pIOK,pNOK|N:10	nv	IOK,NOK,pIOK,pNOK|N:10
s12x	IOK,NOK,pIOK,pNOK|N:10	rng	IOK,NOK,pIOK,pNOK|N:10
s12x	IOK,NOK,pIOK,pNOK|N:10	str	IOK,NOK,pIOK,pNOK,pPOK|N:10
s12x	IOK,NOK,pIOK,pNOK|N:10	utf8	POK,pPOK,UTF8|P:10
s12x	IOK,NOK,pIOK,pNOK|N:11	add	IOK,NOK,pIOK,pNOK|N:11
s12x	IOK,NOK,pIOK,pNOK|N:11	bors	IOK,NOK,pIOK,pNOK|N:11
s12x	IOK,NOK,pIOK,pNOK|N:11	cat0	POK,pPOK|P:11
s12x	IOK,NOK,pIOK,pNOK|N:11	catx	POK,pPOK|P:11x
s12x	IOK,NOK,pIOK,pNOK|N:11	copy	IOK,NOK,pIOK,pNOK|N:11
s12x	IOK,NOK,pIOK,pNOK|N:11	dec	IOK,pIOK|N:10
s12x	IOK,NOK,pIOK,pNOK|N:11	fbors	IOK,NOK,pIOK,pNOK,pPOK|N:11
s12x	IOK,NOK,pIOK,pNOK|N:11	inc	IOK,pIOK|N:12
s12x	IOK,NOK,pIOK,pNOK|N:11	iv	IOK,NOK,pIOK,pNOK|N:11
s12x	IOK,NOK,pIOK,pNOK|N:11	nv	IOK,NOK,pIOK,pNOK|N:11
s12x	IOK,NOK,pIOK,pNOK|N:11	rng	IOK,NOK,pIOK,pNOK|N:11
s12x	IOK,NOK,pIOK,pNOK|N:11	str	IOK,NOK,pIOK,pNOK,pPOK|N:11
s12x	IOK,NOK,pIOK,pNOK|N:11	utf8	POK,pPOK,UTF8|P:11
s12x	IOK,NOK,pIOK,pNOK|N:12	add	IOK,NOK,pIOK,pNOK|N:12
s12x	IOK,NOK,pIOK,pNOK|N:12	bors	IOK,NOK,pIOK,pNOK|N:12
s12x	IOK,NOK,pIOK,pNOK|N:12	cat0	POK,pPOK|P:12
s12x	IOK,NOK,pIOK,pNOK|N:12	catx	POK,pPOK|P:12x
s12x	IOK,NOK,pIOK,pNOK|N:12	copy	IOK,NOK,pIOK,pNOK|N:12
s12x	IOK,NOK,pIOK,pNOK|N:12	dec	IOK,pIOK|N:11
s12x	IOK,NOK,pIOK,pNOK|N:12	fbors	IOK,NOK,pIOK,pNOK,pPOK|N:12
s12x	IOK,NOK,pIOK,pNOK|N:12	inc	IOK,pIOK|N:13
s12x	IOK,NOK,pIOK,pNOK|N:12	iv	IOK,NOK,pIOK,pNOK|N:12
s12x	IOK,NOK,pIOK,pNOK|N:12	nv	IOK,NOK,pIOK,pNOK|N:12
s12x	IOK,NOK,pIOK,pNOK|N:12	rng	IOK,NOK,pIOK,pNOK|N:12
s12x	IOK,NOK,pIOK,pNOK|N:12	str	IOK,NOK,pIOK,pNOK,pPOK|N:12
s12x	IOK,NOK,pIOK,pNOK|N:12	utf8	POK,pPOK,UTF8|P:12
s12x	IOK,NOK,pIOK,pNOK|N:13	add	IOK,NOK,pIOK,pNOK|N:13
s12x	IOK,NOK,pIOK,pNOK|N:13	bors	IOK,NOK,pIOK,pNOK|N:13
s12x	IOK,NOK,pIOK,pNOK|N:13	cat0	POK,pPOK|P:13
s12x	IOK,NOK,pIOK,pNOK|N:13	catx	POK,pPOK|P:13x
s12x	IOK,NOK,pIOK,pNOK|N:13	copy	IOK,NOK,pIOK,pNOK|N:13
s12x	IOK,NOK,pIOK,pNOK|N:13	dec	IOK,pIOK|N:12
s12x	IOK,NOK,pIOK,pNOK|N:13	fbors	IOK,NOK,pIOK,pNOK,pPOK|N:13
s12x	IOK,NOK,pIOK,pNOK|N:13	inc	IOK,pIOK|N:14
s12x	IOK,NOK,pIOK,pNOK|N:13	iv	IOK,NOK,pIOK,pNOK|N:13
s12x	IOK,NOK,pIOK,pNOK|N:13	nv	IOK,NOK,pIOK,pNOK|N:13
s12x	IOK,NOK,pIOK,pNOK|N:13	rng	IOK,NOK,pIOK,pNOK|N:13
s12x	IOK,NOK,pIOK,pNOK|N:13	str	IOK,NOK,pIOK,pNOK,pPOK|N:13
s12x	IOK,NOK,pIOK,pNOK|N:13	utf8	POK,pPOK,UTF8|P:13
s12x	IOK,NOK,pIOK,pNOK|N:14	add	IOK,NOK,pIOK,pNOK|N:14
s12x	IOK,NOK,pIOK,pNOK|N:14	bors	IOK,NOK,pIOK,pNOK|N:14
s12x	IOK,NOK,pIOK,pNOK|N:14	cat0	POK,pPOK|P:14
s12x	IOK,NOK,pIOK,pNOK|N:14	catx	POK,pPOK|P:14x
s12x	IOK,NOK,pIOK,pNOK|N:14	copy	IOK,NOK,pIOK,pNOK|N:14
s12x	IOK,NOK,pIOK,pNOK|N:14	dec	IOK,pIOK|N:13
s12x	IOK,NOK,pIOK,pNOK|N:14	fbors	IOK,NOK,pIOK,pNOK,pPOK|N:14
s12x	IOK,NOK,pIOK,pNOK|N:14	inc	IOK,pIOK|N:15
s12x	IOK,NOK,pIOK,pNOK|N:14	iv	IOK,NOK,pIOK,pNOK|N:14
s12x	IOK,NOK,pIOK,pNOK|N:14	nv	IOK,NOK,pIOK,pNOK|N:14
s12x	IOK,NOK,pIOK,pNOK|N:14	rng	IOK,NOK,pIOK,pNOK|N:14
s12x	IOK,NOK,pIOK,pNOK|N:14	str	IOK,NOK,pIOK,pNOK,pPOK|N:14
s12x	IOK,NOK,pIOK,pNOK|N:14	utf8	POK,pPOK,UTF8|P:14
s12x	IOK,POK,pIOK,pPOK,UTF8|P:11	add	IOK,POK,pIOK,pPOK,UTF8|P:11
s12x	IOK,POK,pIOK,pPOK,UTF8|P:11	bors	IOK,POK,pIOK,pPOK,UTF8|P:11
s12x	IOK,POK,pIOK,pPOK,UTF8|P:11	cat0	POK,pPOK,UTF8|P:11
s12x	IOK,POK,pIOK,pPOK,UTF8|P:11	catx	POK,pPOK,UTF8|P:11x
s12x	IOK,POK,pIOK,pPOK,UTF8|P:11	copy	IOK,POK,pIOK,pPOK,UTF8|P:11
s12x	IOK,POK,pIOK,pPOK,UTF8|P:11	dec	IOK,pIOK|N:10
s12x	IOK,POK,pIOK,pPOK,UTF8|P:11	fbors	IOK,POK,pIOK,pPOK,UTF8|P:11
s12x	IOK,POK,pIOK,pPOK,UTF8|P:11	inc	IOK,pIOK|N:12
s12x	IOK,POK,pIOK,pPOK,UTF8|P:11	iv	IOK,POK,pIOK,pPOK,UTF8|P:11
s12x	IOK,POK,pIOK,pPOK,UTF8|P:11	nv	IOK,NOK,POK,pIOK,pNOK,pPOK,UTF8|P:11
s12x	IOK,POK,pIOK,pPOK,UTF8|P:11	rng	IOK,POK,pIOK,pPOK,UTF8|P:11
s12x	IOK,POK,pIOK,pPOK,UTF8|P:11	str	IOK,POK,pIOK,pPOK,UTF8|P:11
s12x	IOK,POK,pIOK,pPOK,UTF8|P:11	utf8	IOK,POK,pIOK,pPOK,UTF8|P:11
s12x	IOK,POK,pIOK,pPOK,UTF8|P:13	add	IOK,POK,pIOK,pPOK,UTF8|P:13
s12x	IOK,POK,pIOK,pPOK,UTF8|P:13	bors	IOK,POK,pIOK,pPOK,UTF8|P:13
s12x	IOK,POK,pIOK,pPOK,UTF8|P:13	cat0	POK,pPOK,UTF8|P:13
s12x	IOK,POK,pIOK,pPOK,UTF8|P:13	catx	POK,pPOK,UTF8|P:13x
s12x	IOK,POK,pIOK,pPOK,UTF8|P:13	copy	IOK,POK,pIOK,pPOK,UTF8|P:13
s12x	IOK,POK,pIOK,pPOK,UTF8|P:13	dec	IOK,pIOK|N:12
s12x	IOK,POK,pIOK,pPOK,UTF8|P:13	fbors	IOK,POK,pIOK,pPOK,UTF8|P:13
s12x	IOK,POK,pIOK,pPOK,UTF8|P:13	inc	IOK,pIOK|N:14
s12x	IOK,POK,pIOK,pPOK,UTF8|P:13	iv	IOK,POK,pIOK,pPOK,UTF8|P:13
s12x	IOK,POK,pIOK,pPOK,UTF8|P:13	nv	IOK,NOK,POK,pIOK,pNOK,pPOK,UTF8|P:13
s12x	IOK,POK,pIOK,pPOK,UTF8|P:13	rng	IOK,POK,pIOK,pPOK,UTF8|P:13
s12x	IOK,POK,pIOK,pPOK,UTF8|P:13	str	IOK,POK,pIOK,pPOK,UTF8|P:13
s12x	IOK,POK,pIOK,pPOK,UTF8|P:13	utf8	IOK,POK,pIOK,pPOK,UTF8|P:13
s12x	IOK,POK,pIOK,pPOK|P:11	add	IOK,POK,pIOK,pPOK|P:11
s12x	IOK,POK,pIOK,pPOK|P:11	bors	IOK,POK,pIOK,pPOK|P:11
s12x	IOK,POK,pIOK,pPOK|P:11	cat0	POK,pPOK|P:11
s12x	IOK,POK,pIOK,pPOK|P:11	catx	POK,pPOK|P:11x
s12x	IOK,POK,pIOK,pPOK|P:11	copy	IOK,POK,pIOK,pPOK|P:11
s12x	IOK,POK,pIOK,pPOK|P:11	dec	IOK,pIOK|N:10
s12x	IOK,POK,pIOK,pPOK|P:11	fbors	IOK,POK,pIOK,pPOK|P:11
s12x	IOK,POK,pIOK,pPOK|P:11	inc	IOK,pIOK|N:12
s12x	IOK,POK,pIOK,pPOK|P:11	iv	IOK,POK,pIOK,pPOK|P:11
s12x	IOK,POK,pIOK,pPOK|P:11	nv	IOK,NOK,POK,pIOK,pNOK,pPOK|P:11
s12x	IOK,POK,pIOK,pPOK|P:11	rng	IOK,POK,pIOK,pPOK|P:11
s12x	IOK,POK,pIOK,pPOK|P:11	str	IOK,POK,pIOK,pPOK|P:11
s12x	IOK,POK,pIOK,pPOK|P:11	utf8	IOK,POK,pIOK,pPOK,UTF8|P:11
s12x	IOK,POK,pIOK,pPOK|P:13	add	IOK,POK,pIOK,pPOK|P:13
s12x	IOK,POK,pIOK,pPOK|P:13	bors	IOK,POK,pIOK,pPOK|P:13
s12x	IOK,POK,pIOK,pPOK|P:13	cat0	POK,pPOK|P:13
s12x	IOK,POK,pIOK,pPOK|P:13	catx	POK,pPOK|P:13x
s12x	IOK,POK,pIOK,pPOK|P:13	copy	IOK,POK,pIOK,pPOK|P:13
s12x	IOK,POK,pIOK,pPOK|P:13	dec	IOK,pIOK|N:12
s12x	IOK,POK,pIOK,pPOK|P:13	fbors	IOK,POK,pIOK,pPOK|P:13
s12x	IOK,POK,pIOK,pPOK|P:13	inc	IOK,pIOK|N:14
s12x	IOK,POK,pIOK,pPOK|P:13	iv	IOK,POK,pIOK,pPOK|P:13
s12x	IOK,POK,pIOK,pPOK|P:13	nv	IOK,NOK,POK,pIOK,pNOK,pPOK|P:13
s12x	IOK,POK,pIOK,pPOK|P:13	rng	IOK,POK,pIOK,pPOK|P:13
s12x	IOK,POK,pIOK,pPOK|P:13	str	IOK,POK,pIOK,pPOK|P:13
s12x	IOK,POK,pIOK,pPOK|P:13	utf8	IOK,POK,pIOK,pPOK,UTF8|P:13
s12x	IOK,pIOK,pPOK|N:12	add	IOK,pIOK,pPOK|N:12
s12x	IOK,pIOK,pPOK|N:12	bors	IOK,pIOK,pPOK|N:12
s12x	IOK,pIOK,pPOK|N:12	cat0	POK,pPOK|P:12
s12x	IOK,pIOK,pPOK|N:12	catx	POK,pPOK|P:12x
s12x	IOK,pIOK,pPOK|N:12	copy	IOK,pIOK,pPOK|N:12
s12x	IOK,pIOK,pPOK|N:12	dec	IOK,pIOK|N:11
s12x	IOK,pIOK,pPOK|N:12	fbors	IOK,pIOK,pPOK|N:12
s12x	IOK,pIOK,pPOK|N:12	inc	IOK,pIOK|N:13
s12x	IOK,pIOK,pPOK|N:12	iv	IOK,pIOK,pPOK|N:12
s12x	IOK,pIOK,pPOK|N:12	nv	IOK,NOK,pIOK,pNOK,pPOK|N:12
s12x	IOK,pIOK,pPOK|N:12	rng	IOK,pIOK,pPOK|N:12
s12x	IOK,pIOK,pPOK|N:12	str	IOK,pIOK,pPOK|N:12
s12x	IOK,pIOK,pPOK|N:12	utf8	POK,pPOK,UTF8|P:12
s12x	IOK,pIOK,pPOK|N:14	add	IOK,pIOK,pPOK|N:14
s12x	IOK,pIOK,pPOK|N:14	bors	IOK,pIOK,pPOK|N:14
s12x	IOK,pIOK,pPOK|N:14	cat0	POK,pPOK|P:14
s12x	IOK,pIOK,pPOK|N:14	catx	POK,pPOK|P:14x
s12x	IOK,pIOK,pPOK|N:14	copy	IOK,pIOK,pPOK|N:14
s12x	IOK,pIOK,pPOK|N:14	dec	IOK,pIOK|N:13
s12x	IOK,pIOK,pPOK|N:14	fbors	IOK,pIOK,pPOK|N:14
s12x	IOK,pIOK,pPOK|N:14	inc	IOK,pIOK|N:15
s12x	IOK,pIOK,pPOK|N:14	iv	IOK,pIOK,pPOK|N:14
s12x	IOK,pIOK,pPOK|N:14	nv	IOK,NOK,pIOK,pNOK,pPOK|N:14
s12x	IOK,pIOK,pPOK|N:14	rng	IOK,pIOK,pPOK|N:14
s12x	IOK,pIOK,pPOK|N:14	str	IOK,pIOK,pPOK|N:14
s12x	IOK,pIOK,pPOK|N:14	utf8	POK,pPOK,UTF8|P:14
s12x	IOK,pIOK|N:10	add	IOK,pIOK|N:10
s12x	IOK,pIOK|N:10	bors	IOK,pIOK|N:10
s12x	IOK,pIOK|N:10	cat0	POK,pPOK|P:10
s12x	IOK,pIOK|N:10	catx	POK,pPOK|P:10x
s12x	IOK,pIOK|N:10	copy	IOK,pIOK|N:10
s12x	IOK,pIOK|N:10	dec	IOK,pIOK|N:9
s12x	IOK,pIOK|N:10	fbors	IOK,pIOK,pPOK|N:10
s12x	IOK,pIOK|N:10	inc	IOK,pIOK|N:11
s12x	IOK,pIOK|N:10	iv	IOK,pIOK|N:10
s12x	IOK,pIOK|N:10	nv	IOK,NOK,pIOK,pNOK|N:10
s12x	IOK,pIOK|N:10	rng	IOK,pIOK|N:10
s12x	IOK,pIOK|N:10	str	IOK,pIOK,pPOK|N:10
s12x	IOK,pIOK|N:10	utf8	POK,pPOK,UTF8|P:10
s12x	IOK,pIOK|N:11	add	IOK,pIOK|N:11
s12x	IOK,pIOK|N:11	bors	IOK,pIOK|N:11
s12x	IOK,pIOK|N:11	cat0	POK,pPOK|P:11
s12x	IOK,pIOK|N:11	catx	POK,pPOK|P:11x
s12x	IOK,pIOK|N:11	copy	IOK,pIOK|N:11
s12x	IOK,pIOK|N:11	dec	IOK,pIOK|N:10
s12x	IOK,pIOK|N:11	fbors	IOK,pIOK,pPOK|N:11
s12x	IOK,pIOK|N:11	inc	IOK,pIOK|N:12
s12x	IOK,pIOK|N:11	iv	IOK,pIOK|N:11
s12x	IOK,pIOK|N:11	nv	IOK,NOK,pIOK,pNOK|N:11
s12x	IOK,pIOK|N:11	rng	IOK,pIOK|N:11
s12x	IOK,pIOK|N:11	str	IOK,pIOK,pPOK|N:11
s12x	IOK,pIOK|N:11	utf8	POK,pPOK,UTF8|P:11
s12x	IOK,pIOK|N:12	add	IOK,pIOK|N:12
s12x	IOK,pIOK|N:12	bors	IOK,pIOK|N:12
s12x	IOK,pIOK|N:12	cat0	POK,pPOK|P:12
s12x	IOK,pIOK|N:12	catx	POK,pPOK|P:12x
s12x	IOK,pIOK|N:12	copy	IOK,pIOK|N:12
s12x	IOK,pIOK|N:12	dec	IOK,pIOK|N:11
s12x	IOK,pIOK|N:12	fbors	IOK,pIOK,pPOK|N:12
s12x	IOK,pIOK|N:12	inc	IOK,pIOK|N:13
s12x	IOK,pIOK|N:12	iv	IOK,pIOK|N:12
s12x	IOK,pIOK|N:12	nv	IOK,NOK,pIOK,pNOK|N:12
s12x	IOK,pIOK|N:12	rng	IOK,pIOK|N:12
s12x	IOK,pIOK|N:12	str	IOK,pIOK,pPOK|N:12
s12x	IOK,pIOK|N:12	utf8	POK,pPOK,UTF8|P:12
s12x	IOK,pIOK|N:13	add	IOK,pIOK|N:13
s12x	IOK,pIOK|N:13	bors	IOK,pIOK|N:13
s12x	IOK,pIOK|N:13	cat0	POK,pPOK|P:13
s12x	IOK,pIOK|N:13	catx	POK,pPOK|P:13x
s12x	IOK,pIOK|N:13	copy	IOK,pIOK|N:13
s12x	IOK,pIOK|N:13	dec	IOK,pIOK|N:12
s12x	IOK,pIOK|N:13	fbors	IOK,pIOK,pPOK|N:13
s12x	IOK,pIOK|N:13	inc	IOK,pIOK|N:14
s12x	IOK,pIOK|N:13	iv	IOK,pIOK|N:13
s12x	IOK,pIOK|N:13	nv	IOK,NOK,pIOK,pNOK|N:13
s12x	IOK,pIOK|N:13	rng	IOK,pIOK|N:13
s12x	IOK,pIOK|N:13	str	IOK,pIOK,pPOK|N:13
s12x	IOK,pIOK|N:13	utf8	POK,pPOK,UTF8|P:13
s12x	IOK,pIOK|N:14	add	IOK,pIOK|N:14
s12x	IOK,pIOK|N:14	bors	IOK,pIOK|N:14
s12x	IOK,pIOK|N:14	cat0	POK,pPOK|P:14
s12x	IOK,pIOK|N:14	catx	POK,pPOK|P:14x
s12x	IOK,pIOK|N:14	copy	IOK,pIOK|N:14
s12x	IOK,pIOK|N:14	dec	IOK,pIOK|N:13
s12x	IOK,pIOK|N:14	fbors	IOK,pIOK,pPOK|N:14
s12x	IOK,pIOK|N:14	inc	IOK,pIOK|N:15
s12x	IOK,pIOK|N:14	iv	IOK,pIOK|N:14
s12x	IOK,pIOK|N:14	nv	IOK,NOK,pIOK,pNOK|N:14
s12x	IOK,pIOK|N:14	rng	IOK,pIOK|N:14
s12x	IOK,pIOK|N:14	str	IOK,pIOK,pPOK|N:14
s12x	IOK,pIOK|N:14	utf8	POK,pPOK,UTF8|P:14
s12x	IOK,pIOK|N:15	add	IOK,pIOK|N:15
s12x	IOK,pIOK|N:15	bors	IOK,pIOK|N:15
s12x	IOK,pIOK|N:15	cat0	POK,pPOK|P:15
s12x	IOK,pIOK|N:15	catx	POK,pPOK|P:15x
s12x	IOK,pIOK|N:15	copy	IOK,pIOK|N:15
s12x	IOK,pIOK|N:15	dec	IOK,pIOK|N:14
s12x	IOK,pIOK|N:15	fbors	IOK,pIOK,pPOK|N:15
s12x	IOK,pIOK|N:15	inc	IOK,pIOK|N:16
s12x	IOK,pIOK|N:15	iv	IOK,pIOK|N:15
s12x	IOK,pIOK|N:15	nv	IOK,NOK,pIOK,pNOK|N:15
s12x	IOK,pIOK|N:15	rng	IOK,pIOK|N:15
s12x	IOK,pIOK|N:15	str	IOK,pIOK,pPOK|N:15
s12x	IOK,pIOK|N:15	utf8	POK,pPOK,UTF8|P:15
s12x	NOK,POK,pNOK,pPOK,UTF8|P:11	add	IOK,NOK,POK,pIOK,pNOK,pPOK,UTF8|P:11
s12x	NOK,POK,pNOK,pPOK,UTF8|P:11	bors	IOK,NOK,POK,pIOK,pNOK,pPOK,UTF8|P:11
s12x	NOK,POK,pNOK,pPOK,UTF8|P:11	cat0	POK,pPOK,UTF8|P:11
s12x	NOK,POK,pNOK,pPOK,UTF8|P:11	catx	POK,pPOK,UTF8|P:11x
s12x	NOK,POK,pNOK,pPOK,UTF8|P:11	copy	NOK,POK,pNOK,pPOK,UTF8|P:11
s12x	NOK,POK,pNOK,pPOK,UTF8|P:11	dec	NOK,pNOK|N:10
s12x	NOK,POK,pNOK,pPOK,UTF8|P:11	fbors	NOK,POK,pNOK,pPOK,UTF8|P:11
s12x	NOK,POK,pNOK,pPOK,UTF8|P:11	inc	IOK,pIOK|N:12
s12x	NOK,POK,pNOK,pPOK,UTF8|P:11	iv	IOK,NOK,POK,pIOK,pNOK,pPOK,UTF8|P:11
s12x	NOK,POK,pNOK,pPOK,UTF8|P:11	nv	NOK,POK,pNOK,pPOK,UTF8|P:11
s12x	NOK,POK,pNOK,pPOK,UTF8|P:11	rng	IOK,NOK,POK,pIOK,pNOK,pPOK,UTF8|P:11
s12x	NOK,POK,pNOK,pPOK,UTF8|P:11	str	NOK,POK,pNOK,pPOK,UTF8|P:11
s12x	NOK,POK,pNOK,pPOK,UTF8|P:11	utf8	NOK,POK,pNOK,pPOK,UTF8|P:11
s12x	NOK,POK,pNOK,pPOK,UTF8|P:13	add	IOK,NOK,POK,pIOK,pNOK,pPOK,UTF8|P:13
s12x	NOK,POK,pNOK,pPOK,UTF8|P:13	bors	IOK,NOK,POK,pIOK,pNOK,pPOK,UTF8|P:13
s12x	NOK,POK,pNOK,pPOK,UTF8|P:13	cat0	POK,pPOK,UTF8|P:13
s12x	NOK,POK,pNOK,pPOK,UTF8|P:13	catx	POK,pPOK,UTF8|P:13x
s12x	NOK,POK,pNOK,pPOK,UTF8|P:13	copy	NOK,POK,pNOK,pPOK,UTF8|P:13
s12x	NOK,POK,pNOK,pPOK,UTF8|P:13	dec	NOK,pNOK|N:12
s12x	NOK,POK,pNOK,pPOK,UTF8|P:13	fbors	NOK,POK,pNOK,pPOK,UTF8|P:13
s12x	NOK,POK,pNOK,pPOK,UTF8|P:13	inc	IOK,pIOK|N:14
s12x	NOK,POK,pNOK,pPOK,UTF8|P:13	iv	IOK,NOK,POK,pIOK,pNOK,pPOK,UTF8|P:13
s12x	NOK,POK,pNOK,pPOK,UTF8|P:13	nv	NOK,POK,pNOK,pPOK,UTF8|P:13
s12x	NOK,POK,pNOK,pPOK,UTF8|P:13	rng	IOK,NOK,POK,pIOK,pNOK,pPOK,UTF8|P:13
s12x	NOK,POK,pNOK,pPOK,UTF8|P:13	str	NOK,POK,pNOK,pPOK,UTF8|P:13
s12x	NOK,POK,pNOK,pPOK,UTF8|P:13	utf8	NOK,POK,pNOK,pPOK,UTF8|P:13
s12x	NOK,POK,pNOK,pPOK|P:11	add	IOK,NOK,POK,pIOK,pNOK,pPOK|P:11
s12x	NOK,POK,pNOK,pPOK|P:11	bors	IOK,NOK,POK,pIOK,pNOK,pPOK|P:11
s12x	NOK,POK,pNOK,pPOK|P:11	cat0	POK,pPOK|P:11
s12x	NOK,POK,pNOK,pPOK|P:11	catx	POK,pPOK|P:11x
s12x	NOK,POK,pNOK,pPOK|P:11	copy	NOK,POK,pNOK,pPOK|P:11
s12x	NOK,POK,pNOK,pPOK|P:11	dec	NOK,pNOK|N:10
s12x	NOK,POK,pNOK,pPOK|P:11	fbors	NOK,POK,pNOK,pPOK|P:11
s12x	NOK,POK,pNOK,pPOK|P:11	inc	IOK,pIOK|N:12
s12x	NOK,POK,pNOK,pPOK|P:11	iv	IOK,NOK,POK,pIOK,pNOK,pPOK|P:11
s12x	NOK,POK,pNOK,pPOK|P:11	nv	NOK,POK,pNOK,pPOK|P:11
s12x	NOK,POK,pNOK,pPOK|P:11	rng	IOK,NOK,POK,pIOK,pNOK,pPOK|P:11
s12x	NOK,POK,pNOK,pPOK|P:11	str	NOK,POK,pNOK,pPOK|P:11
s12x	NOK,POK,pNOK,pPOK|P:11	utf8	NOK,POK,pNOK,pPOK,UTF8|P:11
s12x	NOK,POK,pNOK,pPOK|P:13	add	IOK,NOK,POK,pIOK,pNOK,pPOK|P:13
s12x	NOK,POK,pNOK,pPOK|P:13	bors	IOK,NOK,POK,pIOK,pNOK,pPOK|P:13
s12x	NOK,POK,pNOK,pPOK|P:13	cat0	POK,pPOK|P:13
s12x	NOK,POK,pNOK,pPOK|P:13	catx	POK,pPOK|P:13x
s12x	NOK,POK,pNOK,pPOK|P:13	copy	NOK,POK,pNOK,pPOK|P:13
s12x	NOK,POK,pNOK,pPOK|P:13	dec	NOK,pNOK|N:12
s12x	NOK,POK,pNOK,pPOK|P:13	fbors	NOK,POK,pNOK,pPOK|P:13
s12x	NOK,POK,pNOK,pPOK|P:13	inc	IOK,pIOK|N:14
s12x	NOK,POK,pNOK,pPOK|P:13	iv	IOK,NOK,POK,pIOK,pNOK,pPOK|P:13
s12x	NOK,POK,pNOK,pPOK|P:13	nv	NOK,POK,pNOK,pPOK|P:13
s12x	NOK,POK,pNOK,pPOK|P:13	rng	IOK,NOK,POK,pIOK,pNOK,pPOK|P:13
s12x	NOK,POK,pNOK,pPOK|P:13	str	NOK,POK,pNOK,pPOK|P:13
s12x	NOK,POK,pNOK,pPOK|P:13	utf8	NOK,POK,pNOK,pPOK,UTF8|P:13
s12x	NOK,pNOK|N:10	add	IOK,NOK,pIOK,pNOK|N:10
s12x	NOK,pNOK|N:10	bors	IOK,NOK,pIOK,pNOK|N:10
s12x	NOK,pNOK|N:10	cat0	POK,pPOK|P:10
s12x	NOK,pNOK|N:10	catx	POK,pPOK|P:10x
s12x	NOK,pNOK|N:10	copy	NOK,pNOK|N:10
s12x	NOK,pNOK|N:10	dec	NOK,pNOK|N:9
s12x	NOK,pNOK|N:10	fbors	NOK,pNOK|N:10
s12x	NOK,pNOK|N:10	inc	IOK,pIOK|N:11
s12x	NOK,pNOK|N:10	iv	IOK,NOK,pIOK,pNOK|N:10
s12x	NOK,pNOK|N:10	nv	NOK,pNOK|N:10
s12x	NOK,pNOK|N:10	rng	IOK,NOK,pIOK,pNOK|N:10
s12x	NOK,pNOK|N:10	str	NOK,pNOK|N:10
s12x	NOK,pNOK|N:10	utf8	POK,pPOK,UTF8|P:10
s12x	NOK,pNOK|N:11	add	IOK,NOK,pIOK,pNOK|N:11
s12x	NOK,pNOK|N:11	bors	IOK,NOK,pIOK,pNOK|N:11
s12x	NOK,pNOK|N:11	cat0	POK,pPOK|P:11
s12x	NOK,pNOK|N:11	catx	POK,pPOK|P:11x
s12x	NOK,pNOK|N:11	copy	NOK,pNOK|N:11
s12x	NOK,pNOK|N:11	dec	NOK,pNOK|N:10
s12x	NOK,pNOK|N:11	fbors	NOK,pNOK|N:11
s12x	NOK,pNOK|N:11	inc	IOK,pIOK|N:12
s12x	NOK,pNOK|N:11	iv	IOK,NOK,pIOK,pNOK|N:11
s12x	NOK,pNOK|N:11	nv	NOK,pNOK|N:11
s12x	NOK,pNOK|N:11	rng	IOK,NOK,pIOK,pNOK|N:11
s12x	NOK,pNOK|N:11	str	NOK,pNOK|N:11
s12x	NOK,pNOK|N:11	utf8	POK,pPOK,UTF8|P:11
s12x	NOK,pNOK|N:12	add	IOK,NOK,pIOK,pNOK|N:12
s12x	NOK,pNOK|N:12	bors	IOK,NOK,pIOK,pNOK|N:12
s12x	NOK,pNOK|N:12	cat0	POK,pPOK|P:12
s12x	NOK,pNOK|N:12	catx	POK,pPOK|P:12x
s12x	NOK,pNOK|N:12	copy	NOK,pNOK|N:12
s12x	NOK,pNOK|N:12	dec	NOK,pNOK|N:11
s12x	NOK,pNOK|N:12	fbors	NOK,pNOK|N:12
s12x	NOK,pNOK|N:12	inc	IOK,pIOK|N:13
s12x	NOK,pNOK|N:12	iv	IOK,NOK,pIOK,pNOK|N:12
s12x	NOK,pNOK|N:12	nv	NOK,pNOK|N:12
s12x	NOK,pNOK|N:12	rng	IOK,NOK,pIOK,pNOK|N:12
s12x	NOK,pNOK|N:12	str	NOK,pNOK|N:12
s12x	NOK,pNOK|N:12	utf8	POK,pPOK,UTF8|P:12
s12x	NOK,pNOK|N:13	add	IOK,NOK,pIOK,pNOK|N:13
s12x	NOK,pNOK|N:13	bors	IOK,NOK,pIOK,pNOK|N:13
s12x	NOK,pNOK|N:13	cat0	POK,pPOK|P:13
s12x	NOK,pNOK|N:13	catx	POK,pPOK|P:13x
s12x	NOK,pNOK|N:13	copy	NOK,pNOK|N:13
s12x	NOK,pNOK|N:13	dec	NOK,pNOK|N:12
s12x	NOK,pNOK|N:13	fbors	NOK,pNOK|N:13
s12x	NOK,pNOK|N:13	inc	IOK,pIOK|N:14
s12x	NOK,pNOK|N:13	iv	IOK,NOK,pIOK,pNOK|N:13
s12x	NOK,pNOK|N:13	nv	NOK,pNOK|N:13
s12x	NOK,pNOK|N:13	rng	IOK,NOK,pIOK,pNOK|N:13
s12x	NOK,pNOK|N:13	str	NOK,pNOK|N:13
s12x	NOK,pNOK|N:13	utf8	POK,pPOK,UTF8|P:13
s12x	NOK,pNOK|N:14	add	IOK,NOK,pIOK,pNOK|N:14
s12x	NOK,pNOK|N:14	bors	IOK,NOK,pIOK,pNOK|N:14
s12x	NOK,pNOK|N:14	cat0	POK,pPOK|P:14
s12x	NOK,pNOK|N:14	catx	POK,pPOK|P:14x
s12x	NOK,pNOK|N:14	copy	NOK,pNOK|N:14
s12x	NOK,pNOK|N:14	dec	NOK,pNOK|N:13
s12x	NOK,pNOK|N:14	fbors	NOK,pNOK|N:14
s12x	NOK,pNOK|N:14	inc	IOK,pIOK|N:15
s12x	NOK,pNOK|N:14	iv	IOK,NOK,pIOK,pNOK|N:14
s12x	NOK,pNOK|N:14	nv	NOK,pNOK|N:14
s12x	NOK,pNOK|N:14	rng	IOK,NOK,pIOK,pNOK|N:14
s12x	NOK,pNOK|N:14	str	NOK,pNOK|N:14
s12x	NOK,pNOK|N:14	utf8	POK,pPOK,UTF8|P:14
s12x	NOK,pNOK|N:9	add	IOK,NOK,pIOK,pNOK|N:9
s12x	NOK,pNOK|N:9	bors	IOK,NOK,pIOK,pNOK|N:9
s12x	NOK,pNOK|N:9	cat0	POK,pPOK|P:9
s12x	NOK,pNOK|N:9	catx	POK,pPOK|P:9x
s12x	NOK,pNOK|N:9	copy	NOK,pNOK|N:9
s12x	NOK,pNOK|N:9	dec	NOK,pNOK|N:8
s12x	NOK,pNOK|N:9	fbors	NOK,pNOK|N:9
s12x	NOK,pNOK|N:9	inc	IOK,pIOK|N:10
s12x	NOK,pNOK|N:9	iv	IOK,NOK,pIOK,pNOK|N:9
s12x	NOK,pNOK|N:9	nv	NOK,pNOK|N:9
s12x	NOK,pNOK|N:9	rng	IOK,NOK,pIOK,pNOK|N:9
s12x	NOK,pNOK|N:9	str	NOK,pNOK|N:9
s12x	NOK,pNOK|N:9	utf8	POK,pPOK,UTF8|P:9
s12x	POK,pIOK,pNOK,pPOK,UTF8|P:12x	add	POK,pIOK,pNOK,pPOK,UTF8|P:12x
s12x	POK,pIOK,pNOK,pPOK,UTF8|P:12x	bors	POK,pIOK,pNOK,pPOK,UTF8|P:12x
s12x	POK,pIOK,pNOK,pPOK,UTF8|P:12x	cat0	POK,pIOK,pNOK,pPOK,UTF8|P:12x
s12x	POK,pIOK,pNOK,pPOK,UTF8|P:12x	catx	POK,pIOK,pNOK,pPOK,UTF8|P:12xx
s12x	POK,pIOK,pNOK,pPOK,UTF8|P:12x	copy	POK,pIOK,pNOK,pPOK,UTF8|P:12x
s12x	POK,pIOK,pNOK,pPOK,UTF8|P:12x	dec	NOK,pNOK|N:11
s12x	POK,pIOK,pNOK,pPOK,UTF8|P:12x	fbors	POK,pIOK,pNOK,pPOK,UTF8|P:12x
s12x	POK,pIOK,pNOK,pPOK,UTF8|P:12x	inc	NOK,pNOK|N:13
s12x	POK,pIOK,pNOK,pPOK,UTF8|P:12x	iv	POK,pIOK,pNOK,pPOK,UTF8|P:12x
s12x	POK,pIOK,pNOK,pPOK,UTF8|P:12x	nv	POK,pIOK,pNOK,pPOK,UTF8|P:12x
s12x	POK,pIOK,pNOK,pPOK,UTF8|P:12x	rng	POK,pIOK,pNOK,pPOK,UTF8|P:12x
s12x	POK,pIOK,pNOK,pPOK,UTF8|P:12x	str	POK,pIOK,pNOK,pPOK,UTF8|P:12x
s12x	POK,pIOK,pNOK,pPOK,UTF8|P:12x	utf8	POK,pIOK,pNOK,pPOK,UTF8|P:12x
s12x	POK,pIOK,pNOK,pPOK,UTF8|P:12xx	add	POK,pIOK,pNOK,pPOK,UTF8|P:12xx
s12x	POK,pIOK,pNOK,pPOK,UTF8|P:12xx	bors	POK,pIOK,pNOK,pPOK,UTF8|P:12xx
s12x	POK,pIOK,pNOK,pPOK,UTF8|P:12xx	cat0	POK,pIOK,pNOK,pPOK,UTF8|P:12xx
s12x	POK,pIOK,pNOK,pPOK,UTF8|P:12xx	catx	POK,pIOK,pNOK,pPOK,UTF8|P:12xxx
s12x	POK,pIOK,pNOK,pPOK,UTF8|P:12xx	copy	POK,pIOK,pNOK,pPOK,UTF8|P:12xx
s12x	POK,pIOK,pNOK,pPOK,UTF8|P:12xx	dec	NOK,pNOK|N:11
s12x	POK,pIOK,pNOK,pPOK,UTF8|P:12xx	fbors	POK,pIOK,pNOK,pPOK,UTF8|P:12xx
s12x	POK,pIOK,pNOK,pPOK,UTF8|P:12xx	inc	NOK,pNOK|N:13
s12x	POK,pIOK,pNOK,pPOK,UTF8|P:12xx	iv	POK,pIOK,pNOK,pPOK,UTF8|P:12xx
s12x	POK,pIOK,pNOK,pPOK,UTF8|P:12xx	nv	POK,pIOK,pNOK,pPOK,UTF8|P:12xx
s12x	POK,pIOK,pNOK,pPOK,UTF8|P:12xx	rng	POK,pIOK,pNOK,pPOK,UTF8|P:12xx
s12x	POK,pIOK,pNOK,pPOK,UTF8|P:12xx	str	POK,pIOK,pNOK,pPOK,UTF8|P:12xx
s12x	POK,pIOK,pNOK,pPOK,UTF8|P:12xx	utf8	POK,pIOK,pNOK,pPOK,UTF8|P:12xx
s12x	POK,pIOK,pNOK,pPOK|P:11x	add	POK,pIOK,pNOK,pPOK|P:11x
s12x	POK,pIOK,pNOK,pPOK|P:11x	bors	POK,pIOK,pNOK,pPOK|P:11x
s12x	POK,pIOK,pNOK,pPOK|P:11x	cat0	POK,pIOK,pNOK,pPOK|P:11x
s12x	POK,pIOK,pNOK,pPOK|P:11x	catx	POK,pIOK,pNOK,pPOK|P:11xx
s12x	POK,pIOK,pNOK,pPOK|P:11x	copy	POK,pIOK,pNOK,pPOK|P:11x
s12x	POK,pIOK,pNOK,pPOK|P:11x	dec	NOK,pNOK|N:10
s12x	POK,pIOK,pNOK,pPOK|P:11x	fbors	POK,pIOK,pNOK,pPOK|P:11x
s12x	POK,pIOK,pNOK,pPOK|P:11x	inc	NOK,pNOK|N:12
s12x	POK,pIOK,pNOK,pPOK|P:11x	iv	POK,pIOK,pNOK,pPOK|P:11x
s12x	POK,pIOK,pNOK,pPOK|P:11x	nv	POK,pIOK,pNOK,pPOK|P:11x
s12x	POK,pIOK,pNOK,pPOK|P:11x	rng	POK,pIOK,pNOK,pPOK|P:11x
s12x	POK,pIOK,pNOK,pPOK|P:11x	str	POK,pIOK,pNOK,pPOK|P:11x
s12x	POK,pIOK,pNOK,pPOK|P:11x	utf8	POK,pIOK,pNOK,pPOK,UTF8|P:11x
s12x	POK,pIOK,pNOK,pPOK|P:12x	add	POK,pIOK,pNOK,pPOK|P:12x
s12x	POK,pIOK,pNOK,pPOK|P:12x	bors	POK,pIOK,pNOK,pPOK|P:12x
s12x	POK,pIOK,pNOK,pPOK|P:12x	cat0	POK,pPOK|P:12x
s12x	POK,pIOK,pNOK,pPOK|P:12x	catx	POK,pPOK|P:12xx
s12x	POK,pIOK,pNOK,pPOK|P:12x	copy	POK,pIOK,pNOK,pPOK|P:12x
s12x	POK,pIOK,pNOK,pPOK|P:12x	dec	NOK,pNOK|N:11
s12x	POK,pIOK,pNOK,pPOK|P:12x	fbors	POK,pIOK,pNOK,pPOK|P:12x
s12x	POK,pIOK,pNOK,pPOK|P:12x	inc	NOK,pNOK|N:13
s12x	POK,pIOK,pNOK,pPOK|P:12x	iv	POK,pIOK,pNOK,pPOK|P:12x
s12x	POK,pIOK,pNOK,pPOK|P:12x	nv	POK,pIOK,pNOK,pPOK|P:12x
s12x	POK,pIOK,pNOK,pPOK|P:12x	rng	POK,pIOK,pNOK,pPOK|P:12x
s12x	POK,pIOK,pNOK,pPOK|P:12x	str	POK,pIOK,pNOK,pPOK|P:12x
s12x	POK,pIOK,pNOK,pPOK|P:12x	utf8	POK,pIOK,pNOK,pPOK,UTF8|P:12x
s12x	POK,pIOK,pNOK,pPOK|P:12xx	add	POK,pIOK,pNOK,pPOK|P:12xx
s12x	POK,pIOK,pNOK,pPOK|P:12xx	bors	POK,pIOK,pNOK,pPOK|P:12xx
s12x	POK,pIOK,pNOK,pPOK|P:12xx	cat0	POK,pIOK,pNOK,pPOK|P:12xx
s12x	POK,pIOK,pNOK,pPOK|P:12xx	catx	POK,pIOK,pNOK,pPOK|P:12xxx
s12x	POK,pIOK,pNOK,pPOK|P:12xx	copy	POK,pIOK,pNOK,pPOK|P:12xx
s12x	POK,pIOK,pNOK,pPOK|P:12xx	dec	NOK,pNOK|N:11
s12x	POK,pIOK,pNOK,pPOK|P:12xx	fbors	POK,pIOK,pNOK,pPOK|P:12xx
s12x	POK,pIOK,pNOK,pPOK|P:12xx	inc	NOK,pNOK|N:13
s12x	POK,pIOK,pNOK,pPOK|P:12xx	iv	POK,pIOK,pNOK,pPOK|P:12xx
s12x	POK,pIOK,pNOK,pPOK|P:12xx	nv	POK,pIOK,pNOK,pPOK|P:12xx
s12x	POK,pIOK,pNOK,pPOK|P:12xx	rng	POK,pIOK,pNOK,pPOK|P:12xx
s12x	POK,pIOK,pNOK,pPOK|P:12xx	str	POK,pIOK,pNOK,pPOK|P:12xx
s12x	POK,pIOK,pNOK,pPOK|P:12xx	utf8	POK,pIOK,pNOK,pPOK,UTF8|P:12xx
s12x	POK,pIOK,pNOK,pPOK|P:12xxx	add	POK,pIOK,pNOK,pPOK|P:12xxx
s12x	POK,pIOK,pNOK,pPOK|P:12xxx	bors	POK,pIOK,pNOK,pPOK|P:12xxx
s12x	POK,pIOK,pNOK,pPOK|P:12xxx	cat0	POK,pIOK,pNOK,pPOK|P:12xxx
s12x	POK,pIOK,pNOK,pPOK|P:12xxx	catx	POK,pIOK,pNOK,pPOK|P:12xxxx
s12x	POK,pIOK,pNOK,pPOK|P:12xxx	copy	POK,pIOK,pNOK,pPOK|P:12xxx
s12x	POK,pIOK,pNOK,pPOK|P:12xxx	dec	NOK,pNOK|N:11
s12x	POK,pIOK,pNOK,pPOK|P:12xxx	fbors	POK,pIOK,pNOK,pPOK|P:12xxx
s12x	POK,pIOK,pNOK,pPOK|P:12xxx	inc	NOK,pNOK|N:13
s12x	POK,pIOK,pNOK,pPOK|P:12xxx	iv	POK,pIOK,pNOK,pPOK|P:12xxx
s12x	POK,pIOK,pNOK,pPOK|P:12xxx	nv	POK,pIOK,pNOK,pPOK|P:12xxx
s12x	POK,pIOK,pNOK,pPOK|P:12xxx	rng	POK,pIOK,pNOK,pPOK|P:12xxx
s12x	POK,pIOK,pNOK,pPOK|P:12xxx	str	POK,pIOK,pNOK,pPOK|P:12xxx
s12x	POK,pIOK,pNOK,pPOK|P:12xxx	utf8	POK,pIOK,pNOK,pPOK,UTF8|P:12xxx
s12x	POK,pIOK,pNOK,pPOK|P:13x	add	POK,pIOK,pNOK,pPOK|P:13x
s12x	POK,pIOK,pNOK,pPOK|P:13x	bors	POK,pIOK,pNOK,pPOK|P:13x
s12x	POK,pIOK,pNOK,pPOK|P:13x	cat0	POK,pIOK,pNOK,pPOK|P:13x
s12x	POK,pIOK,pNOK,pPOK|P:13x	catx	POK,pIOK,pNOK,pPOK|P:13xx
s12x	POK,pIOK,pNOK,pPOK|P:13x	copy	POK,pIOK,pNOK,pPOK|P:13x
s12x	POK,pIOK,pNOK,pPOK|P:13x	dec	NOK,pNOK|N:12
s12x	POK,pIOK,pNOK,pPOK|P:13x	fbors	POK,pIOK,pNOK,pPOK|P:13x
s12x	POK,pIOK,pNOK,pPOK|P:13x	inc	NOK,pNOK|N:14
s12x	POK,pIOK,pNOK,pPOK|P:13x	iv	POK,pIOK,pNOK,pPOK|P:13x
s12x	POK,pIOK,pNOK,pPOK|P:13x	nv	POK,pIOK,pNOK,pPOK|P:13x
s12x	POK,pIOK,pNOK,pPOK|P:13x	rng	POK,pIOK,pNOK,pPOK|P:13x
s12x	POK,pIOK,pNOK,pPOK|P:13x	str	POK,pIOK,pNOK,pPOK|P:13x
s12x	POK,pIOK,pNOK,pPOK|P:13x	utf8	POK,pIOK,pNOK,pPOK,UTF8|P:13x
s12x	POK,pNOK,pPOK,UTF8|P:12x	add	POK,pIOK,pNOK,pPOK,UTF8|P:12x
s12x	POK,pNOK,pPOK,UTF8|P:12x	bors	POK,pIOK,pNOK,pPOK,UTF8|P:12x
s12x	POK,pNOK,pPOK,UTF8|P:12x	cat0	POK,pNOK,pPOK,UTF8|P:12x
s12x	POK,pNOK,pPOK,UTF8|P:12x	catx	POK,pNOK,pPOK,UTF8|P:12xx
s12x	POK,pNOK,pPOK,UTF8|P:12x	copy	POK,pNOK,pPOK,UTF8|P:12x
s12x	POK,pNOK,pPOK,UTF8|P:12x	dec	NOK,pNOK|N:11
s12x	POK,pNOK,pPOK,UTF8|P:12x	fbors	POK,pNOK,pPOK,UTF8|P:12x
s12x	POK,pNOK,pPOK,UTF8|P:12x	inc	NOK,pNOK|N:13
s12x	POK,pNOK,pPOK,UTF8|P:12x	iv	POK,pIOK,pNOK,pPOK,UTF8|P:12x
s12x	POK,pNOK,pPOK,UTF8|P:12x	nv	POK,pNOK,pPOK,UTF8|P:12x
s12x	POK,pNOK,pPOK,UTF8|P:12x	rng	POK,pIOK,pNOK,pPOK,UTF8|P:12x
s12x	POK,pNOK,pPOK,UTF8|P:12x	str	POK,pNOK,pPOK,UTF8|P:12x
s12x	POK,pNOK,pPOK,UTF8|P:12x	utf8	POK,pNOK,pPOK,UTF8|P:12x
s12x	POK,pNOK,pPOK,UTF8|P:12xx	add	POK,pIOK,pNOK,pPOK,UTF8|P:12xx
s12x	POK,pNOK,pPOK,UTF8|P:12xx	bors	POK,pIOK,pNOK,pPOK,UTF8|P:12xx
s12x	POK,pNOK,pPOK,UTF8|P:12xx	cat0	POK,pNOK,pPOK,UTF8|P:12xx
s12x	POK,pNOK,pPOK,UTF8|P:12xx	catx	POK,pNOK,pPOK,UTF8|P:12xxx
s12x	POK,pNOK,pPOK,UTF8|P:12xx	copy	POK,pNOK,pPOK,UTF8|P:12xx
s12x	POK,pNOK,pPOK,UTF8|P:12xx	dec	NOK,pNOK|N:11
s12x	POK,pNOK,pPOK,UTF8|P:12xx	fbors	POK,pNOK,pPOK,UTF8|P:12xx
s12x	POK,pNOK,pPOK,UTF8|P:12xx	inc	NOK,pNOK|N:13
s12x	POK,pNOK,pPOK,UTF8|P:12xx	iv	POK,pIOK,pNOK,pPOK,UTF8|P:12xx
s12x	POK,pNOK,pPOK,UTF8|P:12xx	nv	POK,pNOK,pPOK,UTF8|P:12xx
s12x	POK,pNOK,pPOK,UTF8|P:12xx	rng	POK,pIOK,pNOK,pPOK,UTF8|P:12xx
s12x	POK,pNOK,pPOK,UTF8|P:12xx	str	POK,pNOK,pPOK,UTF8|P:12xx
s12x	POK,pNOK,pPOK,UTF8|P:12xx	utf8	POK,pNOK,pPOK,UTF8|P:12xx
s12x	POK,pNOK,pPOK|P:11x	add	POK,pIOK,pNOK,pPOK|P:11x
s12x	POK,pNOK,pPOK|P:11x	bors	POK,pIOK,pNOK,pPOK|P:11x
s12x	POK,pNOK,pPOK|P:11x	cat0	POK,pNOK,pPOK|P:11x
s12x	POK,pNOK,pPOK|P:11x	catx	POK,pNOK,pPOK|P:11xx
s12x	POK,pNOK,pPOK|P:11x	copy	POK,pNOK,pPOK|P:11x
s12x	POK,pNOK,pPOK|P:11x	dec	NOK,pNOK|N:10
s12x	POK,pNOK,pPOK|P:11x	fbors	POK,pNOK,pPOK|P:11x
s12x	POK,pNOK,pPOK|P:11x	inc	NOK,pNOK|N:12
s12x	POK,pNOK,pPOK|P:11x	iv	POK,pIOK,pNOK,pPOK|P:11x
s12x	POK,pNOK,pPOK|P:11x	nv	POK,pNOK,pPOK|P:11x
s12x	POK,pNOK,pPOK|P:11x	rng	POK,pIOK,pNOK,pPOK|P:11x
s12x	POK,pNOK,pPOK|P:11x	str	POK,pNOK,pPOK|P:11x
s12x	POK,pNOK,pPOK|P:11x	utf8	POK,pNOK,pPOK,UTF8|P:11x
s12x	POK,pNOK,pPOK|P:12x	add	POK,pIOK,pNOK,pPOK|P:12x
s12x	POK,pNOK,pPOK|P:12x	bors	POK,pIOK,pNOK,pPOK|P:12x
s12x	POK,pNOK,pPOK|P:12x	cat0	POK,pPOK|P:12x
s12x	POK,pNOK,pPOK|P:12x	catx	POK,pPOK|P:12xx
s12x	POK,pNOK,pPOK|P:12x	copy	POK,pNOK,pPOK|P:12x
s12x	POK,pNOK,pPOK|P:12x	dec	NOK,pNOK|N:11
s12x	POK,pNOK,pPOK|P:12x	fbors	POK,pNOK,pPOK|P:12x
s12x	POK,pNOK,pPOK|P:12x	inc	NOK,pNOK|N:13
s12x	POK,pNOK,pPOK|P:12x	iv	POK,pIOK,pNOK,pPOK|P:12x
s12x	POK,pNOK,pPOK|P:12x	nv	POK,pNOK,pPOK|P:12x
s12x	POK,pNOK,pPOK|P:12x	rng	POK,pIOK,pNOK,pPOK|P:12x
s12x	POK,pNOK,pPOK|P:12x	str	POK,pNOK,pPOK|P:12x
s12x	POK,pNOK,pPOK|P:12x	utf8	POK,pNOK,pPOK,UTF8|P:12x
s12x	POK,pNOK,pPOK|P:12xx	add	POK,pIOK,pNOK,pPOK|P:12xx
s12x	POK,pNOK,pPOK|P:12xx	bors	POK,pIOK,pNOK,pPOK|P:12xx
s12x	POK,pNOK,pPOK|P:12xx	cat0	POK,pNOK,pPOK|P:12xx
s12x	POK,pNOK,pPOK|P:12xx	catx	POK,pNOK,pPOK|P:12xxx
s12x	POK,pNOK,pPOK|P:12xx	copy	POK,pNOK,pPOK|P:12xx
s12x	POK,pNOK,pPOK|P:12xx	dec	NOK,pNOK|N:11
s12x	POK,pNOK,pPOK|P:12xx	fbors	POK,pNOK,pPOK|P:12xx
s12x	POK,pNOK,pPOK|P:12xx	inc	NOK,pNOK|N:13
s12x	POK,pNOK,pPOK|P:12xx	iv	POK,pIOK,pNOK,pPOK|P:12xx
s12x	POK,pNOK,pPOK|P:12xx	nv	POK,pNOK,pPOK|P:12xx
s12x	POK,pNOK,pPOK|P:12xx	rng	POK,pIOK,pNOK,pPOK|P:12xx
s12x	POK,pNOK,pPOK|P:12xx	str	POK,pNOK,pPOK|P:12xx
s12x	POK,pNOK,pPOK|P:12xx	utf8	POK,pNOK,pPOK,UTF8|P:12xx
s12x	POK,pNOK,pPOK|P:12xxx	add	POK,pIOK,pNOK,pPOK|P:12xxx
s12x	POK,pNOK,pPOK|P:12xxx	bors	POK,pIOK,pNOK,pPOK|P:12xxx
s12x	POK,pNOK,pPOK|P:12xxx	cat0	POK,pNOK,pPOK|P:12xxx
s12x	POK,pNOK,pPOK|P:12xxx	catx	POK,pNOK,pPOK|P:12xxxx
s12x	POK,pNOK,pPOK|P:12xxx	copy	POK,pNOK,pPOK|P:12xxx
s12x	POK,pNOK,pPOK|P:12xxx	dec	NOK,pNOK|N:11
s12x	POK,pNOK,pPOK|P:12xxx	fbors	POK,pNOK,pPOK|P:12xxx
s12x	POK,pNOK,pPOK|P:12xxx	inc	NOK,pNOK|N:13
s12x	POK,pNOK,pPOK|P:12xxx	iv	POK,pIOK,pNOK,pPOK|P:12xxx
s12x	POK,pNOK,pPOK|P:12xxx	nv	POK,pNOK,pPOK|P:12xxx
s12x	POK,pNOK,pPOK|P:12xxx	rng	POK,pIOK,pNOK,pPOK|P:12xxx
s12x	POK,pNOK,pPOK|P:12xxx	str	POK,pNOK,pPOK|P:12xxx
s12x	POK,pNOK,pPOK|P:12xxx	utf8	POK,pNOK,pPOK,UTF8|P:12xxx
s12x	POK,pNOK,pPOK|P:13x	add	POK,pIOK,pNOK,pPOK|P:13x
s12x	POK,pNOK,pPOK|P:13x	bors	POK,pIOK,pNOK,pPOK|P:13x
s12x	POK,pNOK,pPOK|P:13x	cat0	POK,pNOK,pPOK|P:13x
s12x	POK,pNOK,pPOK|P:13x	catx	POK,pNOK,pPOK|P:13xx
s12x	POK,pNOK,pPOK|P:13x	copy	POK,pNOK,pPOK|P:13x
s12x	POK,pNOK,pPOK|P:13x	dec	NOK,pNOK|N:12
s12x	POK,pNOK,pPOK|P:13x	fbors	POK,pNOK,pPOK|P:13x
s12x	POK,pNOK,pPOK|P:13x	inc	NOK,pNOK|N:14
s12x	POK,pNOK,pPOK|P:13x	iv	POK,pIOK,pNOK,pPOK|P:13x
s12x	POK,pNOK,pPOK|P:13x	nv	POK,pNOK,pPOK|P:13x
s12x	POK,pNOK,pPOK|P:13x	rng	POK,pIOK,pNOK,pPOK|P:13x
s12x	POK,pNOK,pPOK|P:13x	str	POK,pNOK,pPOK|P:13x
s12x	POK,pNOK,pPOK|P:13x	utf8	POK,pNOK,pPOK,UTF8|P:13x
s12x	POK,pPOK,UTF8|P:10	add	IOK,POK,pIOK,pPOK,UTF8|P:10
s12x	POK,pPOK,UTF8|P:10	bors	POK,pPOK,UTF8|P:10
s12x	POK,pPOK,UTF8|P:10	cat0	POK,pPOK,UTF8|P:10
s12x	POK,pPOK,UTF8|P:10	catx	POK,pPOK,UTF8|P:10x
s12x	POK,pPOK,UTF8|P:10	copy	POK,pPOK,UTF8|P:10
s12x	POK,pPOK,UTF8|P:10	dec	IOK,pIOK|N:9
s12x	POK,pPOK,UTF8|P:10	fbors	POK,pPOK,UTF8|P:10
s12x	POK,pPOK,UTF8|P:10	inc	POK,pPOK,UTF8|P:11
s12x	POK,pPOK,UTF8|P:10	iv	IOK,POK,pIOK,pPOK,UTF8|P:10
s12x	POK,pPOK,UTF8|P:10	nv	NOK,POK,pNOK,pPOK,UTF8|P:10
s12x	POK,pPOK,UTF8|P:10	rng	IOK,NOK,POK,pIOK,pNOK,pPOK,UTF8|P:10
s12x	POK,pPOK,UTF8|P:10	str	POK,pPOK,UTF8|P:10
s12x	POK,pPOK,UTF8|P:10	utf8	POK,pPOK,UTF8|P:10
s12x	POK,pPOK,UTF8|P:11	add	IOK,POK,pIOK,pPOK,UTF8|P:11
s12x	POK,pPOK,UTF8|P:11	bors	POK,pPOK,UTF8|P:11
s12x	POK,pPOK,UTF8|P:11	cat0	POK,pPOK,UTF8|P:11
s12x	POK,pPOK,UTF8|P:11	catx	POK,pPOK,UTF8|P:11x
s12x	POK,pPOK,UTF8|P:11	copy	POK,pPOK,UTF8|P:11
s12x	POK,pPOK,UTF8|P:11	dec	IOK,pIOK|N:10
s12x	POK,pPOK,UTF8|P:11	fbors	POK,pPOK,UTF8|P:11
s12x	POK,pPOK,UTF8|P:11	inc	POK,pPOK,UTF8|P:12
s12x	POK,pPOK,UTF8|P:11	iv	IOK,POK,pIOK,pPOK,UTF8|P:11
s12x	POK,pPOK,UTF8|P:11	nv	NOK,POK,pNOK,pPOK,UTF8|P:11
s12x	POK,pPOK,UTF8|P:11	rng	IOK,NOK,POK,pIOK,pNOK,pPOK,UTF8|P:11
s12x	POK,pPOK,UTF8|P:11	str	POK,pPOK,UTF8|P:11
s12x	POK,pPOK,UTF8|P:11	utf8	POK,pPOK,UTF8|P:11
s12x	POK,pPOK,UTF8|P:11x	add	POK,pIOK,pNOK,pPOK,UTF8|P:11x
s12x	POK,pPOK,UTF8|P:11x	bors	POK,pPOK,UTF8|P:11x
s12x	POK,pPOK,UTF8|P:11x	cat0	POK,pPOK,UTF8|P:11x
s12x	POK,pPOK,UTF8|P:11x	catx	POK,pPOK,UTF8|P:11xx
s12x	POK,pPOK,UTF8|P:11x	copy	POK,pPOK,UTF8|P:11x
s12x	POK,pPOK,UTF8|P:11x	dec	NOK,pNOK|N:10
s12x	POK,pPOK,UTF8|P:11x	fbors	POK,pPOK,UTF8|P:11x
s12x	POK,pPOK,UTF8|P:11x	inc	NOK,pNOK|N:12
s12x	POK,pPOK,UTF8|P:11x	iv	POK,pIOK,pNOK,pPOK,UTF8|P:11x
s12x	POK,pPOK,UTF8|P:11x	nv	POK,pNOK,pPOK,UTF8|P:11x
s12x	POK,pPOK,UTF8|P:11x	rng	POK,pPOK,UTF8|P:11x
s12x	POK,pPOK,UTF8|P:11x	str	POK,pPOK,UTF8|P:11x
s12x	POK,pPOK,UTF8|P:11x	utf8	POK,pPOK,UTF8|P:11x
s12x	POK,pPOK,UTF8|P:12	add	IOK,POK,pIOK,pPOK,UTF8|P:12
s12x	POK,pPOK,UTF8|P:12	bors	POK,pPOK,UTF8|P:12
s12x	POK,pPOK,UTF8|P:12	cat0	POK,pPOK,UTF8|P:12
s12x	POK,pPOK,UTF8|P:12	catx	POK,pPOK,UTF8|P:12x
s12x	POK,pPOK,UTF8|P:12	copy	POK,pPOK,UTF8|P:12
s12x	POK,pPOK,UTF8|P:12	dec	IOK,pIOK|N:11
s12x	POK,pPOK,UTF8|P:12	fbors	POK,pPOK,UTF8|P:12
s12x	POK,pPOK,UTF8|P:12	inc	POK,pPOK,UTF8|P:13
s12x	POK,pPOK,UTF8|P:12	iv	IOK,POK,pIOK,pPOK,UTF8|P:12
s12x	POK,pPOK,UTF8|P:12	nv	NOK,POK,pNOK,pPOK,UTF8|P:12
s12x	POK,pPOK,UTF8|P:12	rng	IOK,NOK,POK,pIOK,pNOK,pPOK,UTF8|P:12
s12x	POK,pPOK,UTF8|P:12	str	POK,pPOK,UTF8|P:12
s12x	POK,pPOK,UTF8|P:12	utf8	POK,pPOK,UTF8|P:12
s12x	POK,pPOK,UTF8|P:12x	add	POK,pIOK,pNOK,pPOK,UTF8|P:12x
s12x	POK,pPOK,UTF8|P:12x	bors	POK,pPOK,UTF8|P:12x
s12x	POK,pPOK,UTF8|P:12x	cat0	POK,pPOK,UTF8|P:12x
s12x	POK,pPOK,UTF8|P:12x	catx	POK,pPOK,UTF8|P:12xx
s12x	POK,pPOK,UTF8|P:12x	copy	POK,pPOK,UTF8|P:12x
s12x	POK,pPOK,UTF8|P:12x	dec	NOK,pNOK|N:11
s12x	POK,pPOK,UTF8|P:12x	fbors	POK,pPOK,UTF8|P:12x
s12x	POK,pPOK,UTF8|P:12x	inc	NOK,pNOK|N:13
s12x	POK,pPOK,UTF8|P:12x	iv	POK,pIOK,pNOK,pPOK,UTF8|P:12x
s12x	POK,pPOK,UTF8|P:12x	nv	POK,pNOK,pPOK,UTF8|P:12x
s12x	POK,pPOK,UTF8|P:12x	rng	POK,pPOK,UTF8|P:12x
s12x	POK,pPOK,UTF8|P:12x	str	POK,pPOK,UTF8|P:12x
s12x	POK,pPOK,UTF8|P:12x	utf8	POK,pPOK,UTF8|P:12x
s12x	POK,pPOK,UTF8|P:12xx	add	POK,pIOK,pNOK,pPOK,UTF8|P:12xx
s12x	POK,pPOK,UTF8|P:12xx	bors	POK,pPOK,UTF8|P:12xx
s12x	POK,pPOK,UTF8|P:12xx	cat0	POK,pPOK,UTF8|P:12xx
s12x	POK,pPOK,UTF8|P:12xx	catx	POK,pPOK,UTF8|P:12xxx
s12x	POK,pPOK,UTF8|P:12xx	copy	POK,pPOK,UTF8|P:12xx
s12x	POK,pPOK,UTF8|P:12xx	dec	NOK,pNOK|N:11
s12x	POK,pPOK,UTF8|P:12xx	fbors	POK,pPOK,UTF8|P:12xx
s12x	POK,pPOK,UTF8|P:12xx	inc	NOK,pNOK|N:13
s12x	POK,pPOK,UTF8|P:12xx	iv	POK,pIOK,pNOK,pPOK,UTF8|P:12xx
s12x	POK,pPOK,UTF8|P:12xx	nv	POK,pNOK,pPOK,UTF8|P:12xx
s12x	POK,pPOK,UTF8|P:12xx	rng	POK,pPOK,UTF8|P:12xx
s12x	POK,pPOK,UTF8|P:12xx	str	POK,pPOK,UTF8|P:12xx
s12x	POK,pPOK,UTF8|P:12xx	utf8	POK,pPOK,UTF8|P:12xx
s12x	POK,pPOK,UTF8|P:12xxx	add	POK,pIOK,pNOK,pPOK,UTF8|P:12xxx
s12x	POK,pPOK,UTF8|P:12xxx	bors	POK,pPOK,UTF8|P:12xxx
s12x	POK,pPOK,UTF8|P:12xxx	cat0	POK,pPOK,UTF8|P:12xxx
s12x	POK,pPOK,UTF8|P:12xxx	catx	POK,pPOK,UTF8|P:12xxxx
s12x	POK,pPOK,UTF8|P:12xxx	copy	POK,pPOK,UTF8|P:12xxx
s12x	POK,pPOK,UTF8|P:12xxx	dec	NOK,pNOK|N:11
s12x	POK,pPOK,UTF8|P:12xxx	fbors	POK,pPOK,UTF8|P:12xxx
s12x	POK,pPOK,UTF8|P:12xxx	inc	NOK,pNOK|N:13
s12x	POK,pPOK,UTF8|P:12xxx	iv	POK,pIOK,pNOK,pPOK,UTF8|P:12xxx
s12x	POK,pPOK,UTF8|P:12xxx	nv	POK,pNOK,pPOK,UTF8|P:12xxx
s12x	POK,pPOK,UTF8|P:12xxx	rng	POK,pPOK,UTF8|P:12xxx
s12x	POK,pPOK,UTF8|P:12xxx	str	POK,pPOK,UTF8|P:12xxx
s12x	POK,pPOK,UTF8|P:12xxx	utf8	POK,pPOK,UTF8|P:12xxx
s12x	POK,pPOK,UTF8|P:13	add	IOK,POK,pIOK,pPOK,UTF8|P:13
s12x	POK,pPOK,UTF8|P:13	bors	POK,pPOK,UTF8|P:13
s12x	POK,pPOK,UTF8|P:13	cat0	POK,pPOK,UTF8|P:13
s12x	POK,pPOK,UTF8|P:13	catx	POK,pPOK,UTF8|P:13x
s12x	POK,pPOK,UTF8|P:13	copy	POK,pPOK,UTF8|P:13
s12x	POK,pPOK,UTF8|P:13	dec	IOK,pIOK|N:12
s12x	POK,pPOK,UTF8|P:13	fbors	POK,pPOK,UTF8|P:13
s12x	POK,pPOK,UTF8|P:13	inc	POK,pPOK,UTF8|P:14
s12x	POK,pPOK,UTF8|P:13	iv	IOK,POK,pIOK,pPOK,UTF8|P:13
s12x	POK,pPOK,UTF8|P:13	nv	NOK,POK,pNOK,pPOK,UTF8|P:13
s12x	POK,pPOK,UTF8|P:13	rng	IOK,NOK,POK,pIOK,pNOK,pPOK,UTF8|P:13
s12x	POK,pPOK,UTF8|P:13	str	POK,pPOK,UTF8|P:13
s12x	POK,pPOK,UTF8|P:13	utf8	POK,pPOK,UTF8|P:13
s12x	POK,pPOK,UTF8|P:13x	add	POK,pIOK,pNOK,pPOK,UTF8|P:13x
s12x	POK,pPOK,UTF8|P:13x	bors	POK,pPOK,UTF8|P:13x
s12x	POK,pPOK,UTF8|P:13x	cat0	POK,pPOK,UTF8|P:13x
s12x	POK,pPOK,UTF8|P:13x	catx	POK,pPOK,UTF8|P:13xx
s12x	POK,pPOK,UTF8|P:13x	copy	POK,pPOK,UTF8|P:13x
s12x	POK,pPOK,UTF8|P:13x	dec	NOK,pNOK|N:12
s12x	POK,pPOK,UTF8|P:13x	fbors	POK,pPOK,UTF8|P:13x
s12x	POK,pPOK,UTF8|P:13x	inc	NOK,pNOK|N:14
s12x	POK,pPOK,UTF8|P:13x	iv	POK,pIOK,pNOK,pPOK,UTF8|P:13x
s12x	POK,pPOK,UTF8|P:13x	nv	POK,pNOK,pPOK,UTF8|P:13x
s12x	POK,pPOK,UTF8|P:13x	rng	POK,pPOK,UTF8|P:13x
s12x	POK,pPOK,UTF8|P:13x	str	POK,pPOK,UTF8|P:13x
s12x	POK,pPOK,UTF8|P:13x	utf8	POK,pPOK,UTF8|P:13x
s12x	POK,pPOK,UTF8|P:14	add	IOK,POK,pIOK,pPOK,UTF8|P:14
s12x	POK,pPOK,UTF8|P:14	bors	POK,pPOK,UTF8|P:14
s12x	POK,pPOK,UTF8|P:14	cat0	POK,pPOK,UTF8|P:14
s12x	POK,pPOK,UTF8|P:14	catx	POK,pPOK,UTF8|P:14x
s12x	POK,pPOK,UTF8|P:14	copy	POK,pPOK,UTF8|P:14
s12x	POK,pPOK,UTF8|P:14	dec	IOK,pIOK|N:13
s12x	POK,pPOK,UTF8|P:14	fbors	POK,pPOK,UTF8|P:14
s12x	POK,pPOK,UTF8|P:14	inc	POK,pPOK,UTF8|P:15
s12x	POK,pPOK,UTF8|P:14	iv	IOK,POK,pIOK,pPOK,UTF8|P:14
s12x	POK,pPOK,UTF8|P:14	nv	NOK,POK,pNOK,pPOK,UTF8|P:14
s12x	POK,pPOK,UTF8|P:14	rng	IOK,NOK,POK,pIOK,pNOK,pPOK,UTF8|P:14
s12x	POK,pPOK,UTF8|P:14	str	POK,pPOK,UTF8|P:14
s12x	POK,pPOK,UTF8|P:14	utf8	POK,pPOK,UTF8|P:14
s12x	POK,pPOK|P:10	add	IOK,POK,pIOK,pPOK|P:10
s12x	POK,pPOK|P:10	bors	POK,pPOK|P:10
s12x	POK,pPOK|P:10	cat0	POK,pPOK|P:10
s12x	POK,pPOK|P:10	catx	POK,pPOK|P:10x
s12x	POK,pPOK|P:10	copy	POK,pPOK|P:10
s12x	POK,pPOK|P:10	dec	IOK,pIOK|N:9
s12x	POK,pPOK|P:10	fbors	POK,pPOK|P:10
s12x	POK,pPOK|P:10	inc	POK,pPOK|P:11
s12x	POK,pPOK|P:10	iv	IOK,POK,pIOK,pPOK|P:10
s12x	POK,pPOK|P:10	nv	NOK,POK,pNOK,pPOK|P:10
s12x	POK,pPOK|P:10	rng	IOK,NOK,POK,pIOK,pNOK,pPOK|P:10
s12x	POK,pPOK|P:10	str	POK,pPOK|P:10
s12x	POK,pPOK|P:10	utf8	POK,pPOK,UTF8|P:10
s12x	POK,pPOK|P:10x	add	POK,pIOK,pNOK,pPOK|P:10x
s12x	POK,pPOK|P:10x	bors	POK,pPOK|P:10x
s12x	POK,pPOK|P:10x	cat0	POK,pPOK|P:10x
s12x	POK,pPOK|P:10x	catx	POK,pPOK|P:10xx
s12x	POK,pPOK|P:10x	copy	POK,pPOK|P:10x
s12x	POK,pPOK|P:10x	dec	NOK,pNOK|N:9
s12x	POK,pPOK|P:10x	fbors	POK,pPOK|P:10x
s12x	POK,pPOK|P:10x	inc	NOK,pNOK|N:11
s12x	POK,pPOK|P:10x	iv	POK,pIOK,pNOK,pPOK|P:10x
s12x	POK,pPOK|P:10x	nv	POK,pNOK,pPOK|P:10x
s12x	POK,pPOK|P:10x	rng	POK,pPOK|P:10x
s12x	POK,pPOK|P:10x	str	POK,pPOK|P:10x
s12x	POK,pPOK|P:10x	utf8	POK,pPOK,UTF8|P:10x
s12x	POK,pPOK|P:11	add	IOK,POK,pIOK,pPOK|P:11
s12x	POK,pPOK|P:11	bors	POK,pPOK|P:11
s12x	POK,pPOK|P:11	cat0	POK,pPOK|P:11
s12x	POK,pPOK|P:11	catx	POK,pPOK|P:11x
s12x	POK,pPOK|P:11	copy	POK,pPOK|P:11
s12x	POK,pPOK|P:11	dec	IOK,pIOK|N:10
s12x	POK,pPOK|P:11	fbors	POK,pPOK|P:11
s12x	POK,pPOK|P:11	inc	POK,pPOK|P:12
s12x	POK,pPOK|P:11	iv	IOK,POK,pIOK,pPOK|P:11
s12x	POK,pPOK|P:11	nv	NOK,POK,pNOK,pPOK|P:11
s12x	POK,pPOK|P:11	rng	IOK,NOK,POK,pIOK,pNOK,pPOK|P:11
s12x	POK,pPOK|P:11	str	POK,pPOK|P:11
s12x	POK,pPOK|P:11	utf8	POK,pPOK,UTF8|P:11
s12x	POK,pPOK|P:11x	add	POK,pIOK,pNOK,pPOK|P:11x
s12x	POK,pPOK|P:11x	bors	POK,pPOK|P:11x
s12x	POK,pPOK|P:11x	cat0	POK,pPOK|P:11x
s12x	POK,pPOK|P:11x	catx	POK,pPOK|P:11xx
s12x	POK,pPOK|P:11x	copy	POK,pPOK|P:11x
s12x	POK,pPOK|P:11x	dec	NOK,pNOK|N:10
s12x	POK,pPOK|P:11x	fbors	POK,pPOK|P:11x
s12x	POK,pPOK|P:11x	inc	NOK,pNOK|N:12
s12x	POK,pPOK|P:11x	iv	POK,pIOK,pNOK,pPOK|P:11x
s12x	POK,pPOK|P:11x	nv	POK,pNOK,pPOK|P:11x
s12x	POK,pPOK|P:11x	rng	POK,pPOK|P:11x
s12x	POK,pPOK|P:11x	str	POK,pPOK|P:11x
s12x	POK,pPOK|P:11x	utf8	POK,pPOK,UTF8|P:11x
s12x	POK,pPOK|P:11xx	add	POK,pIOK,pNOK,pPOK|P:11xx
s12x	POK,pPOK|P:11xx	bors	POK,pPOK|P:11xx
s12x	POK,pPOK|P:11xx	cat0	POK,pPOK|P:11xx
s12x	POK,pPOK|P:11xx	catx	POK,pPOK|P:11xxx
s12x	POK,pPOK|P:11xx	copy	POK,pPOK|P:11xx
s12x	POK,pPOK|P:11xx	dec	NOK,pNOK|N:10
s12x	POK,pPOK|P:11xx	fbors	POK,pPOK|P:11xx
s12x	POK,pPOK|P:11xx	inc	NOK,pNOK|N:12
s12x	POK,pPOK|P:11xx	iv	POK,pIOK,pNOK,pPOK|P:11xx
s12x	POK,pPOK|P:11xx	nv	POK,pNOK,pPOK|P:11xx
s12x	POK,pPOK|P:11xx	rng	POK,pPOK|P:11xx
s12x	POK,pPOK|P:11xx	str	POK,pPOK|P:11xx
s12x	POK,pPOK|P:11xx	utf8	POK,pPOK,UTF8|P:11xx
s12x	POK,pPOK|P:12	add	IOK,POK,pIOK,pPOK|P:12
s12x	POK,pPOK|P:12	bors	POK,pPOK|P:12
s12x	POK,pPOK|P:12	cat0	POK,pPOK|P:12
s12x	POK,pPOK|P:12	catx	POK,pPOK|P:12x
s12x	POK,pPOK|P:12	copy	POK,pPOK|P:12
s12x	POK,pPOK|P:12	dec	IOK,pIOK|N:11
s12x	POK,pPOK|P:12	fbors	POK,pPOK|P:12
s12x	POK,pPOK|P:12	inc	POK,pPOK|P:13
s12x	POK,pPOK|P:12	iv	IOK,POK,pIOK,pPOK|P:12
s12x	POK,pPOK|P:12	nv	NOK,POK,pNOK,pPOK|P:12
s12x	POK,pPOK|P:12	rng	IOK,NOK,POK,pIOK,pNOK,pPOK|P:12
s12x	POK,pPOK|P:12	str	POK,pPOK|P:12
s12x	POK,pPOK|P:12	utf8	POK,pPOK,UTF8|P:12
s12x	POK,pPOK|P:12x	add	POK,pIOK,pNOK,pPOK|P:12x
s12x	POK,pPOK|P:12x	bors	POK,pPOK|P:12x
s12x	POK,pPOK|P:12x	cat0	POK,pPOK|P:12x
s12x	POK,pPOK|P:12x	catx	POK,pPOK|P:12xx
s12x	POK,pPOK|P:12x	copy	POK,pPOK|P:12x
s12x	POK,pPOK|P:12x	dec	NOK,pNOK|N:11
s12x	POK,pPOK|P:12x	fbors	POK,pPOK|P:12x
s12x	POK,pPOK|P:12x	inc	NOK,pNOK|N:13
s12x	POK,pPOK|P:12x	iv	POK,pIOK,pNOK,pPOK|P:12x
s12x	POK,pPOK|P:12x	nv	POK,pNOK,pPOK|P:12x
s12x	POK,pPOK|P:12x	rng	POK,pPOK|P:12x
s12x	POK,pPOK|P:12x	str	POK,pPOK|P:12x
s12x	POK,pPOK|P:12x	utf8	POK,pPOK,UTF8|P:12x
s12x	POK,pPOK|P:12xx	add	POK,pIOK,pNOK,pPOK|P:12xx
s12x	POK,pPOK|P:12xx	bors	POK,pPOK|P:12xx
s12x	POK,pPOK|P:12xx	cat0	POK,pPOK|P:12xx
s12x	POK,pPOK|P:12xx	catx	POK,pPOK|P:12xxx
s12x	POK,pPOK|P:12xx	copy	POK,pPOK|P:12xx
s12x	POK,pPOK|P:12xx	dec	NOK,pNOK|N:11
s12x	POK,pPOK|P:12xx	fbors	POK,pPOK|P:12xx
s12x	POK,pPOK|P:12xx	inc	NOK,pNOK|N:13
s12x	POK,pPOK|P:12xx	iv	POK,pIOK,pNOK,pPOK|P:12xx
s12x	POK,pPOK|P:12xx	nv	POK,pNOK,pPOK|P:12xx
s12x	POK,pPOK|P:12xx	rng	POK,pPOK|P:12xx
s12x	POK,pPOK|P:12xx	str	POK,pPOK|P:12xx
s12x	POK,pPOK|P:12xx	utf8	POK,pPOK,UTF8|P:12xx
s12x	POK,pPOK|P:12xxx	add	POK,pIOK,pNOK,pPOK|P:12xxx
s12x	POK,pPOK|P:12xxx	bors	POK,pPOK|P:12xxx
s12x	POK,pPOK|P:12xxx	cat0	POK,pPOK|P:12xxx
s12x	POK,pPOK|P:12xxx	catx	POK,pPOK|P:12xxxx
s12x	POK,pPOK|P:12xxx	copy	POK,pPOK|P:12xxx
s12x	POK,pPOK|P:12xxx	dec	NOK,pNOK|N:11
s12x	POK,pPOK|P:12xxx	fbors	POK,pPOK|P:12xxx
s12x	POK,pPOK|P:12xxx	inc	NOK,pNOK|N:13
s12x	POK,pPOK|P:12xxx	iv	POK,pIOK,pNOK,pPOK|P:12xxx
s12x	POK,pPOK|P:12xxx	nv	POK,pNOK,pPOK|P:12xxx
s12x	POK,pPOK|P:12xxx	rng	POK,pPOK|P:12xxx
s12x	POK,pPOK|P:12xxx	str	POK,pPOK|P:12xxx
s12x	POK,pPOK|P:12xxx	utf8	POK,pPOK,UTF8|P:12xxx
s12x	POK,pPOK|P:12xxxx	add	POK,pIOK,pNOK,pPOK|P:12xxxx
s12x	POK,pPOK|P:12xxxx	bors	POK,pPOK|P:12xxxx
s12x	POK,pPOK|P:12xxxx	cat0	POK,pPOK|P:12xxxx
s12x	POK,pPOK|P:12xxxx	catx	POK,pPOK|P:12xxxxx
s12x	POK,pPOK|P:12xxxx	copy	POK,pPOK|P:12xxxx
s12x	POK,pPOK|P:12xxxx	dec	NOK,pNOK|N:11
s12x	POK,pPOK|P:12xxxx	fbors	POK,pPOK|P:12xxxx
s12x	POK,pPOK|P:12xxxx	inc	NOK,pNOK|N:13
s12x	POK,pPOK|P:12xxxx	iv	POK,pIOK,pNOK,pPOK|P:12xxxx
s12x	POK,pPOK|P:12xxxx	nv	POK,pNOK,pPOK|P:12xxxx
s12x	POK,pPOK|P:12xxxx	rng	POK,pPOK|P:12xxxx
s12x	POK,pPOK|P:12xxxx	str	POK,pPOK|P:12xxxx
s12x	POK,pPOK|P:12xxxx	utf8	POK,pPOK,UTF8|P:12xxxx
s12x	POK,pPOK|P:13	add	IOK,POK,pIOK,pPOK|P:13
s12x	POK,pPOK|P:13	bors	POK,pPOK|P:13
s12x	POK,pPOK|P:13	cat0	POK,pPOK|P:13
s12x	POK,pPOK|P:13	catx	POK,pPOK|P:13x
s12x	POK,pPOK|P:13	copy	POK,pPOK|P:13
s12x	POK,pPOK|P:13	dec	IOK,pIOK|N:12
s12x	POK,pPOK|P:13	fbors	POK,pPOK|P:13
s12x	POK,pPOK|P:13	inc	POK,pPOK|P:14
s12x	POK,pPOK|P:13	iv	IOK,POK,pIOK,pPOK|P:13
s12x	POK,pPOK|P:13	nv	NOK,POK,pNOK,pPOK|P:13
s12x	POK,pPOK|P:13	rng	IOK,NOK,POK,pIOK,pNOK,pPOK|P:13
s12x	POK,pPOK|P:13	str	POK,pPOK|P:13
s12x	POK,pPOK|P:13	utf8	POK,pPOK,UTF8|P:13
s12x	POK,pPOK|P:13x	add	POK,pIOK,pNOK,pPOK|P:13x
s12x	POK,pPOK|P:13x	bors	POK,pPOK|P:13x
s12x	POK,pPOK|P:13x	cat0	POK,pPOK|P:13x
s12x	POK,pPOK|P:13x	catx	POK,pPOK|P:13xx
s12x	POK,pPOK|P:13x	copy	POK,pPOK|P:13x
s12x	POK,pPOK|P:13x	dec	NOK,pNOK|N:12
s12x	POK,pPOK|P:13x	fbors	POK,pPOK|P:13x
s12x	POK,pPOK|P:13x	inc	NOK,pNOK|N:14
s12x	POK,pPOK|P:13x	iv	POK,pIOK,pNOK,pPOK|P:13x
s12x	POK,pPOK|P:13x	nv	POK,pNOK,pPOK|P:13x
s12x	POK,pPOK|P:13x	rng	POK,pPOK|P:13x
s12x	POK,pPOK|P:13x	str	POK,pPOK|P:13x
s12x	POK,pPOK|P:13x	utf8	POK,pPOK,UTF8|P:13x
s12x	POK,pPOK|P:13xx	add	POK,pIOK,pNOK,pPOK|P:13xx
s12x	POK,pPOK|P:13xx	bors	POK,pPOK|P:13xx
s12x	POK,pPOK|P:13xx	cat0	POK,pPOK|P:13xx
s12x	POK,pPOK|P:13xx	catx	POK,pPOK|P:13xxx
s12x	POK,pPOK|P:13xx	copy	POK,pPOK|P:13xx
s12x	POK,pPOK|P:13xx	dec	NOK,pNOK|N:12
s12x	POK,pPOK|P:13xx	fbors	POK,pPOK|P:13xx
s12x	POK,pPOK|P:13xx	inc	NOK,pNOK|N:14
s12x	POK,pPOK|P:13xx	iv	POK,pIOK,pNOK,pPOK|P:13xx
s12x	POK,pPOK|P:13xx	nv	POK,pNOK,pPOK|P:13xx
s12x	POK,pPOK|P:13xx	rng	POK,pPOK|P:13xx
s12x	POK,pPOK|P:13xx	str	POK,pPOK|P:13xx
s12x	POK,pPOK|P:13xx	utf8	POK,pPOK,UTF8|P:13xx
s12x	POK,pPOK|P:14	add	IOK,POK,pIOK,pPOK|P:14
s12x	POK,pPOK|P:14	bors	POK,pPOK|P:14
s12x	POK,pPOK|P:14	cat0	POK,pPOK|P:14
s12x	POK,pPOK|P:14	catx	POK,pPOK|P:14x
s12x	POK,pPOK|P:14	copy	POK,pPOK|P:14
s12x	POK,pPOK|P:14	dec	IOK,pIOK|N:13
s12x	POK,pPOK|P:14	fbors	POK,pPOK|P:14
s12x	POK,pPOK|P:14	inc	POK,pPOK|P:15
s12x	POK,pPOK|P:14	iv	IOK,POK,pIOK,pPOK|P:14
s12x	POK,pPOK|P:14	nv	NOK,POK,pNOK,pPOK|P:14
s12x	POK,pPOK|P:14	rng	IOK,NOK,POK,pIOK,pNOK,pPOK|P:14
s12x	POK,pPOK|P:14	str	POK,pPOK|P:14
s12x	POK,pPOK|P:14	utf8	POK,pPOK,UTF8|P:14
s12x	POK,pPOK|P:14x	add	POK,pIOK,pNOK,pPOK|P:14x
s12x	POK,pPOK|P:14x	bors	POK,pPOK|P:14x
s12x	POK,pPOK|P:14x	cat0	POK,pPOK|P:14x
s12x	POK,pPOK|P:14x	catx	POK,pPOK|P:14xx
s12x	POK,pPOK|P:14x	copy	POK,pPOK|P:14x
s12x	POK,pPOK|P:14x	dec	NOK,pNOK|N:13
s12x	POK,pPOK|P:14x	fbors	POK,pPOK|P:14x
s12x	POK,pPOK|P:14x	inc	NOK,pNOK|N:15
s12x	POK,pPOK|P:14x	iv	POK,pIOK,pNOK,pPOK|P:14x
s12x	POK,pPOK|P:14x	nv	POK,pNOK,pPOK|P:14x
s12x	POK,pPOK|P:14x	rng	POK,pPOK|P:14x
s12x	POK,pPOK|P:14x	str	POK,pPOK|P:14x
s12x	POK,pPOK|P:14x	utf8	POK,pPOK,UTF8|P:14x
s1_5	NOK,POK,pIOK,pNOK,pPOK,UTF8|P:0.5	add	NOK,POK,pIOK,pNOK,pPOK,UTF8|P:0.5
s1_5	NOK,POK,pIOK,pNOK,pPOK,UTF8|P:0.5	bors	NOK,POK,pIOK,pNOK,pPOK,UTF8|P:0.5
s1_5	NOK,POK,pIOK,pNOK,pPOK,UTF8|P:0.5	cat0	POK,pPOK,UTF8|P:0.5
s1_5	NOK,POK,pIOK,pNOK,pPOK,UTF8|P:0.5	catx	POK,pPOK,UTF8|P:0.5x
s1_5	NOK,POK,pIOK,pNOK,pPOK,UTF8|P:0.5	copy	NOK,POK,pIOK,pNOK,pPOK,UTF8|P:0.5
s1_5	NOK,POK,pIOK,pNOK,pPOK,UTF8|P:0.5	dec	NOK,pNOK|N:-0.5
s1_5	NOK,POK,pIOK,pNOK,pPOK,UTF8|P:0.5	fbors	NOK,POK,pIOK,pNOK,pPOK,UTF8|P:0.5
s1_5	NOK,POK,pIOK,pNOK,pPOK,UTF8|P:0.5	inc	NOK,pNOK|N:1.5
s1_5	NOK,POK,pIOK,pNOK,pPOK,UTF8|P:0.5	iv	NOK,POK,pIOK,pNOK,pPOK,UTF8|P:0.5
s1_5	NOK,POK,pIOK,pNOK,pPOK,UTF8|P:0.5	nv	NOK,POK,pIOK,pNOK,pPOK,UTF8|P:0.5
s1_5	NOK,POK,pIOK,pNOK,pPOK,UTF8|P:0.5	rng	NOK,POK,pIOK,pNOK,pPOK,UTF8|P:0.5
s1_5	NOK,POK,pIOK,pNOK,pPOK,UTF8|P:0.5	str	NOK,POK,pIOK,pNOK,pPOK,UTF8|P:0.5
s1_5	NOK,POK,pIOK,pNOK,pPOK,UTF8|P:0.5	utf8	NOK,POK,pIOK,pNOK,pPOK,UTF8|P:0.5
s1_5	NOK,POK,pIOK,pNOK,pPOK,UTF8|P:1.5	add	NOK,POK,pIOK,pNOK,pPOK,UTF8|P:1.5
s1_5	NOK,POK,pIOK,pNOK,pPOK,UTF8|P:1.5	bors	NOK,POK,pIOK,pNOK,pPOK,UTF8|P:1.5
s1_5	NOK,POK,pIOK,pNOK,pPOK,UTF8|P:1.5	cat0	POK,pPOK,UTF8|P:1.5
s1_5	NOK,POK,pIOK,pNOK,pPOK,UTF8|P:1.5	catx	POK,pPOK,UTF8|P:1.5x
s1_5	NOK,POK,pIOK,pNOK,pPOK,UTF8|P:1.5	copy	NOK,POK,pIOK,pNOK,pPOK,UTF8|P:1.5
s1_5	NOK,POK,pIOK,pNOK,pPOK,UTF8|P:1.5	dec	NOK,pNOK|N:0.5
s1_5	NOK,POK,pIOK,pNOK,pPOK,UTF8|P:1.5	fbors	NOK,POK,pIOK,pNOK,pPOK,UTF8|P:1.5
s1_5	NOK,POK,pIOK,pNOK,pPOK,UTF8|P:1.5	inc	NOK,pNOK|N:2.5
s1_5	NOK,POK,pIOK,pNOK,pPOK,UTF8|P:1.5	iv	NOK,POK,pIOK,pNOK,pPOK,UTF8|P:1.5
s1_5	NOK,POK,pIOK,pNOK,pPOK,UTF8|P:1.5	nv	NOK,POK,pIOK,pNOK,pPOK,UTF8|P:1.5
s1_5	NOK,POK,pIOK,pNOK,pPOK,UTF8|P:1.5	rng	NOK,POK,pIOK,pNOK,pPOK,UTF8|P:1.5
s1_5	NOK,POK,pIOK,pNOK,pPOK,UTF8|P:1.5	str	NOK,POK,pIOK,pNOK,pPOK,UTF8|P:1.5
s1_5	NOK,POK,pIOK,pNOK,pPOK,UTF8|P:1.5	utf8	NOK,POK,pIOK,pNOK,pPOK,UTF8|P:1.5
s1_5	NOK,POK,pIOK,pNOK,pPOK,UTF8|P:2.5	add	NOK,POK,pIOK,pNOK,pPOK,UTF8|P:2.5
s1_5	NOK,POK,pIOK,pNOK,pPOK,UTF8|P:2.5	bors	NOK,POK,pIOK,pNOK,pPOK,UTF8|P:2.5
s1_5	NOK,POK,pIOK,pNOK,pPOK,UTF8|P:2.5	cat0	POK,pPOK,UTF8|P:2.5
s1_5	NOK,POK,pIOK,pNOK,pPOK,UTF8|P:2.5	catx	POK,pPOK,UTF8|P:2.5x
s1_5	NOK,POK,pIOK,pNOK,pPOK,UTF8|P:2.5	copy	NOK,POK,pIOK,pNOK,pPOK,UTF8|P:2.5
s1_5	NOK,POK,pIOK,pNOK,pPOK,UTF8|P:2.5	dec	NOK,pNOK|N:1.5
s1_5	NOK,POK,pIOK,pNOK,pPOK,UTF8|P:2.5	fbors	NOK,POK,pIOK,pNOK,pPOK,UTF8|P:2.5
s1_5	NOK,POK,pIOK,pNOK,pPOK,UTF8|P:2.5	inc	NOK,pNOK|N:3.5
s1_5	NOK,POK,pIOK,pNOK,pPOK,UTF8|P:2.5	iv	NOK,POK,pIOK,pNOK,pPOK,UTF8|P:2.5
s1_5	NOK,POK,pIOK,pNOK,pPOK,UTF8|P:2.5	nv	NOK,POK,pIOK,pNOK,pPOK,UTF8|P:2.5
s1_5	NOK,POK,pIOK,pNOK,pPOK,UTF8|P:2.5	rng	NOK,POK,pIOK,pNOK,pPOK,UTF8|P:2.5
s1_5	NOK,POK,pIOK,pNOK,pPOK,UTF8|P:2.5	str	NOK,POK,pIOK,pNOK,pPOK,UTF8|P:2.5
s1_5	NOK,POK,pIOK,pNOK,pPOK,UTF8|P:2.5	utf8	NOK,POK,pIOK,pNOK,pPOK,UTF8|P:2.5
s1_5	NOK,POK,pIOK,pNOK,pPOK|P:0.5	add	NOK,POK,pIOK,pNOK,pPOK|P:0.5
s1_5	NOK,POK,pIOK,pNOK,pPOK|P:0.5	bors	NOK,POK,pIOK,pNOK,pPOK|P:0.5
s1_5	NOK,POK,pIOK,pNOK,pPOK|P:0.5	cat0	POK,pPOK|P:0.5
s1_5	NOK,POK,pIOK,pNOK,pPOK|P:0.5	catx	POK,pPOK|P:0.5x
s1_5	NOK,POK,pIOK,pNOK,pPOK|P:0.5	copy	NOK,POK,pIOK,pNOK,pPOK|P:0.5
s1_5	NOK,POK,pIOK,pNOK,pPOK|P:0.5	dec	NOK,pNOK|N:-0.5
s1_5	NOK,POK,pIOK,pNOK,pPOK|P:0.5	fbors	NOK,POK,pIOK,pNOK,pPOK|P:0.5
s1_5	NOK,POK,pIOK,pNOK,pPOK|P:0.5	inc	NOK,pNOK|N:1.5
s1_5	NOK,POK,pIOK,pNOK,pPOK|P:0.5	iv	NOK,POK,pIOK,pNOK,pPOK|P:0.5
s1_5	NOK,POK,pIOK,pNOK,pPOK|P:0.5	nv	NOK,POK,pIOK,pNOK,pPOK|P:0.5
s1_5	NOK,POK,pIOK,pNOK,pPOK|P:0.5	rng	NOK,POK,pIOK,pNOK,pPOK|P:0.5
s1_5	NOK,POK,pIOK,pNOK,pPOK|P:0.5	str	NOK,POK,pIOK,pNOK,pPOK|P:0.5
s1_5	NOK,POK,pIOK,pNOK,pPOK|P:0.5	utf8	NOK,POK,pIOK,pNOK,pPOK,UTF8|P:0.5
s1_5	NOK,POK,pIOK,pNOK,pPOK|P:1.5	add	NOK,POK,pIOK,pNOK,pPOK|P:1.5
s1_5	NOK,POK,pIOK,pNOK,pPOK|P:1.5	bors	NOK,POK,pIOK,pNOK,pPOK|P:1.5
s1_5	NOK,POK,pIOK,pNOK,pPOK|P:1.5	cat0	POK,pPOK|P:1.5
s1_5	NOK,POK,pIOK,pNOK,pPOK|P:1.5	catx	POK,pPOK|P:1.5x
s1_5	NOK,POK,pIOK,pNOK,pPOK|P:1.5	copy	NOK,POK,pIOK,pNOK,pPOK|P:1.5
s1_5	NOK,POK,pIOK,pNOK,pPOK|P:1.5	dec	NOK,pNOK|N:0.5
s1_5	NOK,POK,pIOK,pNOK,pPOK|P:1.5	fbors	NOK,POK,pIOK,pNOK,pPOK|P:1.5
s1_5	NOK,POK,pIOK,pNOK,pPOK|P:1.5	inc	NOK,pNOK|N:2.5
s1_5	NOK,POK,pIOK,pNOK,pPOK|P:1.5	iv	NOK,POK,pIOK,pNOK,pPOK|P:1.5
s1_5	NOK,POK,pIOK,pNOK,pPOK|P:1.5	nv	NOK,POK,pIOK,pNOK,pPOK|P:1.5
s1_5	NOK,POK,pIOK,pNOK,pPOK|P:1.5	rng	NOK,POK,pIOK,pNOK,pPOK|P:1.5
s1_5	NOK,POK,pIOK,pNOK,pPOK|P:1.5	str	NOK,POK,pIOK,pNOK,pPOK|P:1.5
s1_5	NOK,POK,pIOK,pNOK,pPOK|P:1.5	utf8	NOK,POK,pIOK,pNOK,pPOK,UTF8|P:1.5
s1_5	NOK,POK,pIOK,pNOK,pPOK|P:2.5	add	NOK,POK,pIOK,pNOK,pPOK|P:2.5
s1_5	NOK,POK,pIOK,pNOK,pPOK|P:2.5	bors	NOK,POK,pIOK,pNOK,pPOK|P:2.5
s1_5	NOK,POK,pIOK,pNOK,pPOK|P:2.5	cat0	POK,pPOK|P:2.5
s1_5	NOK,POK,pIOK,pNOK,pPOK|P:2.5	catx	POK,pPOK|P:2.5x
s1_5	NOK,POK,pIOK,pNOK,pPOK|P:2.5	copy	NOK,POK,pIOK,pNOK,pPOK|P:2.5
s1_5	NOK,POK,pIOK,pNOK,pPOK|P:2.5	dec	NOK,pNOK|N:1.5
s1_5	NOK,POK,pIOK,pNOK,pPOK|P:2.5	fbors	NOK,POK,pIOK,pNOK,pPOK|P:2.5
s1_5	NOK,POK,pIOK,pNOK,pPOK|P:2.5	inc	NOK,pNOK|N:3.5
s1_5	NOK,POK,pIOK,pNOK,pPOK|P:2.5	iv	NOK,POK,pIOK,pNOK,pPOK|P:2.5
s1_5	NOK,POK,pIOK,pNOK,pPOK|P:2.5	nv	NOK,POK,pIOK,pNOK,pPOK|P:2.5
s1_5	NOK,POK,pIOK,pNOK,pPOK|P:2.5	rng	NOK,POK,pIOK,pNOK,pPOK|P:2.5
s1_5	NOK,POK,pIOK,pNOK,pPOK|P:2.5	str	NOK,POK,pIOK,pNOK,pPOK|P:2.5
s1_5	NOK,POK,pIOK,pNOK,pPOK|P:2.5	utf8	NOK,POK,pIOK,pNOK,pPOK,UTF8|P:2.5
s1_5	NOK,POK,pNOK,pPOK,UTF8|P:0.5	add	NOK,POK,pIOK,pNOK,pPOK,UTF8|P:0.5
s1_5	NOK,POK,pNOK,pPOK,UTF8|P:0.5	bors	NOK,POK,pIOK,pNOK,pPOK,UTF8|P:0.5
s1_5	NOK,POK,pNOK,pPOK,UTF8|P:0.5	cat0	POK,pPOK,UTF8|P:0.5
s1_5	NOK,POK,pNOK,pPOK,UTF8|P:0.5	catx	POK,pPOK,UTF8|P:0.5x
s1_5	NOK,POK,pNOK,pPOK,UTF8|P:0.5	copy	NOK,POK,pNOK,pPOK,UTF8|P:0.5
s1_5	NOK,POK,pNOK,pPOK,UTF8|P:0.5	dec	NOK,pNOK|N:-0.5
s1_5	NOK,POK,pNOK,pPOK,UTF8|P:0.5	fbors	NOK,POK,pNOK,pPOK,UTF8|P:0.5
s1_5	NOK,POK,pNOK,pPOK,UTF8|P:0.5	inc	NOK,pNOK|N:1.5
s1_5	NOK,POK,pNOK,pPOK,UTF8|P:0.5	iv	NOK,POK,pIOK,pNOK,pPOK,UTF8|P:0.5
s1_5	NOK,POK,pNOK,pPOK,UTF8|P:0.5	nv	NOK,POK,pNOK,pPOK,UTF8|P:0.5
s1_5	NOK,POK,pNOK,pPOK,UTF8|P:0.5	rng	NOK,POK,pIOK,pNOK,pPOK,UTF8|P:0.5
s1_5	NOK,POK,pNOK,pPOK,UTF8|P:0.5	str	NOK,POK,pNOK,pPOK,UTF8|P:0.5
s1_5	NOK,POK,pNOK,pPOK,UTF8|P:0.5	utf8	NOK,POK,pNOK,pPOK,UTF8|P:0.5
s1_5	NOK,POK,pNOK,pPOK,UTF8|P:1.5	add	NOK,POK,pIOK,pNOK,pPOK,UTF8|P:1.5
s1_5	NOK,POK,pNOK,pPOK,UTF8|P:1.5	bors	NOK,POK,pIOK,pNOK,pPOK,UTF8|P:1.5
s1_5	NOK,POK,pNOK,pPOK,UTF8|P:1.5	cat0	POK,pPOK,UTF8|P:1.5
s1_5	NOK,POK,pNOK,pPOK,UTF8|P:1.5	catx	POK,pPOK,UTF8|P:1.5x
s1_5	NOK,POK,pNOK,pPOK,UTF8|P:1.5	copy	NOK,POK,pNOK,pPOK,UTF8|P:1.5
s1_5	NOK,POK,pNOK,pPOK,UTF8|P:1.5	dec	NOK,pNOK|N:0.5
s1_5	NOK,POK,pNOK,pPOK,UTF8|P:1.5	fbors	NOK,POK,pNOK,pPOK,UTF8|P:1.5
s1_5	NOK,POK,pNOK,pPOK,UTF8|P:1.5	inc	NOK,pNOK|N:2.5
s1_5	NOK,POK,pNOK,pPOK,UTF8|P:1.5	iv	NOK,POK,pIOK,pNOK,pPOK,UTF8|P:1.5
s1_5	NOK,POK,pNOK,pPOK,UTF8|P:1.5	nv	NOK,POK,pNOK,pPOK,UTF8|P:1.5
s1_5	NOK,POK,pNOK,pPOK,UTF8|P:1.5	rng	NOK,POK,pIOK,pNOK,pPOK,UTF8|P:1.5
s1_5	NOK,POK,pNOK,pPOK,UTF8|P:1.5	str	NOK,POK,pNOK,pPOK,UTF8|P:1.5
s1_5	NOK,POK,pNOK,pPOK,UTF8|P:1.5	utf8	NOK,POK,pNOK,pPOK,UTF8|P:1.5
s1_5	NOK,POK,pNOK,pPOK,UTF8|P:2.5	add	NOK,POK,pIOK,pNOK,pPOK,UTF8|P:2.5
s1_5	NOK,POK,pNOK,pPOK,UTF8|P:2.5	bors	NOK,POK,pIOK,pNOK,pPOK,UTF8|P:2.5
s1_5	NOK,POK,pNOK,pPOK,UTF8|P:2.5	cat0	POK,pPOK,UTF8|P:2.5
s1_5	NOK,POK,pNOK,pPOK,UTF8|P:2.5	catx	POK,pPOK,UTF8|P:2.5x
s1_5	NOK,POK,pNOK,pPOK,UTF8|P:2.5	copy	NOK,POK,pNOK,pPOK,UTF8|P:2.5
s1_5	NOK,POK,pNOK,pPOK,UTF8|P:2.5	dec	NOK,pNOK|N:1.5
s1_5	NOK,POK,pNOK,pPOK,UTF8|P:2.5	fbors	NOK,POK,pNOK,pPOK,UTF8|P:2.5
s1_5	NOK,POK,pNOK,pPOK,UTF8|P:2.5	inc	NOK,pNOK|N:3.5
s1_5	NOK,POK,pNOK,pPOK,UTF8|P:2.5	iv	NOK,POK,pIOK,pNOK,pPOK,UTF8|P:2.5
s1_5	NOK,POK,pNOK,pPOK,UTF8|P:2.5	nv	NOK,POK,pNOK,pPOK,UTF8|P:2.5
s1_5	NOK,POK,pNOK,pPOK,UTF8|P:2.5	rng	NOK,POK,pIOK,pNOK,pPOK,UTF8|P:2.5
s1_5	NOK,POK,pNOK,pPOK,UTF8|P:2.5	str	NOK,POK,pNOK,pPOK,UTF8|P:2.5
s1_5	NOK,POK,pNOK,pPOK,UTF8|P:2.5	utf8	NOK,POK,pNOK,pPOK,UTF8|P:2.5
s1_5	NOK,POK,pNOK,pPOK|P:0.5	add	NOK,POK,pIOK,pNOK,pPOK|P:0.5
s1_5	NOK,POK,pNOK,pPOK|P:0.5	bors	NOK,POK,pIOK,pNOK,pPOK|P:0.5
s1_5	NOK,POK,pNOK,pPOK|P:0.5	cat0	POK,pPOK|P:0.5
s1_5	NOK,POK,pNOK,pPOK|P:0.5	catx	POK,pPOK|P:0.5x
s1_5	NOK,POK,pNOK,pPOK|P:0.5	copy	NOK,POK,pNOK,pPOK|P:0.5
s1_5	NOK,POK,pNOK,pPOK|P:0.5	dec	NOK,pNOK|N:-0.5
s1_5	NOK,POK,pNOK,pPOK|P:0.5	fbors	NOK,POK,pNOK,pPOK|P:0.5
s1_5	NOK,POK,pNOK,pPOK|P:0.5	inc	NOK,pNOK|N:1.5
s1_5	NOK,POK,pNOK,pPOK|P:0.5	iv	NOK,POK,pIOK,pNOK,pPOK|P:0.5
s1_5	NOK,POK,pNOK,pPOK|P:0.5	nv	NOK,POK,pNOK,pPOK|P:0.5
s1_5	NOK,POK,pNOK,pPOK|P:0.5	rng	NOK,POK,pIOK,pNOK,pPOK|P:0.5
s1_5	NOK,POK,pNOK,pPOK|P:0.5	str	NOK,POK,pNOK,pPOK|P:0.5
s1_5	NOK,POK,pNOK,pPOK|P:0.5	utf8	NOK,POK,pNOK,pPOK,UTF8|P:0.5
s1_5	NOK,POK,pNOK,pPOK|P:1.5	add	NOK,POK,pIOK,pNOK,pPOK|P:1.5
s1_5	NOK,POK,pNOK,pPOK|P:1.5	bors	NOK,POK,pIOK,pNOK,pPOK|P:1.5
s1_5	NOK,POK,pNOK,pPOK|P:1.5	cat0	POK,pPOK|P:1.5
s1_5	NOK,POK,pNOK,pPOK|P:1.5	catx	POK,pPOK|P:1.5x
s1_5	NOK,POK,pNOK,pPOK|P:1.5	copy	NOK,POK,pNOK,pPOK|P:1.5
s1_5	NOK,POK,pNOK,pPOK|P:1.5	dec	NOK,pNOK|N:0.5
s1_5	NOK,POK,pNOK,pPOK|P:1.5	fbors	NOK,POK,pNOK,pPOK|P:1.5
s1_5	NOK,POK,pNOK,pPOK|P:1.5	inc	NOK,pNOK|N:2.5
s1_5	NOK,POK,pNOK,pPOK|P:1.5	iv	NOK,POK,pIOK,pNOK,pPOK|P:1.5
s1_5	NOK,POK,pNOK,pPOK|P:1.5	nv	NOK,POK,pNOK,pPOK|P:1.5
s1_5	NOK,POK,pNOK,pPOK|P:1.5	rng	NOK,POK,pIOK,pNOK,pPOK|P:1.5
s1_5	NOK,POK,pNOK,pPOK|P:1.5	str	NOK,POK,pNOK,pPOK|P:1.5
s1_5	NOK,POK,pNOK,pPOK|P:1.5	utf8	NOK,POK,pNOK,pPOK,UTF8|P:1.5
s1_5	NOK,POK,pNOK,pPOK|P:2.5	add	NOK,POK,pIOK,pNOK,pPOK|P:2.5
s1_5	NOK,POK,pNOK,pPOK|P:2.5	bors	NOK,POK,pIOK,pNOK,pPOK|P:2.5
s1_5	NOK,POK,pNOK,pPOK|P:2.5	cat0	POK,pPOK|P:2.5
s1_5	NOK,POK,pNOK,pPOK|P:2.5	catx	POK,pPOK|P:2.5x
s1_5	NOK,POK,pNOK,pPOK|P:2.5	copy	NOK,POK,pNOK,pPOK|P:2.5
s1_5	NOK,POK,pNOK,pPOK|P:2.5	dec	NOK,pNOK|N:1.5
s1_5	NOK,POK,pNOK,pPOK|P:2.5	fbors	NOK,POK,pNOK,pPOK|P:2.5
s1_5	NOK,POK,pNOK,pPOK|P:2.5	inc	NOK,pNOK|N:3.5
s1_5	NOK,POK,pNOK,pPOK|P:2.5	iv	NOK,POK,pIOK,pNOK,pPOK|P:2.5
s1_5	NOK,POK,pNOK,pPOK|P:2.5	nv	NOK,POK,pNOK,pPOK|P:2.5
s1_5	NOK,POK,pNOK,pPOK|P:2.5	rng	NOK,POK,pIOK,pNOK,pPOK|P:2.5
s1_5	NOK,POK,pNOK,pPOK|P:2.5	str	NOK,POK,pNOK,pPOK|P:2.5
s1_5	NOK,POK,pNOK,pPOK|P:2.5	utf8	NOK,POK,pNOK,pPOK,UTF8|P:2.5
s1_5	NOK,pIOK,pNOK|N:-0.5	add	NOK,pIOK,pNOK|N:-0.5
s1_5	NOK,pIOK,pNOK|N:-0.5	bors	NOK,pIOK,pNOK|N:-0.5
s1_5	NOK,pIOK,pNOK|N:-0.5	cat0	POK,pPOK|P:-0.5
s1_5	NOK,pIOK,pNOK|N:-0.5	catx	POK,pPOK|P:-0.5x
s1_5	NOK,pIOK,pNOK|N:-0.5	copy	NOK,pIOK,pNOK|N:-0.5
s1_5	NOK,pIOK,pNOK|N:-0.5	dec	NOK,pNOK|N:-1.5
s1_5	NOK,pIOK,pNOK|N:-0.5	fbors	NOK,pIOK,pNOK|N:-0.5
s1_5	NOK,pIOK,pNOK|N:-0.5	inc	NOK,pNOK|N:0.5
s1_5	NOK,pIOK,pNOK|N:-0.5	iv	NOK,pIOK,pNOK|N:-0.5
s1_5	NOK,pIOK,pNOK|N:-0.5	nv	NOK,pIOK,pNOK|N:-0.5
s1_5	NOK,pIOK,pNOK|N:-0.5	rng	NOK,pIOK,pNOK|N:-0.5
s1_5	NOK,pIOK,pNOK|N:-0.5	str	NOK,pIOK,pNOK|N:-0.5
s1_5	NOK,pIOK,pNOK|N:-0.5	utf8	POK,pPOK,UTF8|P:-0.5
s1_5	NOK,pIOK,pNOK|N:0.5	add	NOK,pIOK,pNOK|N:0.5
s1_5	NOK,pIOK,pNOK|N:0.5	bors	NOK,pIOK,pNOK|N:0.5
s1_5	NOK,pIOK,pNOK|N:0.5	cat0	POK,pPOK|P:0.5
s1_5	NOK,pIOK,pNOK|N:0.5	catx	POK,pPOK|P:0.5x
s1_5	NOK,pIOK,pNOK|N:0.5	copy	NOK,pIOK,pNOK|N:0.5
s1_5	NOK,pIOK,pNOK|N:0.5	dec	NOK,pNOK|N:-0.5
s1_5	NOK,pIOK,pNOK|N:0.5	fbors	NOK,pIOK,pNOK|N:0.5
s1_5	NOK,pIOK,pNOK|N:0.5	inc	NOK,pNOK|N:1.5
s1_5	NOK,pIOK,pNOK|N:0.5	iv	NOK,pIOK,pNOK|N:0.5
s1_5	NOK,pIOK,pNOK|N:0.5	nv	NOK,pIOK,pNOK|N:0.5
s1_5	NOK,pIOK,pNOK|N:0.5	rng	NOK,pIOK,pNOK|N:0.5
s1_5	NOK,pIOK,pNOK|N:0.5	str	NOK,pIOK,pNOK|N:0.5
s1_5	NOK,pIOK,pNOK|N:0.5	utf8	POK,pPOK,UTF8|P:0.5
s1_5	NOK,pIOK,pNOK|N:1.5	add	NOK,pIOK,pNOK|N:1.5
s1_5	NOK,pIOK,pNOK|N:1.5	bors	NOK,pIOK,pNOK|N:1.5
s1_5	NOK,pIOK,pNOK|N:1.5	cat0	POK,pPOK|P:1.5
s1_5	NOK,pIOK,pNOK|N:1.5	catx	POK,pPOK|P:1.5x
s1_5	NOK,pIOK,pNOK|N:1.5	copy	NOK,pIOK,pNOK|N:1.5
s1_5	NOK,pIOK,pNOK|N:1.5	dec	NOK,pNOK|N:0.5
s1_5	NOK,pIOK,pNOK|N:1.5	fbors	NOK,pIOK,pNOK|N:1.5
s1_5	NOK,pIOK,pNOK|N:1.5	inc	NOK,pNOK|N:2.5
s1_5	NOK,pIOK,pNOK|N:1.5	iv	NOK,pIOK,pNOK|N:1.5
s1_5	NOK,pIOK,pNOK|N:1.5	nv	NOK,pIOK,pNOK|N:1.5
s1_5	NOK,pIOK,pNOK|N:1.5	rng	NOK,pIOK,pNOK|N:1.5
s1_5	NOK,pIOK,pNOK|N:1.5	str	NOK,pIOK,pNOK|N:1.5
s1_5	NOK,pIOK,pNOK|N:1.5	utf8	POK,pPOK,UTF8|P:1.5
s1_5	NOK,pIOK,pNOK|N:2.5	add	NOK,pIOK,pNOK|N:2.5
s1_5	NOK,pIOK,pNOK|N:2.5	bors	NOK,pIOK,pNOK|N:2.5
s1_5	NOK,pIOK,pNOK|N:2.5	cat0	POK,pPOK|P:2.5
s1_5	NOK,pIOK,pNOK|N:2.5	catx	POK,pPOK|P:2.5x
s1_5	NOK,pIOK,pNOK|N:2.5	copy	NOK,pIOK,pNOK|N:2.5
s1_5	NOK,pIOK,pNOK|N:2.5	dec	NOK,pNOK|N:1.5
s1_5	NOK,pIOK,pNOK|N:2.5	fbors	NOK,pIOK,pNOK|N:2.5
s1_5	NOK,pIOK,pNOK|N:2.5	inc	NOK,pNOK|N:3.5
s1_5	NOK,pIOK,pNOK|N:2.5	iv	NOK,pIOK,pNOK|N:2.5
s1_5	NOK,pIOK,pNOK|N:2.5	nv	NOK,pIOK,pNOK|N:2.5
s1_5	NOK,pIOK,pNOK|N:2.5	rng	NOK,pIOK,pNOK|N:2.5
s1_5	NOK,pIOK,pNOK|N:2.5	str	NOK,pIOK,pNOK|N:2.5
s1_5	NOK,pIOK,pNOK|N:2.5	utf8	POK,pPOK,UTF8|P:2.5
s1_5	NOK,pIOK,pNOK|N:3.5	add	NOK,pIOK,pNOK|N:3.5
s1_5	NOK,pIOK,pNOK|N:3.5	bors	NOK,pIOK,pNOK|N:3.5
s1_5	NOK,pIOK,pNOK|N:3.5	cat0	POK,pPOK|P:3.5
s1_5	NOK,pIOK,pNOK|N:3.5	catx	POK,pPOK|P:3.5x
s1_5	NOK,pIOK,pNOK|N:3.5	copy	NOK,pIOK,pNOK|N:3.5
s1_5	NOK,pIOK,pNOK|N:3.5	dec	NOK,pNOK|N:2.5
s1_5	NOK,pIOK,pNOK|N:3.5	fbors	NOK,pIOK,pNOK|N:3.5
s1_5	NOK,pIOK,pNOK|N:3.5	inc	NOK,pNOK|N:4.5
s1_5	NOK,pIOK,pNOK|N:3.5	iv	NOK,pIOK,pNOK|N:3.5
s1_5	NOK,pIOK,pNOK|N:3.5	nv	NOK,pIOK,pNOK|N:3.5
s1_5	NOK,pIOK,pNOK|N:3.5	rng	NOK,pIOK,pNOK|N:3.5
s1_5	NOK,pIOK,pNOK|N:3.5	str	NOK,pIOK,pNOK|N:3.5
s1_5	NOK,pIOK,pNOK|N:3.5	utf8	POK,pPOK,UTF8|P:3.5
s1_5	NOK,pNOK|N:-0.5	add	NOK,pIOK,pNOK|N:-0.5
s1_5	NOK,pNOK|N:-0.5	bors	NOK,pIOK,pNOK|N:-0.5
s1_5	NOK,pNOK|N:-0.5	cat0	POK,pPOK|P:-0.5
s1_5	NOK,pNOK|N:-0.5	catx	POK,pPOK|P:-0.5x
s1_5	NOK,pNOK|N:-0.5	copy	NOK,pNOK|N:-0.5
s1_5	NOK,pNOK|N:-0.5	dec	NOK,pNOK|N:-1.5
s1_5	NOK,pNOK|N:-0.5	fbors	NOK,pNOK|N:-0.5
s1_5	NOK,pNOK|N:-0.5	inc	NOK,pNOK|N:0.5
s1_5	NOK,pNOK|N:-0.5	iv	NOK,pIOK,pNOK|N:-0.5
s1_5	NOK,pNOK|N:-0.5	nv	NOK,pNOK|N:-0.5
s1_5	NOK,pNOK|N:-0.5	rng	NOK,pIOK,pNOK|N:-0.5
s1_5	NOK,pNOK|N:-0.5	str	NOK,pNOK|N:-0.5
s1_5	NOK,pNOK|N:-0.5	utf8	POK,pPOK,UTF8|P:-0.5
s1_5	NOK,pNOK|N:-1.5	add	NOK,pIOK,pNOK|N:-1.5
s1_5	NOK,pNOK|N:-1.5	bors	NOK,pIOK,pNOK|N:-1.5
s1_5	NOK,pNOK|N:-1.5	cat0	POK,pPOK|P:-1.5
s1_5	NOK,pNOK|N:-1.5	catx	POK,pPOK|P:-1.5x
s1_5	NOK,pNOK|N:-1.5	copy	NOK,pNOK|N:-1.5
s1_5	NOK,pNOK|N:-1.5	dec	NOK,pNOK|N:-2.5
s1_5	NOK,pNOK|N:-1.5	fbors	NOK,pNOK|N:-1.5
s1_5	NOK,pNOK|N:-1.5	inc	NOK,pNOK|N:-0.5
s1_5	NOK,pNOK|N:-1.5	iv	NOK,pIOK,pNOK|N:-1.5
s1_5	NOK,pNOK|N:-1.5	nv	NOK,pNOK|N:-1.5
s1_5	NOK,pNOK|N:-1.5	rng	NOK,pIOK,pNOK|N:-1.5
s1_5	NOK,pNOK|N:-1.5	str	NOK,pNOK|N:-1.5
s1_5	NOK,pNOK|N:-1.5	utf8	POK,pPOK,UTF8|P:-1.5
s1_5	NOK,pNOK|N:0.5	add	NOK,pIOK,pNOK|N:0.5
s1_5	NOK,pNOK|N:0.5	bors	NOK,pIOK,pNOK|N:0.5
s1_5	NOK,pNOK|N:0.5	cat0	POK,pPOK|P:0.5
s1_5	NOK,pNOK|N:0.5	catx	POK,pPOK|P:0.5x
s1_5	NOK,pNOK|N:0.5	copy	NOK,pNOK|N:0.5
s1_5	NOK,pNOK|N:0.5	dec	NOK,pNOK|N:-0.5
s1_5	NOK,pNOK|N:0.5	fbors	NOK,pNOK|N:0.5
s1_5	NOK,pNOK|N:0.5	inc	NOK,pNOK|N:1.5
s1_5	NOK,pNOK|N:0.5	iv	NOK,pIOK,pNOK|N:0.5
s1_5	NOK,pNOK|N:0.5	nv	NOK,pNOK|N:0.5
s1_5	NOK,pNOK|N:0.5	rng	NOK,pIOK,pNOK|N:0.5
s1_5	NOK,pNOK|N:0.5	str	NOK,pNOK|N:0.5
s1_5	NOK,pNOK|N:0.5	utf8	POK,pPOK,UTF8|P:0.5
s1_5	NOK,pNOK|N:1.5	add	NOK,pIOK,pNOK|N:1.5
s1_5	NOK,pNOK|N:1.5	bors	NOK,pIOK,pNOK|N:1.5
s1_5	NOK,pNOK|N:1.5	cat0	POK,pPOK|P:1.5
s1_5	NOK,pNOK|N:1.5	catx	POK,pPOK|P:1.5x
s1_5	NOK,pNOK|N:1.5	copy	NOK,pNOK|N:1.5
s1_5	NOK,pNOK|N:1.5	dec	NOK,pNOK|N:0.5
s1_5	NOK,pNOK|N:1.5	fbors	NOK,pNOK|N:1.5
s1_5	NOK,pNOK|N:1.5	inc	NOK,pNOK|N:2.5
s1_5	NOK,pNOK|N:1.5	iv	NOK,pIOK,pNOK|N:1.5
s1_5	NOK,pNOK|N:1.5	nv	NOK,pNOK|N:1.5
s1_5	NOK,pNOK|N:1.5	rng	NOK,pIOK,pNOK|N:1.5
s1_5	NOK,pNOK|N:1.5	str	NOK,pNOK|N:1.5
s1_5	NOK,pNOK|N:1.5	utf8	POK,pPOK,UTF8|P:1.5
s1_5	NOK,pNOK|N:2.5	add	NOK,pIOK,pNOK|N:2.5
s1_5	NOK,pNOK|N:2.5	bors	NOK,pIOK,pNOK|N:2.5
s1_5	NOK,pNOK|N:2.5	cat0	POK,pPOK|P:2.5
s1_5	NOK,pNOK|N:2.5	catx	POK,pPOK|P:2.5x
s1_5	NOK,pNOK|N:2.5	copy	NOK,pNOK|N:2.5
s1_5	NOK,pNOK|N:2.5	dec	NOK,pNOK|N:1.5
s1_5	NOK,pNOK|N:2.5	fbors	NOK,pNOK|N:2.5
s1_5	NOK,pNOK|N:2.5	inc	NOK,pNOK|N:3.5
s1_5	NOK,pNOK|N:2.5	iv	NOK,pIOK,pNOK|N:2.5
s1_5	NOK,pNOK|N:2.5	nv	NOK,pNOK|N:2.5
s1_5	NOK,pNOK|N:2.5	rng	NOK,pIOK,pNOK|N:2.5
s1_5	NOK,pNOK|N:2.5	str	NOK,pNOK|N:2.5
s1_5	NOK,pNOK|N:2.5	utf8	POK,pPOK,UTF8|P:2.5
s1_5	NOK,pNOK|N:3.5	add	NOK,pIOK,pNOK|N:3.5
s1_5	NOK,pNOK|N:3.5	bors	NOK,pIOK,pNOK|N:3.5
s1_5	NOK,pNOK|N:3.5	cat0	POK,pPOK|P:3.5
s1_5	NOK,pNOK|N:3.5	catx	POK,pPOK|P:3.5x
s1_5	NOK,pNOK|N:3.5	copy	NOK,pNOK|N:3.5
s1_5	NOK,pNOK|N:3.5	dec	NOK,pNOK|N:2.5
s1_5	NOK,pNOK|N:3.5	fbors	NOK,pNOK|N:3.5
s1_5	NOK,pNOK|N:3.5	inc	NOK,pNOK|N:4.5
s1_5	NOK,pNOK|N:3.5	iv	NOK,pIOK,pNOK|N:3.5
s1_5	NOK,pNOK|N:3.5	nv	NOK,pNOK|N:3.5
s1_5	NOK,pNOK|N:3.5	rng	NOK,pIOK,pNOK|N:3.5
s1_5	NOK,pNOK|N:3.5	str	NOK,pNOK|N:3.5
s1_5	NOK,pNOK|N:3.5	utf8	POK,pPOK,UTF8|P:3.5
s1_5	NOK,pNOK|N:4.5	add	NOK,pIOK,pNOK|N:4.5
s1_5	NOK,pNOK|N:4.5	bors	NOK,pIOK,pNOK|N:4.5
s1_5	NOK,pNOK|N:4.5	cat0	POK,pPOK|P:4.5
s1_5	NOK,pNOK|N:4.5	catx	POK,pPOK|P:4.5x
s1_5	NOK,pNOK|N:4.5	copy	NOK,pNOK|N:4.5
s1_5	NOK,pNOK|N:4.5	dec	NOK,pNOK|N:3.5
s1_5	NOK,pNOK|N:4.5	fbors	NOK,pNOK|N:4.5
s1_5	NOK,pNOK|N:4.5	inc	NOK,pNOK|N:5.5
s1_5	NOK,pNOK|N:4.5	iv	NOK,pIOK,pNOK|N:4.5
s1_5	NOK,pNOK|N:4.5	nv	NOK,pNOK|N:4.5
s1_5	NOK,pNOK|N:4.5	rng	NOK,pIOK,pNOK|N:4.5
s1_5	NOK,pNOK|N:4.5	str	NOK,pNOK|N:4.5
s1_5	NOK,pNOK|N:4.5	utf8	POK,pPOK,UTF8|P:4.5
s1_5	POK,pIOK,pNOK,pPOK,UTF8|P:1.5x	add	POK,pIOK,pNOK,pPOK,UTF8|P:1.5x
s1_5	POK,pIOK,pNOK,pPOK,UTF8|P:1.5x	bors	POK,pIOK,pNOK,pPOK,UTF8|P:1.5x
s1_5	POK,pIOK,pNOK,pPOK,UTF8|P:1.5x	cat0	POK,pIOK,pNOK,pPOK,UTF8|P:1.5x
s1_5	POK,pIOK,pNOK,pPOK,UTF8|P:1.5x	catx	POK,pIOK,pNOK,pPOK,UTF8|P:1.5xx
s1_5	POK,pIOK,pNOK,pPOK,UTF8|P:1.5x	copy	POK,pIOK,pNOK,pPOK,UTF8|P:1.5x
s1_5	POK,pIOK,pNOK,pPOK,UTF8|P:1.5x	dec	NOK,pNOK|N:0.5
s1_5	POK,pIOK,pNOK,pPOK,UTF8|P:1.5x	fbors	POK,pIOK,pNOK,pPOK,UTF8|P:1.5x
s1_5	POK,pIOK,pNOK,pPOK,UTF8|P:1.5x	inc	NOK,pNOK|N:2.5
s1_5	POK,pIOK,pNOK,pPOK,UTF8|P:1.5x	iv	POK,pIOK,pNOK,pPOK,UTF8|P:1.5x
s1_5	POK,pIOK,pNOK,pPOK,UTF8|P:1.5x	nv	POK,pIOK,pNOK,pPOK,UTF8|P:1.5x
s1_5	POK,pIOK,pNOK,pPOK,UTF8|P:1.5x	rng	POK,pIOK,pNOK,pPOK,UTF8|P:1.5x
s1_5	POK,pIOK,pNOK,pPOK,UTF8|P:1.5x	str	POK,pIOK,pNOK,pPOK,UTF8|P:1.5x
s1_5	POK,pIOK,pNOK,pPOK,UTF8|P:1.5x	utf8	POK,pIOK,pNOK,pPOK,UTF8|P:1.5x
s1_5	POK,pIOK,pNOK,pPOK|P:0.5x	add	POK,pIOK,pNOK,pPOK|P:0.5x
s1_5	POK,pIOK,pNOK,pPOK|P:0.5x	bors	POK,pIOK,pNOK,pPOK|P:0.5x
s1_5	POK,pIOK,pNOK,pPOK|P:0.5x	cat0	POK,pIOK,pNOK,pPOK|P:0.5x
s1_5	POK,pIOK,pNOK,pPOK|P:0.5x	catx	POK,pIOK,pNOK,pPOK|P:0.5xx
s1_5	POK,pIOK,pNOK,pPOK|P:0.5x	copy	POK,pIOK,pNOK,pPOK|P:0.5x
s1_5	POK,pIOK,pNOK,pPOK|P:0.5x	dec	NOK,pNOK|N:-0.5
s1_5	POK,pIOK,pNOK,pPOK|P:0.5x	fbors	POK,pIOK,pNOK,pPOK|P:0.5x
s1_5	POK,pIOK,pNOK,pPOK|P:0.5x	inc	NOK,pNOK|N:1.5
s1_5	POK,pIOK,pNOK,pPOK|P:0.5x	iv	POK,pIOK,pNOK,pPOK|P:0.5x
s1_5	POK,pIOK,pNOK,pPOK|P:0.5x	nv	POK,pIOK,pNOK,pPOK|P:0.5x
s1_5	POK,pIOK,pNOK,pPOK|P:0.5x	rng	POK,pIOK,pNOK,pPOK|P:0.5x
s1_5	POK,pIOK,pNOK,pPOK|P:0.5x	str	POK,pIOK,pNOK,pPOK|P:0.5x
s1_5	POK,pIOK,pNOK,pPOK|P:0.5x	utf8	POK,pIOK,pNOK,pPOK,UTF8|P:0.5x
s1_5	POK,pIOK,pNOK,pPOK|P:1.5x	add	POK,pIOK,pNOK,pPOK|P:1.5x
s1_5	POK,pIOK,pNOK,pPOK|P:1.5x	bors	POK,pIOK,pNOK,pPOK|P:1.5x
s1_5	POK,pIOK,pNOK,pPOK|P:1.5x	cat0	POK,pIOK,pNOK,pPOK|P:1.5x
s1_5	POK,pIOK,pNOK,pPOK|P:1.5x	catx	POK,pIOK,pNOK,pPOK|P:1.5xx
s1_5	POK,pIOK,pNOK,pPOK|P:1.5x	copy	POK,pIOK,pNOK,pPOK|P:1.5x
s1_5	POK,pIOK,pNOK,pPOK|P:1.5x	dec	NOK,pNOK|N:0.5
s1_5	POK,pIOK,pNOK,pPOK|P:1.5x	fbors	POK,pIOK,pNOK,pPOK|P:1.5x
s1_5	POK,pIOK,pNOK,pPOK|P:1.5x	inc	NOK,pNOK|N:2.5
s1_5	POK,pIOK,pNOK,pPOK|P:1.5x	iv	POK,pIOK,pNOK,pPOK|P:1.5x
s1_5	POK,pIOK,pNOK,pPOK|P:1.5x	nv	POK,pIOK,pNOK,pPOK|P:1.5x
s1_5	POK,pIOK,pNOK,pPOK|P:1.5x	rng	POK,pIOK,pNOK,pPOK|P:1.5x
s1_5	POK,pIOK,pNOK,pPOK|P:1.5x	str	POK,pIOK,pNOK,pPOK|P:1.5x
s1_5	POK,pIOK,pNOK,pPOK|P:1.5x	utf8	POK,pIOK,pNOK,pPOK,UTF8|P:1.5x
s1_5	POK,pIOK,pNOK,pPOK|P:1.5xx	add	POK,pIOK,pNOK,pPOK|P:1.5xx
s1_5	POK,pIOK,pNOK,pPOK|P:1.5xx	bors	POK,pIOK,pNOK,pPOK|P:1.5xx
s1_5	POK,pIOK,pNOK,pPOK|P:1.5xx	cat0	POK,pIOK,pNOK,pPOK|P:1.5xx
s1_5	POK,pIOK,pNOK,pPOK|P:1.5xx	catx	POK,pIOK,pNOK,pPOK|P:1.5xxx
s1_5	POK,pIOK,pNOK,pPOK|P:1.5xx	copy	POK,pIOK,pNOK,pPOK|P:1.5xx
s1_5	POK,pIOK,pNOK,pPOK|P:1.5xx	dec	NOK,pNOK|N:0.5
s1_5	POK,pIOK,pNOK,pPOK|P:1.5xx	fbors	POK,pIOK,pNOK,pPOK|P:1.5xx
s1_5	POK,pIOK,pNOK,pPOK|P:1.5xx	inc	NOK,pNOK|N:2.5
s1_5	POK,pIOK,pNOK,pPOK|P:1.5xx	iv	POK,pIOK,pNOK,pPOK|P:1.5xx
s1_5	POK,pIOK,pNOK,pPOK|P:1.5xx	nv	POK,pIOK,pNOK,pPOK|P:1.5xx
s1_5	POK,pIOK,pNOK,pPOK|P:1.5xx	rng	POK,pIOK,pNOK,pPOK|P:1.5xx
s1_5	POK,pIOK,pNOK,pPOK|P:1.5xx	str	POK,pIOK,pNOK,pPOK|P:1.5xx
s1_5	POK,pIOK,pNOK,pPOK|P:1.5xx	utf8	POK,pIOK,pNOK,pPOK,UTF8|P:1.5xx
s1_5	POK,pIOK,pNOK,pPOK|P:2.5x	add	POK,pIOK,pNOK,pPOK|P:2.5x
s1_5	POK,pIOK,pNOK,pPOK|P:2.5x	bors	POK,pIOK,pNOK,pPOK|P:2.5x
s1_5	POK,pIOK,pNOK,pPOK|P:2.5x	cat0	POK,pIOK,pNOK,pPOK|P:2.5x
s1_5	POK,pIOK,pNOK,pPOK|P:2.5x	catx	POK,pIOK,pNOK,pPOK|P:2.5xx
s1_5	POK,pIOK,pNOK,pPOK|P:2.5x	copy	POK,pIOK,pNOK,pPOK|P:2.5x
s1_5	POK,pIOK,pNOK,pPOK|P:2.5x	dec	NOK,pNOK|N:1.5
s1_5	POK,pIOK,pNOK,pPOK|P:2.5x	fbors	POK,pIOK,pNOK,pPOK|P:2.5x
s1_5	POK,pIOK,pNOK,pPOK|P:2.5x	inc	NOK,pNOK|N:3.5
s1_5	POK,pIOK,pNOK,pPOK|P:2.5x	iv	POK,pIOK,pNOK,pPOK|P:2.5x
s1_5	POK,pIOK,pNOK,pPOK|P:2.5x	nv	POK,pIOK,pNOK,pPOK|P:2.5x
s1_5	POK,pIOK,pNOK,pPOK|P:2.5x	rng	POK,pIOK,pNOK,pPOK|P:2.5x
s1_5	POK,pIOK,pNOK,pPOK|P:2.5x	str	POK,pIOK,pNOK,pPOK|P:2.5x
s1_5	POK,pIOK,pNOK,pPOK|P:2.5x	utf8	POK,pIOK,pNOK,pPOK,UTF8|P:2.5x
s1_5	POK,pNOK,pPOK,UTF8|P:1.5x	add	POK,pIOK,pNOK,pPOK,UTF8|P:1.5x
s1_5	POK,pNOK,pPOK,UTF8|P:1.5x	bors	POK,pIOK,pNOK,pPOK,UTF8|P:1.5x
s1_5	POK,pNOK,pPOK,UTF8|P:1.5x	cat0	POK,pNOK,pPOK,UTF8|P:1.5x
s1_5	POK,pNOK,pPOK,UTF8|P:1.5x	catx	POK,pNOK,pPOK,UTF8|P:1.5xx
s1_5	POK,pNOK,pPOK,UTF8|P:1.5x	copy	POK,pNOK,pPOK,UTF8|P:1.5x
s1_5	POK,pNOK,pPOK,UTF8|P:1.5x	dec	NOK,pNOK|N:0.5
s1_5	POK,pNOK,pPOK,UTF8|P:1.5x	fbors	POK,pNOK,pPOK,UTF8|P:1.5x
s1_5	POK,pNOK,pPOK,UTF8|P:1.5x	inc	NOK,pNOK|N:2.5
s1_5	POK,pNOK,pPOK,UTF8|P:1.5x	iv	POK,pIOK,pNOK,pPOK,UTF8|P:1.5x
s1_5	POK,pNOK,pPOK,UTF8|P:1.5x	nv	POK,pNOK,pPOK,UTF8|P:1.5x
s1_5	POK,pNOK,pPOK,UTF8|P:1.5x	rng	POK,pIOK,pNOK,pPOK,UTF8|P:1.5x
s1_5	POK,pNOK,pPOK,UTF8|P:1.5x	str	POK,pNOK,pPOK,UTF8|P:1.5x
s1_5	POK,pNOK,pPOK,UTF8|P:1.5x	utf8	POK,pNOK,pPOK,UTF8|P:1.5x
s1_5	POK,pNOK,pPOK|P:0.5x	add	POK,pIOK,pNOK,pPOK|P:0.5x
s1_5	POK,pNOK,pPOK|P:0.5x	bors	POK,pIOK,pNOK,pPOK|P:0.5x
s1_5	POK,pNOK,pPOK|P:0.5x	cat0	POK,pNOK,pPOK|P:0.5x
s1_5	POK,pNOK,pPOK|P:0.5x	catx	POK,pNOK,pPOK|P:0.5xx
s1_5	POK,pNOK,pPOK|P:0.5x	copy	POK,pNOK,pPOK|P:0.5x
s1_5	POK,pNOK,pPOK|P:0.5x	dec	NOK,pNOK|N:-0.5
s1_5	POK,pNOK,pPOK|P:0.5x	fbors	POK,pNOK,pPOK|P:0.5x
s1_5	POK,pNOK,pPOK|P:0.5x	inc	NOK,pNOK|N:1.5
s1_5	POK,pNOK,pPOK|P:0.5x	iv	POK,pIOK,pNOK,pPOK|P:0.5x
s1_5	POK,pNOK,pPOK|P:0.5x	nv	POK,pNOK,pPOK|P:0.5x
s1_5	POK,pNOK,pPOK|P:0.5x	rng	POK,pIOK,pNOK,pPOK|P:0.5x
s1_5	POK,pNOK,pPOK|P:0.5x	str	POK,pNOK,pPOK|P:0.5x
s1_5	POK,pNOK,pPOK|P:0.5x	utf8	POK,pNOK,pPOK,UTF8|P:0.5x
s1_5	POK,pNOK,pPOK|P:1.5x	add	POK,pIOK,pNOK,pPOK|P:1.5x
s1_5	POK,pNOK,pPOK|P:1.5x	bors	POK,pIOK,pNOK,pPOK|P:1.5x
s1_5	POK,pNOK,pPOK|P:1.5x	cat0	POK,pNOK,pPOK|P:1.5x
s1_5	POK,pNOK,pPOK|P:1.5x	catx	POK,pNOK,pPOK|P:1.5xx
s1_5	POK,pNOK,pPOK|P:1.5x	copy	POK,pNOK,pPOK|P:1.5x
s1_5	POK,pNOK,pPOK|P:1.5x	dec	NOK,pNOK|N:0.5
s1_5	POK,pNOK,pPOK|P:1.5x	fbors	POK,pNOK,pPOK|P:1.5x
s1_5	POK,pNOK,pPOK|P:1.5x	inc	NOK,pNOK|N:2.5
s1_5	POK,pNOK,pPOK|P:1.5x	iv	POK,pIOK,pNOK,pPOK|P:1.5x
s1_5	POK,pNOK,pPOK|P:1.5x	nv	POK,pNOK,pPOK|P:1.5x
s1_5	POK,pNOK,pPOK|P:1.5x	rng	POK,pIOK,pNOK,pPOK|P:1.5x
s1_5	POK,pNOK,pPOK|P:1.5x	str	POK,pNOK,pPOK|P:1.5x
s1_5	POK,pNOK,pPOK|P:1.5x	utf8	POK,pNOK,pPOK,UTF8|P:1.5x
s1_5	POK,pNOK,pPOK|P:1.5xx	add	POK,pIOK,pNOK,pPOK|P:1.5xx
s1_5	POK,pNOK,pPOK|P:1.5xx	bors	POK,pIOK,pNOK,pPOK|P:1.5xx
s1_5	POK,pNOK,pPOK|P:1.5xx	cat0	POK,pNOK,pPOK|P:1.5xx
s1_5	POK,pNOK,pPOK|P:1.5xx	catx	POK,pNOK,pPOK|P:1.5xxx
s1_5	POK,pNOK,pPOK|P:1.5xx	copy	POK,pNOK,pPOK|P:1.5xx
s1_5	POK,pNOK,pPOK|P:1.5xx	dec	NOK,pNOK|N:0.5
s1_5	POK,pNOK,pPOK|P:1.5xx	fbors	POK,pNOK,pPOK|P:1.5xx
s1_5	POK,pNOK,pPOK|P:1.5xx	inc	NOK,pNOK|N:2.5
s1_5	POK,pNOK,pPOK|P:1.5xx	iv	POK,pIOK,pNOK,pPOK|P:1.5xx
s1_5	POK,pNOK,pPOK|P:1.5xx	nv	POK,pNOK,pPOK|P:1.5xx
s1_5	POK,pNOK,pPOK|P:1.5xx	rng	POK,pIOK,pNOK,pPOK|P:1.5xx
s1_5	POK,pNOK,pPOK|P:1.5xx	str	POK,pNOK,pPOK|P:1.5xx
s1_5	POK,pNOK,pPOK|P:1.5xx	utf8	POK,pNOK,pPOK,UTF8|P:1.5xx
s1_5	POK,pNOK,pPOK|P:2.5x	add	POK,pIOK,pNOK,pPOK|P:2.5x
s1_5	POK,pNOK,pPOK|P:2.5x	bors	POK,pIOK,pNOK,pPOK|P:2.5x
s1_5	POK,pNOK,pPOK|P:2.5x	cat0	POK,pNOK,pPOK|P:2.5x
s1_5	POK,pNOK,pPOK|P:2.5x	catx	POK,pNOK,pPOK|P:2.5xx
s1_5	POK,pNOK,pPOK|P:2.5x	copy	POK,pNOK,pPOK|P:2.5x
s1_5	POK,pNOK,pPOK|P:2.5x	dec	NOK,pNOK|N:1.5
s1_5	POK,pNOK,pPOK|P:2.5x	fbors	POK,pNOK,pPOK|P:2.5x
s1_5	POK,pNOK,pPOK|P:2.5x	inc	NOK,pNOK|N:3.5
s1_5	POK,pNOK,pPOK|P:2.5x	iv	POK,pIOK,pNOK,pPOK|P:2.5x
s1_5	POK,pNOK,pPOK|P:2.5x	nv	POK,pNOK,pPOK|P:2.5x
s1_5	POK,pNOK,pPOK|P:2.5x	rng	POK,pIOK,pNOK,pPOK|P:2.5x
s1_5	POK,pNOK,pPOK|P:2.5x	str	POK,pNOK,pPOK|P:2.5x
s1_5	POK,pNOK,pPOK|P:2.5x	utf8	POK,pNOK,pPOK,UTF8|P:2.5x
s1_5	POK,pPOK,UTF8|P:-0.5	add	NOK,POK,pIOK,pNOK,pPOK,UTF8|P:-0.5
s1_5	POK,pPOK,UTF8|P:-0.5	bors	POK,pPOK,UTF8|P:-0.5
s1_5	POK,pPOK,UTF8|P:-0.5	cat0	POK,pPOK,UTF8|P:-0.5
s1_5	POK,pPOK,UTF8|P:-0.5	catx	POK,pPOK,UTF8|P:-0.5x
s1_5	POK,pPOK,UTF8|P:-0.5	copy	POK,pPOK,UTF8|P:-0.5
s1_5	POK,pPOK,UTF8|P:-0.5	dec	NOK,pNOK|N:-1.5
s1_5	POK,pPOK,UTF8|P:-0.5	fbors	POK,pPOK,UTF8|P:-0.5
s1_5	POK,pPOK,UTF8|P:-0.5	inc	NOK,pNOK|N:0.5
s1_5	POK,pPOK,UTF8|P:-0.5	iv	NOK,POK,pIOK,pNOK,pPOK,UTF8|P:-0.5
s1_5	POK,pPOK,UTF8|P:-0.5	nv	NOK,POK,pNOK,pPOK,UTF8|P:-0.5
s1_5	POK,pPOK,UTF8|P:-0.5	rng	NOK,POK,pIOK,pNOK,pPOK,UTF8|P:-0.5
s1_5	POK,pPOK,UTF8|P:-0.5	str	POK,pPOK,UTF8|P:-0.5
s1_5	POK,pPOK,UTF8|P:-0.5	utf8	POK,pPOK,UTF8|P:-0.5
s1_5	POK,pPOK,UTF8|P:0.5	add	NOK,POK,pIOK,pNOK,pPOK,UTF8|P:0.5
s1_5	POK,pPOK,UTF8|P:0.5	bors	POK,pPOK,UTF8|P:0.5
s1_5	POK,pPOK,UTF8|P:0.5	cat0	POK,pPOK,UTF8|P:0.5
s1_5	POK,pPOK,UTF8|P:0.5	catx	POK,pPOK,UTF8|P:0.5x
s1_5	POK,pPOK,UTF8|P:0.5	copy	POK,pPOK,UTF8|P:0.5
s1_5	POK,pPOK,UTF8|P:0.5	dec	NOK,pNOK|N:-0.5
s1_5	POK,pPOK,UTF8|P:0.5	fbors	POK,pPOK,UTF8|P:0.5
s1_5	POK,pPOK,UTF8|P:0.5	inc	NOK,pNOK|N:1.5
s1_5	POK,pPOK,UTF8|P:0.5	iv	NOK,POK,pIOK,pNOK,pPOK,UTF8|P:0.5
s1_5	POK,pPOK,UTF8|P:0.5	nv	NOK,POK,pNOK,pPOK,UTF8|P:0.5
s1_5	POK,pPOK,UTF8|P:0.5	rng	POK,pPOK,UTF8|P:0.5
s1_5	POK,pPOK,UTF8|P:0.5	str	POK,pPOK,UTF8|P:0.5
s1_5	POK,pPOK,UTF8|P:0.5	utf8	POK,pPOK,UTF8|P:0.5
s1_5	POK,pPOK,UTF8|P:0.5x	add	POK,pIOK,pNOK,pPOK,UTF8|P:0.5x
s1_5	POK,pPOK,UTF8|P:0.5x	bors	POK,pPOK,UTF8|P:0.5x
s1_5	POK,pPOK,UTF8|P:0.5x	cat0	POK,pPOK,UTF8|P:0.5x
s1_5	POK,pPOK,UTF8|P:0.5x	catx	POK,pPOK,UTF8|P:0.5xx
s1_5	POK,pPOK,UTF8|P:0.5x	copy	POK,pPOK,UTF8|P:0.5x
s1_5	POK,pPOK,UTF8|P:0.5x	dec	NOK,pNOK|N:-0.5
s1_5	POK,pPOK,UTF8|P:0.5x	fbors	POK,pPOK,UTF8|P:0.5x
s1_5	POK,pPOK,UTF8|P:0.5x	inc	NOK,pNOK|N:1.5
s1_5	POK,pPOK,UTF8|P:0.5x	iv	POK,pIOK,pNOK,pPOK,UTF8|P:0.5x
s1_5	POK,pPOK,UTF8|P:0.5x	nv	POK,pNOK,pPOK,UTF8|P:0.5x
s1_5	POK,pPOK,UTF8|P:0.5x	rng	POK,pPOK,UTF8|P:0.5x
s1_5	POK,pPOK,UTF8|P:0.5x	str	POK,pPOK,UTF8|P:0.5x
s1_5	POK,pPOK,UTF8|P:0.5x	utf8	POK,pPOK,UTF8|P:0.5x
s1_5	POK,pPOK,UTF8|P:1.5	add	NOK,POK,pIOK,pNOK,pPOK,UTF8|P:1.5
s1_5	POK,pPOK,UTF8|P:1.5	bors	POK,pPOK,UTF8|P:1.5
s1_5	POK,pPOK,UTF8|P:1.5	cat0	POK,pPOK,UTF8|P:1.5
s1_5	POK,pPOK,UTF8|P:1.5	catx	POK,pPOK,UTF8|P:1.5x
s1_5	POK,pPOK,UTF8|P:1.5	copy	POK,pPOK,UTF8|P:1.5
s1_5	POK,pPOK,UTF8|P:1.5	dec	NOK,pNOK|N:0.5
s1_5	POK,pPOK,UTF8|P:1.5	fbors	POK,pPOK,UTF8|P:1.5
s1_5	POK,pPOK,UTF8|P:1.5	inc	NOK,pNOK|N:2.5
s1_5	POK,pPOK,UTF8|P:1.5	iv	NOK,POK,pIOK,pNOK,pPOK,UTF8|P:1.5
s1_5	POK,pPOK,UTF8|P:1.5	nv	NOK,POK,pNOK,pPOK,UTF8|P:1.5
s1_5	POK,pPOK,UTF8|P:1.5	rng	NOK,POK,pIOK,pNOK,pPOK,UTF8|P:1.5
s1_5	POK,pPOK,UTF8|P:1.5	str	POK,pPOK,UTF8|P:1.5
s1_5	POK,pPOK,UTF8|P:1.5	utf8	POK,pPOK,UTF8|P:1.5
s1_5	POK,pPOK,UTF8|P:1.5x	add	POK,pIOK,pNOK,pPOK,UTF8|P:1.5x
s1_5	POK,pPOK,UTF8|P:1.5x	bors	POK,pPOK,UTF8|P:1.5x
s1_5	POK,pPOK,UTF8|P:1.5x	cat0	POK,pPOK,UTF8|P:1.5x
s1_5	POK,pPOK,UTF8|P:1.5x	catx	POK,pPOK,UTF8|P:1.5xx
s1_5	POK,pPOK,UTF8|P:1.5x	copy	POK,pPOK,UTF8|P:1.5x
s1_5	POK,pPOK,UTF8|P:1.5x	dec	NOK,pNOK|N:0.5
s1_5	POK,pPOK,UTF8|P:1.5x	fbors	POK,pPOK,UTF8|P:1.5x
s1_5	POK,pPOK,UTF8|P:1.5x	inc	NOK,pNOK|N:2.5
s1_5	POK,pPOK,UTF8|P:1.5x	iv	POK,pIOK,pNOK,pPOK,UTF8|P:1.5x
s1_5	POK,pPOK,UTF8|P:1.5x	nv	POK,pNOK,pPOK,UTF8|P:1.5x
s1_5	POK,pPOK,UTF8|P:1.5x	rng	POK,pPOK,UTF8|P:1.5x
s1_5	POK,pPOK,UTF8|P:1.5x	str	POK,pPOK,UTF8|P:1.5x
s1_5	POK,pPOK,UTF8|P:1.5x	utf8	POK,pPOK,UTF8|P:1.5x
s1_5	POK,pPOK,UTF8|P:1.5xx	add	POK,pIOK,pNOK,pPOK,UTF8|P:1.5xx
s1_5	POK,pPOK,UTF8|P:1.5xx	bors	POK,pPOK,UTF8|P:1.5xx
s1_5	POK,pPOK,UTF8|P:1.5xx	cat0	POK,pPOK,UTF8|P:1.5xx
s1_5	POK,pPOK,UTF8|P:1.5xx	catx	POK,pPOK,UTF8|P:1.5xxx
s1_5	POK,pPOK,UTF8|P:1.5xx	copy	POK,pPOK,UTF8|P:1.5xx
s1_5	POK,pPOK,UTF8|P:1.5xx	dec	NOK,pNOK|N:0.5
s1_5	POK,pPOK,UTF8|P:1.5xx	fbors	POK,pPOK,UTF8|P:1.5xx
s1_5	POK,pPOK,UTF8|P:1.5xx	inc	NOK,pNOK|N:2.5
s1_5	POK,pPOK,UTF8|P:1.5xx	iv	POK,pIOK,pNOK,pPOK,UTF8|P:1.5xx
s1_5	POK,pPOK,UTF8|P:1.5xx	nv	POK,pNOK,pPOK,UTF8|P:1.5xx
s1_5	POK,pPOK,UTF8|P:1.5xx	rng	POK,pPOK,UTF8|P:1.5xx
s1_5	POK,pPOK,UTF8|P:1.5xx	str	POK,pPOK,UTF8|P:1.5xx
s1_5	POK,pPOK,UTF8|P:1.5xx	utf8	POK,pPOK,UTF8|P:1.5xx
s1_5	POK,pPOK,UTF8|P:2.5	add	NOK,POK,pIOK,pNOK,pPOK,UTF8|P:2.5
s1_5	POK,pPOK,UTF8|P:2.5	bors	POK,pPOK,UTF8|P:2.5
s1_5	POK,pPOK,UTF8|P:2.5	cat0	POK,pPOK,UTF8|P:2.5
s1_5	POK,pPOK,UTF8|P:2.5	catx	POK,pPOK,UTF8|P:2.5x
s1_5	POK,pPOK,UTF8|P:2.5	copy	POK,pPOK,UTF8|P:2.5
s1_5	POK,pPOK,UTF8|P:2.5	dec	NOK,pNOK|N:1.5
s1_5	POK,pPOK,UTF8|P:2.5	fbors	POK,pPOK,UTF8|P:2.5
s1_5	POK,pPOK,UTF8|P:2.5	inc	NOK,pNOK|N:3.5
s1_5	POK,pPOK,UTF8|P:2.5	iv	NOK,POK,pIOK,pNOK,pPOK,UTF8|P:2.5
s1_5	POK,pPOK,UTF8|P:2.5	nv	NOK,POK,pNOK,pPOK,UTF8|P:2.5
s1_5	POK,pPOK,UTF8|P:2.5	rng	NOK,POK,pIOK,pNOK,pPOK,UTF8|P:2.5
s1_5	POK,pPOK,UTF8|P:2.5	str	POK,pPOK,UTF8|P:2.5
s1_5	POK,pPOK,UTF8|P:2.5	utf8	POK,pPOK,UTF8|P:2.5
s1_5	POK,pPOK,UTF8|P:2.5x	add	POK,pIOK,pNOK,pPOK,UTF8|P:2.5x
s1_5	POK,pPOK,UTF8|P:2.5x	bors	POK,pPOK,UTF8|P:2.5x
s1_5	POK,pPOK,UTF8|P:2.5x	cat0	POK,pPOK,UTF8|P:2.5x
s1_5	POK,pPOK,UTF8|P:2.5x	catx	POK,pPOK,UTF8|P:2.5xx
s1_5	POK,pPOK,UTF8|P:2.5x	copy	POK,pPOK,UTF8|P:2.5x
s1_5	POK,pPOK,UTF8|P:2.5x	dec	NOK,pNOK|N:1.5
s1_5	POK,pPOK,UTF8|P:2.5x	fbors	POK,pPOK,UTF8|P:2.5x
s1_5	POK,pPOK,UTF8|P:2.5x	inc	NOK,pNOK|N:3.5
s1_5	POK,pPOK,UTF8|P:2.5x	iv	POK,pIOK,pNOK,pPOK,UTF8|P:2.5x
s1_5	POK,pPOK,UTF8|P:2.5x	nv	POK,pNOK,pPOK,UTF8|P:2.5x
s1_5	POK,pPOK,UTF8|P:2.5x	rng	POK,pPOK,UTF8|P:2.5x
s1_5	POK,pPOK,UTF8|P:2.5x	str	POK,pPOK,UTF8|P:2.5x
s1_5	POK,pPOK,UTF8|P:2.5x	utf8	POK,pPOK,UTF8|P:2.5x
s1_5	POK,pPOK,UTF8|P:3.5	add	NOK,POK,pIOK,pNOK,pPOK,UTF8|P:3.5
s1_5	POK,pPOK,UTF8|P:3.5	bors	POK,pPOK,UTF8|P:3.5
s1_5	POK,pPOK,UTF8|P:3.5	cat0	POK,pPOK,UTF8|P:3.5
s1_5	POK,pPOK,UTF8|P:3.5	catx	POK,pPOK,UTF8|P:3.5x
s1_5	POK,pPOK,UTF8|P:3.5	copy	POK,pPOK,UTF8|P:3.5
s1_5	POK,pPOK,UTF8|P:3.5	dec	NOK,pNOK|N:2.5
s1_5	POK,pPOK,UTF8|P:3.5	fbors	POK,pPOK,UTF8|P:3.5
s1_5	POK,pPOK,UTF8|P:3.5	inc	NOK,pNOK|N:4.5
s1_5	POK,pPOK,UTF8|P:3.5	iv	NOK,POK,pIOK,pNOK,pPOK,UTF8|P:3.5
s1_5	POK,pPOK,UTF8|P:3.5	nv	NOK,POK,pNOK,pPOK,UTF8|P:3.5
s1_5	POK,pPOK,UTF8|P:3.5	rng	NOK,POK,pIOK,pNOK,pPOK,UTF8|P:3.5
s1_5	POK,pPOK,UTF8|P:3.5	str	POK,pPOK,UTF8|P:3.5
s1_5	POK,pPOK,UTF8|P:3.5	utf8	POK,pPOK,UTF8|P:3.5
s1_5	POK,pPOK|P:-0.5	add	NOK,POK,pIOK,pNOK,pPOK|P:-0.5
s1_5	POK,pPOK|P:-0.5	bors	POK,pPOK|P:-0.5
s1_5	POK,pPOK|P:-0.5	cat0	POK,pPOK|P:-0.5
s1_5	POK,pPOK|P:-0.5	catx	POK,pPOK|P:-0.5x
s1_5	POK,pPOK|P:-0.5	copy	POK,pPOK|P:-0.5
s1_5	POK,pPOK|P:-0.5	dec	NOK,pNOK|N:-1.5
s1_5	POK,pPOK|P:-0.5	fbors	POK,pPOK|P:-0.5
s1_5	POK,pPOK|P:-0.5	inc	NOK,pNOK|N:0.5
s1_5	POK,pPOK|P:-0.5	iv	NOK,POK,pIOK,pNOK,pPOK|P:-0.5
s1_5	POK,pPOK|P:-0.5	nv	NOK,POK,pNOK,pPOK|P:-0.5
s1_5	POK,pPOK|P:-0.5	rng	NOK,POK,pIOK,pNOK,pPOK|P:-0.5
s1_5	POK,pPOK|P:-0.5	str	POK,pPOK|P:-0.5
s1_5	POK,pPOK|P:-0.5	utf8	POK,pPOK,UTF8|P:-0.5
s1_5	POK,pPOK|P:-0.5x	add	POK,pIOK,pNOK,pPOK|P:-0.5x
s1_5	POK,pPOK|P:-0.5x	bors	POK,pPOK|P:-0.5x
s1_5	POK,pPOK|P:-0.5x	cat0	POK,pPOK|P:-0.5x
s1_5	POK,pPOK|P:-0.5x	catx	POK,pPOK|P:-0.5xx
s1_5	POK,pPOK|P:-0.5x	copy	POK,pPOK|P:-0.5x
s1_5	POK,pPOK|P:-0.5x	dec	NOK,pNOK|N:-1.5
s1_5	POK,pPOK|P:-0.5x	fbors	POK,pPOK|P:-0.5x
s1_5	POK,pPOK|P:-0.5x	inc	NOK,pNOK|N:0.5
s1_5	POK,pPOK|P:-0.5x	iv	POK,pIOK,pNOK,pPOK|P:-0.5x
s1_5	POK,pPOK|P:-0.5x	nv	POK,pNOK,pPOK|P:-0.5x
s1_5	POK,pPOK|P:-0.5x	rng	POK,pPOK|P:-0.5x
s1_5	POK,pPOK|P:-0.5x	str	POK,pPOK|P:-0.5x
s1_5	POK,pPOK|P:-0.5x	utf8	POK,pPOK,UTF8|P:-0.5x
s1_5	POK,pPOK|P:0.5	add	NOK,POK,pIOK,pNOK,pPOK|P:0.5
s1_5	POK,pPOK|P:0.5	bors	POK,pPOK|P:0.5
s1_5	POK,pPOK|P:0.5	cat0	POK,pPOK|P:0.5
s1_5	POK,pPOK|P:0.5	catx	POK,pPOK|P:0.5x
s1_5	POK,pPOK|P:0.5	copy	POK,pPOK|P:0.5
s1_5	POK,pPOK|P:0.5	dec	NOK,pNOK|N:-0.5
s1_5	POK,pPOK|P:0.5	fbors	POK,pPOK|P:0.5
s1_5	POK,pPOK|P:0.5	inc	NOK,pNOK|N:1.5
s1_5	POK,pPOK|P:0.5	iv	NOK,POK,pIOK,pNOK,pPOK|P:0.5
s1_5	POK,pPOK|P:0.5	nv	NOK,POK,pNOK,pPOK|P:0.5
s1_5	POK,pPOK|P:0.5	rng	POK,pPOK|P:0.5
s1_5	POK,pPOK|P:0.5	str	POK,pPOK|P:0.5
s1_5	POK,pPOK|P:0.5	utf8	POK,pPOK,UTF8|P:0.5
s1_5	POK,pPOK|P:0.5x	add	POK,pIOK,pNOK,pPOK|P:0.5x
s1_5	POK,pPOK|P:0.5x	bors	POK,pPOK|P:0.5x
s1_5	POK,pPOK|P:0.5x	cat0	POK,pPOK|P:0.5x
s1_5	POK,pPOK|P:0.5x	catx	POK,pPOK|P:0.5xx
s1_5	POK,pPOK|P:0.5x	copy	POK,pPOK|P:0.5x
s1_5	POK,pPOK|P:0.5x	dec	NOK,pNOK|N:-0.5
s1_5	POK,pPOK|P:0.5x	fbors	POK,pPOK|P:0.5x
s1_5	POK,pPOK|P:0.5x	inc	NOK,pNOK|N:1.5
s1_5	POK,pPOK|P:0.5x	iv	POK,pIOK,pNOK,pPOK|P:0.5x
s1_5	POK,pPOK|P:0.5x	nv	POK,pNOK,pPOK|P:0.5x
s1_5	POK,pPOK|P:0.5x	rng	POK,pPOK|P:0.5x
s1_5	POK,pPOK|P:0.5x	str	POK,pPOK|P:0.5x
s1_5	POK,pPOK|P:0.5x	utf8	POK,pPOK,UTF8|P:0.5x
s1_5	POK,pPOK|P:0.5xx	add	POK,pIOK,pNOK,pPOK|P:0.5xx
s1_5	POK,pPOK|P:0.5xx	bors	POK,pPOK|P:0.5xx
s1_5	POK,pPOK|P:0.5xx	cat0	POK,pPOK|P:0.5xx
s1_5	POK,pPOK|P:0.5xx	catx	POK,pPOK|P:0.5xxx
s1_5	POK,pPOK|P:0.5xx	copy	POK,pPOK|P:0.5xx
s1_5	POK,pPOK|P:0.5xx	dec	NOK,pNOK|N:-0.5
s1_5	POK,pPOK|P:0.5xx	fbors	POK,pPOK|P:0.5xx
s1_5	POK,pPOK|P:0.5xx	inc	NOK,pNOK|N:1.5
s1_5	POK,pPOK|P:0.5xx	iv	POK,pIOK,pNOK,pPOK|P:0.5xx
s1_5	POK,pPOK|P:0.5xx	nv	POK,pNOK,pPOK|P:0.5xx
s1_5	POK,pPOK|P:0.5xx	rng	POK,pPOK|P:0.5xx
s1_5	POK,pPOK|P:0.5xx	str	POK,pPOK|P:0.5xx
s1_5	POK,pPOK|P:0.5xx	utf8	POK,pPOK,UTF8|P:0.5xx
s1_5	POK,pPOK|P:1.5	add	NOK,POK,pIOK,pNOK,pPOK|P:1.5
s1_5	POK,pPOK|P:1.5	bors	POK,pPOK|P:1.5
s1_5	POK,pPOK|P:1.5	cat0	POK,pPOK|P:1.5
s1_5	POK,pPOK|P:1.5	catx	POK,pPOK|P:1.5x
s1_5	POK,pPOK|P:1.5	copy	POK,pPOK|P:1.5
s1_5	POK,pPOK|P:1.5	dec	NOK,pNOK|N:0.5
s1_5	POK,pPOK|P:1.5	fbors	POK,pPOK|P:1.5
s1_5	POK,pPOK|P:1.5	inc	NOK,pNOK|N:2.5
s1_5	POK,pPOK|P:1.5	iv	NOK,POK,pIOK,pNOK,pPOK|P:1.5
s1_5	POK,pPOK|P:1.5	nv	NOK,POK,pNOK,pPOK|P:1.5
s1_5	POK,pPOK|P:1.5	rng	NOK,POK,pIOK,pNOK,pPOK|P:1.5
s1_5	POK,pPOK|P:1.5	str	POK,pPOK|P:1.5
s1_5	POK,pPOK|P:1.5	utf8	POK,pPOK,UTF8|P:1.5
s1_5	POK,pPOK|P:1.5x	add	POK,pIOK,pNOK,pPOK|P:1.5x
s1_5	POK,pPOK|P:1.5x	bors	POK,pPOK|P:1.5x
s1_5	POK,pPOK|P:1.5x	cat0	POK,pPOK|P:1.5x
s1_5	POK,pPOK|P:1.5x	catx	POK,pPOK|P:1.5xx
s1_5	POK,pPOK|P:1.5x	copy	POK,pPOK|P:1.5x
s1_5	POK,pPOK|P:1.5x	dec	NOK,pNOK|N:0.5
s1_5	POK,pPOK|P:1.5x	fbors	POK,pPOK|P:1.5x
s1_5	POK,pPOK|P:1.5x	inc	NOK,pNOK|N:2.5
s1_5	POK,pPOK|P:1.5x	iv	POK,pIOK,pNOK,pPOK|P:1.5x
s1_5	POK,pPOK|P:1.5x	nv	POK,pNOK,pPOK|P:1.5x
s1_5	POK,pPOK|P:1.5x	rng	POK,pPOK|P:1.5x
s1_5	POK,pPOK|P:1.5x	str	POK,pPOK|P:1.5x
s1_5	POK,pPOK|P:1.5x	utf8	POK,pPOK,UTF8|P:1.5x
s1_5	POK,pPOK|P:1.5xx	add	POK,pIOK,pNOK,pPOK|P:1.5xx
s1_5	POK,pPOK|P:1.5xx	bors	POK,pPOK|P:1.5xx
s1_5	POK,pPOK|P:1.5xx	cat0	POK,pPOK|P:1.5xx
s1_5	POK,pPOK|P:1.5xx	catx	POK,pPOK|P:1.5xxx
s1_5	POK,pPOK|P:1.5xx	copy	POK,pPOK|P:1.5xx
s1_5	POK,pPOK|P:1.5xx	dec	NOK,pNOK|N:0.5
s1_5	POK,pPOK|P:1.5xx	fbors	POK,pPOK|P:1.5xx
s1_5	POK,pPOK|P:1.5xx	inc	NOK,pNOK|N:2.5
s1_5	POK,pPOK|P:1.5xx	iv	POK,pIOK,pNOK,pPOK|P:1.5xx
s1_5	POK,pPOK|P:1.5xx	nv	POK,pNOK,pPOK|P:1.5xx
s1_5	POK,pPOK|P:1.5xx	rng	POK,pPOK|P:1.5xx
s1_5	POK,pPOK|P:1.5xx	str	POK,pPOK|P:1.5xx
s1_5	POK,pPOK|P:1.5xx	utf8	POK,pPOK,UTF8|P:1.5xx
s1_5	POK,pPOK|P:1.5xxx	add	POK,pIOK,pNOK,pPOK|P:1.5xxx
s1_5	POK,pPOK|P:1.5xxx	bors	POK,pPOK|P:1.5xxx
s1_5	POK,pPOK|P:1.5xxx	cat0	POK,pPOK|P:1.5xxx
s1_5	POK,pPOK|P:1.5xxx	catx	POK,pPOK|P:1.5xxxx
s1_5	POK,pPOK|P:1.5xxx	copy	POK,pPOK|P:1.5xxx
s1_5	POK,pPOK|P:1.5xxx	dec	NOK,pNOK|N:0.5
s1_5	POK,pPOK|P:1.5xxx	fbors	POK,pPOK|P:1.5xxx
s1_5	POK,pPOK|P:1.5xxx	inc	NOK,pNOK|N:2.5
s1_5	POK,pPOK|P:1.5xxx	iv	POK,pIOK,pNOK,pPOK|P:1.5xxx
s1_5	POK,pPOK|P:1.5xxx	nv	POK,pNOK,pPOK|P:1.5xxx
s1_5	POK,pPOK|P:1.5xxx	rng	POK,pPOK|P:1.5xxx
s1_5	POK,pPOK|P:1.5xxx	str	POK,pPOK|P:1.5xxx
s1_5	POK,pPOK|P:1.5xxx	utf8	POK,pPOK,UTF8|P:1.5xxx
s1_5	POK,pPOK|P:2.5	add	NOK,POK,pIOK,pNOK,pPOK|P:2.5
s1_5	POK,pPOK|P:2.5	bors	POK,pPOK|P:2.5
s1_5	POK,pPOK|P:2.5	cat0	POK,pPOK|P:2.5
s1_5	POK,pPOK|P:2.5	catx	POK,pPOK|P:2.5x
s1_5	POK,pPOK|P:2.5	copy	POK,pPOK|P:2.5
s1_5	POK,pPOK|P:2.5	dec	NOK,pNOK|N:1.5
s1_5	POK,pPOK|P:2.5	fbors	POK,pPOK|P:2.5
s1_5	POK,pPOK|P:2.5	inc	NOK,pNOK|N:3.5
s1_5	POK,pPOK|P:2.5	iv	NOK,POK,pIOK,pNOK,pPOK|P:2.5
s1_5	POK,pPOK|P:2.5	nv	NOK,POK,pNOK,pPOK|P:2.5
s1_5	POK,pPOK|P:2.5	rng	NOK,POK,pIOK,pNOK,pPOK|P:2.5
s1_5	POK,pPOK|P:2.5	str	POK,pPOK|P:2.5
s1_5	POK,pPOK|P:2.5	utf8	POK,pPOK,UTF8|P:2.5
s1_5	POK,pPOK|P:2.5x	add	POK,pIOK,pNOK,pPOK|P:2.5x
s1_5	POK,pPOK|P:2.5x	bors	POK,pPOK|P:2.5x
s1_5	POK,pPOK|P:2.5x	cat0	POK,pPOK|P:2.5x
s1_5	POK,pPOK|P:2.5x	catx	POK,pPOK|P:2.5xx
s1_5	POK,pPOK|P:2.5x	copy	POK,pPOK|P:2.5x
s1_5	POK,pPOK|P:2.5x	dec	NOK,pNOK|N:1.5
s1_5	POK,pPOK|P:2.5x	fbors	POK,pPOK|P:2.5x
s1_5	POK,pPOK|P:2.5x	inc	NOK,pNOK|N:3.5
s1_5	POK,pPOK|P:2.5x	iv	POK,pIOK,pNOK,pPOK|P:2.5x
s1_5	POK,pPOK|P:2.5x	nv	POK,pNOK,pPOK|P:2.5x
s1_5	POK,pPOK|P:2.5x	rng	POK,pPOK|P:2.5x
s1_5	POK,pPOK|P:2.5x	str	POK,pPOK|P:2.5x
s1_5	POK,pPOK|P:2.5x	utf8	POK,pPOK,UTF8|P:2.5x
s1_5	POK,pPOK|P:2.5xx	add	POK,pIOK,pNOK,pPOK|P:2.5xx
s1_5	POK,pPOK|P:2.5xx	bors	POK,pPOK|P:2.5xx
s1_5	POK,pPOK|P:2.5xx	cat0	POK,pPOK|P:2.5xx
s1_5	POK,pPOK|P:2.5xx	catx	POK,pPOK|P:2.5xxx
s1_5	POK,pPOK|P:2.5xx	copy	POK,pPOK|P:2.5xx
s1_5	POK,pPOK|P:2.5xx	dec	NOK,pNOK|N:1.5
s1_5	POK,pPOK|P:2.5xx	fbors	POK,pPOK|P:2.5xx
s1_5	POK,pPOK|P:2.5xx	inc	NOK,pNOK|N:3.5
s1_5	POK,pPOK|P:2.5xx	iv	POK,pIOK,pNOK,pPOK|P:2.5xx
s1_5	POK,pPOK|P:2.5xx	nv	POK,pNOK,pPOK|P:2.5xx
s1_5	POK,pPOK|P:2.5xx	rng	POK,pPOK|P:2.5xx
s1_5	POK,pPOK|P:2.5xx	str	POK,pPOK|P:2.5xx
s1_5	POK,pPOK|P:2.5xx	utf8	POK,pPOK,UTF8|P:2.5xx
s1_5	POK,pPOK|P:3.5	add	NOK,POK,pIOK,pNOK,pPOK|P:3.5
s1_5	POK,pPOK|P:3.5	bors	POK,pPOK|P:3.5
s1_5	POK,pPOK|P:3.5	cat0	POK,pPOK|P:3.5
s1_5	POK,pPOK|P:3.5	catx	POK,pPOK|P:3.5x
s1_5	POK,pPOK|P:3.5	copy	POK,pPOK|P:3.5
s1_5	POK,pPOK|P:3.5	dec	NOK,pNOK|N:2.5
s1_5	POK,pPOK|P:3.5	fbors	POK,pPOK|P:3.5
s1_5	POK,pPOK|P:3.5	inc	NOK,pNOK|N:4.5
s1_5	POK,pPOK|P:3.5	iv	NOK,POK,pIOK,pNOK,pPOK|P:3.5
s1_5	POK,pPOK|P:3.5	nv	NOK,POK,pNOK,pPOK|P:3.5
s1_5	POK,pPOK|P:3.5	rng	NOK,POK,pIOK,pNOK,pPOK|P:3.5
s1_5	POK,pPOK|P:3.5	str	POK,pPOK|P:3.5
s1_5	POK,pPOK|P:3.5	utf8	POK,pPOK,UTF8|P:3.5
s1_5	POK,pPOK|P:3.5x	add	POK,pIOK,pNOK,pPOK|P:3.5x
s1_5	POK,pPOK|P:3.5x	bors	POK,pPOK|P:3.5x
s1_5	POK,pPOK|P:3.5x	cat0	POK,pPOK|P:3.5x
s1_5	POK,pPOK|P:3.5x	catx	POK,pPOK|P:3.5xx
s1_5	POK,pPOK|P:3.5x	copy	POK,pPOK|P:3.5x
s1_5	POK,pPOK|P:3.5x	dec	NOK,pNOK|N:2.5
s1_5	POK,pPOK|P:3.5x	fbors	POK,pPOK|P:3.5x
s1_5	POK,pPOK|P:3.5x	inc	NOK,pNOK|N:4.5
s1_5	POK,pPOK|P:3.5x	iv	POK,pIOK,pNOK,pPOK|P:3.5x
s1_5	POK,pPOK|P:3.5x	nv	POK,pNOK,pPOK|P:3.5x
s1_5	POK,pPOK|P:3.5x	rng	POK,pPOK|P:3.5x
s1_5	POK,pPOK|P:3.5x	str	POK,pPOK|P:3.5x
s1_5	POK,pPOK|P:3.5x	utf8	POK,pPOK,UTF8|P:3.5x
s1e19	IOK,NOK,POK,pIOK,pNOK,pPOK,IsUV|P:1e19	add	IOK,NOK,POK,pIOK,pNOK,pPOK,IsUV|P:1e19
s1e19	IOK,NOK,POK,pIOK,pNOK,pPOK,IsUV|P:1e19	bors	IOK,NOK,POK,pIOK,pNOK,pPOK,IsUV|P:1e19
s1e19	IOK,NOK,POK,pIOK,pNOK,pPOK,IsUV|P:1e19	dec	IOK,pIOK,IsUV|N:1e+19
s1e19	IOK,NOK,POK,pIOK,pNOK,pPOK,IsUV|P:1e19	fbors	IOK,NOK,POK,pIOK,pNOK,pPOK,IsUV|P:1e19
s1e19	IOK,NOK,POK,pIOK,pNOK,pPOK,IsUV|P:1e19	inc	IOK,pIOK,IsUV|N:1e+19
s1e19	IOK,NOK,POK,pIOK,pNOK,pPOK,IsUV|P:1e19	iv	IOK,NOK,POK,pIOK,pNOK,pPOK,IsUV|P:1e19
s1e19	IOK,NOK,POK,pIOK,pNOK,pPOK,IsUV|P:1e19	nv	IOK,NOK,POK,pIOK,pNOK,pPOK,IsUV|P:1e19
s1e19	IOK,NOK,POK,pIOK,pNOK,pPOK,IsUV|P:1e19	str	IOK,NOK,POK,pIOK,pNOK,pPOK,IsUV|P:1e19
s1e19	POK,pPOK|P:1e19	add	IOK,NOK,POK,pIOK,pNOK,pPOK,IsUV|P:1e19
s1e19	POK,pPOK|P:1e19	bors	POK,pPOK|P:1e19
s1e19	POK,pPOK|P:1e19	dec	IOK,pIOK,IsUV|N:1e+19
s1e19	POK,pPOK|P:1e19	fbors	POK,pPOK|P:1e19
s1e19	POK,pPOK|P:1e19	inc	IOK,pIOK,IsUV|N:1e+19
s1e19	POK,pPOK|P:1e19	iv	IOK,NOK,POK,pIOK,pNOK,pPOK,IsUV|P:1e19
s1e19	POK,pPOK|P:1e19	nv	NOK,POK,pNOK,pPOK|P:1e19
s1e19	POK,pPOK|P:1e19	str	POK,pPOK|P:1e19
sAz	IOK,NOK,POK,pIOK,pNOK,pPOK,UTF8|P:-1	add	IOK,NOK,POK,pIOK,pNOK,pPOK,UTF8|P:-1
sAz	IOK,NOK,POK,pIOK,pNOK,pPOK,UTF8|P:-1	bors	IOK,NOK,POK,pIOK,pNOK,pPOK,UTF8|P:-1
sAz	IOK,NOK,POK,pIOK,pNOK,pPOK,UTF8|P:-1	cat0	POK,pPOK,UTF8|P:-1
sAz	IOK,NOK,POK,pIOK,pNOK,pPOK,UTF8|P:-1	catx	POK,pPOK,UTF8|P:-1x
sAz	IOK,NOK,POK,pIOK,pNOK,pPOK,UTF8|P:-1	copy	IOK,NOK,POK,pIOK,pNOK,pPOK,UTF8|P:-1
sAz	IOK,NOK,POK,pIOK,pNOK,pPOK,UTF8|P:-1	dec	IOK,pIOK|N:-2
sAz	IOK,NOK,POK,pIOK,pNOK,pPOK,UTF8|P:-1	fbors	IOK,NOK,POK,pIOK,pNOK,pPOK,UTF8|P:-1
sAz	IOK,NOK,POK,pIOK,pNOK,pPOK,UTF8|P:-1	inc	IOK,pIOK|N:0
sAz	IOK,NOK,POK,pIOK,pNOK,pPOK,UTF8|P:-1	iv	IOK,NOK,POK,pIOK,pNOK,pPOK,UTF8|P:-1
sAz	IOK,NOK,POK,pIOK,pNOK,pPOK,UTF8|P:-1	nv	IOK,NOK,POK,pIOK,pNOK,pPOK,UTF8|P:-1
sAz	IOK,NOK,POK,pIOK,pNOK,pPOK,UTF8|P:-1	rng	IOK,NOK,POK,pIOK,pNOK,pPOK,UTF8|P:-1
sAz	IOK,NOK,POK,pIOK,pNOK,pPOK,UTF8|P:-1	str	IOK,NOK,POK,pIOK,pNOK,pPOK,UTF8|P:-1
sAz	IOK,NOK,POK,pIOK,pNOK,pPOK,UTF8|P:-1	utf8	IOK,NOK,POK,pIOK,pNOK,pPOK,UTF8|P:-1
sAz	IOK,NOK,POK,pIOK,pNOK,pPOK|P:-1	add	IOK,NOK,POK,pIOK,pNOK,pPOK|P:-1
sAz	IOK,NOK,POK,pIOK,pNOK,pPOK|P:-1	bors	IOK,NOK,POK,pIOK,pNOK,pPOK|P:-1
sAz	IOK,NOK,POK,pIOK,pNOK,pPOK|P:-1	cat0	POK,pPOK|P:-1
sAz	IOK,NOK,POK,pIOK,pNOK,pPOK|P:-1	catx	POK,pPOK|P:-1x
sAz	IOK,NOK,POK,pIOK,pNOK,pPOK|P:-1	copy	IOK,NOK,POK,pIOK,pNOK,pPOK|P:-1
sAz	IOK,NOK,POK,pIOK,pNOK,pPOK|P:-1	dec	IOK,pIOK|N:-2
sAz	IOK,NOK,POK,pIOK,pNOK,pPOK|P:-1	fbors	IOK,NOK,POK,pIOK,pNOK,pPOK|P:-1
sAz	IOK,NOK,POK,pIOK,pNOK,pPOK|P:-1	inc	IOK,pIOK|N:0
sAz	IOK,NOK,POK,pIOK,pNOK,pPOK|P:-1	iv	IOK,NOK,POK,pIOK,pNOK,pPOK|P:-1
sAz	IOK,NOK,POK,pIOK,pNOK,pPOK|P:-1	nv	IOK,NOK,POK,pIOK,pNOK,pPOK|P:-1
sAz	IOK,NOK,POK,pIOK,pNOK,pPOK|P:-1	rng	IOK,NOK,POK,pIOK,pNOK,pPOK|P:-1
sAz	IOK,NOK,POK,pIOK,pNOK,pPOK|P:-1	str	IOK,NOK,POK,pIOK,pNOK,pPOK|P:-1
sAz	IOK,NOK,POK,pIOK,pNOK,pPOK|P:-1	utf8	IOK,NOK,POK,pIOK,pNOK,pPOK,UTF8|P:-1
sAz	IOK,NOK,pIOK,pNOK,pPOK|N:-1	add	IOK,NOK,pIOK,pNOK,pPOK|N:-1
sAz	IOK,NOK,pIOK,pNOK,pPOK|N:-1	bors	IOK,NOK,pIOK,pNOK,pPOK|N:-1
sAz	IOK,NOK,pIOK,pNOK,pPOK|N:-1	cat0	POK,pPOK|P:-1
sAz	IOK,NOK,pIOK,pNOK,pPOK|N:-1	catx	POK,pPOK|P:-1x
sAz	IOK,NOK,pIOK,pNOK,pPOK|N:-1	copy	IOK,NOK,pIOK,pNOK,pPOK|N:-1
sAz	IOK,NOK,pIOK,pNOK,pPOK|N:-1	dec	IOK,pIOK|N:-2
sAz	IOK,NOK,pIOK,pNOK,pPOK|N:-1	fbors	IOK,NOK,pIOK,pNOK,pPOK|N:-1
sAz	IOK,NOK,pIOK,pNOK,pPOK|N:-1	inc	IOK,pIOK|N:0
sAz	IOK,NOK,pIOK,pNOK,pPOK|N:-1	iv	IOK,NOK,pIOK,pNOK,pPOK|N:-1
sAz	IOK,NOK,pIOK,pNOK,pPOK|N:-1	nv	IOK,NOK,pIOK,pNOK,pPOK|N:-1
sAz	IOK,NOK,pIOK,pNOK,pPOK|N:-1	rng	IOK,NOK,pIOK,pNOK,pPOK|N:-1
sAz	IOK,NOK,pIOK,pNOK,pPOK|N:-1	str	IOK,NOK,pIOK,pNOK,pPOK|N:-1
sAz	IOK,NOK,pIOK,pNOK,pPOK|N:-1	utf8	POK,pPOK,UTF8|P:-1
sAz	IOK,NOK,pIOK,pNOK|N:-1	add	IOK,NOK,pIOK,pNOK|N:-1
sAz	IOK,NOK,pIOK,pNOK|N:-1	bors	IOK,NOK,pIOK,pNOK|N:-1
sAz	IOK,NOK,pIOK,pNOK|N:-1	cat0	POK,pPOK|P:-1
sAz	IOK,NOK,pIOK,pNOK|N:-1	catx	POK,pPOK|P:-1x
sAz	IOK,NOK,pIOK,pNOK|N:-1	copy	IOK,NOK,pIOK,pNOK|N:-1
sAz	IOK,NOK,pIOK,pNOK|N:-1	dec	IOK,pIOK|N:-2
sAz	IOK,NOK,pIOK,pNOK|N:-1	fbors	IOK,NOK,pIOK,pNOK,pPOK|N:-1
sAz	IOK,NOK,pIOK,pNOK|N:-1	inc	IOK,pIOK|N:0
sAz	IOK,NOK,pIOK,pNOK|N:-1	iv	IOK,NOK,pIOK,pNOK|N:-1
sAz	IOK,NOK,pIOK,pNOK|N:-1	nv	IOK,NOK,pIOK,pNOK|N:-1
sAz	IOK,NOK,pIOK,pNOK|N:-1	rng	IOK,NOK,pIOK,pNOK|N:-1
sAz	IOK,NOK,pIOK,pNOK|N:-1	str	IOK,NOK,pIOK,pNOK,pPOK|N:-1
sAz	IOK,NOK,pIOK,pNOK|N:-1	utf8	POK,pPOK,UTF8|P:-1
sAz	IOK,NOK,pIOK,pNOK|N:-2	add	IOK,NOK,pIOK,pNOK|N:-2
sAz	IOK,NOK,pIOK,pNOK|N:-2	bors	IOK,NOK,pIOK,pNOK|N:-2
sAz	IOK,NOK,pIOK,pNOK|N:-2	cat0	POK,pPOK|P:-2
sAz	IOK,NOK,pIOK,pNOK|N:-2	catx	POK,pPOK|P:-2x
sAz	IOK,NOK,pIOK,pNOK|N:-2	copy	IOK,NOK,pIOK,pNOK|N:-2
sAz	IOK,NOK,pIOK,pNOK|N:-2	dec	IOK,pIOK|N:-3
sAz	IOK,NOK,pIOK,pNOK|N:-2	fbors	IOK,NOK,pIOK,pNOK,pPOK|N:-2
sAz	IOK,NOK,pIOK,pNOK|N:-2	inc	IOK,pIOK|N:-1
sAz	IOK,NOK,pIOK,pNOK|N:-2	iv	IOK,NOK,pIOK,pNOK|N:-2
sAz	IOK,NOK,pIOK,pNOK|N:-2	nv	IOK,NOK,pIOK,pNOK|N:-2
sAz	IOK,NOK,pIOK,pNOK|N:-2	rng	IOK,NOK,pIOK,pNOK|N:-2
sAz	IOK,NOK,pIOK,pNOK|N:-2	str	IOK,NOK,pIOK,pNOK,pPOK|N:-2
sAz	IOK,NOK,pIOK,pNOK|N:-2	utf8	POK,pPOK,UTF8|P:-2
sAz	IOK,NOK,pIOK,pNOK|N:0	add	IOK,NOK,pIOK,pNOK|N:0
sAz	IOK,NOK,pIOK,pNOK|N:0	bors	IOK,NOK,pIOK,pNOK|N:0
sAz	IOK,NOK,pIOK,pNOK|N:0	cat0	POK,pPOK|P:0
sAz	IOK,NOK,pIOK,pNOK|N:0	catx	POK,pPOK|P:0x
sAz	IOK,NOK,pIOK,pNOK|N:0	copy	IOK,NOK,pIOK,pNOK|N:0
sAz	IOK,NOK,pIOK,pNOK|N:0	dec	IOK,pIOK|N:-1
sAz	IOK,NOK,pIOK,pNOK|N:0	fbors	IOK,NOK,pIOK,pNOK,pPOK|N:0
sAz	IOK,NOK,pIOK,pNOK|N:0	inc	IOK,pIOK|N:1
sAz	IOK,NOK,pIOK,pNOK|N:0	iv	IOK,NOK,pIOK,pNOK|N:0
sAz	IOK,NOK,pIOK,pNOK|N:0	nv	IOK,NOK,pIOK,pNOK|N:0
sAz	IOK,NOK,pIOK,pNOK|N:0	rng	IOK,NOK,pIOK,pNOK|N:0
sAz	IOK,NOK,pIOK,pNOK|N:0	str	IOK,NOK,pIOK,pNOK,pPOK|N:0
sAz	IOK,NOK,pIOK,pNOK|N:0	utf8	POK,pPOK,UTF8|P:0
sAz	IOK,NOK,pIOK,pNOK|N:1	add	IOK,NOK,pIOK,pNOK|N:1
sAz	IOK,NOK,pIOK,pNOK|N:1	bors	IOK,NOK,pIOK,pNOK|N:1
sAz	IOK,NOK,pIOK,pNOK|N:1	cat0	POK,pPOK|P:1
sAz	IOK,NOK,pIOK,pNOK|N:1	catx	POK,pPOK|P:1x
sAz	IOK,NOK,pIOK,pNOK|N:1	copy	IOK,NOK,pIOK,pNOK|N:1
sAz	IOK,NOK,pIOK,pNOK|N:1	dec	IOK,pIOK|N:0
sAz	IOK,NOK,pIOK,pNOK|N:1	fbors	IOK,NOK,pIOK,pNOK,pPOK|N:1
sAz	IOK,NOK,pIOK,pNOK|N:1	inc	IOK,pIOK|N:2
sAz	IOK,NOK,pIOK,pNOK|N:1	iv	IOK,NOK,pIOK,pNOK|N:1
sAz	IOK,NOK,pIOK,pNOK|N:1	nv	IOK,NOK,pIOK,pNOK|N:1
sAz	IOK,NOK,pIOK,pNOK|N:1	rng	IOK,NOK,pIOK,pNOK|N:1
sAz	IOK,NOK,pIOK,pNOK|N:1	str	IOK,NOK,pIOK,pNOK,pPOK|N:1
sAz	IOK,NOK,pIOK,pNOK|N:1	utf8	POK,pPOK,UTF8|P:1
sAz	IOK,POK,pIOK,pPOK,UTF8|P:-1	add	IOK,POK,pIOK,pPOK,UTF8|P:-1
sAz	IOK,POK,pIOK,pPOK,UTF8|P:-1	bors	IOK,POK,pIOK,pPOK,UTF8|P:-1
sAz	IOK,POK,pIOK,pPOK,UTF8|P:-1	cat0	POK,pPOK,UTF8|P:-1
sAz	IOK,POK,pIOK,pPOK,UTF8|P:-1	catx	POK,pPOK,UTF8|P:-1x
sAz	IOK,POK,pIOK,pPOK,UTF8|P:-1	copy	IOK,POK,pIOK,pPOK,UTF8|P:-1
sAz	IOK,POK,pIOK,pPOK,UTF8|P:-1	dec	IOK,pIOK|N:-2
sAz	IOK,POK,pIOK,pPOK,UTF8|P:-1	fbors	IOK,POK,pIOK,pPOK,UTF8|P:-1
sAz	IOK,POK,pIOK,pPOK,UTF8|P:-1	inc	IOK,pIOK|N:0
sAz	IOK,POK,pIOK,pPOK,UTF8|P:-1	iv	IOK,POK,pIOK,pPOK,UTF8|P:-1
sAz	IOK,POK,pIOK,pPOK,UTF8|P:-1	nv	IOK,NOK,POK,pIOK,pNOK,pPOK,UTF8|P:-1
sAz	IOK,POK,pIOK,pPOK,UTF8|P:-1	rng	IOK,POK,pIOK,pPOK,UTF8|P:-1
sAz	IOK,POK,pIOK,pPOK,UTF8|P:-1	str	IOK,POK,pIOK,pPOK,UTF8|P:-1
sAz	IOK,POK,pIOK,pPOK,UTF8|P:-1	utf8	IOK,POK,pIOK,pPOK,UTF8|P:-1
sAz	IOK,POK,pIOK,pPOK|P:-1	add	IOK,POK,pIOK,pPOK|P:-1
sAz	IOK,POK,pIOK,pPOK|P:-1	bors	IOK,POK,pIOK,pPOK|P:-1
sAz	IOK,POK,pIOK,pPOK|P:-1	cat0	POK,pPOK|P:-1
sAz	IOK,POK,pIOK,pPOK|P:-1	catx	POK,pPOK|P:-1x
sAz	IOK,POK,pIOK,pPOK|P:-1	copy	IOK,POK,pIOK,pPOK|P:-1
sAz	IOK,POK,pIOK,pPOK|P:-1	dec	IOK,pIOK|N:-2
sAz	IOK,POK,pIOK,pPOK|P:-1	fbors	IOK,POK,pIOK,pPOK|P:-1
sAz	IOK,POK,pIOK,pPOK|P:-1	inc	IOK,pIOK|N:0
sAz	IOK,POK,pIOK,pPOK|P:-1	iv	IOK,POK,pIOK,pPOK|P:-1
sAz	IOK,POK,pIOK,pPOK|P:-1	nv	IOK,NOK,POK,pIOK,pNOK,pPOK|P:-1
sAz	IOK,POK,pIOK,pPOK|P:-1	rng	IOK,POK,pIOK,pPOK|P:-1
sAz	IOK,POK,pIOK,pPOK|P:-1	str	IOK,POK,pIOK,pPOK|P:-1
sAz	IOK,POK,pIOK,pPOK|P:-1	utf8	IOK,POK,pIOK,pPOK,UTF8|P:-1
sAz	IOK,pIOK,pPOK|N:0	add	IOK,pIOK,pPOK|N:0
sAz	IOK,pIOK,pPOK|N:0	bors	IOK,pIOK,pPOK|N:0
sAz	IOK,pIOK,pPOK|N:0	cat0	POK,pPOK|P:0
sAz	IOK,pIOK,pPOK|N:0	catx	POK,pPOK|P:0x
sAz	IOK,pIOK,pPOK|N:0	copy	IOK,pIOK,pPOK|N:0
sAz	IOK,pIOK,pPOK|N:0	dec	IOK,pIOK|N:-1
sAz	IOK,pIOK,pPOK|N:0	fbors	IOK,pIOK,pPOK|N:0
sAz	IOK,pIOK,pPOK|N:0	inc	IOK,pIOK|N:1
sAz	IOK,pIOK,pPOK|N:0	iv	IOK,pIOK,pPOK|N:0
sAz	IOK,pIOK,pPOK|N:0	nv	IOK,NOK,pIOK,pNOK,pPOK|N:0
sAz	IOK,pIOK,pPOK|N:0	rng	IOK,pIOK,pPOK|N:0
sAz	IOK,pIOK,pPOK|N:0	str	IOK,pIOK,pPOK|N:0
sAz	IOK,pIOK,pPOK|N:0	utf8	POK,pPOK,UTF8|P:0
sAz	IOK,pIOK|N:-1	add	IOK,pIOK|N:-1
sAz	IOK,pIOK|N:-1	bors	IOK,pIOK|N:-1
sAz	IOK,pIOK|N:-1	cat0	POK,pPOK|P:-1
sAz	IOK,pIOK|N:-1	catx	POK,pPOK|P:-1x
sAz	IOK,pIOK|N:-1	copy	IOK,pIOK|N:-1
sAz	IOK,pIOK|N:-1	dec	IOK,pIOK|N:-2
sAz	IOK,pIOK|N:-1	fbors	IOK,pIOK,pPOK|N:-1
sAz	IOK,pIOK|N:-1	inc	IOK,pIOK|N:0
sAz	IOK,pIOK|N:-1	iv	IOK,pIOK|N:-1
sAz	IOK,pIOK|N:-1	nv	IOK,NOK,pIOK,pNOK|N:-1
sAz	IOK,pIOK|N:-1	rng	IOK,pIOK|N:-1
sAz	IOK,pIOK|N:-1	str	IOK,pIOK,pPOK|N:-1
sAz	IOK,pIOK|N:-1	utf8	POK,pPOK,UTF8|P:-1
sAz	IOK,pIOK|N:-2	add	IOK,pIOK|N:-2
sAz	IOK,pIOK|N:-2	bors	IOK,pIOK|N:-2
sAz	IOK,pIOK|N:-2	cat0	POK,pPOK|P:-2
sAz	IOK,pIOK|N:-2	catx	POK,pPOK|P:-2x
sAz	IOK,pIOK|N:-2	copy	IOK,pIOK|N:-2
sAz	IOK,pIOK|N:-2	dec	IOK,pIOK|N:-3
sAz	IOK,pIOK|N:-2	fbors	IOK,pIOK,pPOK|N:-2
sAz	IOK,pIOK|N:-2	inc	IOK,pIOK|N:-1
sAz	IOK,pIOK|N:-2	iv	IOK,pIOK|N:-2
sAz	IOK,pIOK|N:-2	nv	IOK,NOK,pIOK,pNOK|N:-2
sAz	IOK,pIOK|N:-2	rng	IOK,pIOK|N:-2
sAz	IOK,pIOK|N:-2	str	IOK,pIOK,pPOK|N:-2
sAz	IOK,pIOK|N:-2	utf8	POK,pPOK,UTF8|P:-2
sAz	IOK,pIOK|N:0	add	IOK,pIOK|N:0
sAz	IOK,pIOK|N:0	bors	IOK,pIOK|N:0
sAz	IOK,pIOK|N:0	cat0	POK,pPOK|P:0
sAz	IOK,pIOK|N:0	catx	POK,pPOK|P:0x
sAz	IOK,pIOK|N:0	copy	IOK,pIOK|N:0
sAz	IOK,pIOK|N:0	dec	IOK,pIOK|N:-1
sAz	IOK,pIOK|N:0	fbors	IOK,pIOK,pPOK|N:0
sAz	IOK,pIOK|N:0	inc	IOK,pIOK|N:1
sAz	IOK,pIOK|N:0	iv	IOK,pIOK|N:0
sAz	IOK,pIOK|N:0	nv	IOK,NOK,pIOK,pNOK|N:0
sAz	IOK,pIOK|N:0	rng	IOK,pIOK|N:0
sAz	IOK,pIOK|N:0	str	IOK,pIOK,pPOK|N:0
sAz	IOK,pIOK|N:0	utf8	POK,pPOK,UTF8|P:0
sAz	IOK,pIOK|N:1	add	IOK,pIOK|N:1
sAz	IOK,pIOK|N:1	bors	IOK,pIOK|N:1
sAz	IOK,pIOK|N:1	cat0	POK,pPOK|P:1
sAz	IOK,pIOK|N:1	catx	POK,pPOK|P:1x
sAz	IOK,pIOK|N:1	copy	IOK,pIOK|N:1
sAz	IOK,pIOK|N:1	dec	IOK,pIOK|N:0
sAz	IOK,pIOK|N:1	fbors	IOK,pIOK,pPOK|N:1
sAz	IOK,pIOK|N:1	inc	IOK,pIOK|N:2
sAz	IOK,pIOK|N:1	iv	IOK,pIOK|N:1
sAz	IOK,pIOK|N:1	nv	IOK,NOK,pIOK,pNOK|N:1
sAz	IOK,pIOK|N:1	rng	IOK,pIOK|N:1
sAz	IOK,pIOK|N:1	str	IOK,pIOK,pPOK|N:1
sAz	IOK,pIOK|N:1	utf8	POK,pPOK,UTF8|P:1
sAz	IOK,pIOK|N:2	add	IOK,pIOK|N:2
sAz	IOK,pIOK|N:2	bors	IOK,pIOK|N:2
sAz	IOK,pIOK|N:2	cat0	POK,pPOK|P:2
sAz	IOK,pIOK|N:2	catx	POK,pPOK|P:2x
sAz	IOK,pIOK|N:2	copy	IOK,pIOK|N:2
sAz	IOK,pIOK|N:2	dec	IOK,pIOK|N:1
sAz	IOK,pIOK|N:2	fbors	IOK,pIOK,pPOK|N:2
sAz	IOK,pIOK|N:2	inc	IOK,pIOK|N:3
sAz	IOK,pIOK|N:2	iv	IOK,pIOK|N:2
sAz	IOK,pIOK|N:2	nv	IOK,NOK,pIOK,pNOK|N:2
sAz	IOK,pIOK|N:2	rng	IOK,pIOK|N:2
sAz	IOK,pIOK|N:2	str	IOK,pIOK,pPOK|N:2
sAz	IOK,pIOK|N:2	utf8	POK,pPOK,UTF8|P:2
sAz	NOK,POK,pNOK,pPOK,UTF8|P:-1	add	IOK,NOK,POK,pIOK,pNOK,pPOK,UTF8|P:-1
sAz	NOK,POK,pNOK,pPOK,UTF8|P:-1	bors	IOK,NOK,POK,pIOK,pNOK,pPOK,UTF8|P:-1
sAz	NOK,POK,pNOK,pPOK,UTF8|P:-1	cat0	POK,pPOK,UTF8|P:-1
sAz	NOK,POK,pNOK,pPOK,UTF8|P:-1	catx	POK,pPOK,UTF8|P:-1x
sAz	NOK,POK,pNOK,pPOK,UTF8|P:-1	copy	NOK,POK,pNOK,pPOK,UTF8|P:-1
sAz	NOK,POK,pNOK,pPOK,UTF8|P:-1	dec	NOK,pNOK|N:-2
sAz	NOK,POK,pNOK,pPOK,UTF8|P:-1	fbors	NOK,POK,pNOK,pPOK,UTF8|P:-1
sAz	NOK,POK,pNOK,pPOK,UTF8|P:-1	inc	IOK,pIOK|N:0
sAz	NOK,POK,pNOK,pPOK,UTF8|P:-1	iv	IOK,NOK,POK,pIOK,pNOK,pPOK,UTF8|P:-1
sAz	NOK,POK,pNOK,pPOK,UTF8|P:-1	nv	NOK,POK,pNOK,pPOK,UTF8|P:-1
sAz	NOK,POK,pNOK,pPOK,UTF8|P:-1	rng	IOK,NOK,POK,pIOK,pNOK,pPOK,UTF8|P:-1
sAz	NOK,POK,pNOK,pPOK,UTF8|P:-1	str	NOK,POK,pNOK,pPOK,UTF8|P:-1
sAz	NOK,POK,pNOK,pPOK,UTF8|P:-1	utf8	NOK,POK,pNOK,pPOK,UTF8|P:-1
sAz	NOK,POK,pNOK,pPOK|P:-1	add	IOK,NOK,POK,pIOK,pNOK,pPOK|P:-1
sAz	NOK,POK,pNOK,pPOK|P:-1	bors	IOK,NOK,POK,pIOK,pNOK,pPOK|P:-1
sAz	NOK,POK,pNOK,pPOK|P:-1	cat0	POK,pPOK|P:-1
sAz	NOK,POK,pNOK,pPOK|P:-1	catx	POK,pPOK|P:-1x
sAz	NOK,POK,pNOK,pPOK|P:-1	copy	NOK,POK,pNOK,pPOK|P:-1
sAz	NOK,POK,pNOK,pPOK|P:-1	dec	NOK,pNOK|N:-2
sAz	NOK,POK,pNOK,pPOK|P:-1	fbors	NOK,POK,pNOK,pPOK|P:-1
sAz	NOK,POK,pNOK,pPOK|P:-1	inc	IOK,pIOK|N:0
sAz	NOK,POK,pNOK,pPOK|P:-1	iv	IOK,NOK,POK,pIOK,pNOK,pPOK|P:-1
sAz	NOK,POK,pNOK,pPOK|P:-1	nv	NOK,POK,pNOK,pPOK|P:-1
sAz	NOK,POK,pNOK,pPOK|P:-1	rng	IOK,NOK,POK,pIOK,pNOK,pPOK|P:-1
sAz	NOK,POK,pNOK,pPOK|P:-1	str	NOK,POK,pNOK,pPOK|P:-1
sAz	NOK,POK,pNOK,pPOK|P:-1	utf8	NOK,POK,pNOK,pPOK,UTF8|P:-1
sAz	NOK,pNOK|N:-1	add	IOK,NOK,pIOK,pNOK|N:-1
sAz	NOK,pNOK|N:-1	bors	IOK,NOK,pIOK,pNOK|N:-1
sAz	NOK,pNOK|N:-1	cat0	POK,pPOK|P:-1
sAz	NOK,pNOK|N:-1	catx	POK,pPOK|P:-1x
sAz	NOK,pNOK|N:-1	copy	NOK,pNOK|N:-1
sAz	NOK,pNOK|N:-1	dec	NOK,pNOK|N:-2
sAz	NOK,pNOK|N:-1	fbors	NOK,pNOK|N:-1
sAz	NOK,pNOK|N:-1	inc	IOK,pIOK|N:0
sAz	NOK,pNOK|N:-1	iv	IOK,NOK,pIOK,pNOK|N:-1
sAz	NOK,pNOK|N:-1	nv	NOK,pNOK|N:-1
sAz	NOK,pNOK|N:-1	rng	IOK,NOK,pIOK,pNOK|N:-1
sAz	NOK,pNOK|N:-1	str	NOK,pNOK|N:-1
sAz	NOK,pNOK|N:-1	utf8	POK,pPOK,UTF8|P:-1
sAz	NOK,pNOK|N:-2	add	IOK,NOK,pIOK,pNOK|N:-2
sAz	NOK,pNOK|N:-2	bors	IOK,NOK,pIOK,pNOK|N:-2
sAz	NOK,pNOK|N:-2	cat0	POK,pPOK|P:-2
sAz	NOK,pNOK|N:-2	catx	POK,pPOK|P:-2x
sAz	NOK,pNOK|N:-2	copy	NOK,pNOK|N:-2
sAz	NOK,pNOK|N:-2	dec	NOK,pNOK|N:-3
sAz	NOK,pNOK|N:-2	fbors	NOK,pNOK|N:-2
sAz	NOK,pNOK|N:-2	inc	IOK,pIOK|N:-1
sAz	NOK,pNOK|N:-2	iv	IOK,NOK,pIOK,pNOK|N:-2
sAz	NOK,pNOK|N:-2	nv	NOK,pNOK|N:-2
sAz	NOK,pNOK|N:-2	rng	IOK,NOK,pIOK,pNOK|N:-2
sAz	NOK,pNOK|N:-2	str	NOK,pNOK|N:-2
sAz	NOK,pNOK|N:-2	utf8	POK,pPOK,UTF8|P:-2
sAz	NOK,pNOK|N:-3	add	IOK,NOK,pIOK,pNOK|N:-3
sAz	NOK,pNOK|N:-3	bors	IOK,NOK,pIOK,pNOK|N:-3
sAz	NOK,pNOK|N:-3	cat0	POK,pPOK|P:-3
sAz	NOK,pNOK|N:-3	catx	POK,pPOK|P:-3x
sAz	NOK,pNOK|N:-3	copy	NOK,pNOK|N:-3
sAz	NOK,pNOK|N:-3	dec	NOK,pNOK|N:-4
sAz	NOK,pNOK|N:-3	fbors	NOK,pNOK|N:-3
sAz	NOK,pNOK|N:-3	inc	IOK,pIOK|N:-2
sAz	NOK,pNOK|N:-3	iv	IOK,NOK,pIOK,pNOK|N:-3
sAz	NOK,pNOK|N:-3	nv	NOK,pNOK|N:-3
sAz	NOK,pNOK|N:-3	rng	IOK,NOK,pIOK,pNOK|N:-3
sAz	NOK,pNOK|N:-3	str	NOK,pNOK|N:-3
sAz	NOK,pNOK|N:-3	utf8	POK,pPOK,UTF8|P:-3
sAz	NOK,pNOK|N:0	add	IOK,NOK,pIOK,pNOK|N:0
sAz	NOK,pNOK|N:0	bors	IOK,NOK,pIOK,pNOK|N:0
sAz	NOK,pNOK|N:0	cat0	POK,pPOK|P:0
sAz	NOK,pNOK|N:0	catx	POK,pPOK|P:0x
sAz	NOK,pNOK|N:0	copy	NOK,pNOK|N:0
sAz	NOK,pNOK|N:0	dec	NOK,pNOK|N:-1
sAz	NOK,pNOK|N:0	fbors	NOK,pNOK|N:0
sAz	NOK,pNOK|N:0	inc	IOK,pIOK|N:1
sAz	NOK,pNOK|N:0	iv	IOK,NOK,pIOK,pNOK|N:0
sAz	NOK,pNOK|N:0	nv	NOK,pNOK|N:0
sAz	NOK,pNOK|N:0	rng	IOK,NOK,pIOK,pNOK|N:0
sAz	NOK,pNOK|N:0	str	NOK,pNOK|N:0
sAz	NOK,pNOK|N:0	utf8	POK,pPOK,UTF8|P:0
sAz	NOK,pNOK|N:1	add	IOK,NOK,pIOK,pNOK|N:1
sAz	NOK,pNOK|N:1	bors	IOK,NOK,pIOK,pNOK|N:1
sAz	NOK,pNOK|N:1	cat0	POK,pPOK|P:1
sAz	NOK,pNOK|N:1	catx	POK,pPOK|P:1x
sAz	NOK,pNOK|N:1	copy	NOK,pNOK|N:1
sAz	NOK,pNOK|N:1	dec	NOK,pNOK|N:0
sAz	NOK,pNOK|N:1	fbors	NOK,pNOK|N:1
sAz	NOK,pNOK|N:1	inc	IOK,pIOK|N:2
sAz	NOK,pNOK|N:1	iv	IOK,NOK,pIOK,pNOK|N:1
sAz	NOK,pNOK|N:1	nv	NOK,pNOK|N:1
sAz	NOK,pNOK|N:1	rng	IOK,NOK,pIOK,pNOK|N:1
sAz	NOK,pNOK|N:1	str	NOK,pNOK|N:1
sAz	NOK,pNOK|N:1	utf8	POK,pPOK,UTF8|P:1
sAz	POK,pIOK,pNOK,pPOK,UTF8|P:Az	add	POK,pIOK,pNOK,pPOK,UTF8|P:Az
sAz	POK,pIOK,pNOK,pPOK,UTF8|P:Az	bors	POK,pIOK,pNOK,pPOK,UTF8|P:Az
sAz	POK,pIOK,pNOK,pPOK,UTF8|P:Az	cat0	POK,pIOK,pNOK,pPOK,UTF8|P:Az
sAz	POK,pIOK,pNOK,pPOK,UTF8|P:Az	catx	POK,pIOK,pNOK,pPOK,UTF8|P:Azx
sAz	POK,pIOK,pNOK,pPOK,UTF8|P:Az	copy	POK,pIOK,pNOK,pPOK,UTF8|P:Az
sAz	POK,pIOK,pNOK,pPOK,UTF8|P:Az	dec	NOK,pNOK|N:-1
sAz	POK,pIOK,pNOK,pPOK,UTF8|P:Az	fbors	POK,pIOK,pNOK,pPOK,UTF8|P:Az
sAz	POK,pIOK,pNOK,pPOK,UTF8|P:Az	inc	NOK,pNOK|N:1
sAz	POK,pIOK,pNOK,pPOK,UTF8|P:Az	iv	POK,pIOK,pNOK,pPOK,UTF8|P:Az
sAz	POK,pIOK,pNOK,pPOK,UTF8|P:Az	nv	POK,pIOK,pNOK,pPOK,UTF8|P:Az
sAz	POK,pIOK,pNOK,pPOK,UTF8|P:Az	rng	POK,pIOK,pNOK,pPOK,UTF8|P:Az
sAz	POK,pIOK,pNOK,pPOK,UTF8|P:Az	str	POK,pIOK,pNOK,pPOK,UTF8|P:Az
sAz	POK,pIOK,pNOK,pPOK,UTF8|P:Az	utf8	POK,pIOK,pNOK,pPOK,UTF8|P:Az
sAz	POK,pIOK,pNOK,pPOK,UTF8|P:Azx	add	POK,pIOK,pNOK,pPOK,UTF8|P:Azx
sAz	POK,pIOK,pNOK,pPOK,UTF8|P:Azx	bors	POK,pIOK,pNOK,pPOK,UTF8|P:Azx
sAz	POK,pIOK,pNOK,pPOK,UTF8|P:Azx	cat0	POK,pIOK,pNOK,pPOK,UTF8|P:Azx
sAz	POK,pIOK,pNOK,pPOK,UTF8|P:Azx	catx	POK,pIOK,pNOK,pPOK,UTF8|P:Azxx
sAz	POK,pIOK,pNOK,pPOK,UTF8|P:Azx	copy	POK,pIOK,pNOK,pPOK,UTF8|P:Azx
sAz	POK,pIOK,pNOK,pPOK,UTF8|P:Azx	dec	NOK,pNOK|N:-1
sAz	POK,pIOK,pNOK,pPOK,UTF8|P:Azx	fbors	POK,pIOK,pNOK,pPOK,UTF8|P:Azx
sAz	POK,pIOK,pNOK,pPOK,UTF8|P:Azx	inc	NOK,pNOK|N:1
sAz	POK,pIOK,pNOK,pPOK,UTF8|P:Azx	iv	POK,pIOK,pNOK,pPOK,UTF8|P:Azx
sAz	POK,pIOK,pNOK,pPOK,UTF8|P:Azx	nv	POK,pIOK,pNOK,pPOK,UTF8|P:Azx
sAz	POK,pIOK,pNOK,pPOK,UTF8|P:Azx	rng	POK,pIOK,pNOK,pPOK,UTF8|P:Azx
sAz	POK,pIOK,pNOK,pPOK,UTF8|P:Azx	str	POK,pIOK,pNOK,pPOK,UTF8|P:Azx
sAz	POK,pIOK,pNOK,pPOK,UTF8|P:Azx	utf8	POK,pIOK,pNOK,pPOK,UTF8|P:Azx
sAz	POK,pIOK,pNOK,pPOK,UTF8|P:Ba	add	POK,pIOK,pNOK,pPOK,UTF8|P:Ba
sAz	POK,pIOK,pNOK,pPOK,UTF8|P:Ba	bors	POK,pIOK,pNOK,pPOK,UTF8|P:Ba
sAz	POK,pIOK,pNOK,pPOK,UTF8|P:Ba	cat0	POK,pIOK,pNOK,pPOK,UTF8|P:Ba
sAz	POK,pIOK,pNOK,pPOK,UTF8|P:Ba	catx	POK,pIOK,pNOK,pPOK,UTF8|P:Bax
sAz	POK,pIOK,pNOK,pPOK,UTF8|P:Ba	copy	POK,pIOK,pNOK,pPOK,UTF8|P:Ba
sAz	POK,pIOK,pNOK,pPOK,UTF8|P:Ba	dec	NOK,pNOK|N:-1
sAz	POK,pIOK,pNOK,pPOK,UTF8|P:Ba	fbors	POK,pIOK,pNOK,pPOK,UTF8|P:Ba
sAz	POK,pIOK,pNOK,pPOK,UTF8|P:Ba	inc	NOK,pNOK|N:1
sAz	POK,pIOK,pNOK,pPOK,UTF8|P:Ba	iv	POK,pIOK,pNOK,pPOK,UTF8|P:Ba
sAz	POK,pIOK,pNOK,pPOK,UTF8|P:Ba	nv	POK,pIOK,pNOK,pPOK,UTF8|P:Ba
sAz	POK,pIOK,pNOK,pPOK,UTF8|P:Ba	rng	POK,pIOK,pNOK,pPOK,UTF8|P:Ba
sAz	POK,pIOK,pNOK,pPOK,UTF8|P:Ba	str	POK,pIOK,pNOK,pPOK,UTF8|P:Ba
sAz	POK,pIOK,pNOK,pPOK,UTF8|P:Ba	utf8	POK,pIOK,pNOK,pPOK,UTF8|P:Ba
sAz	POK,pIOK,pNOK,pPOK|P:-1x	add	POK,pIOK,pNOK,pPOK|P:-1x
sAz	POK,pIOK,pNOK,pPOK|P:-1x	bors	POK,pIOK,pNOK,pPOK|P:-1x
sAz	POK,pIOK,pNOK,pPOK|P:-1x	cat0	POK,pIOK,pNOK,pPOK|P:-1x
sAz	POK,pIOK,pNOK,pPOK|P:-1x	catx	POK,pIOK,pNOK,pPOK|P:-1xx
sAz	POK,pIOK,pNOK,pPOK|P:-1x	copy	POK,pIOK,pNOK,pPOK|P:-1x
sAz	POK,pIOK,pNOK,pPOK|P:-1x	dec	NOK,pNOK|N:-2
sAz	POK,pIOK,pNOK,pPOK|P:-1x	fbors	POK,pIOK,pNOK,pPOK|P:-1x
sAz	POK,pIOK,pNOK,pPOK|P:-1x	inc	NOK,pNOK|N:0
sAz	POK,pIOK,pNOK,pPOK|P:-1x	iv	POK,pIOK,pNOK,pPOK|P:-1x
sAz	POK,pIOK,pNOK,pPOK|P:-1x	nv	POK,pIOK,pNOK,pPOK|P:-1x
sAz	POK,pIOK,pNOK,pPOK|P:-1x	rng	POK,pIOK,pNOK,pPOK|P:-1x
sAz	POK,pIOK,pNOK,pPOK|P:-1x	str	POK,pIOK,pNOK,pPOK|P:-1x
sAz	POK,pIOK,pNOK,pPOK|P:-1x	utf8	POK,pIOK,pNOK,pPOK,UTF8|P:-1x
sAz	POK,pIOK,pNOK,pPOK|P:Az	add	POK,pIOK,pNOK,pPOK|P:Az
sAz	POK,pIOK,pNOK,pPOK|P:Az	bors	POK,pIOK,pNOK,pPOK|P:Az
sAz	POK,pIOK,pNOK,pPOK|P:Az	cat0	POK,pPOK|P:Az
sAz	POK,pIOK,pNOK,pPOK|P:Az	catx	POK,pPOK|P:Azx
sAz	POK,pIOK,pNOK,pPOK|P:Az	copy	POK,pIOK,pNOK,pPOK|P:Az
sAz	POK,pIOK,pNOK,pPOK|P:Az	dec	NOK,pNOK|N:-1
sAz	POK,pIOK,pNOK,pPOK|P:Az	fbors	POK,pIOK,pNOK,pPOK|P:Az
sAz	POK,pIOK,pNOK,pPOK|P:Az	inc	NOK,pNOK|N:1
sAz	POK,pIOK,pNOK,pPOK|P:Az	iv	POK,pIOK,pNOK,pPOK|P:Az
sAz	POK,pIOK,pNOK,pPOK|P:Az	nv	POK,pIOK,pNOK,pPOK|P:Az
sAz	POK,pIOK,pNOK,pPOK|P:Az	rng	POK,pIOK,pNOK,pPOK|P:Az
sAz	POK,pIOK,pNOK,pPOK|P:Az	str	POK,pIOK,pNOK,pPOK|P:Az
sAz	POK,pIOK,pNOK,pPOK|P:Az	utf8	POK,pIOK,pNOK,pPOK,UTF8|P:Az
sAz	POK,pIOK,pNOK,pPOK|P:Azx	add	POK,pIOK,pNOK,pPOK|P:Azx
sAz	POK,pIOK,pNOK,pPOK|P:Azx	bors	POK,pIOK,pNOK,pPOK|P:Azx
sAz	POK,pIOK,pNOK,pPOK|P:Azx	cat0	POK,pIOK,pNOK,pPOK|P:Azx
sAz	POK,pIOK,pNOK,pPOK|P:Azx	catx	POK,pIOK,pNOK,pPOK|P:Azxx
sAz	POK,pIOK,pNOK,pPOK|P:Azx	copy	POK,pIOK,pNOK,pPOK|P:Azx
sAz	POK,pIOK,pNOK,pPOK|P:Azx	dec	NOK,pNOK|N:-1
sAz	POK,pIOK,pNOK,pPOK|P:Azx	fbors	POK,pIOK,pNOK,pPOK|P:Azx
sAz	POK,pIOK,pNOK,pPOK|P:Azx	inc	NOK,pNOK|N:1
sAz	POK,pIOK,pNOK,pPOK|P:Azx	iv	POK,pIOK,pNOK,pPOK|P:Azx
sAz	POK,pIOK,pNOK,pPOK|P:Azx	nv	POK,pIOK,pNOK,pPOK|P:Azx
sAz	POK,pIOK,pNOK,pPOK|P:Azx	rng	POK,pIOK,pNOK,pPOK|P:Azx
sAz	POK,pIOK,pNOK,pPOK|P:Azx	str	POK,pIOK,pNOK,pPOK|P:Azx
sAz	POK,pIOK,pNOK,pPOK|P:Azx	utf8	POK,pIOK,pNOK,pPOK,UTF8|P:Azx
sAz	POK,pIOK,pNOK,pPOK|P:Azxx	add	POK,pIOK,pNOK,pPOK|P:Azxx
sAz	POK,pIOK,pNOK,pPOK|P:Azxx	bors	POK,pIOK,pNOK,pPOK|P:Azxx
sAz	POK,pIOK,pNOK,pPOK|P:Azxx	cat0	POK,pIOK,pNOK,pPOK|P:Azxx
sAz	POK,pIOK,pNOK,pPOK|P:Azxx	catx	POK,pIOK,pNOK,pPOK|P:Azxxx
sAz	POK,pIOK,pNOK,pPOK|P:Azxx	copy	POK,pIOK,pNOK,pPOK|P:Azxx
sAz	POK,pIOK,pNOK,pPOK|P:Azxx	dec	NOK,pNOK|N:-1
sAz	POK,pIOK,pNOK,pPOK|P:Azxx	fbors	POK,pIOK,pNOK,pPOK|P:Azxx
sAz	POK,pIOK,pNOK,pPOK|P:Azxx	inc	NOK,pNOK|N:1
sAz	POK,pIOK,pNOK,pPOK|P:Azxx	iv	POK,pIOK,pNOK,pPOK|P:Azxx
sAz	POK,pIOK,pNOK,pPOK|P:Azxx	nv	POK,pIOK,pNOK,pPOK|P:Azxx
sAz	POK,pIOK,pNOK,pPOK|P:Azxx	rng	POK,pIOK,pNOK,pPOK|P:Azxx
sAz	POK,pIOK,pNOK,pPOK|P:Azxx	str	POK,pIOK,pNOK,pPOK|P:Azxx
sAz	POK,pIOK,pNOK,pPOK|P:Azxx	utf8	POK,pIOK,pNOK,pPOK,UTF8|P:Azxx
sAz	POK,pIOK,pNOK,pPOK|P:Azy	add	POK,pIOK,pNOK,pPOK|P:Azy
sAz	POK,pIOK,pNOK,pPOK|P:Azy	bors	POK,pIOK,pNOK,pPOK|P:Azy
sAz	POK,pIOK,pNOK,pPOK|P:Azy	cat0	POK,pIOK,pNOK,pPOK|P:Azy
sAz	POK,pIOK,pNOK,pPOK|P:Azy	catx	POK,pIOK,pNOK,pPOK|P:Azyx
sAz	POK,pIOK,pNOK,pPOK|P:Azy	copy	POK,pIOK,pNOK,pPOK|P:Azy
sAz	POK,pIOK,pNOK,pPOK|P:Azy	dec	NOK,pNOK|N:-1
sAz	POK,pIOK,pNOK,pPOK|P:Azy	fbors	POK,pIOK,pNOK,pPOK|P:Azy
sAz	POK,pIOK,pNOK,pPOK|P:Azy	inc	NOK,pNOK|N:1
sAz	POK,pIOK,pNOK,pPOK|P:Azy	iv	POK,pIOK,pNOK,pPOK|P:Azy
sAz	POK,pIOK,pNOK,pPOK|P:Azy	nv	POK,pIOK,pNOK,pPOK|P:Azy
sAz	POK,pIOK,pNOK,pPOK|P:Azy	rng	POK,pIOK,pNOK,pPOK|P:Azy
sAz	POK,pIOK,pNOK,pPOK|P:Azy	str	POK,pIOK,pNOK,pPOK|P:Azy
sAz	POK,pIOK,pNOK,pPOK|P:Azy	utf8	POK,pIOK,pNOK,pPOK,UTF8|P:Azy
sAz	POK,pIOK,pNOK,pPOK|P:Ba	add	POK,pIOK,pNOK,pPOK|P:Ba
sAz	POK,pIOK,pNOK,pPOK|P:Ba	bors	POK,pIOK,pNOK,pPOK|P:Ba
sAz	POK,pIOK,pNOK,pPOK|P:Ba	cat0	POK,pIOK,pNOK,pPOK|P:Ba
sAz	POK,pIOK,pNOK,pPOK|P:Ba	catx	POK,pIOK,pNOK,pPOK|P:Bax
sAz	POK,pIOK,pNOK,pPOK|P:Ba	copy	POK,pIOK,pNOK,pPOK|P:Ba
sAz	POK,pIOK,pNOK,pPOK|P:Ba	dec	NOK,pNOK|N:-1
sAz	POK,pIOK,pNOK,pPOK|P:Ba	fbors	POK,pIOK,pNOK,pPOK|P:Ba
sAz	POK,pIOK,pNOK,pPOK|P:Ba	inc	NOK,pNOK|N:1
sAz	POK,pIOK,pNOK,pPOK|P:Ba	iv	POK,pIOK,pNOK,pPOK|P:Ba
sAz	POK,pIOK,pNOK,pPOK|P:Ba	nv	POK,pIOK,pNOK,pPOK|P:Ba
sAz	POK,pIOK,pNOK,pPOK|P:Ba	rng	POK,pIOK,pNOK,pPOK|P:Ba
sAz	POK,pIOK,pNOK,pPOK|P:Ba	str	POK,pIOK,pNOK,pPOK|P:Ba
sAz	POK,pIOK,pNOK,pPOK|P:Ba	utf8	POK,pIOK,pNOK,pPOK,UTF8|P:Ba
sAz	POK,pIOK,pNOK,pPOK|P:Bax	add	POK,pIOK,pNOK,pPOK|P:Bax
sAz	POK,pIOK,pNOK,pPOK|P:Bax	bors	POK,pIOK,pNOK,pPOK|P:Bax
sAz	POK,pIOK,pNOK,pPOK|P:Bax	cat0	POK,pIOK,pNOK,pPOK|P:Bax
sAz	POK,pIOK,pNOK,pPOK|P:Bax	catx	POK,pIOK,pNOK,pPOK|P:Baxx
sAz	POK,pIOK,pNOK,pPOK|P:Bax	copy	POK,pIOK,pNOK,pPOK|P:Bax
sAz	POK,pIOK,pNOK,pPOK|P:Bax	dec	NOK,pNOK|N:-1
sAz	POK,pIOK,pNOK,pPOK|P:Bax	fbors	POK,pIOK,pNOK,pPOK|P:Bax
sAz	POK,pIOK,pNOK,pPOK|P:Bax	inc	NOK,pNOK|N:1
sAz	POK,pIOK,pNOK,pPOK|P:Bax	iv	POK,pIOK,pNOK,pPOK|P:Bax
sAz	POK,pIOK,pNOK,pPOK|P:Bax	nv	POK,pIOK,pNOK,pPOK|P:Bax
sAz	POK,pIOK,pNOK,pPOK|P:Bax	rng	POK,pIOK,pNOK,pPOK|P:Bax
sAz	POK,pIOK,pNOK,pPOK|P:Bax	str	POK,pIOK,pNOK,pPOK|P:Bax
sAz	POK,pIOK,pNOK,pPOK|P:Bax	utf8	POK,pIOK,pNOK,pPOK,UTF8|P:Bax
sAz	POK,pIOK,pNOK,pPOK|P:Bb	add	POK,pIOK,pNOK,pPOK|P:Bb
sAz	POK,pIOK,pNOK,pPOK|P:Bb	bors	POK,pIOK,pNOK,pPOK|P:Bb
sAz	POK,pIOK,pNOK,pPOK|P:Bb	cat0	POK,pIOK,pNOK,pPOK|P:Bb
sAz	POK,pIOK,pNOK,pPOK|P:Bb	catx	POK,pIOK,pNOK,pPOK|P:Bbx
sAz	POK,pIOK,pNOK,pPOK|P:Bb	copy	POK,pIOK,pNOK,pPOK|P:Bb
sAz	POK,pIOK,pNOK,pPOK|P:Bb	dec	NOK,pNOK|N:-1
sAz	POK,pIOK,pNOK,pPOK|P:Bb	fbors	POK,pIOK,pNOK,pPOK|P:Bb
sAz	POK,pIOK,pNOK,pPOK|P:Bb	inc	NOK,pNOK|N:1
sAz	POK,pIOK,pNOK,pPOK|P:Bb	iv	POK,pIOK,pNOK,pPOK|P:Bb
sAz	POK,pIOK,pNOK,pPOK|P:Bb	nv	POK,pIOK,pNOK,pPOK|P:Bb
sAz	POK,pIOK,pNOK,pPOK|P:Bb	rng	POK,pIOK,pNOK,pPOK|P:Bb
sAz	POK,pIOK,pNOK,pPOK|P:Bb	str	POK,pIOK,pNOK,pPOK|P:Bb
sAz	POK,pIOK,pNOK,pPOK|P:Bb	utf8	POK,pIOK,pNOK,pPOK,UTF8|P:Bb
sAz	POK,pNOK,pPOK,UTF8|P:Az	add	POK,pIOK,pNOK,pPOK,UTF8|P:Az
sAz	POK,pNOK,pPOK,UTF8|P:Az	bors	POK,pIOK,pNOK,pPOK,UTF8|P:Az
sAz	POK,pNOK,pPOK,UTF8|P:Az	cat0	POK,pNOK,pPOK,UTF8|P:Az
sAz	POK,pNOK,pPOK,UTF8|P:Az	catx	POK,pNOK,pPOK,UTF8|P:Azx
sAz	POK,pNOK,pPOK,UTF8|P:Az	copy	POK,pNOK,pPOK,UTF8|P:Az
sAz	POK,pNOK,pPOK,UTF8|P:Az	dec	NOK,pNOK|N:-1
sAz	POK,pNOK,pPOK,UTF8|P:Az	fbors	POK,pNOK,pPOK,UTF8|P:Az
sAz	POK,pNOK,pPOK,UTF8|P:Az	inc	NOK,pNOK|N:1
sAz	POK,pNOK,pPOK,UTF8|P:Az	iv	POK,pIOK,pNOK,pPOK,UTF8|P:Az
sAz	POK,pNOK,pPOK,UTF8|P:Az	nv	POK,pNOK,pPOK,UTF8|P:Az
sAz	POK,pNOK,pPOK,UTF8|P:Az	rng	POK,pIOK,pNOK,pPOK,UTF8|P:Az
sAz	POK,pNOK,pPOK,UTF8|P:Az	str	POK,pNOK,pPOK,UTF8|P:Az
sAz	POK,pNOK,pPOK,UTF8|P:Az	utf8	POK,pNOK,pPOK,UTF8|P:Az
sAz	POK,pNOK,pPOK,UTF8|P:Azx	add	POK,pIOK,pNOK,pPOK,UTF8|P:Azx
sAz	POK,pNOK,pPOK,UTF8|P:Azx	bors	POK,pIOK,pNOK,pPOK,UTF8|P:Azx
sAz	POK,pNOK,pPOK,UTF8|P:Azx	cat0	POK,pNOK,pPOK,UTF8|P:Azx
sAz	POK,pNOK,pPOK,UTF8|P:Azx	catx	POK,pNOK,pPOK,UTF8|P:Azxx
sAz	POK,pNOK,pPOK,UTF8|P:Azx	copy	POK,pNOK,pPOK,UTF8|P:Azx
sAz	POK,pNOK,pPOK,UTF8|P:Azx	dec	NOK,pNOK|N:-1
sAz	POK,pNOK,pPOK,UTF8|P:Azx	fbors	POK,pNOK,pPOK,UTF8|P:Azx
sAz	POK,pNOK,pPOK,UTF8|P:Azx	inc	NOK,pNOK|N:1
sAz	POK,pNOK,pPOK,UTF8|P:Azx	iv	POK,pIOK,pNOK,pPOK,UTF8|P:Azx
sAz	POK,pNOK,pPOK,UTF8|P:Azx	nv	POK,pNOK,pPOK,UTF8|P:Azx
sAz	POK,pNOK,pPOK,UTF8|P:Azx	rng	POK,pIOK,pNOK,pPOK,UTF8|P:Azx
sAz	POK,pNOK,pPOK,UTF8|P:Azx	str	POK,pNOK,pPOK,UTF8|P:Azx
sAz	POK,pNOK,pPOK,UTF8|P:Azx	utf8	POK,pNOK,pPOK,UTF8|P:Azx
sAz	POK,pNOK,pPOK,UTF8|P:Ba	add	POK,pIOK,pNOK,pPOK,UTF8|P:Ba
sAz	POK,pNOK,pPOK,UTF8|P:Ba	bors	POK,pIOK,pNOK,pPOK,UTF8|P:Ba
sAz	POK,pNOK,pPOK,UTF8|P:Ba	cat0	POK,pNOK,pPOK,UTF8|P:Ba
sAz	POK,pNOK,pPOK,UTF8|P:Ba	catx	POK,pNOK,pPOK,UTF8|P:Bax
sAz	POK,pNOK,pPOK,UTF8|P:Ba	copy	POK,pNOK,pPOK,UTF8|P:Ba
sAz	POK,pNOK,pPOK,UTF8|P:Ba	dec	NOK,pNOK|N:-1
sAz	POK,pNOK,pPOK,UTF8|P:Ba	fbors	POK,pNOK,pPOK,UTF8|P:Ba
sAz	POK,pNOK,pPOK,UTF8|P:Ba	inc	NOK,pNOK|N:1
sAz	POK,pNOK,pPOK,UTF8|P:Ba	iv	POK,pIOK,pNOK,pPOK,UTF8|P:Ba
sAz	POK,pNOK,pPOK,UTF8|P:Ba	nv	POK,pNOK,pPOK,UTF8|P:Ba
sAz	POK,pNOK,pPOK,UTF8|P:Ba	rng	POK,pIOK,pNOK,pPOK,UTF8|P:Ba
sAz	POK,pNOK,pPOK,UTF8|P:Ba	str	POK,pNOK,pPOK,UTF8|P:Ba
sAz	POK,pNOK,pPOK,UTF8|P:Ba	utf8	POK,pNOK,pPOK,UTF8|P:Ba
sAz	POK,pNOK,pPOK|P:-1x	add	POK,pIOK,pNOK,pPOK|P:-1x
sAz	POK,pNOK,pPOK|P:-1x	bors	POK,pIOK,pNOK,pPOK|P:-1x
sAz	POK,pNOK,pPOK|P:-1x	cat0	POK,pNOK,pPOK|P:-1x
sAz	POK,pNOK,pPOK|P:-1x	catx	POK,pNOK,pPOK|P:-1xx
sAz	POK,pNOK,pPOK|P:-1x	copy	POK,pNOK,pPOK|P:-1x
sAz	POK,pNOK,pPOK|P:-1x	dec	NOK,pNOK|N:-2
sAz	POK,pNOK,pPOK|P:-1x	fbors	POK,pNOK,pPOK|P:-1x
sAz	POK,pNOK,pPOK|P:-1x	inc	NOK,pNOK|N:0
sAz	POK,pNOK,pPOK|P:-1x	iv	POK,pIOK,pNOK,pPOK|P:-1x
sAz	POK,pNOK,pPOK|P:-1x	nv	POK,pNOK,pPOK|P:-1x
sAz	POK,pNOK,pPOK|P:-1x	rng	POK,pIOK,pNOK,pPOK|P:-1x
sAz	POK,pNOK,pPOK|P:-1x	str	POK,pNOK,pPOK|P:-1x
sAz	POK,pNOK,pPOK|P:-1x	utf8	POK,pNOK,pPOK,UTF8|P:-1x
sAz	POK,pNOK,pPOK|P:Az	add	POK,pIOK,pNOK,pPOK|P:Az
sAz	POK,pNOK,pPOK|P:Az	bors	POK,pIOK,pNOK,pPOK|P:Az
sAz	POK,pNOK,pPOK|P:Az	cat0	POK,pPOK|P:Az
sAz	POK,pNOK,pPOK|P:Az	catx	POK,pPOK|P:Azx
sAz	POK,pNOK,pPOK|P:Az	copy	POK,pNOK,pPOK|P:Az
sAz	POK,pNOK,pPOK|P:Az	dec	NOK,pNOK|N:-1
sAz	POK,pNOK,pPOK|P:Az	fbors	POK,pNOK,pPOK|P:Az
sAz	POK,pNOK,pPOK|P:Az	inc	NOK,pNOK|N:1
sAz	POK,pNOK,pPOK|P:Az	iv	POK,pIOK,pNOK,pPOK|P:Az
sAz	POK,pNOK,pPOK|P:Az	nv	POK,pNOK,pPOK|P:Az
sAz	POK,pNOK,pPOK|P:Az	rng	POK,pIOK,pNOK,pPOK|P:Az
sAz	POK,pNOK,pPOK|P:Az	str	POK,pNOK,pPOK|P:Az
sAz	POK,pNOK,pPOK|P:Az	utf8	POK,pNOK,pPOK,UTF8|P:Az
sAz	POK,pNOK,pPOK|P:Azx	add	POK,pIOK,pNOK,pPOK|P:Azx
sAz	POK,pNOK,pPOK|P:Azx	bors	POK,pIOK,pNOK,pPOK|P:Azx
sAz	POK,pNOK,pPOK|P:Azx	cat0	POK,pNOK,pPOK|P:Azx
sAz	POK,pNOK,pPOK|P:Azx	catx	POK,pNOK,pPOK|P:Azxx
sAz	POK,pNOK,pPOK|P:Azx	copy	POK,pNOK,pPOK|P:Azx
sAz	POK,pNOK,pPOK|P:Azx	dec	NOK,pNOK|N:-1
sAz	POK,pNOK,pPOK|P:Azx	fbors	POK,pNOK,pPOK|P:Azx
sAz	POK,pNOK,pPOK|P:Azx	inc	NOK,pNOK|N:1
sAz	POK,pNOK,pPOK|P:Azx	iv	POK,pIOK,pNOK,pPOK|P:Azx
sAz	POK,pNOK,pPOK|P:Azx	nv	POK,pNOK,pPOK|P:Azx
sAz	POK,pNOK,pPOK|P:Azx	rng	POK,pIOK,pNOK,pPOK|P:Azx
sAz	POK,pNOK,pPOK|P:Azx	str	POK,pNOK,pPOK|P:Azx
sAz	POK,pNOK,pPOK|P:Azx	utf8	POK,pNOK,pPOK,UTF8|P:Azx
sAz	POK,pNOK,pPOK|P:Azxx	add	POK,pIOK,pNOK,pPOK|P:Azxx
sAz	POK,pNOK,pPOK|P:Azxx	bors	POK,pIOK,pNOK,pPOK|P:Azxx
sAz	POK,pNOK,pPOK|P:Azxx	cat0	POK,pNOK,pPOK|P:Azxx
sAz	POK,pNOK,pPOK|P:Azxx	catx	POK,pNOK,pPOK|P:Azxxx
sAz	POK,pNOK,pPOK|P:Azxx	copy	POK,pNOK,pPOK|P:Azxx
sAz	POK,pNOK,pPOK|P:Azxx	dec	NOK,pNOK|N:-1
sAz	POK,pNOK,pPOK|P:Azxx	fbors	POK,pNOK,pPOK|P:Azxx
sAz	POK,pNOK,pPOK|P:Azxx	inc	NOK,pNOK|N:1
sAz	POK,pNOK,pPOK|P:Azxx	iv	POK,pIOK,pNOK,pPOK|P:Azxx
sAz	POK,pNOK,pPOK|P:Azxx	nv	POK,pNOK,pPOK|P:Azxx
sAz	POK,pNOK,pPOK|P:Azxx	rng	POK,pIOK,pNOK,pPOK|P:Azxx
sAz	POK,pNOK,pPOK|P:Azxx	str	POK,pNOK,pPOK|P:Azxx
sAz	POK,pNOK,pPOK|P:Azxx	utf8	POK,pNOK,pPOK,UTF8|P:Azxx
sAz	POK,pNOK,pPOK|P:Azy	add	POK,pIOK,pNOK,pPOK|P:Azy
sAz	POK,pNOK,pPOK|P:Azy	bors	POK,pIOK,pNOK,pPOK|P:Azy
sAz	POK,pNOK,pPOK|P:Azy	cat0	POK,pNOK,pPOK|P:Azy
sAz	POK,pNOK,pPOK|P:Azy	catx	POK,pNOK,pPOK|P:Azyx
sAz	POK,pNOK,pPOK|P:Azy	copy	POK,pNOK,pPOK|P:Azy
sAz	POK,pNOK,pPOK|P:Azy	dec	NOK,pNOK|N:-1
sAz	POK,pNOK,pPOK|P:Azy	fbors	POK,pNOK,pPOK|P:Azy
sAz	POK,pNOK,pPOK|P:Azy	inc	NOK,pNOK|N:1
sAz	POK,pNOK,pPOK|P:Azy	iv	POK,pIOK,pNOK,pPOK|P:Azy
sAz	POK,pNOK,pPOK|P:Azy	nv	POK,pNOK,pPOK|P:Azy
sAz	POK,pNOK,pPOK|P:Azy	rng	POK,pIOK,pNOK,pPOK|P:Azy
sAz	POK,pNOK,pPOK|P:Azy	str	POK,pNOK,pPOK|P:Azy
sAz	POK,pNOK,pPOK|P:Azy	utf8	POK,pNOK,pPOK,UTF8|P:Azy
sAz	POK,pNOK,pPOK|P:Ba	add	POK,pIOK,pNOK,pPOK|P:Ba
sAz	POK,pNOK,pPOK|P:Ba	bors	POK,pIOK,pNOK,pPOK|P:Ba
sAz	POK,pNOK,pPOK|P:Ba	cat0	POK,pNOK,pPOK|P:Ba
sAz	POK,pNOK,pPOK|P:Ba	catx	POK,pNOK,pPOK|P:Bax
sAz	POK,pNOK,pPOK|P:Ba	copy	POK,pNOK,pPOK|P:Ba
sAz	POK,pNOK,pPOK|P:Ba	dec	NOK,pNOK|N:-1
sAz	POK,pNOK,pPOK|P:Ba	fbors	POK,pNOK,pPOK|P:Ba
sAz	POK,pNOK,pPOK|P:Ba	inc	NOK,pNOK|N:1
sAz	POK,pNOK,pPOK|P:Ba	iv	POK,pIOK,pNOK,pPOK|P:Ba
sAz	POK,pNOK,pPOK|P:Ba	nv	POK,pNOK,pPOK|P:Ba
sAz	POK,pNOK,pPOK|P:Ba	rng	POK,pIOK,pNOK,pPOK|P:Ba
sAz	POK,pNOK,pPOK|P:Ba	str	POK,pNOK,pPOK|P:Ba
sAz	POK,pNOK,pPOK|P:Ba	utf8	POK,pNOK,pPOK,UTF8|P:Ba
sAz	POK,pNOK,pPOK|P:Bax	add	POK,pIOK,pNOK,pPOK|P:Bax
sAz	POK,pNOK,pPOK|P:Bax	bors	POK,pIOK,pNOK,pPOK|P:Bax
sAz	POK,pNOK,pPOK|P:Bax	cat0	POK,pNOK,pPOK|P:Bax
sAz	POK,pNOK,pPOK|P:Bax	catx	POK,pNOK,pPOK|P:Baxx
sAz	POK,pNOK,pPOK|P:Bax	copy	POK,pNOK,pPOK|P:Bax
sAz	POK,pNOK,pPOK|P:Bax	dec	NOK,pNOK|N:-1
sAz	POK,pNOK,pPOK|P:Bax	fbors	POK,pNOK,pPOK|P:Bax
sAz	POK,pNOK,pPOK|P:Bax	inc	NOK,pNOK|N:1
sAz	POK,pNOK,pPOK|P:Bax	iv	POK,pIOK,pNOK,pPOK|P:Bax
sAz	POK,pNOK,pPOK|P:Bax	nv	POK,pNOK,pPOK|P:Bax
sAz	POK,pNOK,pPOK|P:Bax	rng	POK,pIOK,pNOK,pPOK|P:Bax
sAz	POK,pNOK,pPOK|P:Bax	str	POK,pNOK,pPOK|P:Bax
sAz	POK,pNOK,pPOK|P:Bax	utf8	POK,pNOK,pPOK,UTF8|P:Bax
sAz	POK,pNOK,pPOK|P:Bb	add	POK,pIOK,pNOK,pPOK|P:Bb
sAz	POK,pNOK,pPOK|P:Bb	bors	POK,pIOK,pNOK,pPOK|P:Bb
sAz	POK,pNOK,pPOK|P:Bb	cat0	POK,pNOK,pPOK|P:Bb
sAz	POK,pNOK,pPOK|P:Bb	catx	POK,pNOK,pPOK|P:Bbx
sAz	POK,pNOK,pPOK|P:Bb	copy	POK,pNOK,pPOK|P:Bb
sAz	POK,pNOK,pPOK|P:Bb	dec	NOK,pNOK|N:-1
sAz	POK,pNOK,pPOK|P:Bb	fbors	POK,pNOK,pPOK|P:Bb
sAz	POK,pNOK,pPOK|P:Bb	inc	NOK,pNOK|N:1
sAz	POK,pNOK,pPOK|P:Bb	iv	POK,pIOK,pNOK,pPOK|P:Bb
sAz	POK,pNOK,pPOK|P:Bb	nv	POK,pNOK,pPOK|P:Bb
sAz	POK,pNOK,pPOK|P:Bb	rng	POK,pIOK,pNOK,pPOK|P:Bb
sAz	POK,pNOK,pPOK|P:Bb	str	POK,pNOK,pPOK|P:Bb
sAz	POK,pNOK,pPOK|P:Bb	utf8	POK,pNOK,pPOK,UTF8|P:Bb
sAz	POK,pPOK,UTF8|P:-1	add	IOK,POK,pIOK,pPOK,UTF8|P:-1
sAz	POK,pPOK,UTF8|P:-1	bors	POK,pPOK,UTF8|P:-1
sAz	POK,pPOK,UTF8|P:-1	cat0	POK,pPOK,UTF8|P:-1
sAz	POK,pPOK,UTF8|P:-1	catx	POK,pPOK,UTF8|P:-1x
sAz	POK,pPOK,UTF8|P:-1	copy	POK,pPOK,UTF8|P:-1
sAz	POK,pPOK,UTF8|P:-1	dec	IOK,pIOK|N:-2
sAz	POK,pPOK,UTF8|P:-1	fbors	POK,pPOK,UTF8|P:-1
sAz	POK,pPOK,UTF8|P:-1	inc	IOK,pIOK|N:0
sAz	POK,pPOK,UTF8|P:-1	iv	IOK,POK,pIOK,pPOK,UTF8|P:-1
sAz	POK,pPOK,UTF8|P:-1	nv	NOK,POK,pNOK,pPOK,UTF8|P:-1
sAz	POK,pPOK,UTF8|P:-1	rng	IOK,NOK,POK,pIOK,pNOK,pPOK,UTF8|P:-1
sAz	POK,pPOK,UTF8|P:-1	str	POK,pPOK,UTF8|P:-1
sAz	POK,pPOK,UTF8|P:-1	utf8	POK,pPOK,UTF8|P:-1
sAz	POK,pPOK,UTF8|P:-1x	add	POK,pIOK,pNOK,pPOK,UTF8|P:-1x
sAz	POK,pPOK,UTF8|P:-1x	bors	POK,pPOK,UTF8|P:-1x
sAz	POK,pPOK,UTF8|P:-1x	cat0	POK,pPOK,UTF8|P:-1x
sAz	POK,pPOK,UTF8|P:-1x	catx	POK,pPOK,UTF8|P:-1xx
sAz	POK,pPOK,UTF8|P:-1x	copy	POK,pPOK,UTF8|P:-1x
sAz	POK,pPOK,UTF8|P:-1x	dec	NOK,pNOK|N:-2
sAz	POK,pPOK,UTF8|P:-1x	fbors	POK,pPOK,UTF8|P:-1x
sAz	POK,pPOK,UTF8|P:-1x	inc	NOK,pNOK|N:0
sAz	POK,pPOK,UTF8|P:-1x	iv	POK,pIOK,pNOK,pPOK,UTF8|P:-1x
sAz	POK,pPOK,UTF8|P:-1x	nv	POK,pNOK,pPOK,UTF8|P:-1x
sAz	POK,pPOK,UTF8|P:-1x	rng	POK,pPOK,UTF8|P:-1x
sAz	POK,pPOK,UTF8|P:-1x	str	POK,pPOK,UTF8|P:-1x
sAz	POK,pPOK,UTF8|P:-1x	utf8	POK,pPOK,UTF8|P:-1x
sAz	POK,pPOK,UTF8|P:-2	add	IOK,POK,pIOK,pPOK,UTF8|P:-2
sAz	POK,pPOK,UTF8|P:-2	bors	POK,pPOK,UTF8|P:-2
sAz	POK,pPOK,UTF8|P:-2	cat0	POK,pPOK,UTF8|P:-2
sAz	POK,pPOK,UTF8|P:-2	catx	POK,pPOK,UTF8|P:-2x
sAz	POK,pPOK,UTF8|P:-2	copy	POK,pPOK,UTF8|P:-2
sAz	POK,pPOK,UTF8|P:-2	dec	IOK,pIOK|N:-3
sAz	POK,pPOK,UTF8|P:-2	fbors	POK,pPOK,UTF8|P:-2
sAz	POK,pPOK,UTF8|P:-2	inc	IOK,pIOK|N:-1
sAz	POK,pPOK,UTF8|P:-2	iv	IOK,POK,pIOK,pPOK,UTF8|P:-2
sAz	POK,pPOK,UTF8|P:-2	nv	NOK,POK,pNOK,pPOK,UTF8|P:-2
sAz	POK,pPOK,UTF8|P:-2	rng	IOK,NOK,POK,pIOK,pNOK,pPOK,UTF8|P:-2
sAz	POK,pPOK,UTF8|P:-2	str	POK,pPOK,UTF8|P:-2
sAz	POK,pPOK,UTF8|P:-2	utf8	POK,pPOK,UTF8|P:-2
sAz	POK,pPOK,UTF8|P:0	add	IOK,POK,pIOK,pPOK,UTF8|P:0
sAz	POK,pPOK,UTF8|P:0	bors	POK,pPOK,UTF8|P:0
sAz	POK,pPOK,UTF8|P:0	cat0	POK,pPOK,UTF8|P:0
sAz	POK,pPOK,UTF8|P:0	catx	POK,pPOK,UTF8|P:0x
sAz	POK,pPOK,UTF8|P:0	copy	POK,pPOK,UTF8|P:0
sAz	POK,pPOK,UTF8|P:0	dec	IOK,pIOK|N:-1
sAz	POK,pPOK,UTF8|P:0	fbors	POK,pPOK,UTF8|P:0
sAz	POK,pPOK,UTF8|P:0	inc	POK,pPOK,UTF8|P:1
sAz	POK,pPOK,UTF8|P:0	iv	IOK,POK,pIOK,pPOK,UTF8|P:0
sAz	POK,pPOK,UTF8|P:0	nv	NOK,POK,pNOK,pPOK,UTF8|P:0
sAz	POK,pPOK,UTF8|P:0	rng	IOK,NOK,POK,pIOK,pNOK,pPOK,UTF8|P:0
sAz	POK,pPOK,UTF8|P:0	str	POK,pPOK,UTF8|P:0
sAz	POK,pPOK,UTF8|P:0	utf8	POK,pPOK,UTF8|P:0
sAz	POK,pPOK,UTF8|P:1	add	IOK,POK,pIOK,pPOK,UTF8|P:1
sAz	POK,pPOK,UTF8|P:1	bors	POK,pPOK,UTF8|P:1
sAz	POK,pPOK,UTF8|P:1	cat0	POK,pPOK,UTF8|P:1
sAz	POK,pPOK,UTF8|P:1	catx	POK,pPOK,UTF8|P:1x
sAz	POK,pPOK,UTF8|P:1	copy	POK,pPOK,UTF8|P:1
sAz	POK,pPOK,UTF8|P:1	dec	IOK,pIOK|N:0
sAz	POK,pPOK,UTF8|P:1	fbors	POK,pPOK,UTF8|P:1
sAz	POK,pPOK,UTF8|P:1	inc	POK,pPOK,UTF8|P:2
sAz	POK,pPOK,UTF8|P:1	iv	IOK,POK,pIOK,pPOK,UTF8|P:1
sAz	POK,pPOK,UTF8|P:1	nv	NOK,POK,pNOK,pPOK,UTF8|P:1
sAz	POK,pPOK,UTF8|P:1	rng	IOK,NOK,POK,pIOK,pNOK,pPOK,UTF8|P:1
sAz	POK,pPOK,UTF8|P:1	str	POK,pPOK,UTF8|P:1
sAz	POK,pPOK,UTF8|P:1	utf8	POK,pPOK,UTF8|P:1
sAz	POK,pPOK,UTF8|P:Az	add	POK,pIOK,pNOK,pPOK,UTF8|P:Az
sAz	POK,pPOK,UTF8|P:Az	bors	POK,pPOK,UTF8|P:Az
sAz	POK,pPOK,UTF8|P:Az	cat0	POK,pPOK,UTF8|P:Az
sAz	POK,pPOK,UTF8|P:Az	catx	POK,pPOK,UTF8|P:Azx
sAz	POK,pPOK,UTF8|P:Az	copy	POK,pPOK,UTF8|P:Az
sAz	POK,pPOK,UTF8|P:Az	dec	NOK,pNOK|N:-1
sAz	POK,pPOK,UTF8|P:Az	fbors	POK,pPOK,UTF8|P:Az
sAz	POK,pPOK,UTF8|P:Az	inc	POK,pPOK,UTF8|P:Ba
sAz	POK,pPOK,UTF8|P:Az	iv	POK,pIOK,pNOK,pPOK,UTF8|P:Az
sAz	POK,pPOK,UTF8|P:Az	nv	POK,pNOK,pPOK,UTF8|P:Az
sAz	POK,pPOK,UTF8|P:Az	rng	POK,pPOK,UTF8|P:Az
sAz	POK,pPOK,UTF8|P:Az	str	POK,pPOK,UTF8|P:Az
sAz	POK,pPOK,UTF8|P:Az	utf8	POK,pPOK,UTF8|P:Az
sAz	POK,pPOK,UTF8|P:Azx	add	POK,pIOK,pNOK,pPOK,UTF8|P:Azx
sAz	POK,pPOK,UTF8|P:Azx	bors	POK,pPOK,UTF8|P:Azx
sAz	POK,pPOK,UTF8|P:Azx	cat0	POK,pPOK,UTF8|P:Azx
sAz	POK,pPOK,UTF8|P:Azx	catx	POK,pPOK,UTF8|P:Azxx
sAz	POK,pPOK,UTF8|P:Azx	copy	POK,pPOK,UTF8|P:Azx
sAz	POK,pPOK,UTF8|P:Azx	dec	NOK,pNOK|N:-1
sAz	POK,pPOK,UTF8|P:Azx	fbors	POK,pPOK,UTF8|P:Azx
sAz	POK,pPOK,UTF8|P:Azx	inc	POK,pPOK,UTF8|P:Azy
sAz	POK,pPOK,UTF8|P:Azx	iv	POK,pIOK,pNOK,pPOK,UTF8|P:Azx
sAz	POK,pPOK,UTF8|P:Azx	nv	POK,pNOK,pPOK,UTF8|P:Azx
sAz	POK,pPOK,UTF8|P:Azx	rng	POK,pPOK,UTF8|P:Azx
sAz	POK,pPOK,UTF8|P:Azx	str	POK,pPOK,UTF8|P:Azx
sAz	POK,pPOK,UTF8|P:Azx	utf8	POK,pPOK,UTF8|P:Azx
sAz	POK,pPOK,UTF8|P:Azxx	add	POK,pIOK,pNOK,pPOK,UTF8|P:Azxx
sAz	POK,pPOK,UTF8|P:Azxx	bors	POK,pPOK,UTF8|P:Azxx
sAz	POK,pPOK,UTF8|P:Azxx	cat0	POK,pPOK,UTF8|P:Azxx
sAz	POK,pPOK,UTF8|P:Azxx	catx	POK,pPOK,UTF8|P:Azxxx
sAz	POK,pPOK,UTF8|P:Azxx	copy	POK,pPOK,UTF8|P:Azxx
sAz	POK,pPOK,UTF8|P:Azxx	dec	NOK,pNOK|N:-1
sAz	POK,pPOK,UTF8|P:Azxx	fbors	POK,pPOK,UTF8|P:Azxx
sAz	POK,pPOK,UTF8|P:Azxx	inc	POK,pPOK,UTF8|P:Azxy
sAz	POK,pPOK,UTF8|P:Azxx	iv	POK,pIOK,pNOK,pPOK,UTF8|P:Azxx
sAz	POK,pPOK,UTF8|P:Azxx	nv	POK,pNOK,pPOK,UTF8|P:Azxx
sAz	POK,pPOK,UTF8|P:Azxx	rng	POK,pPOK,UTF8|P:Azxx
sAz	POK,pPOK,UTF8|P:Azxx	str	POK,pPOK,UTF8|P:Azxx
sAz	POK,pPOK,UTF8|P:Azxx	utf8	POK,pPOK,UTF8|P:Azxx
sAz	POK,pPOK,UTF8|P:Azy	add	POK,pIOK,pNOK,pPOK,UTF8|P:Azy
sAz	POK,pPOK,UTF8|P:Azy	bors	POK,pPOK,UTF8|P:Azy
sAz	POK,pPOK,UTF8|P:Azy	cat0	POK,pPOK,UTF8|P:Azy
sAz	POK,pPOK,UTF8|P:Azy	catx	POK,pPOK,UTF8|P:Azyx
sAz	POK,pPOK,UTF8|P:Azy	copy	POK,pPOK,UTF8|P:Azy
sAz	POK,pPOK,UTF8|P:Azy	dec	NOK,pNOK|N:-1
sAz	POK,pPOK,UTF8|P:Azy	fbors	POK,pPOK,UTF8|P:Azy
sAz	POK,pPOK,UTF8|P:Azy	inc	POK,pPOK,UTF8|P:Azz
sAz	POK,pPOK,UTF8|P:Azy	iv	POK,pIOK,pNOK,pPOK,UTF8|P:Azy
sAz	POK,pPOK,UTF8|P:Azy	nv	POK,pNOK,pPOK,UTF8|P:Azy
sAz	POK,pPOK,UTF8|P:Azy	rng	POK,pPOK,UTF8|P:Azy
sAz	POK,pPOK,UTF8|P:Azy	str	POK,pPOK,UTF8|P:Azy
sAz	POK,pPOK,UTF8|P:Azy	utf8	POK,pPOK,UTF8|P:Azy
sAz	POK,pPOK,UTF8|P:Ba	add	POK,pIOK,pNOK,pPOK,UTF8|P:Ba
sAz	POK,pPOK,UTF8|P:Ba	bors	POK,pPOK,UTF8|P:Ba
sAz	POK,pPOK,UTF8|P:Ba	cat0	POK,pPOK,UTF8|P:Ba
sAz	POK,pPOK,UTF8|P:Ba	catx	POK,pPOK,UTF8|P:Bax
sAz	POK,pPOK,UTF8|P:Ba	copy	POK,pPOK,UTF8|P:Ba
sAz	POK,pPOK,UTF8|P:Ba	dec	NOK,pNOK|N:-1
sAz	POK,pPOK,UTF8|P:Ba	fbors	POK,pPOK,UTF8|P:Ba
sAz	POK,pPOK,UTF8|P:Ba	inc	POK,pPOK,UTF8|P:Bb
sAz	POK,pPOK,UTF8|P:Ba	iv	POK,pIOK,pNOK,pPOK,UTF8|P:Ba
sAz	POK,pPOK,UTF8|P:Ba	nv	POK,pNOK,pPOK,UTF8|P:Ba
sAz	POK,pPOK,UTF8|P:Ba	rng	POK,pPOK,UTF8|P:Ba
sAz	POK,pPOK,UTF8|P:Ba	str	POK,pPOK,UTF8|P:Ba
sAz	POK,pPOK,UTF8|P:Ba	utf8	POK,pPOK,UTF8|P:Ba
sAz	POK,pPOK,UTF8|P:Bax	add	POK,pIOK,pNOK,pPOK,UTF8|P:Bax
sAz	POK,pPOK,UTF8|P:Bax	bors	POK,pPOK,UTF8|P:Bax
sAz	POK,pPOK,UTF8|P:Bax	cat0	POK,pPOK,UTF8|P:Bax
sAz	POK,pPOK,UTF8|P:Bax	catx	POK,pPOK,UTF8|P:Baxx
sAz	POK,pPOK,UTF8|P:Bax	copy	POK,pPOK,UTF8|P:Bax
sAz	POK,pPOK,UTF8|P:Bax	dec	NOK,pNOK|N:-1
sAz	POK,pPOK,UTF8|P:Bax	fbors	POK,pPOK,UTF8|P:Bax
sAz	POK,pPOK,UTF8|P:Bax	inc	POK,pPOK,UTF8|P:Bay
sAz	POK,pPOK,UTF8|P:Bax	iv	POK,pIOK,pNOK,pPOK,UTF8|P:Bax
sAz	POK,pPOK,UTF8|P:Bax	nv	POK,pNOK,pPOK,UTF8|P:Bax
sAz	POK,pPOK,UTF8|P:Bax	rng	POK,pPOK,UTF8|P:Bax
sAz	POK,pPOK,UTF8|P:Bax	str	POK,pPOK,UTF8|P:Bax
sAz	POK,pPOK,UTF8|P:Bax	utf8	POK,pPOK,UTF8|P:Bax
sAz	POK,pPOK,UTF8|P:Bb	add	POK,pIOK,pNOK,pPOK,UTF8|P:Bb
sAz	POK,pPOK,UTF8|P:Bb	bors	POK,pPOK,UTF8|P:Bb
sAz	POK,pPOK,UTF8|P:Bb	cat0	POK,pPOK,UTF8|P:Bb
sAz	POK,pPOK,UTF8|P:Bb	catx	POK,pPOK,UTF8|P:Bbx
sAz	POK,pPOK,UTF8|P:Bb	copy	POK,pPOK,UTF8|P:Bb
sAz	POK,pPOK,UTF8|P:Bb	dec	NOK,pNOK|N:-1
sAz	POK,pPOK,UTF8|P:Bb	fbors	POK,pPOK,UTF8|P:Bb
sAz	POK,pPOK,UTF8|P:Bb	inc	POK,pPOK,UTF8|P:Bc
sAz	POK,pPOK,UTF8|P:Bb	iv	POK,pIOK,pNOK,pPOK,UTF8|P:Bb
sAz	POK,pPOK,UTF8|P:Bb	nv	POK,pNOK,pPOK,UTF8|P:Bb
sAz	POK,pPOK,UTF8|P:Bb	rng	POK,pPOK,UTF8|P:Bb
sAz	POK,pPOK,UTF8|P:Bb	str	POK,pPOK,UTF8|P:Bb
sAz	POK,pPOK,UTF8|P:Bb	utf8	POK,pPOK,UTF8|P:Bb
sAz	POK,pPOK|P:-1	add	IOK,POK,pIOK,pPOK|P:-1
sAz	POK,pPOK|P:-1	bors	POK,pPOK|P:-1
sAz	POK,pPOK|P:-1	cat0	POK,pPOK|P:-1
sAz	POK,pPOK|P:-1	catx	POK,pPOK|P:-1x
sAz	POK,pPOK|P:-1	copy	POK,pPOK|P:-1
sAz	POK,pPOK|P:-1	dec	IOK,pIOK|N:-2
sAz	POK,pPOK|P:-1	fbors	POK,pPOK|P:-1
sAz	POK,pPOK|P:-1	inc	IOK,pIOK|N:0
sAz	POK,pPOK|P:-1	iv	IOK,POK,pIOK,pPOK|P:-1
sAz	POK,pPOK|P:-1	nv	NOK,POK,pNOK,pPOK|P:-1
sAz	POK,pPOK|P:-1	rng	IOK,NOK,POK,pIOK,pNOK,pPOK|P:-1
sAz	POK,pPOK|P:-1	str	POK,pPOK|P:-1
sAz	POK,pPOK|P:-1	utf8	POK,pPOK,UTF8|P:-1
sAz	POK,pPOK|P:-1x	add	POK,pIOK,pNOK,pPOK|P:-1x
sAz	POK,pPOK|P:-1x	bors	POK,pPOK|P:-1x
sAz	POK,pPOK|P:-1x	cat0	POK,pPOK|P:-1x
sAz	POK,pPOK|P:-1x	catx	POK,pPOK|P:-1xx
sAz	POK,pPOK|P:-1x	copy	POK,pPOK|P:-1x
sAz	POK,pPOK|P:-1x	dec	NOK,pNOK|N:-2
sAz	POK,pPOK|P:-1x	fbors	POK,pPOK|P:-1x
sAz	POK,pPOK|P:-1x	inc	NOK,pNOK|N:0
sAz	POK,pPOK|P:-1x	iv	POK,pIOK,pNOK,pPOK|P:-1x
sAz	POK,pPOK|P:-1x	nv	POK,pNOK,pPOK|P:-1x
sAz	POK,pPOK|P:-1x	rng	POK,pPOK|P:-1x
sAz	POK,pPOK|P:-1x	str	POK,pPOK|P:-1x
sAz	POK,pPOK|P:-1x	utf8	POK,pPOK,UTF8|P:-1x
sAz	POK,pPOK|P:-1xx	add	POK,pIOK,pNOK,pPOK|P:-1xx
sAz	POK,pPOK|P:-1xx	bors	POK,pPOK|P:-1xx
sAz	POK,pPOK|P:-1xx	cat0	POK,pPOK|P:-1xx
sAz	POK,pPOK|P:-1xx	catx	POK,pPOK|P:-1xxx
sAz	POK,pPOK|P:-1xx	copy	POK,pPOK|P:-1xx
sAz	POK,pPOK|P:-1xx	dec	NOK,pNOK|N:-2
sAz	POK,pPOK|P:-1xx	fbors	POK,pPOK|P:-1xx
sAz	POK,pPOK|P:-1xx	inc	NOK,pNOK|N:0
sAz	POK,pPOK|P:-1xx	iv	POK,pIOK,pNOK,pPOK|P:-1xx
sAz	POK,pPOK|P:-1xx	nv	POK,pNOK,pPOK|P:-1xx
sAz	POK,pPOK|P:-1xx	rng	POK,pPOK|P:-1xx
sAz	POK,pPOK|P:-1xx	str	POK,pPOK|P:-1xx
sAz	POK,pPOK|P:-1xx	utf8	POK,pPOK,UTF8|P:-1xx
sAz	POK,pPOK|P:-2	add	IOK,POK,pIOK,pPOK|P:-2
sAz	POK,pPOK|P:-2	bors	POK,pPOK|P:-2
sAz	POK,pPOK|P:-2	cat0	POK,pPOK|P:-2
sAz	POK,pPOK|P:-2	catx	POK,pPOK|P:-2x
sAz	POK,pPOK|P:-2	copy	POK,pPOK|P:-2
sAz	POK,pPOK|P:-2	dec	IOK,pIOK|N:-3
sAz	POK,pPOK|P:-2	fbors	POK,pPOK|P:-2
sAz	POK,pPOK|P:-2	inc	IOK,pIOK|N:-1
sAz	POK,pPOK|P:-2	iv	IOK,POK,pIOK,pPOK|P:-2
sAz	POK,pPOK|P:-2	nv	NOK,POK,pNOK,pPOK|P:-2
sAz	POK,pPOK|P:-2	rng	IOK,NOK,POK,pIOK,pNOK,pPOK|P:-2
sAz	POK,pPOK|P:-2	str	POK,pPOK|P:-2
sAz	POK,pPOK|P:-2	utf8	POK,pPOK,UTF8|P:-2
sAz	POK,pPOK|P:-2x	add	POK,pIOK,pNOK,pPOK|P:-2x
sAz	POK,pPOK|P:-2x	bors	POK,pPOK|P:-2x
sAz	POK,pPOK|P:-2x	cat0	POK,pPOK|P:-2x
sAz	POK,pPOK|P:-2x	catx	POK,pPOK|P:-2xx
sAz	POK,pPOK|P:-2x	copy	POK,pPOK|P:-2x
sAz	POK,pPOK|P:-2x	dec	NOK,pNOK|N:-3
sAz	POK,pPOK|P:-2x	fbors	POK,pPOK|P:-2x
sAz	POK,pPOK|P:-2x	inc	NOK,pNOK|N:-1
sAz	POK,pPOK|P:-2x	iv	POK,pIOK,pNOK,pPOK|P:-2x
sAz	POK,pPOK|P:-2x	nv	POK,pNOK,pPOK|P:-2x
sAz	POK,pPOK|P:-2x	rng	POK,pPOK|P:-2x
sAz	POK,pPOK|P:-2x	str	POK,pPOK|P:-2x
sAz	POK,pPOK|P:-2x	utf8	POK,pPOK,UTF8|P:-2x
sAz	POK,pPOK|P:0	add	IOK,POK,pIOK,pPOK|P:0
sAz	POK,pPOK|P:0	bors	POK,pPOK|P:0
sAz	POK,pPOK|P:0	cat0	POK,pPOK|P:0
sAz	POK,pPOK|P:0	catx	POK,pPOK|P:0x
sAz	POK,pPOK|P:0	copy	POK,pPOK|P:0
sAz	POK,pPOK|P:0	dec	IOK,pIOK|N:-1
sAz	POK,pPOK|P:0	fbors	POK,pPOK|P:0
sAz	POK,pPOK|P:0	inc	POK,pPOK|P:1
sAz	POK,pPOK|P:0	iv	IOK,POK,pIOK,pPOK|P:0
sAz	POK,pPOK|P:0	nv	NOK,POK,pNOK,pPOK|P:0
sAz	POK,pPOK|P:0	rng	IOK,NOK,POK,pIOK,pNOK,pPOK|P:0
sAz	POK,pPOK|P:0	str	POK,pPOK|P:0
sAz	POK,pPOK|P:0	utf8	POK,pPOK,UTF8|P:0
sAz	POK,pPOK|P:0x	add	POK,pIOK,pNOK,pPOK|P:0x
sAz	POK,pPOK|P:0x	bors	POK,pPOK|P:0x
sAz	POK,pPOK|P:0x	cat0	POK,pPOK|P:0x
sAz	POK,pPOK|P:0x	catx	POK,pPOK|P:0xx
sAz	POK,pPOK|P:0x	copy	POK,pPOK|P:0x
sAz	POK,pPOK|P:0x	dec	NOK,pNOK|N:-1
sAz	POK,pPOK|P:0x	fbors	POK,pPOK|P:0x
sAz	POK,pPOK|P:0x	inc	NOK,pNOK|N:1
sAz	POK,pPOK|P:0x	iv	POK,pIOK,pNOK,pPOK|P:0x
sAz	POK,pPOK|P:0x	nv	POK,pNOK,pPOK|P:0x
sAz	POK,pPOK|P:0x	rng	POK,pPOK|P:0x
sAz	POK,pPOK|P:0x	str	POK,pPOK|P:0x
sAz	POK,pPOK|P:0x	utf8	POK,pPOK,UTF8|P:0x
sAz	POK,pPOK|P:1	add	IOK,POK,pIOK,pPOK|P:1
sAz	POK,pPOK|P:1	bors	POK,pPOK|P:1
sAz	POK,pPOK|P:1	cat0	POK,pPOK|P:1
sAz	POK,pPOK|P:1	catx	POK,pPOK|P:1x
sAz	POK,pPOK|P:1	copy	POK,pPOK|P:1
sAz	POK,pPOK|P:1	dec	IOK,pIOK|N:0
sAz	POK,pPOK|P:1	fbors	POK,pPOK|P:1
sAz	POK,pPOK|P:1	inc	POK,pPOK|P:2
sAz	POK,pPOK|P:1	iv	IOK,POK,pIOK,pPOK|P:1
sAz	POK,pPOK|P:1	nv	NOK,POK,pNOK,pPOK|P:1
sAz	POK,pPOK|P:1	rng	IOK,NOK,POK,pIOK,pNOK,pPOK|P:1
sAz	POK,pPOK|P:1	str	POK,pPOK|P:1
sAz	POK,pPOK|P:1	utf8	POK,pPOK,UTF8|P:1
sAz	POK,pPOK|P:1x	add	POK,pIOK,pNOK,pPOK|P:1x
sAz	POK,pPOK|P:1x	bors	POK,pPOK|P:1x
sAz	POK,pPOK|P:1x	cat0	POK,pPOK|P:1x
sAz	POK,pPOK|P:1x	catx	POK,pPOK|P:1xx
sAz	POK,pPOK|P:1x	copy	POK,pPOK|P:1x
sAz	POK,pPOK|P:1x	dec	NOK,pNOK|N:0
sAz	POK,pPOK|P:1x	fbors	POK,pPOK|P:1x
sAz	POK,pPOK|P:1x	inc	NOK,pNOK|N:2
sAz	POK,pPOK|P:1x	iv	POK,pIOK,pNOK,pPOK|P:1x
sAz	POK,pPOK|P:1x	nv	POK,pNOK,pPOK|P:1x
sAz	POK,pPOK|P:1x	rng	POK,pPOK|P:1x
sAz	POK,pPOK|P:1x	str	POK,pPOK|P:1x
sAz	POK,pPOK|P:1x	utf8	POK,pPOK,UTF8|P:1x
sAz	POK,pPOK|P:Az	add	POK,pIOK,pNOK,pPOK|P:Az
sAz	POK,pPOK|P:Az	bors	POK,pPOK|P:Az
sAz	POK,pPOK|P:Az	cat0	POK,pPOK|P:Az
sAz	POK,pPOK|P:Az	catx	POK,pPOK|P:Azx
sAz	POK,pPOK|P:Az	copy	POK,pPOK|P:Az
sAz	POK,pPOK|P:Az	dec	NOK,pNOK|N:-1
sAz	POK,pPOK|P:Az	fbors	POK,pPOK|P:Az
sAz	POK,pPOK|P:Az	inc	POK,pPOK|P:Ba
sAz	POK,pPOK|P:Az	iv	POK,pIOK,pNOK,pPOK|P:Az
sAz	POK,pPOK|P:Az	nv	POK,pNOK,pPOK|P:Az
sAz	POK,pPOK|P:Az	rng	POK,pPOK|P:Az
sAz	POK,pPOK|P:Az	str	POK,pPOK|P:Az
sAz	POK,pPOK|P:Az	utf8	POK,pPOK,UTF8|P:Az
sAz	POK,pPOK|P:Azx	add	POK,pIOK,pNOK,pPOK|P:Azx
sAz	POK,pPOK|P:Azx	bors	POK,pPOK|P:Azx
sAz	POK,pPOK|P:Azx	cat0	POK,pPOK|P:Azx
sAz	POK,pPOK|P:Azx	catx	POK,pPOK|P:Azxx
sAz	POK,pPOK|P:Azx	copy	POK,pPOK|P:Azx
sAz	POK,pPOK|P:Azx	dec	NOK,pNOK|N:-1
sAz	POK,pPOK|P:Azx	fbors	POK,pPOK|P:Azx
sAz	POK,pPOK|P:Azx	inc	POK,pPOK|P:Azy
sAz	POK,pPOK|P:Azx	iv	POK,pIOK,pNOK,pPOK|P:Azx
sAz	POK,pPOK|P:Azx	nv	POK,pNOK,pPOK|P:Azx
sAz	POK,pPOK|P:Azx	rng	POK,pPOK|P:Azx
sAz	POK,pPOK|P:Azx	str	POK,pPOK|P:Azx
sAz	POK,pPOK|P:Azx	utf8	POK,pPOK,UTF8|P:Azx
sAz	POK,pPOK|P:Azxx	add	POK,pIOK,pNOK,pPOK|P:Azxx
sAz	POK,pPOK|P:Azxx	bors	POK,pPOK|P:Azxx
sAz	POK,pPOK|P:Azxx	cat0	POK,pPOK|P:Azxx
sAz	POK,pPOK|P:Azxx	catx	POK,pPOK|P:Azxxx
sAz	POK,pPOK|P:Azxx	copy	POK,pPOK|P:Azxx
sAz	POK,pPOK|P:Azxx	dec	NOK,pNOK|N:-1
sAz	POK,pPOK|P:Azxx	fbors	POK,pPOK|P:Azxx
sAz	POK,pPOK|P:Azxx	inc	POK,pPOK|P:Azxy
sAz	POK,pPOK|P:Azxx	iv	POK,pIOK,pNOK,pPOK|P:Azxx
sAz	POK,pPOK|P:Azxx	nv	POK,pNOK,pPOK|P:Azxx
sAz	POK,pPOK|P:Azxx	rng	POK,pPOK|P:Azxx
sAz	POK,pPOK|P:Azxx	str	POK,pPOK|P:Azxx
sAz	POK,pPOK|P:Azxx	utf8	POK,pPOK,UTF8|P:Azxx
sAz	POK,pPOK|P:Azxxx	add	POK,pIOK,pNOK,pPOK|P:Azxxx
sAz	POK,pPOK|P:Azxxx	bors	POK,pPOK|P:Azxxx
sAz	POK,pPOK|P:Azxxx	cat0	POK,pPOK|P:Azxxx
sAz	POK,pPOK|P:Azxxx	catx	POK,pPOK|P:Azxxxx
sAz	POK,pPOK|P:Azxxx	copy	POK,pPOK|P:Azxxx
sAz	POK,pPOK|P:Azxxx	dec	NOK,pNOK|N:-1
sAz	POK,pPOK|P:Azxxx	fbors	POK,pPOK|P:Azxxx
sAz	POK,pPOK|P:Azxxx	inc	POK,pPOK|P:Azxxy
sAz	POK,pPOK|P:Azxxx	iv	POK,pIOK,pNOK,pPOK|P:Azxxx
sAz	POK,pPOK|P:Azxxx	nv	POK,pNOK,pPOK|P:Azxxx
sAz	POK,pPOK|P:Azxxx	rng	POK,pPOK|P:Azxxx
sAz	POK,pPOK|P:Azxxx	str	POK,pPOK|P:Azxxx
sAz	POK,pPOK|P:Azxxx	utf8	POK,pPOK,UTF8|P:Azxxx
sAz	POK,pPOK|P:Azxy	add	POK,pIOK,pNOK,pPOK|P:Azxy
sAz	POK,pPOK|P:Azxy	bors	POK,pPOK|P:Azxy
sAz	POK,pPOK|P:Azxy	cat0	POK,pPOK|P:Azxy
sAz	POK,pPOK|P:Azxy	catx	POK,pPOK|P:Azxyx
sAz	POK,pPOK|P:Azxy	copy	POK,pPOK|P:Azxy
sAz	POK,pPOK|P:Azxy	dec	NOK,pNOK|N:-1
sAz	POK,pPOK|P:Azxy	fbors	POK,pPOK|P:Azxy
sAz	POK,pPOK|P:Azxy	inc	POK,pPOK|P:Azxz
sAz	POK,pPOK|P:Azxy	iv	POK,pIOK,pNOK,pPOK|P:Azxy
sAz	POK,pPOK|P:Azxy	nv	POK,pNOK,pPOK|P:Azxy
sAz	POK,pPOK|P:Azxy	rng	POK,pPOK|P:Azxy
sAz	POK,pPOK|P:Azxy	str	POK,pPOK|P:Azxy
sAz	POK,pPOK|P:Azxy	utf8	POK,pPOK,UTF8|P:Azxy
sAz	POK,pPOK|P:Azy	add	POK,pIOK,pNOK,pPOK|P:Azy
sAz	POK,pPOK|P:Azy	bors	POK,pPOK|P:Azy
sAz	POK,pPOK|P:Azy	cat0	POK,pPOK|P:Azy
sAz	POK,pPOK|P:Azy	catx	POK,pPOK|P:Azyx
sAz	POK,pPOK|P:Azy	copy	POK,pPOK|P:Azy
sAz	POK,pPOK|P:Azy	dec	NOK,pNOK|N:-1
sAz	POK,pPOK|P:Azy	fbors	POK,pPOK|P:Azy
sAz	POK,pPOK|P:Azy	inc	POK,pPOK|P:Azz
sAz	POK,pPOK|P:Azy	iv	POK,pIOK,pNOK,pPOK|P:Azy
sAz	POK,pPOK|P:Azy	nv	POK,pNOK,pPOK|P:Azy
sAz	POK,pPOK|P:Azy	rng	POK,pPOK|P:Azy
sAz	POK,pPOK|P:Azy	str	POK,pPOK|P:Azy
sAz	POK,pPOK|P:Azy	utf8	POK,pPOK,UTF8|P:Azy
sAz	POK,pPOK|P:Azyx	add	POK,pIOK,pNOK,pPOK|P:Azyx
sAz	POK,pPOK|P:Azyx	bors	POK,pPOK|P:Azyx
sAz	POK,pPOK|P:Azyx	cat0	POK,pPOK|P:Azyx
sAz	POK,pPOK|P:Azyx	catx	POK,pPOK|P:Azyxx
sAz	POK,pPOK|P:Azyx	copy	POK,pPOK|P:Azyx
sAz	POK,pPOK|P:Azyx	dec	NOK,pNOK|N:-1
sAz	POK,pPOK|P:Azyx	fbors	POK,pPOK|P:Azyx
sAz	POK,pPOK|P:Azyx	inc	POK,pPOK|P:Azyy
sAz	POK,pPOK|P:Azyx	iv	POK,pIOK,pNOK,pPOK|P:Azyx
sAz	POK,pPOK|P:Azyx	nv	POK,pNOK,pPOK|P:Azyx
sAz	POK,pPOK|P:Azyx	rng	POK,pPOK|P:Azyx
sAz	POK,pPOK|P:Azyx	str	POK,pPOK|P:Azyx
sAz	POK,pPOK|P:Azyx	utf8	POK,pPOK,UTF8|P:Azyx
sAz	POK,pPOK|P:Azz	add	POK,pIOK,pNOK,pPOK|P:Azz
sAz	POK,pPOK|P:Azz	bors	POK,pPOK|P:Azz
sAz	POK,pPOK|P:Azz	cat0	POK,pPOK|P:Azz
sAz	POK,pPOK|P:Azz	catx	POK,pPOK|P:Azzx
sAz	POK,pPOK|P:Azz	copy	POK,pPOK|P:Azz
sAz	POK,pPOK|P:Azz	dec	NOK,pNOK|N:-1
sAz	POK,pPOK|P:Azz	fbors	POK,pPOK|P:Azz
sAz	POK,pPOK|P:Azz	inc	POK,pPOK|P:Baa
sAz	POK,pPOK|P:Azz	iv	POK,pIOK,pNOK,pPOK|P:Azz
sAz	POK,pPOK|P:Azz	nv	POK,pNOK,pPOK|P:Azz
sAz	POK,pPOK|P:Azz	rng	POK,pPOK|P:Azz
sAz	POK,pPOK|P:Azz	str	POK,pPOK|P:Azz
sAz	POK,pPOK|P:Azz	utf8	POK,pPOK,UTF8|P:Azz
sAz	POK,pPOK|P:Ba	add	POK,pIOK,pNOK,pPOK|P:Ba
sAz	POK,pPOK|P:Ba	bors	POK,pPOK|P:Ba
sAz	POK,pPOK|P:Ba	cat0	POK,pPOK|P:Ba
sAz	POK,pPOK|P:Ba	catx	POK,pPOK|P:Bax
sAz	POK,pPOK|P:Ba	copy	POK,pPOK|P:Ba
sAz	POK,pPOK|P:Ba	dec	NOK,pNOK|N:-1
sAz	POK,pPOK|P:Ba	fbors	POK,pPOK|P:Ba
sAz	POK,pPOK|P:Ba	inc	POK,pPOK|P:Bb
sAz	POK,pPOK|P:Ba	iv	POK,pIOK,pNOK,pPOK|P:Ba
sAz	POK,pPOK|P:Ba	nv	POK,pNOK,pPOK|P:Ba
sAz	POK,pPOK|P:Ba	rng	POK,pPOK|P:Ba
sAz	POK,pPOK|P:Ba	str	POK,pPOK|P:Ba
sAz	POK,pPOK|P:Ba	utf8	POK,pPOK,UTF8|P:Ba
sAz	POK,pPOK|P:Bax	add	POK,pIOK,pNOK,pPOK|P:Bax
sAz	POK,pPOK|P:Bax	bors	POK,pPOK|P:Bax
sAz	POK,pPOK|P:Bax	cat0	POK,pPOK|P:Bax
sAz	POK,pPOK|P:Bax	catx	POK,pPOK|P:Baxx
sAz	POK,pPOK|P:Bax	copy	POK,pPOK|P:Bax
sAz	POK,pPOK|P:Bax	dec	NOK,pNOK|N:-1
sAz	POK,pPOK|P:Bax	fbors	POK,pPOK|P:Bax
sAz	POK,pPOK|P:Bax	inc	POK,pPOK|P:Bay
sAz	POK,pPOK|P:Bax	iv	POK,pIOK,pNOK,pPOK|P:Bax
sAz	POK,pPOK|P:Bax	nv	POK,pNOK,pPOK|P:Bax
sAz	POK,pPOK|P:Bax	rng	POK,pPOK|P:Bax
sAz	POK,pPOK|P:Bax	str	POK,pPOK|P:Bax
sAz	POK,pPOK|P:Bax	utf8	POK,pPOK,UTF8|P:Bax
sAz	POK,pPOK|P:Baxx	add	POK,pIOK,pNOK,pPOK|P:Baxx
sAz	POK,pPOK|P:Baxx	bors	POK,pPOK|P:Baxx
sAz	POK,pPOK|P:Baxx	cat0	POK,pPOK|P:Baxx
sAz	POK,pPOK|P:Baxx	catx	POK,pPOK|P:Baxxx
sAz	POK,pPOK|P:Baxx	copy	POK,pPOK|P:Baxx
sAz	POK,pPOK|P:Baxx	dec	NOK,pNOK|N:-1
sAz	POK,pPOK|P:Baxx	fbors	POK,pPOK|P:Baxx
sAz	POK,pPOK|P:Baxx	inc	POK,pPOK|P:Baxy
sAz	POK,pPOK|P:Baxx	iv	POK,pIOK,pNOK,pPOK|P:Baxx
sAz	POK,pPOK|P:Baxx	nv	POK,pNOK,pPOK|P:Baxx
sAz	POK,pPOK|P:Baxx	rng	POK,pPOK|P:Baxx
sAz	POK,pPOK|P:Baxx	str	POK,pPOK|P:Baxx
sAz	POK,pPOK|P:Baxx	utf8	POK,pPOK,UTF8|P:Baxx
sAz	POK,pPOK|P:Bay	add	POK,pIOK,pNOK,pPOK|P:Bay
sAz	POK,pPOK|P:Bay	bors	POK,pPOK|P:Bay
sAz	POK,pPOK|P:Bay	cat0	POK,pPOK|P:Bay
sAz	POK,pPOK|P:Bay	catx	POK,pPOK|P:Bayx
sAz	POK,pPOK|P:Bay	copy	POK,pPOK|P:Bay
sAz	POK,pPOK|P:Bay	dec	NOK,pNOK|N:-1
sAz	POK,pPOK|P:Bay	fbors	POK,pPOK|P:Bay
sAz	POK,pPOK|P:Bay	inc	POK,pPOK|P:Baz
sAz	POK,pPOK|P:Bay	iv	POK,pIOK,pNOK,pPOK|P:Bay
sAz	POK,pPOK|P:Bay	nv	POK,pNOK,pPOK|P:Bay
sAz	POK,pPOK|P:Bay	rng	POK,pPOK|P:Bay
sAz	POK,pPOK|P:Bay	str	POK,pPOK|P:Bay
sAz	POK,pPOK|P:Bay	utf8	POK,pPOK,UTF8|P:Bay
sAz	POK,pPOK|P:Bb	add	POK,pIOK,pNOK,pPOK|P:Bb
sAz	POK,pPOK|P:Bb	bors	POK,pPOK|P:Bb
sAz	POK,pPOK|P:Bb	cat0	POK,pPOK|P:Bb
sAz	POK,pPOK|P:Bb	catx	POK,pPOK|P:Bbx
sAz	POK,pPOK|P:Bb	copy	POK,pPOK|P:Bb
sAz	POK,pPOK|P:Bb	dec	NOK,pNOK|N:-1
sAz	POK,pPOK|P:Bb	fbors	POK,pPOK|P:Bb
sAz	POK,pPOK|P:Bb	inc	POK,pPOK|P:Bc
sAz	POK,pPOK|P:Bb	iv	POK,pIOK,pNOK,pPOK|P:Bb
sAz	POK,pPOK|P:Bb	nv	POK,pNOK,pPOK|P:Bb
sAz	POK,pPOK|P:Bb	rng	POK,pPOK|P:Bb
sAz	POK,pPOK|P:Bb	str	POK,pPOK|P:Bb
sAz	POK,pPOK|P:Bb	utf8	POK,pPOK,UTF8|P:Bb
sAz	POK,pPOK|P:Bbx	add	POK,pIOK,pNOK,pPOK|P:Bbx
sAz	POK,pPOK|P:Bbx	bors	POK,pPOK|P:Bbx
sAz	POK,pPOK|P:Bbx	cat0	POK,pPOK|P:Bbx
sAz	POK,pPOK|P:Bbx	catx	POK,pPOK|P:Bbxx
sAz	POK,pPOK|P:Bbx	copy	POK,pPOK|P:Bbx
sAz	POK,pPOK|P:Bbx	dec	NOK,pNOK|N:-1
sAz	POK,pPOK|P:Bbx	fbors	POK,pPOK|P:Bbx
sAz	POK,pPOK|P:Bbx	inc	POK,pPOK|P:Bby
sAz	POK,pPOK|P:Bbx	iv	POK,pIOK,pNOK,pPOK|P:Bbx
sAz	POK,pPOK|P:Bbx	nv	POK,pNOK,pPOK|P:Bbx
sAz	POK,pPOK|P:Bbx	rng	POK,pPOK|P:Bbx
sAz	POK,pPOK|P:Bbx	str	POK,pPOK|P:Bbx
sAz	POK,pPOK|P:Bbx	utf8	POK,pPOK,UTF8|P:Bbx
sAz	POK,pPOK|P:Bc	add	POK,pIOK,pNOK,pPOK|P:Bc
sAz	POK,pPOK|P:Bc	bors	POK,pPOK|P:Bc
sAz	POK,pPOK|P:Bc	cat0	POK,pPOK|P:Bc
sAz	POK,pPOK|P:Bc	catx	POK,pPOK|P:Bcx
sAz	POK,pPOK|P:Bc	copy	POK,pPOK|P:Bc
sAz	POK,pPOK|P:Bc	dec	NOK,pNOK|N:-1
sAz	POK,pPOK|P:Bc	fbors	POK,pPOK|P:Bc
sAz	POK,pPOK|P:Bc	inc	POK,pPOK|P:Bd
sAz	POK,pPOK|P:Bc	iv	POK,pIOK,pNOK,pPOK|P:Bc
sAz	POK,pPOK|P:Bc	nv	POK,pNOK,pPOK|P:Bc
sAz	POK,pPOK|P:Bc	rng	POK,pPOK|P:Bc
sAz	POK,pPOK|P:Bc	str	POK,pPOK|P:Bc
sAz	POK,pPOK|P:Bc	utf8	POK,pPOK,UTF8|P:Bc
sEmpty	IOK,NOK,POK,pIOK,pNOK,pPOK,UTF8|P:-1	add	IOK,NOK,POK,pIOK,pNOK,pPOK,UTF8|P:-1
sEmpty	IOK,NOK,POK,pIOK,pNOK,pPOK,UTF8|P:-1	bors	IOK,NOK,POK,pIOK,pNOK,pPOK,UTF8|P:-1
sEmpty	IOK,NOK,POK,pIOK,pNOK,pPOK,UTF8|P:-1	cat0	POK,pPOK,UTF8|P:-1
sEmpty	IOK,NOK,POK,pIOK,pNOK,pPOK,UTF8|P:-1	catx	POK,pPOK,UTF8|P:-1x
sEmpty	IOK,NOK,POK,pIOK,pNOK,pPOK,UTF8|P:-1	copy	IOK,NOK,POK,pIOK,pNOK,pPOK,UTF8|P:-1
sEmpty	IOK,NOK,POK,pIOK,pNOK,pPOK,UTF8|P:-1	dec	IOK,pIOK|N:-2
sEmpty	IOK,NOK,POK,pIOK,pNOK,pPOK,UTF8|P:-1	fbors	IOK,NOK,POK,pIOK,pNOK,pPOK,UTF8|P:-1
sEmpty	IOK,NOK,POK,pIOK,pNOK,pPOK,UTF8|P:-1	inc	IOK,pIOK|N:0
sEmpty	IOK,NOK,POK,pIOK,pNOK,pPOK,UTF8|P:-1	iv	IOK,NOK,POK,pIOK,pNOK,pPOK,UTF8|P:-1
sEmpty	IOK,NOK,POK,pIOK,pNOK,pPOK,UTF8|P:-1	nv	IOK,NOK,POK,pIOK,pNOK,pPOK,UTF8|P:-1
sEmpty	IOK,NOK,POK,pIOK,pNOK,pPOK,UTF8|P:-1	rng	IOK,NOK,POK,pIOK,pNOK,pPOK,UTF8|P:-1
sEmpty	IOK,NOK,POK,pIOK,pNOK,pPOK,UTF8|P:-1	str	IOK,NOK,POK,pIOK,pNOK,pPOK,UTF8|P:-1
sEmpty	IOK,NOK,POK,pIOK,pNOK,pPOK,UTF8|P:-1	utf8	IOK,NOK,POK,pIOK,pNOK,pPOK,UTF8|P:-1
sEmpty	IOK,NOK,POK,pIOK,pNOK,pPOK,UTF8|P:1	add	IOK,NOK,POK,pIOK,pNOK,pPOK,UTF8|P:1
sEmpty	IOK,NOK,POK,pIOK,pNOK,pPOK,UTF8|P:1	bors	IOK,NOK,POK,pIOK,pNOK,pPOK,UTF8|P:1
sEmpty	IOK,NOK,POK,pIOK,pNOK,pPOK,UTF8|P:1	cat0	POK,pPOK,UTF8|P:1
sEmpty	IOK,NOK,POK,pIOK,pNOK,pPOK,UTF8|P:1	catx	POK,pPOK,UTF8|P:1x
sEmpty	IOK,NOK,POK,pIOK,pNOK,pPOK,UTF8|P:1	copy	IOK,NOK,POK,pIOK,pNOK,pPOK,UTF8|P:1
sEmpty	IOK,NOK,POK,pIOK,pNOK,pPOK,UTF8|P:1	dec	IOK,pIOK|N:0
sEmpty	IOK,NOK,POK,pIOK,pNOK,pPOK,UTF8|P:1	fbors	IOK,NOK,POK,pIOK,pNOK,pPOK,UTF8|P:1
sEmpty	IOK,NOK,POK,pIOK,pNOK,pPOK,UTF8|P:1	inc	IOK,pIOK|N:2
sEmpty	IOK,NOK,POK,pIOK,pNOK,pPOK,UTF8|P:1	iv	IOK,NOK,POK,pIOK,pNOK,pPOK,UTF8|P:1
sEmpty	IOK,NOK,POK,pIOK,pNOK,pPOK,UTF8|P:1	nv	IOK,NOK,POK,pIOK,pNOK,pPOK,UTF8|P:1
sEmpty	IOK,NOK,POK,pIOK,pNOK,pPOK,UTF8|P:1	rng	IOK,NOK,POK,pIOK,pNOK,pPOK,UTF8|P:1
sEmpty	IOK,NOK,POK,pIOK,pNOK,pPOK,UTF8|P:1	str	IOK,NOK,POK,pIOK,pNOK,pPOK,UTF8|P:1
sEmpty	IOK,NOK,POK,pIOK,pNOK,pPOK,UTF8|P:1	utf8	IOK,NOK,POK,pIOK,pNOK,pPOK,UTF8|P:1
sEmpty	IOK,NOK,POK,pIOK,pNOK,pPOK|P:-1	add	IOK,NOK,POK,pIOK,pNOK,pPOK|P:-1
sEmpty	IOK,NOK,POK,pIOK,pNOK,pPOK|P:-1	bors	IOK,NOK,POK,pIOK,pNOK,pPOK|P:-1
sEmpty	IOK,NOK,POK,pIOK,pNOK,pPOK|P:-1	cat0	POK,pPOK|P:-1
sEmpty	IOK,NOK,POK,pIOK,pNOK,pPOK|P:-1	catx	POK,pPOK|P:-1x
sEmpty	IOK,NOK,POK,pIOK,pNOK,pPOK|P:-1	copy	IOK,NOK,POK,pIOK,pNOK,pPOK|P:-1
sEmpty	IOK,NOK,POK,pIOK,pNOK,pPOK|P:-1	dec	IOK,pIOK|N:-2
sEmpty	IOK,NOK,POK,pIOK,pNOK,pPOK|P:-1	fbors	IOK,NOK,POK,pIOK,pNOK,pPOK|P:-1
sEmpty	IOK,NOK,POK,pIOK,pNOK,pPOK|P:-1	inc	IOK,pIOK|N:0
sEmpty	IOK,NOK,POK,pIOK,pNOK,pPOK|P:-1	iv	IOK,NOK,POK,pIOK,pNOK,pPOK|P:-1
sEmpty	IOK,NOK,POK,pIOK,pNOK,pPOK|P:-1	nv	IOK,NOK,POK,pIOK,pNOK,pPOK|P:-1
sEmpty	IOK,NOK,POK,pIOK,pNOK,pPOK|P:-1	rng	IOK,NOK,POK,pIOK,pNOK,pPOK|P:-1
sEmpty	IOK,NOK,POK,pIOK,pNOK,pPOK|P:-1	str	IOK,NOK,POK,pIOK,pNOK,pPOK|P:-1
sEmpty	IOK,NOK,POK,pIOK,pNOK,pPOK|P:-1	utf8	IOK,NOK,POK,pIOK,pNOK,pPOK,UTF8|P:-1
sEmpty	IOK,NOK,POK,pIOK,pNOK,pPOK|P:1	add	IOK,NOK,POK,pIOK,pNOK,pPOK|P:1
sEmpty	IOK,NOK,POK,pIOK,pNOK,pPOK|P:1	bors	IOK,NOK,POK,pIOK,pNOK,pPOK|P:1
sEmpty	IOK,NOK,POK,pIOK,pNOK,pPOK|P:1	cat0	POK,pPOK|P:1
sEmpty	IOK,NOK,POK,pIOK,pNOK,pPOK|P:1	catx	POK,pPOK|P:1x
sEmpty	IOK,NOK,POK,pIOK,pNOK,pPOK|P:1	copy	IOK,NOK,POK,pIOK,pNOK,pPOK|P:1
sEmpty	IOK,NOK,POK,pIOK,pNOK,pPOK|P:1	dec	IOK,pIOK|N:0
sEmpty	IOK,NOK,POK,pIOK,pNOK,pPOK|P:1	fbors	IOK,NOK,POK,pIOK,pNOK,pPOK|P:1
sEmpty	IOK,NOK,POK,pIOK,pNOK,pPOK|P:1	inc	IOK,pIOK|N:2
sEmpty	IOK,NOK,POK,pIOK,pNOK,pPOK|P:1	iv	IOK,NOK,POK,pIOK,pNOK,pPOK|P:1
sEmpty	IOK,NOK,POK,pIOK,pNOK,pPOK|P:1	nv	IOK,NOK,POK,pIOK,pNOK,pPOK|P:1
sEmpty	IOK,NOK,POK,pIOK,pNOK,pPOK|P:1	rng	IOK,NOK,POK,pIOK,pNOK,pPOK|P:1
sEmpty	IOK,NOK,POK,pIOK,pNOK,pPOK|P:1	str	IOK,NOK,POK,pIOK,pNOK,pPOK|P:1
sEmpty	IOK,NOK,POK,pIOK,pNOK,pPOK|P:1	utf8	IOK,NOK,POK,pIOK,pNOK,pPOK,UTF8|P:1
sEmpty	IOK,NOK,pIOK,pNOK,pPOK|N:-1	add	IOK,NOK,pIOK,pNOK,pPOK|N:-1
sEmpty	IOK,NOK,pIOK,pNOK,pPOK|N:-1	bors	IOK,NOK,pIOK,pNOK,pPOK|N:-1
sEmpty	IOK,NOK,pIOK,pNOK,pPOK|N:-1	cat0	POK,pPOK|P:-1
sEmpty	IOK,NOK,pIOK,pNOK,pPOK|N:-1	catx	POK,pPOK|P:-1x
sEmpty	IOK,NOK,pIOK,pNOK,pPOK|N:-1	copy	IOK,NOK,pIOK,pNOK,pPOK|N:-1
sEmpty	IOK,NOK,pIOK,pNOK,pPOK|N:-1	dec	IOK,pIOK|N:-2
sEmpty	IOK,NOK,pIOK,pNOK,pPOK|N:-1	fbors	IOK,NOK,pIOK,pNOK,pPOK|N:-1
sEmpty	IOK,NOK,pIOK,pNOK,pPOK|N:-1	inc	IOK,pIOK|N:0
sEmpty	IOK,NOK,pIOK,pNOK,pPOK|N:-1	iv	IOK,NOK,pIOK,pNOK,pPOK|N:-1
sEmpty	IOK,NOK,pIOK,pNOK,pPOK|N:-1	nv	IOK,NOK,pIOK,pNOK,pPOK|N:-1
sEmpty	IOK,NOK,pIOK,pNOK,pPOK|N:-1	rng	IOK,NOK,pIOK,pNOK,pPOK|N:-1
sEmpty	IOK,NOK,pIOK,pNOK,pPOK|N:-1	str	IOK,NOK,pIOK,pNOK,pPOK|N:-1
sEmpty	IOK,NOK,pIOK,pNOK,pPOK|N:-1	utf8	POK,pPOK,UTF8|P:-1
sEmpty	IOK,NOK,pIOK,pNOK,pPOK|N:1	add	IOK,NOK,pIOK,pNOK,pPOK|N:1
sEmpty	IOK,NOK,pIOK,pNOK,pPOK|N:1	bors	IOK,NOK,pIOK,pNOK,pPOK|N:1
sEmpty	IOK,NOK,pIOK,pNOK,pPOK|N:1	cat0	POK,pPOK|P:1
sEmpty	IOK,NOK,pIOK,pNOK,pPOK|N:1	catx	POK,pPOK|P:1x
sEmpty	IOK,NOK,pIOK,pNOK,pPOK|N:1	copy	IOK,NOK,pIOK,pNOK,pPOK|N:1
sEmpty	IOK,NOK,pIOK,pNOK,pPOK|N:1	dec	IOK,pIOK|N:0
sEmpty	IOK,NOK,pIOK,pNOK,pPOK|N:1	fbors	IOK,NOK,pIOK,pNOK,pPOK|N:1
sEmpty	IOK,NOK,pIOK,pNOK,pPOK|N:1	inc	IOK,pIOK|N:2
sEmpty	IOK,NOK,pIOK,pNOK,pPOK|N:1	iv	IOK,NOK,pIOK,pNOK,pPOK|N:1
sEmpty	IOK,NOK,pIOK,pNOK,pPOK|N:1	nv	IOK,NOK,pIOK,pNOK,pPOK|N:1
sEmpty	IOK,NOK,pIOK,pNOK,pPOK|N:1	rng	IOK,NOK,pIOK,pNOK,pPOK|N:1
sEmpty	IOK,NOK,pIOK,pNOK,pPOK|N:1	str	IOK,NOK,pIOK,pNOK,pPOK|N:1
sEmpty	IOK,NOK,pIOK,pNOK,pPOK|N:1	utf8	POK,pPOK,UTF8|P:1
sEmpty	IOK,NOK,pIOK,pNOK|N:-1	add	IOK,NOK,pIOK,pNOK|N:-1
sEmpty	IOK,NOK,pIOK,pNOK|N:-1	bors	IOK,NOK,pIOK,pNOK|N:-1
sEmpty	IOK,NOK,pIOK,pNOK|N:-1	cat0	POK,pPOK|P:-1
sEmpty	IOK,NOK,pIOK,pNOK|N:-1	catx	POK,pPOK|P:-1x
sEmpty	IOK,NOK,pIOK,pNOK|N:-1	copy	IOK,NOK,pIOK,pNOK|N:-1
sEmpty	IOK,NOK,pIOK,pNOK|N:-1	dec	IOK,pIOK|N:-2
sEmpty	IOK,NOK,pIOK,pNOK|N:-1	fbors	IOK,NOK,pIOK,pNOK,pPOK|N:-1
sEmpty	IOK,NOK,pIOK,pNOK|N:-1	inc	IOK,pIOK|N:0
sEmpty	IOK,NOK,pIOK,pNOK|N:-1	iv	IOK,NOK,pIOK,pNOK|N:-1
sEmpty	IOK,NOK,pIOK,pNOK|N:-1	nv	IOK,NOK,pIOK,pNOK|N:-1
sEmpty	IOK,NOK,pIOK,pNOK|N:-1	rng	IOK,NOK,pIOK,pNOK|N:-1
sEmpty	IOK,NOK,pIOK,pNOK|N:-1	str	IOK,NOK,pIOK,pNOK,pPOK|N:-1
sEmpty	IOK,NOK,pIOK,pNOK|N:-1	utf8	POK,pPOK,UTF8|P:-1
sEmpty	IOK,NOK,pIOK,pNOK|N:-2	add	IOK,NOK,pIOK,pNOK|N:-2
sEmpty	IOK,NOK,pIOK,pNOK|N:-2	bors	IOK,NOK,pIOK,pNOK|N:-2
sEmpty	IOK,NOK,pIOK,pNOK|N:-2	cat0	POK,pPOK|P:-2
sEmpty	IOK,NOK,pIOK,pNOK|N:-2	catx	POK,pPOK|P:-2x
sEmpty	IOK,NOK,pIOK,pNOK|N:-2	copy	IOK,NOK,pIOK,pNOK|N:-2
sEmpty	IOK,NOK,pIOK,pNOK|N:-2	dec	IOK,pIOK|N:-3
sEmpty	IOK,NOK,pIOK,pNOK|N:-2	fbors	IOK,NOK,pIOK,pNOK,pPOK|N:-2
sEmpty	IOK,NOK,pIOK,pNOK|N:-2	inc	IOK,pIOK|N:-1
sEmpty	IOK,NOK,pIOK,pNOK|N:-2	iv	IOK,NOK,pIOK,pNOK|N:-2
sEmpty	IOK,NOK,pIOK,pNOK|N:-2	nv	IOK,NOK,pIOK,pNOK|N:-2
sEmpty	IOK,NOK,pIOK,pNOK|N:-2	rng	IOK,NOK,pIOK,pNOK|N:-2
sEmpty	IOK,NOK,pIOK,pNOK|N:-2	str	IOK,NOK,pIOK,pNOK,pPOK|N:-2
sEmpty	IOK,NOK,pIOK,pNOK|N:-2	utf8	POK,pPOK,UTF8|P:-2
sEmpty	IOK,NOK,pIOK,pNOK|N:0	add	IOK,NOK,pIOK,pNOK|N:0
sEmpty	IOK,NOK,pIOK,pNOK|N:0	bors	IOK,NOK,pIOK,pNOK|N:0
sEmpty	IOK,NOK,pIOK,pNOK|N:0	cat0	POK,pPOK|P:0
sEmpty	IOK,NOK,pIOK,pNOK|N:0	catx	POK,pPOK|P:0x
sEmpty	IOK,NOK,pIOK,pNOK|N:0	copy	IOK,NOK,pIOK,pNOK|N:0
sEmpty	IOK,NOK,pIOK,pNOK|N:0	dec	IOK,pIOK|N:-1
sEmpty	IOK,NOK,pIOK,pNOK|N:0	fbors	IOK,NOK,pIOK,pNOK,pPOK|N:0
sEmpty	IOK,NOK,pIOK,pNOK|N:0	inc	IOK,pIOK|N:1
sEmpty	IOK,NOK,pIOK,pNOK|N:0	iv	IOK,NOK,pIOK,pNOK|N:0
sEmpty	IOK,NOK,pIOK,pNOK|N:0	nv	IOK,NOK,pIOK,pNOK|N:0
sEmpty	IOK,NOK,pIOK,pNOK|N:0	rng	IOK,NOK,pIOK,pNOK|N:0
sEmpty	IOK,NOK,pIOK,pNOK|N:0	str	IOK,NOK,pIOK,pNOK,pPOK|N:0
sEmpty	IOK,NOK,pIOK,pNOK|N:0	utf8	POK,pPOK,UTF8|P:0
sEmpty	IOK,NOK,pIOK,pNOK|N:1	add	IOK,NOK,pIOK,pNOK|N:1
sEmpty	IOK,NOK,pIOK,pNOK|N:1	bors	IOK,NOK,pIOK,pNOK|N:1
sEmpty	IOK,NOK,pIOK,pNOK|N:1	cat0	POK,pPOK|P:1
sEmpty	IOK,NOK,pIOK,pNOK|N:1	catx	POK,pPOK|P:1x
sEmpty	IOK,NOK,pIOK,pNOK|N:1	copy	IOK,NOK,pIOK,pNOK|N:1
sEmpty	IOK,NOK,pIOK,pNOK|N:1	dec	IOK,pIOK|N:0
sEmpty	IOK,NOK,pIOK,pNOK|N:1	fbors	IOK,NOK,pIOK,pNOK,pPOK|N:1
sEmpty	IOK,NOK,pIOK,pNOK|N:1	inc	IOK,pIOK|N:2
sEmpty	IOK,NOK,pIOK,pNOK|N:1	iv	IOK,NOK,pIOK,pNOK|N:1
sEmpty	IOK,NOK,pIOK,pNOK|N:1	nv	IOK,NOK,pIOK,pNOK|N:1
sEmpty	IOK,NOK,pIOK,pNOK|N:1	rng	IOK,NOK,pIOK,pNOK|N:1
sEmpty	IOK,NOK,pIOK,pNOK|N:1	str	IOK,NOK,pIOK,pNOK,pPOK|N:1
sEmpty	IOK,NOK,pIOK,pNOK|N:1	utf8	POK,pPOK,UTF8|P:1
sEmpty	IOK,NOK,pIOK,pNOK|N:2	add	IOK,NOK,pIOK,pNOK|N:2
sEmpty	IOK,NOK,pIOK,pNOK|N:2	bors	IOK,NOK,pIOK,pNOK|N:2
sEmpty	IOK,NOK,pIOK,pNOK|N:2	cat0	POK,pPOK|P:2
sEmpty	IOK,NOK,pIOK,pNOK|N:2	catx	POK,pPOK|P:2x
sEmpty	IOK,NOK,pIOK,pNOK|N:2	copy	IOK,NOK,pIOK,pNOK|N:2
sEmpty	IOK,NOK,pIOK,pNOK|N:2	dec	IOK,pIOK|N:1
sEmpty	IOK,NOK,pIOK,pNOK|N:2	fbors	IOK,NOK,pIOK,pNOK,pPOK|N:2
sEmpty	IOK,NOK,pIOK,pNOK|N:2	inc	IOK,pIOK|N:3
sEmpty	IOK,NOK,pIOK,pNOK|N:2	iv	IOK,NOK,pIOK,pNOK|N:2
sEmpty	IOK,NOK,pIOK,pNOK|N:2	nv	IOK,NOK,pIOK,pNOK|N:2
sEmpty	IOK,NOK,pIOK,pNOK|N:2	rng	IOK,NOK,pIOK,pNOK|N:2
sEmpty	IOK,NOK,pIOK,pNOK|N:2	str	IOK,NOK,pIOK,pNOK,pPOK|N:2
sEmpty	IOK,NOK,pIOK,pNOK|N:2	utf8	POK,pPOK,UTF8|P:2
sEmpty	IOK,POK,pIOK,pPOK,UTF8|P:-1	add	IOK,POK,pIOK,pPOK,UTF8|P:-1
sEmpty	IOK,POK,pIOK,pPOK,UTF8|P:-1	bors	IOK,POK,pIOK,pPOK,UTF8|P:-1
sEmpty	IOK,POK,pIOK,pPOK,UTF8|P:-1	cat0	POK,pPOK,UTF8|P:-1
sEmpty	IOK,POK,pIOK,pPOK,UTF8|P:-1	catx	POK,pPOK,UTF8|P:-1x
sEmpty	IOK,POK,pIOK,pPOK,UTF8|P:-1	copy	IOK,POK,pIOK,pPOK,UTF8|P:-1
sEmpty	IOK,POK,pIOK,pPOK,UTF8|P:-1	dec	IOK,pIOK|N:-2
sEmpty	IOK,POK,pIOK,pPOK,UTF8|P:-1	fbors	IOK,POK,pIOK,pPOK,UTF8|P:-1
sEmpty	IOK,POK,pIOK,pPOK,UTF8|P:-1	inc	IOK,pIOK|N:0
sEmpty	IOK,POK,pIOK,pPOK,UTF8|P:-1	iv	IOK,POK,pIOK,pPOK,UTF8|P:-1
sEmpty	IOK,POK,pIOK,pPOK,UTF8|P:-1	nv	IOK,NOK,POK,pIOK,pNOK,pPOK,UTF8|P:-1
sEmpty	IOK,POK,pIOK,pPOK,UTF8|P:-1	rng	IOK,POK,pIOK,pPOK,UTF8|P:-1
sEmpty	IOK,POK,pIOK,pPOK,UTF8|P:-1	str	IOK,POK,pIOK,pPOK,UTF8|P:-1
sEmpty	IOK,POK,pIOK,pPOK,UTF8|P:-1	utf8	IOK,POK,pIOK,pPOK,UTF8|P:-1
sEmpty	IOK,POK,pIOK,pPOK,UTF8|P:1	add	IOK,POK,pIOK,pPOK,UTF8|P:1
sEmpty	IOK,POK,pIOK,pPOK,UTF8|P:1	bors	IOK,POK,pIOK,pPOK,UTF8|P:1
sEmpty	IOK,POK,pIOK,pPOK,UTF8|P:1	cat0	POK,pPOK,UTF8|P:1
sEmpty	IOK,POK,pIOK,pPOK,UTF8|P:1	catx	POK,pPOK,UTF8|P:1x
sEmpty	IOK,POK,pIOK,pPOK,UTF8|P:1	copy	IOK,POK,pIOK,pPOK,UTF8|P:1
sEmpty	IOK,POK,pIOK,pPOK,UTF8|P:1	dec	IOK,pIOK|N:0
sEmpty	IOK,POK,pIOK,pPOK,UTF8|P:1	fbors	IOK,POK,pIOK,pPOK,UTF8|P:1
sEmpty	IOK,POK,pIOK,pPOK,UTF8|P:1	inc	IOK,pIOK|N:2
sEmpty	IOK,POK,pIOK,pPOK,UTF8|P:1	iv	IOK,POK,pIOK,pPOK,UTF8|P:1
sEmpty	IOK,POK,pIOK,pPOK,UTF8|P:1	nv	IOK,NOK,POK,pIOK,pNOK,pPOK,UTF8|P:1
sEmpty	IOK,POK,pIOK,pPOK,UTF8|P:1	rng	IOK,POK,pIOK,pPOK,UTF8|P:1
sEmpty	IOK,POK,pIOK,pPOK,UTF8|P:1	str	IOK,POK,pIOK,pPOK,UTF8|P:1
sEmpty	IOK,POK,pIOK,pPOK,UTF8|P:1	utf8	IOK,POK,pIOK,pPOK,UTF8|P:1
sEmpty	IOK,POK,pIOK,pPOK|P:-1	add	IOK,POK,pIOK,pPOK|P:-1
sEmpty	IOK,POK,pIOK,pPOK|P:-1	bors	IOK,POK,pIOK,pPOK|P:-1
sEmpty	IOK,POK,pIOK,pPOK|P:-1	cat0	POK,pPOK|P:-1
sEmpty	IOK,POK,pIOK,pPOK|P:-1	catx	POK,pPOK|P:-1x
sEmpty	IOK,POK,pIOK,pPOK|P:-1	copy	IOK,POK,pIOK,pPOK|P:-1
sEmpty	IOK,POK,pIOK,pPOK|P:-1	dec	IOK,pIOK|N:-2
sEmpty	IOK,POK,pIOK,pPOK|P:-1	fbors	IOK,POK,pIOK,pPOK|P:-1
sEmpty	IOK,POK,pIOK,pPOK|P:-1	inc	IOK,pIOK|N:0
sEmpty	IOK,POK,pIOK,pPOK|P:-1	iv	IOK,POK,pIOK,pPOK|P:-1
sEmpty	IOK,POK,pIOK,pPOK|P:-1	nv	IOK,NOK,POK,pIOK,pNOK,pPOK|P:-1
sEmpty	IOK,POK,pIOK,pPOK|P:-1	rng	IOK,POK,pIOK,pPOK|P:-1
sEmpty	IOK,POK,pIOK,pPOK|P:-1	str	IOK,POK,pIOK,pPOK|P:-1
sEmpty	IOK,POK,pIOK,pPOK|P:-1	utf8	IOK,POK,pIOK,pPOK,UTF8|P:-1
sEmpty	IOK,POK,pIOK,pPOK|P:1	add	IOK,POK,pIOK,pPOK|P:1
sEmpty	IOK,POK,pIOK,pPOK|P:1	bors	IOK,POK,pIOK,pPOK|P:1
sEmpty	IOK,POK,pIOK,pPOK|P:1	cat0	POK,pPOK|P:1
sEmpty	IOK,POK,pIOK,pPOK|P:1	catx	POK,pPOK|P:1x
sEmpty	IOK,POK,pIOK,pPOK|P:1	copy	IOK,POK,pIOK,pPOK|P:1
sEmpty	IOK,POK,pIOK,pPOK|P:1	dec	IOK,pIOK|N:0
sEmpty	IOK,POK,pIOK,pPOK|P:1	fbors	IOK,POK,pIOK,pPOK|P:1
sEmpty	IOK,POK,pIOK,pPOK|P:1	inc	IOK,pIOK|N:2
sEmpty	IOK,POK,pIOK,pPOK|P:1	iv	IOK,POK,pIOK,pPOK|P:1
sEmpty	IOK,POK,pIOK,pPOK|P:1	nv	IOK,NOK,POK,pIOK,pNOK,pPOK|P:1
sEmpty	IOK,POK,pIOK,pPOK|P:1	rng	IOK,POK,pIOK,pPOK|P:1
sEmpty	IOK,POK,pIOK,pPOK|P:1	str	IOK,POK,pIOK,pPOK|P:1
sEmpty	IOK,POK,pIOK,pPOK|P:1	utf8	IOK,POK,pIOK,pPOK,UTF8|P:1
sEmpty	IOK,pIOK,pPOK|N:0	add	IOK,pIOK,pPOK|N:0
sEmpty	IOK,pIOK,pPOK|N:0	bors	IOK,pIOK,pPOK|N:0
sEmpty	IOK,pIOK,pPOK|N:0	cat0	POK,pPOK|P:0
sEmpty	IOK,pIOK,pPOK|N:0	catx	POK,pPOK|P:0x
sEmpty	IOK,pIOK,pPOK|N:0	copy	IOK,pIOK,pPOK|N:0
sEmpty	IOK,pIOK,pPOK|N:0	dec	IOK,pIOK|N:-1
sEmpty	IOK,pIOK,pPOK|N:0	fbors	IOK,pIOK,pPOK|N:0
sEmpty	IOK,pIOK,pPOK|N:0	inc	IOK,pIOK|N:1
sEmpty	IOK,pIOK,pPOK|N:0	iv	IOK,pIOK,pPOK|N:0
sEmpty	IOK,pIOK,pPOK|N:0	nv	IOK,NOK,pIOK,pNOK,pPOK|N:0
sEmpty	IOK,pIOK,pPOK|N:0	rng	IOK,pIOK,pPOK|N:0
sEmpty	IOK,pIOK,pPOK|N:0	str	IOK,pIOK,pPOK|N:0
sEmpty	IOK,pIOK,pPOK|N:0	utf8	POK,pPOK,UTF8|P:0
sEmpty	IOK,pIOK,pPOK|N:1	add	IOK,pIOK,pPOK|N:1
sEmpty	IOK,pIOK,pPOK|N:1	bors	IOK,pIOK,pPOK|N:1
sEmpty	IOK,pIOK,pPOK|N:1	cat0	POK,pPOK|P:1
sEmpty	IOK,pIOK,pPOK|N:1	catx	POK,pPOK|P:1x
sEmpty	IOK,pIOK,pPOK|N:1	copy	IOK,pIOK,pPOK|N:1
sEmpty	IOK,pIOK,pPOK|N:1	dec	IOK,pIOK|N:0
sEmpty	IOK,pIOK,pPOK|N:1	fbors	IOK,pIOK,pPOK|N:1
sEmpty	IOK,pIOK,pPOK|N:1	inc	IOK,pIOK|N:2
sEmpty	IOK,pIOK,pPOK|N:1	iv	IOK,pIOK,pPOK|N:1
sEmpty	IOK,pIOK,pPOK|N:1	nv	IOK,NOK,pIOK,pNOK,pPOK|N:1
sEmpty	IOK,pIOK,pPOK|N:1	rng	IOK,pIOK,pPOK|N:1
sEmpty	IOK,pIOK,pPOK|N:1	str	IOK,pIOK,pPOK|N:1
sEmpty	IOK,pIOK,pPOK|N:1	utf8	POK,pPOK,UTF8|P:1
sEmpty	IOK,pIOK,pPOK|N:2	add	IOK,pIOK,pPOK|N:2
sEmpty	IOK,pIOK,pPOK|N:2	bors	IOK,pIOK,pPOK|N:2
sEmpty	IOK,pIOK,pPOK|N:2	cat0	POK,pPOK|P:2
sEmpty	IOK,pIOK,pPOK|N:2	catx	POK,pPOK|P:2x
sEmpty	IOK,pIOK,pPOK|N:2	copy	IOK,pIOK,pPOK|N:2
sEmpty	IOK,pIOK,pPOK|N:2	dec	IOK,pIOK|N:1
sEmpty	IOK,pIOK,pPOK|N:2	fbors	IOK,pIOK,pPOK|N:2
sEmpty	IOK,pIOK,pPOK|N:2	inc	IOK,pIOK|N:3
sEmpty	IOK,pIOK,pPOK|N:2	iv	IOK,pIOK,pPOK|N:2
sEmpty	IOK,pIOK,pPOK|N:2	nv	IOK,NOK,pIOK,pNOK,pPOK|N:2
sEmpty	IOK,pIOK,pPOK|N:2	rng	IOK,pIOK,pPOK|N:2
sEmpty	IOK,pIOK,pPOK|N:2	str	IOK,pIOK,pPOK|N:2
sEmpty	IOK,pIOK,pPOK|N:2	utf8	POK,pPOK,UTF8|P:2
sEmpty	IOK,pIOK|N:-1	add	IOK,pIOK|N:-1
sEmpty	IOK,pIOK|N:-1	bors	IOK,pIOK|N:-1
sEmpty	IOK,pIOK|N:-1	cat0	POK,pPOK|P:-1
sEmpty	IOK,pIOK|N:-1	catx	POK,pPOK|P:-1x
sEmpty	IOK,pIOK|N:-1	copy	IOK,pIOK|N:-1
sEmpty	IOK,pIOK|N:-1	dec	IOK,pIOK|N:-2
sEmpty	IOK,pIOK|N:-1	fbors	IOK,pIOK,pPOK|N:-1
sEmpty	IOK,pIOK|N:-1	inc	IOK,pIOK|N:0
sEmpty	IOK,pIOK|N:-1	iv	IOK,pIOK|N:-1
sEmpty	IOK,pIOK|N:-1	nv	IOK,NOK,pIOK,pNOK|N:-1
sEmpty	IOK,pIOK|N:-1	rng	IOK,pIOK|N:-1
sEmpty	IOK,pIOK|N:-1	str	IOK,pIOK,pPOK|N:-1
sEmpty	IOK,pIOK|N:-1	utf8	POK,pPOK,UTF8|P:-1
sEmpty	IOK,pIOK|N:-2	add	IOK,pIOK|N:-2
sEmpty	IOK,pIOK|N:-2	bors	IOK,pIOK|N:-2
sEmpty	IOK,pIOK|N:-2	cat0	POK,pPOK|P:-2
sEmpty	IOK,pIOK|N:-2	catx	POK,pPOK|P:-2x
sEmpty	IOK,pIOK|N:-2	copy	IOK,pIOK|N:-2
sEmpty	IOK,pIOK|N:-2	dec	IOK,pIOK|N:-3
sEmpty	IOK,pIOK|N:-2	fbors	IOK,pIOK,pPOK|N:-2
sEmpty	IOK,pIOK|N:-2	inc	IOK,pIOK|N:-1
sEmpty	IOK,pIOK|N:-2	iv	IOK,pIOK|N:-2
sEmpty	IOK,pIOK|N:-2	nv	IOK,NOK,pIOK,pNOK|N:-2
sEmpty	IOK,pIOK|N:-2	rng	IOK,pIOK|N:-2
sEmpty	IOK,pIOK|N:-2	str	IOK,pIOK,pPOK|N:-2
sEmpty	IOK,pIOK|N:-2	utf8	POK,pPOK,UTF8|P:-2
sEmpty	IOK,pIOK|N:0	add	IOK,pIOK|N:0
sEmpty	IOK,pIOK|N:0	bors	IOK,pIOK|N:0
sEmpty	IOK,pIOK|N:0	cat0	POK,pPOK|P:0
sEmpty	IOK,pIOK|N:0	catx	POK,pPOK|P:0x
sEmpty	IOK,pIOK|N:0	copy	IOK,pIOK|N:0
sEmpty	IOK,pIOK|N:0	dec	IOK,pIOK|N:-1
sEmpty	IOK,pIOK|N:0	fbors	IOK,pIOK,pPOK|N:0
sEmpty	IOK,pIOK|N:0	inc	IOK,pIOK|N:1
sEmpty	IOK,pIOK|N:0	iv	IOK,pIOK|N:0
sEmpty	IOK,pIOK|N:0	nv	IOK,NOK,pIOK,pNOK|N:0
sEmpty	IOK,pIOK|N:0	rng	IOK,pIOK|N:0
sEmpty	IOK,pIOK|N:0	str	IOK,pIOK,pPOK|N:0
sEmpty	IOK,pIOK|N:0	utf8	POK,pPOK,UTF8|P:0
sEmpty	IOK,pIOK|N:1	add	IOK,pIOK|N:1
sEmpty	IOK,pIOK|N:1	bors	IOK,pIOK|N:1
sEmpty	IOK,pIOK|N:1	cat0	POK,pPOK|P:1
sEmpty	IOK,pIOK|N:1	catx	POK,pPOK|P:1x
sEmpty	IOK,pIOK|N:1	copy	IOK,pIOK|N:1
sEmpty	IOK,pIOK|N:1	dec	IOK,pIOK|N:0
sEmpty	IOK,pIOK|N:1	fbors	IOK,pIOK,pPOK|N:1
sEmpty	IOK,pIOK|N:1	inc	IOK,pIOK|N:2
sEmpty	IOK,pIOK|N:1	iv	IOK,pIOK|N:1
sEmpty	IOK,pIOK|N:1	nv	IOK,NOK,pIOK,pNOK|N:1
sEmpty	IOK,pIOK|N:1	rng	IOK,pIOK|N:1
sEmpty	IOK,pIOK|N:1	str	IOK,pIOK,pPOK|N:1
sEmpty	IOK,pIOK|N:1	utf8	POK,pPOK,UTF8|P:1
sEmpty	IOK,pIOK|N:2	add	IOK,pIOK|N:2
sEmpty	IOK,pIOK|N:2	bors	IOK,pIOK|N:2
sEmpty	IOK,pIOK|N:2	cat0	POK,pPOK|P:2
sEmpty	IOK,pIOK|N:2	catx	POK,pPOK|P:2x
sEmpty	IOK,pIOK|N:2	copy	IOK,pIOK|N:2
sEmpty	IOK,pIOK|N:2	dec	IOK,pIOK|N:1
sEmpty	IOK,pIOK|N:2	fbors	IOK,pIOK,pPOK|N:2
sEmpty	IOK,pIOK|N:2	inc	IOK,pIOK|N:3
sEmpty	IOK,pIOK|N:2	iv	IOK,pIOK|N:2
sEmpty	IOK,pIOK|N:2	nv	IOK,NOK,pIOK,pNOK|N:2
sEmpty	IOK,pIOK|N:2	rng	IOK,pIOK|N:2
sEmpty	IOK,pIOK|N:2	str	IOK,pIOK,pPOK|N:2
sEmpty	IOK,pIOK|N:2	utf8	POK,pPOK,UTF8|P:2
sEmpty	IOK,pIOK|N:3	add	IOK,pIOK|N:3
sEmpty	IOK,pIOK|N:3	bors	IOK,pIOK|N:3
sEmpty	IOK,pIOK|N:3	cat0	POK,pPOK|P:3
sEmpty	IOK,pIOK|N:3	catx	POK,pPOK|P:3x
sEmpty	IOK,pIOK|N:3	copy	IOK,pIOK|N:3
sEmpty	IOK,pIOK|N:3	dec	IOK,pIOK|N:2
sEmpty	IOK,pIOK|N:3	fbors	IOK,pIOK,pPOK|N:3
sEmpty	IOK,pIOK|N:3	inc	IOK,pIOK|N:4
sEmpty	IOK,pIOK|N:3	iv	IOK,pIOK|N:3
sEmpty	IOK,pIOK|N:3	nv	IOK,NOK,pIOK,pNOK|N:3
sEmpty	IOK,pIOK|N:3	rng	IOK,pIOK|N:3
sEmpty	IOK,pIOK|N:3	str	IOK,pIOK,pPOK|N:3
sEmpty	IOK,pIOK|N:3	utf8	POK,pPOK,UTF8|P:3
sEmpty	NOK,POK,pNOK,pPOK,UTF8|P:-1	add	IOK,NOK,POK,pIOK,pNOK,pPOK,UTF8|P:-1
sEmpty	NOK,POK,pNOK,pPOK,UTF8|P:-1	bors	IOK,NOK,POK,pIOK,pNOK,pPOK,UTF8|P:-1
sEmpty	NOK,POK,pNOK,pPOK,UTF8|P:-1	cat0	POK,pPOK,UTF8|P:-1
sEmpty	NOK,POK,pNOK,pPOK,UTF8|P:-1	catx	POK,pPOK,UTF8|P:-1x
sEmpty	NOK,POK,pNOK,pPOK,UTF8|P:-1	copy	NOK,POK,pNOK,pPOK,UTF8|P:-1
sEmpty	NOK,POK,pNOK,pPOK,UTF8|P:-1	dec	NOK,pNOK|N:-2
sEmpty	NOK,POK,pNOK,pPOK,UTF8|P:-1	fbors	NOK,POK,pNOK,pPOK,UTF8|P:-1
sEmpty	NOK,POK,pNOK,pPOK,UTF8|P:-1	inc	IOK,pIOK|N:0
sEmpty	NOK,POK,pNOK,pPOK,UTF8|P:-1	iv	IOK,NOK,POK,pIOK,pNOK,pPOK,UTF8|P:-1
sEmpty	NOK,POK,pNOK,pPOK,UTF8|P:-1	nv	NOK,POK,pNOK,pPOK,UTF8|P:-1
sEmpty	NOK,POK,pNOK,pPOK,UTF8|P:-1	rng	IOK,NOK,POK,pIOK,pNOK,pPOK,UTF8|P:-1
sEmpty	NOK,POK,pNOK,pPOK,UTF8|P:-1	str	NOK,POK,pNOK,pPOK,UTF8|P:-1
sEmpty	NOK,POK,pNOK,pPOK,UTF8|P:-1	utf8	NOK,POK,pNOK,pPOK,UTF8|P:-1
sEmpty	NOK,POK,pNOK,pPOK,UTF8|P:1	add	IOK,NOK,POK,pIOK,pNOK,pPOK,UTF8|P:1
sEmpty	NOK,POK,pNOK,pPOK,UTF8|P:1	bors	IOK,NOK,POK,pIOK,pNOK,pPOK,UTF8|P:1
sEmpty	NOK,POK,pNOK,pPOK,UTF8|P:1	cat0	POK,pPOK,UTF8|P:1
sEmpty	NOK,POK,pNOK,pPOK,UTF8|P:1	catx	POK,pPOK,UTF8|P:1x
sEmpty	NOK,POK,pNOK,pPOK,UTF8|P:1	copy	NOK,POK,pNOK,pPOK,UTF8|P:1
sEmpty	NOK,POK,pNOK,pPOK,UTF8|P:1	dec	NOK,pNOK|N:0
sEmpty	NOK,POK,pNOK,pPOK,UTF8|P:1	fbors	NOK,POK,pNOK,pPOK,UTF8|P:1
sEmpty	NOK,POK,pNOK,pPOK,UTF8|P:1	inc	IOK,pIOK|N:2
sEmpty	NOK,POK,pNOK,pPOK,UTF8|P:1	iv	IOK,NOK,POK,pIOK,pNOK,pPOK,UTF8|P:1
sEmpty	NOK,POK,pNOK,pPOK,UTF8|P:1	nv	NOK,POK,pNOK,pPOK,UTF8|P:1
sEmpty	NOK,POK,pNOK,pPOK,UTF8|P:1	rng	IOK,NOK,POK,pIOK,pNOK,pPOK,UTF8|P:1
sEmpty	NOK,POK,pNOK,pPOK,UTF8|P:1	str	NOK,POK,pNOK,pPOK,UTF8|P:1
sEmpty	NOK,POK,pNOK,pPOK,UTF8|P:1	utf8	NOK,POK,pNOK,pPOK,UTF8|P:1
sEmpty	NOK,POK,pNOK,pPOK|P:-1	add	IOK,NOK,POK,pIOK,pNOK,pPOK|P:-1
sEmpty	NOK,POK,pNOK,pPOK|P:-1	bors	IOK,NOK,POK,pIOK,pNOK,pPOK|P:-1
sEmpty	NOK,POK,pNOK,pPOK|P:-1	cat0	POK,pPOK|P:-1
sEmpty	NOK,POK,pNOK,pPOK|P:-1	catx	POK,pPOK|P:-1x
sEmpty	NOK,POK,pNOK,pPOK|P:-1	copy	NOK,POK,pNOK,pPOK|P:-1
sEmpty	NOK,POK,pNOK,pPOK|P:-1	dec	NOK,pNOK|N:-2
sEmpty	NOK,POK,pNOK,pPOK|P:-1	fbors	NOK,POK,pNOK,pPOK|P:-1
sEmpty	NOK,POK,pNOK,pPOK|P:-1	inc	IOK,pIOK|N:0
sEmpty	NOK,POK,pNOK,pPOK|P:-1	iv	IOK,NOK,POK,pIOK,pNOK,pPOK|P:-1
sEmpty	NOK,POK,pNOK,pPOK|P:-1	nv	NOK,POK,pNOK,pPOK|P:-1
sEmpty	NOK,POK,pNOK,pPOK|P:-1	rng	IOK,NOK,POK,pIOK,pNOK,pPOK|P:-1
sEmpty	NOK,POK,pNOK,pPOK|P:-1	str	NOK,POK,pNOK,pPOK|P:-1
sEmpty	NOK,POK,pNOK,pPOK|P:-1	utf8	NOK,POK,pNOK,pPOK,UTF8|P:-1
sEmpty	NOK,POK,pNOK,pPOK|P:1	add	IOK,NOK,POK,pIOK,pNOK,pPOK|P:1
sEmpty	NOK,POK,pNOK,pPOK|P:1	bors	IOK,NOK,POK,pIOK,pNOK,pPOK|P:1
sEmpty	NOK,POK,pNOK,pPOK|P:1	cat0	POK,pPOK|P:1
sEmpty	NOK,POK,pNOK,pPOK|P:1	catx	POK,pPOK|P:1x
sEmpty	NOK,POK,pNOK,pPOK|P:1	copy	NOK,POK,pNOK,pPOK|P:1
sEmpty	NOK,POK,pNOK,pPOK|P:1	dec	NOK,pNOK|N:0
sEmpty	NOK,POK,pNOK,pPOK|P:1	fbors	NOK,POK,pNOK,pPOK|P:1
sEmpty	NOK,POK,pNOK,pPOK|P:1	inc	IOK,pIOK|N:2
sEmpty	NOK,POK,pNOK,pPOK|P:1	iv	IOK,NOK,POK,pIOK,pNOK,pPOK|P:1
sEmpty	NOK,POK,pNOK,pPOK|P:1	nv	NOK,POK,pNOK,pPOK|P:1
sEmpty	NOK,POK,pNOK,pPOK|P:1	rng	IOK,NOK,POK,pIOK,pNOK,pPOK|P:1
sEmpty	NOK,POK,pNOK,pPOK|P:1	str	NOK,POK,pNOK,pPOK|P:1
sEmpty	NOK,POK,pNOK,pPOK|P:1	utf8	NOK,POK,pNOK,pPOK,UTF8|P:1
sEmpty	NOK,pNOK|N:-1	add	IOK,NOK,pIOK,pNOK|N:-1
sEmpty	NOK,pNOK|N:-1	bors	IOK,NOK,pIOK,pNOK|N:-1
sEmpty	NOK,pNOK|N:-1	cat0	POK,pPOK|P:-1
sEmpty	NOK,pNOK|N:-1	catx	POK,pPOK|P:-1x
sEmpty	NOK,pNOK|N:-1	copy	NOK,pNOK|N:-1
sEmpty	NOK,pNOK|N:-1	dec	NOK,pNOK|N:-2
sEmpty	NOK,pNOK|N:-1	fbors	NOK,pNOK|N:-1
sEmpty	NOK,pNOK|N:-1	inc	IOK,pIOK|N:0
sEmpty	NOK,pNOK|N:-1	iv	IOK,NOK,pIOK,pNOK|N:-1
sEmpty	NOK,pNOK|N:-1	nv	NOK,pNOK|N:-1
sEmpty	NOK,pNOK|N:-1	rng	IOK,NOK,pIOK,pNOK|N:-1
sEmpty	NOK,pNOK|N:-1	str	NOK,pNOK|N:-1
sEmpty	NOK,pNOK|N:-1	utf8	POK,pPOK,UTF8|P:-1
sEmpty	NOK,pNOK|N:-2	add	IOK,NOK,pIOK,pNOK|N:-2
sEmpty	NOK,pNOK|N:-2	bors	IOK,NOK,pIOK,pNOK|N:-2
sEmpty	NOK,pNOK|N:-2	cat0	POK,pPOK|P:-2
sEmpty	NOK,pNOK|N:-2	catx	POK,pPOK|P:-2x
sEmpty	NOK,pNOK|N:-2	copy	NOK,pNOK|N:-2
sEmpty	NOK,pNOK|N:-2	dec	NOK,pNOK|N:-3
sEmpty	NOK,pNOK|N:-2	fbors	NOK,pNOK|N:-2
sEmpty	NOK,pNOK|N:-2	inc	IOK,pIOK|N:-1
sEmpty	NOK,pNOK|N:-2	iv	IOK,NOK,pIOK,pNOK|N:-2
sEmpty	NOK,pNOK|N:-2	nv	NOK,pNOK|N:-2
sEmpty	NOK,pNOK|N:-2	rng	IOK,NOK,pIOK,pNOK|N:-2
sEmpty	NOK,pNOK|N:-2	str	NOK,pNOK|N:-2
sEmpty	NOK,pNOK|N:-2	utf8	POK,pPOK,UTF8|P:-2
sEmpty	NOK,pNOK|N:-3	add	IOK,NOK,pIOK,pNOK|N:-3
sEmpty	NOK,pNOK|N:-3	bors	IOK,NOK,pIOK,pNOK|N:-3
sEmpty	NOK,pNOK|N:-3	cat0	POK,pPOK|P:-3
sEmpty	NOK,pNOK|N:-3	catx	POK,pPOK|P:-3x
sEmpty	NOK,pNOK|N:-3	copy	NOK,pNOK|N:-3
sEmpty	NOK,pNOK|N:-3	dec	NOK,pNOK|N:-4
sEmpty	NOK,pNOK|N:-3	fbors	NOK,pNOK|N:-3
sEmpty	NOK,pNOK|N:-3	inc	IOK,pIOK|N:-2
sEmpty	NOK,pNOK|N:-3	iv	IOK,NOK,pIOK,pNOK|N:-3
sEmpty	NOK,pNOK|N:-3	nv	NOK,pNOK|N:-3
sEmpty	NOK,pNOK|N:-3	rng	IOK,NOK,pIOK,pNOK|N:-3
sEmpty	NOK,pNOK|N:-3	str	NOK,pNOK|N:-3
sEmpty	NOK,pNOK|N:-3	utf8	POK,pPOK,UTF8|P:-3
sEmpty	NOK,pNOK|N:0	add	IOK,NOK,pIOK,pNOK|N:0
sEmpty	NOK,pNOK|N:0	bors	IOK,NOK,pIOK,pNOK|N:0
sEmpty	NOK,pNOK|N:0	cat0	POK,pPOK|P:0
sEmpty	NOK,pNOK|N:0	catx	POK,pPOK|P:0x
sEmpty	NOK,pNOK|N:0	copy	NOK,pNOK|N:0
sEmpty	NOK,pNOK|N:0	dec	NOK,pNOK|N:-1
sEmpty	NOK,pNOK|N:0	fbors	NOK,pNOK|N:0
sEmpty	NOK,pNOK|N:0	inc	IOK,pIOK|N:1
sEmpty	NOK,pNOK|N:0	iv	IOK,NOK,pIOK,pNOK|N:0
sEmpty	NOK,pNOK|N:0	nv	NOK,pNOK|N:0
sEmpty	NOK,pNOK|N:0	rng	IOK,NOK,pIOK,pNOK|N:0
sEmpty	NOK,pNOK|N:0	str	NOK,pNOK|N:0
sEmpty	NOK,pNOK|N:0	utf8	POK,pPOK,UTF8|P:0
sEmpty	NOK,pNOK|N:1	add	IOK,NOK,pIOK,pNOK|N:1
sEmpty	NOK,pNOK|N:1	bors	IOK,NOK,pIOK,pNOK|N:1
sEmpty	NOK,pNOK|N:1	cat0	POK,pPOK|P:1
sEmpty	NOK,pNOK|N:1	catx	POK,pPOK|P:1x
sEmpty	NOK,pNOK|N:1	copy	NOK,pNOK|N:1
sEmpty	NOK,pNOK|N:1	dec	NOK,pNOK|N:0
sEmpty	NOK,pNOK|N:1	fbors	NOK,pNOK|N:1
sEmpty	NOK,pNOK|N:1	inc	IOK,pIOK|N:2
sEmpty	NOK,pNOK|N:1	iv	IOK,NOK,pIOK,pNOK|N:1
sEmpty	NOK,pNOK|N:1	nv	NOK,pNOK|N:1
sEmpty	NOK,pNOK|N:1	rng	IOK,NOK,pIOK,pNOK|N:1
sEmpty	NOK,pNOK|N:1	str	NOK,pNOK|N:1
sEmpty	NOK,pNOK|N:1	utf8	POK,pPOK,UTF8|P:1
sEmpty	NOK,pNOK|N:2	add	IOK,NOK,pIOK,pNOK|N:2
sEmpty	NOK,pNOK|N:2	bors	IOK,NOK,pIOK,pNOK|N:2
sEmpty	NOK,pNOK|N:2	cat0	POK,pPOK|P:2
sEmpty	NOK,pNOK|N:2	catx	POK,pPOK|P:2x
sEmpty	NOK,pNOK|N:2	copy	NOK,pNOK|N:2
sEmpty	NOK,pNOK|N:2	dec	NOK,pNOK|N:1
sEmpty	NOK,pNOK|N:2	fbors	NOK,pNOK|N:2
sEmpty	NOK,pNOK|N:2	inc	IOK,pIOK|N:3
sEmpty	NOK,pNOK|N:2	iv	IOK,NOK,pIOK,pNOK|N:2
sEmpty	NOK,pNOK|N:2	nv	NOK,pNOK|N:2
sEmpty	NOK,pNOK|N:2	rng	IOK,NOK,pIOK,pNOK|N:2
sEmpty	NOK,pNOK|N:2	str	NOK,pNOK|N:2
sEmpty	NOK,pNOK|N:2	utf8	POK,pPOK,UTF8|P:2
sEmpty	POK,pIOK,pNOK,pPOK,UTF8|P:	add	POK,pIOK,pNOK,pPOK,UTF8|P:
sEmpty	POK,pIOK,pNOK,pPOK,UTF8|P:	bors	POK,pIOK,pNOK,pPOK,UTF8|P:
sEmpty	POK,pIOK,pNOK,pPOK,UTF8|P:	cat0	POK,pIOK,pNOK,pPOK,UTF8|P:
sEmpty	POK,pIOK,pNOK,pPOK,UTF8|P:	catx	POK,pIOK,pNOK,pPOK,UTF8|P:x
sEmpty	POK,pIOK,pNOK,pPOK,UTF8|P:	copy	POK,pIOK,pNOK,pPOK,UTF8|P:
sEmpty	POK,pIOK,pNOK,pPOK,UTF8|P:	dec	NOK,pNOK|N:-1
sEmpty	POK,pIOK,pNOK,pPOK,UTF8|P:	fbors	POK,pIOK,pNOK,pPOK,UTF8|P:
sEmpty	POK,pIOK,pNOK,pPOK,UTF8|P:	inc	NOK,pNOK|N:1
sEmpty	POK,pIOK,pNOK,pPOK,UTF8|P:	iv	POK,pIOK,pNOK,pPOK,UTF8|P:
sEmpty	POK,pIOK,pNOK,pPOK,UTF8|P:	nv	POK,pIOK,pNOK,pPOK,UTF8|P:
sEmpty	POK,pIOK,pNOK,pPOK,UTF8|P:	rng	POK,pIOK,pNOK,pPOK,UTF8|P:
sEmpty	POK,pIOK,pNOK,pPOK,UTF8|P:	str	POK,pIOK,pNOK,pPOK,UTF8|P:
sEmpty	POK,pIOK,pNOK,pPOK,UTF8|P:	utf8	POK,pIOK,pNOK,pPOK,UTF8|P:
sEmpty	POK,pIOK,pNOK,pPOK,UTF8|P:x	add	POK,pIOK,pNOK,pPOK,UTF8|P:x
sEmpty	POK,pIOK,pNOK,pPOK,UTF8|P:x	bors	POK,pIOK,pNOK,pPOK,UTF8|P:x
sEmpty	POK,pIOK,pNOK,pPOK,UTF8|P:x	cat0	POK,pIOK,pNOK,pPOK,UTF8|P:x
sEmpty	POK,pIOK,pNOK,pPOK,UTF8|P:x	catx	POK,pIOK,pNOK,pPOK,UTF8|P:xx
sEmpty	POK,pIOK,pNOK,pPOK,UTF8|P:x	copy	POK,pIOK,pNOK,pPOK,UTF8|P:x
sEmpty	POK,pIOK,pNOK,pPOK,UTF8|P:x	dec	NOK,pNOK|N:-1
sEmpty	POK,pIOK,pNOK,pPOK,UTF8|P:x	fbors	POK,pIOK,pNOK,pPOK,UTF8|P:x
sEmpty	POK,pIOK,pNOK,pPOK,UTF8|P:x	inc	NOK,pNOK|N:1
sEmpty	POK,pIOK,pNOK,pPOK,UTF8|P:x	iv	POK,pIOK,pNOK,pPOK,UTF8|P:x
sEmpty	POK,pIOK,pNOK,pPOK,UTF8|P:x	nv	POK,pIOK,pNOK,pPOK,UTF8|P:x
sEmpty	POK,pIOK,pNOK,pPOK,UTF8|P:x	rng	POK,pIOK,pNOK,pPOK,UTF8|P:x
sEmpty	POK,pIOK,pNOK,pPOK,UTF8|P:x	str	POK,pIOK,pNOK,pPOK,UTF8|P:x
sEmpty	POK,pIOK,pNOK,pPOK,UTF8|P:x	utf8	POK,pIOK,pNOK,pPOK,UTF8|P:x
sEmpty	POK,pIOK,pNOK,pPOK|P:	add	POK,pIOK,pNOK,pPOK|P:
sEmpty	POK,pIOK,pNOK,pPOK|P:	bors	POK,pIOK,pNOK,pPOK|P:
sEmpty	POK,pIOK,pNOK,pPOK|P:	cat0	POK,pPOK|P:
sEmpty	POK,pIOK,pNOK,pPOK|P:	catx	POK,pPOK|P:x
sEmpty	POK,pIOK,pNOK,pPOK|P:	copy	POK,pIOK,pNOK,pPOK|P:
sEmpty	POK,pIOK,pNOK,pPOK|P:	dec	NOK,pNOK|N:-1
sEmpty	POK,pIOK,pNOK,pPOK|P:	fbors	POK,pIOK,pNOK,pPOK|P:
sEmpty	POK,pIOK,pNOK,pPOK|P:	inc	NOK,pNOK|N:1
sEmpty	POK,pIOK,pNOK,pPOK|P:	iv	POK,pIOK,pNOK,pPOK|P:
sEmpty	POK,pIOK,pNOK,pPOK|P:	nv	POK,pIOK,pNOK,pPOK|P:
sEmpty	POK,pIOK,pNOK,pPOK|P:	rng	POK,pIOK,pNOK,pPOK|P:
sEmpty	POK,pIOK,pNOK,pPOK|P:	str	POK,pIOK,pNOK,pPOK|P:
sEmpty	POK,pIOK,pNOK,pPOK|P:	utf8	POK,pIOK,pNOK,pPOK,UTF8|P:
sEmpty	POK,pIOK,pNOK,pPOK|P:-1x	add	POK,pIOK,pNOK,pPOK|P:-1x
sEmpty	POK,pIOK,pNOK,pPOK|P:-1x	bors	POK,pIOK,pNOK,pPOK|P:-1x
sEmpty	POK,pIOK,pNOK,pPOK|P:-1x	cat0	POK,pIOK,pNOK,pPOK|P:-1x
sEmpty	POK,pIOK,pNOK,pPOK|P:-1x	catx	POK,pIOK,pNOK,pPOK|P:-1xx
sEmpty	POK,pIOK,pNOK,pPOK|P:-1x	copy	POK,pIOK,pNOK,pPOK|P:-1x
sEmpty	POK,pIOK,pNOK,pPOK|P:-1x	dec	NOK,pNOK|N:-2
sEmpty	POK,pIOK,pNOK,pPOK|P:-1x	fbors	POK,pIOK,pNOK,pPOK|P:-1x
sEmpty	POK,pIOK,pNOK,pPOK|P:-1x	inc	NOK,pNOK|N:0
sEmpty	POK,pIOK,pNOK,pPOK|P:-1x	iv	POK,pIOK,pNOK,pPOK|P:-1x
sEmpty	POK,pIOK,pNOK,pPOK|P:-1x	nv	POK,pIOK,pNOK,pPOK|P:-1x
sEmpty	POK,pIOK,pNOK,pPOK|P:-1x	rng	POK,pIOK,pNOK,pPOK|P:-1x
sEmpty	POK,pIOK,pNOK,pPOK|P:-1x	str	POK,pIOK,pNOK,pPOK|P:-1x
sEmpty	POK,pIOK,pNOK,pPOK|P:-1x	utf8	POK,pIOK,pNOK,pPOK,UTF8|P:-1x
sEmpty	POK,pIOK,pNOK,pPOK|P:1x	add	POK,pIOK,pNOK,pPOK|P:1x
sEmpty	POK,pIOK,pNOK,pPOK|P:1x	bors	POK,pIOK,pNOK,pPOK|P:1x
sEmpty	POK,pIOK,pNOK,pPOK|P:1x	cat0	POK,pIOK,pNOK,pPOK|P:1x
sEmpty	POK,pIOK,pNOK,pPOK|P:1x	catx	POK,pIOK,pNOK,pPOK|P:1xx
sEmpty	POK,pIOK,pNOK,pPOK|P:1x	copy	POK,pIOK,pNOK,pPOK|P:1x
sEmpty	POK,pIOK,pNOK,pPOK|P:1x	dec	NOK,pNOK|N:0
sEmpty	POK,pIOK,pNOK,pPOK|P:1x	fbors	POK,pIOK,pNOK,pPOK|P:1x
sEmpty	POK,pIOK,pNOK,pPOK|P:1x	inc	NOK,pNOK|N:2
sEmpty	POK,pIOK,pNOK,pPOK|P:1x	iv	POK,pIOK,pNOK,pPOK|P:1x
sEmpty	POK,pIOK,pNOK,pPOK|P:1x	nv	POK,pIOK,pNOK,pPOK|P:1x
sEmpty	POK,pIOK,pNOK,pPOK|P:1x	rng	POK,pIOK,pNOK,pPOK|P:1x
sEmpty	POK,pIOK,pNOK,pPOK|P:1x	str	POK,pIOK,pNOK,pPOK|P:1x
sEmpty	POK,pIOK,pNOK,pPOK|P:1x	utf8	POK,pIOK,pNOK,pPOK,UTF8|P:1x
sEmpty	POK,pIOK,pNOK,pPOK|P:x	add	POK,pIOK,pNOK,pPOK|P:x
sEmpty	POK,pIOK,pNOK,pPOK|P:x	bors	POK,pIOK,pNOK,pPOK|P:x
sEmpty	POK,pIOK,pNOK,pPOK|P:x	cat0	POK,pIOK,pNOK,pPOK|P:x
sEmpty	POK,pIOK,pNOK,pPOK|P:x	catx	POK,pIOK,pNOK,pPOK|P:xx
sEmpty	POK,pIOK,pNOK,pPOK|P:x	copy	POK,pIOK,pNOK,pPOK|P:x
sEmpty	POK,pIOK,pNOK,pPOK|P:x	dec	NOK,pNOK|N:-1
sEmpty	POK,pIOK,pNOK,pPOK|P:x	fbors	POK,pIOK,pNOK,pPOK|P:x
sEmpty	POK,pIOK,pNOK,pPOK|P:x	inc	NOK,pNOK|N:1
sEmpty	POK,pIOK,pNOK,pPOK|P:x	iv	POK,pIOK,pNOK,pPOK|P:x
sEmpty	POK,pIOK,pNOK,pPOK|P:x	nv	POK,pIOK,pNOK,pPOK|P:x
sEmpty	POK,pIOK,pNOK,pPOK|P:x	rng	POK,pIOK,pNOK,pPOK|P:x
sEmpty	POK,pIOK,pNOK,pPOK|P:x	str	POK,pIOK,pNOK,pPOK|P:x
sEmpty	POK,pIOK,pNOK,pPOK|P:x	utf8	POK,pIOK,pNOK,pPOK,UTF8|P:x
sEmpty	POK,pIOK,pNOK,pPOK|P:xx	add	POK,pIOK,pNOK,pPOK|P:xx
sEmpty	POK,pIOK,pNOK,pPOK|P:xx	bors	POK,pIOK,pNOK,pPOK|P:xx
sEmpty	POK,pIOK,pNOK,pPOK|P:xx	cat0	POK,pIOK,pNOK,pPOK|P:xx
sEmpty	POK,pIOK,pNOK,pPOK|P:xx	catx	POK,pIOK,pNOK,pPOK|P:xxx
sEmpty	POK,pIOK,pNOK,pPOK|P:xx	copy	POK,pIOK,pNOK,pPOK|P:xx
sEmpty	POK,pIOK,pNOK,pPOK|P:xx	dec	NOK,pNOK|N:-1
sEmpty	POK,pIOK,pNOK,pPOK|P:xx	fbors	POK,pIOK,pNOK,pPOK|P:xx
sEmpty	POK,pIOK,pNOK,pPOK|P:xx	inc	NOK,pNOK|N:1
sEmpty	POK,pIOK,pNOK,pPOK|P:xx	iv	POK,pIOK,pNOK,pPOK|P:xx
sEmpty	POK,pIOK,pNOK,pPOK|P:xx	nv	POK,pIOK,pNOK,pPOK|P:xx
sEmpty	POK,pIOK,pNOK,pPOK|P:xx	rng	POK,pIOK,pNOK,pPOK|P:xx
sEmpty	POK,pIOK,pNOK,pPOK|P:xx	str	POK,pIOK,pNOK,pPOK|P:xx
sEmpty	POK,pIOK,pNOK,pPOK|P:xx	utf8	POK,pIOK,pNOK,pPOK,UTF8|P:xx
sEmpty	POK,pIOK,pNOK,pPOK|P:y	add	POK,pIOK,pNOK,pPOK|P:y
sEmpty	POK,pIOK,pNOK,pPOK|P:y	bors	POK,pIOK,pNOK,pPOK|P:y
sEmpty	POK,pIOK,pNOK,pPOK|P:y	cat0	POK,pIOK,pNOK,pPOK|P:y
sEmpty	POK,pIOK,pNOK,pPOK|P:y	catx	POK,pIOK,pNOK,pPOK|P:yx
sEmpty	POK,pIOK,pNOK,pPOK|P:y	copy	POK,pIOK,pNOK,pPOK|P:y
sEmpty	POK,pIOK,pNOK,pPOK|P:y	dec	NOK,pNOK|N:-1
sEmpty	POK,pIOK,pNOK,pPOK|P:y	fbors	POK,pIOK,pNOK,pPOK|P:y
sEmpty	POK,pIOK,pNOK,pPOK|P:y	inc	NOK,pNOK|N:1
sEmpty	POK,pIOK,pNOK,pPOK|P:y	iv	POK,pIOK,pNOK,pPOK|P:y
sEmpty	POK,pIOK,pNOK,pPOK|P:y	nv	POK,pIOK,pNOK,pPOK|P:y
sEmpty	POK,pIOK,pNOK,pPOK|P:y	rng	POK,pIOK,pNOK,pPOK|P:y
sEmpty	POK,pIOK,pNOK,pPOK|P:y	str	POK,pIOK,pNOK,pPOK|P:y
sEmpty	POK,pIOK,pNOK,pPOK|P:y	utf8	POK,pIOK,pNOK,pPOK,UTF8|P:y
sEmpty	POK,pNOK,pPOK,UTF8|P:	add	POK,pIOK,pNOK,pPOK,UTF8|P:
sEmpty	POK,pNOK,pPOK,UTF8|P:	bors	POK,pIOK,pNOK,pPOK,UTF8|P:
sEmpty	POK,pNOK,pPOK,UTF8|P:	cat0	POK,pNOK,pPOK,UTF8|P:
sEmpty	POK,pNOK,pPOK,UTF8|P:	catx	POK,pNOK,pPOK,UTF8|P:x
sEmpty	POK,pNOK,pPOK,UTF8|P:	copy	POK,pNOK,pPOK,UTF8|P:
sEmpty	POK,pNOK,pPOK,UTF8|P:	dec	NOK,pNOK|N:-1
sEmpty	POK,pNOK,pPOK,UTF8|P:	fbors	POK,pNOK,pPOK,UTF8|P:
sEmpty	POK,pNOK,pPOK,UTF8|P:	inc	NOK,pNOK|N:1
sEmpty	POK,pNOK,pPOK,UTF8|P:	iv	POK,pIOK,pNOK,pPOK,UTF8|P:
sEmpty	POK,pNOK,pPOK,UTF8|P:	nv	POK,pNOK,pPOK,UTF8|P:
sEmpty	POK,pNOK,pPOK,UTF8|P:	rng	POK,pIOK,pNOK,pPOK,UTF8|P:
sEmpty	POK,pNOK,pPOK,UTF8|P:	str	POK,pNOK,pPOK,UTF8|P:
sEmpty	POK,pNOK,pPOK,UTF8|P:	utf8	POK,pNOK,pPOK,UTF8|P:
sEmpty	POK,pNOK,pPOK,UTF8|P:x	add	POK,pIOK,pNOK,pPOK,UTF8|P:x
sEmpty	POK,pNOK,pPOK,UTF8|P:x	bors	POK,pIOK,pNOK,pPOK,UTF8|P:x
sEmpty	POK,pNOK,pPOK,UTF8|P:x	cat0	POK,pNOK,pPOK,UTF8|P:x
sEmpty	POK,pNOK,pPOK,UTF8|P:x	catx	POK,pNOK,pPOK,UTF8|P:xx
sEmpty	POK,pNOK,pPOK,UTF8|P:x	copy	POK,pNOK,pPOK,UTF8|P:x
sEmpty	POK,pNOK,pPOK,UTF8|P:x	dec	NOK,pNOK|N:-1
sEmpty	POK,pNOK,pPOK,UTF8|P:x	fbors	POK,pNOK,pPOK,UTF8|P:x
sEmpty	POK,pNOK,pPOK,UTF8|P:x	inc	NOK,pNOK|N:1
sEmpty	POK,pNOK,pPOK,UTF8|P:x	iv	POK,pIOK,pNOK,pPOK,UTF8|P:x
sEmpty	POK,pNOK,pPOK,UTF8|P:x	nv	POK,pNOK,pPOK,UTF8|P:x
sEmpty	POK,pNOK,pPOK,UTF8|P:x	rng	POK,pIOK,pNOK,pPOK,UTF8|P:x
sEmpty	POK,pNOK,pPOK,UTF8|P:x	str	POK,pNOK,pPOK,UTF8|P:x
sEmpty	POK,pNOK,pPOK,UTF8|P:x	utf8	POK,pNOK,pPOK,UTF8|P:x
sEmpty	POK,pNOK,pPOK|P:	add	POK,pIOK,pNOK,pPOK|P:
sEmpty	POK,pNOK,pPOK|P:	bors	POK,pIOK,pNOK,pPOK|P:
sEmpty	POK,pNOK,pPOK|P:	cat0	POK,pPOK|P:
sEmpty	POK,pNOK,pPOK|P:	catx	POK,pPOK|P:x
sEmpty	POK,pNOK,pPOK|P:	copy	POK,pNOK,pPOK|P:
sEmpty	POK,pNOK,pPOK|P:	dec	NOK,pNOK|N:-1
sEmpty	POK,pNOK,pPOK|P:	fbors	POK,pNOK,pPOK|P:
sEmpty	POK,pNOK,pPOK|P:	inc	NOK,pNOK|N:1
sEmpty	POK,pNOK,pPOK|P:	iv	POK,pIOK,pNOK,pPOK|P:
sEmpty	POK,pNOK,pPOK|P:	nv	POK,pNOK,pPOK|P:
sEmpty	POK,pNOK,pPOK|P:	rng	POK,pIOK,pNOK,pPOK|P:
sEmpty	POK,pNOK,pPOK|P:	str	POK,pNOK,pPOK|P:
sEmpty	POK,pNOK,pPOK|P:	utf8	POK,pNOK,pPOK,UTF8|P:
sEmpty	POK,pNOK,pPOK|P:-1x	add	POK,pIOK,pNOK,pPOK|P:-1x
sEmpty	POK,pNOK,pPOK|P:-1x	bors	POK,pIOK,pNOK,pPOK|P:-1x
sEmpty	POK,pNOK,pPOK|P:-1x	cat0	POK,pNOK,pPOK|P:-1x
sEmpty	POK,pNOK,pPOK|P:-1x	catx	POK,pNOK,pPOK|P:-1xx
sEmpty	POK,pNOK,pPOK|P:-1x	copy	POK,pNOK,pPOK|P:-1x
sEmpty	POK,pNOK,pPOK|P:-1x	dec	NOK,pNOK|N:-2
sEmpty	POK,pNOK,pPOK|P:-1x	fbors	POK,pNOK,pPOK|P:-1x
sEmpty	POK,pNOK,pPOK|P:-1x	inc	NOK,pNOK|N:0
sEmpty	POK,pNOK,pPOK|P:-1x	iv	POK,pIOK,pNOK,pPOK|P:-1x
sEmpty	POK,pNOK,pPOK|P:-1x	nv	POK,pNOK,pPOK|P:-1x
sEmpty	POK,pNOK,pPOK|P:-1x	rng	POK,pIOK,pNOK,pPOK|P:-1x
sEmpty	POK,pNOK,pPOK|P:-1x	str	POK,pNOK,pPOK|P:-1x
sEmpty	POK,pNOK,pPOK|P:-1x	utf8	POK,pNOK,pPOK,UTF8|P:-1x
sEmpty	POK,pNOK,pPOK|P:1x	add	POK,pIOK,pNOK,pPOK|P:1x
sEmpty	POK,pNOK,pPOK|P:1x	bors	POK,pIOK,pNOK,pPOK|P:1x
sEmpty	POK,pNOK,pPOK|P:1x	cat0	POK,pNOK,pPOK|P:1x
sEmpty	POK,pNOK,pPOK|P:1x	catx	POK,pNOK,pPOK|P:1xx
sEmpty	POK,pNOK,pPOK|P:1x	copy	POK,pNOK,pPOK|P:1x
sEmpty	POK,pNOK,pPOK|P:1x	dec	NOK,pNOK|N:0
sEmpty	POK,pNOK,pPOK|P:1x	fbors	POK,pNOK,pPOK|P:1x
sEmpty	POK,pNOK,pPOK|P:1x	inc	NOK,pNOK|N:2
sEmpty	POK,pNOK,pPOK|P:1x	iv	POK,pIOK,pNOK,pPOK|P:1x
sEmpty	POK,pNOK,pPOK|P:1x	nv	POK,pNOK,pPOK|P:1x
sEmpty	POK,pNOK,pPOK|P:1x	rng	POK,pIOK,pNOK,pPOK|P:1x
sEmpty	POK,pNOK,pPOK|P:1x	str	POK,pNOK,pPOK|P:1x
sEmpty	POK,pNOK,pPOK|P:1x	utf8	POK,pNOK,pPOK,UTF8|P:1x
sEmpty	POK,pNOK,pPOK|P:x	add	POK,pIOK,pNOK,pPOK|P:x
sEmpty	POK,pNOK,pPOK|P:x	bors	POK,pIOK,pNOK,pPOK|P:x
sEmpty	POK,pNOK,pPOK|P:x	cat0	POK,pNOK,pPOK|P:x
sEmpty	POK,pNOK,pPOK|P:x	catx	POK,pNOK,pPOK|P:xx
sEmpty	POK,pNOK,pPOK|P:x	copy	POK,pNOK,pPOK|P:x
sEmpty	POK,pNOK,pPOK|P:x	dec	NOK,pNOK|N:-1
sEmpty	POK,pNOK,pPOK|P:x	fbors	POK,pNOK,pPOK|P:x
sEmpty	POK,pNOK,pPOK|P:x	inc	NOK,pNOK|N:1
sEmpty	POK,pNOK,pPOK|P:x	iv	POK,pIOK,pNOK,pPOK|P:x
sEmpty	POK,pNOK,pPOK|P:x	nv	POK,pNOK,pPOK|P:x
sEmpty	POK,pNOK,pPOK|P:x	rng	POK,pIOK,pNOK,pPOK|P:x
sEmpty	POK,pNOK,pPOK|P:x	str	POK,pNOK,pPOK|P:x
sEmpty	POK,pNOK,pPOK|P:x	utf8	POK,pNOK,pPOK,UTF8|P:x
sEmpty	POK,pNOK,pPOK|P:xx	add	POK,pIOK,pNOK,pPOK|P:xx
sEmpty	POK,pNOK,pPOK|P:xx	bors	POK,pIOK,pNOK,pPOK|P:xx
sEmpty	POK,pNOK,pPOK|P:xx	cat0	POK,pNOK,pPOK|P:xx
sEmpty	POK,pNOK,pPOK|P:xx	catx	POK,pNOK,pPOK|P:xxx
sEmpty	POK,pNOK,pPOK|P:xx	copy	POK,pNOK,pPOK|P:xx
sEmpty	POK,pNOK,pPOK|P:xx	dec	NOK,pNOK|N:-1
sEmpty	POK,pNOK,pPOK|P:xx	fbors	POK,pNOK,pPOK|P:xx
sEmpty	POK,pNOK,pPOK|P:xx	inc	NOK,pNOK|N:1
sEmpty	POK,pNOK,pPOK|P:xx	iv	POK,pIOK,pNOK,pPOK|P:xx
sEmpty	POK,pNOK,pPOK|P:xx	nv	POK,pNOK,pPOK|P:xx
sEmpty	POK,pNOK,pPOK|P:xx	rng	POK,pIOK,pNOK,pPOK|P:xx
sEmpty	POK,pNOK,pPOK|P:xx	str	POK,pNOK,pPOK|P:xx
sEmpty	POK,pNOK,pPOK|P:xx	utf8	POK,pNOK,pPOK,UTF8|P:xx
sEmpty	POK,pNOK,pPOK|P:y	add	POK,pIOK,pNOK,pPOK|P:y
sEmpty	POK,pNOK,pPOK|P:y	bors	POK,pIOK,pNOK,pPOK|P:y
sEmpty	POK,pNOK,pPOK|P:y	cat0	POK,pNOK,pPOK|P:y
sEmpty	POK,pNOK,pPOK|P:y	catx	POK,pNOK,pPOK|P:yx
sEmpty	POK,pNOK,pPOK|P:y	copy	POK,pNOK,pPOK|P:y
sEmpty	POK,pNOK,pPOK|P:y	dec	NOK,pNOK|N:-1
sEmpty	POK,pNOK,pPOK|P:y	fbors	POK,pNOK,pPOK|P:y
sEmpty	POK,pNOK,pPOK|P:y	inc	NOK,pNOK|N:1
sEmpty	POK,pNOK,pPOK|P:y	iv	POK,pIOK,pNOK,pPOK|P:y
sEmpty	POK,pNOK,pPOK|P:y	nv	POK,pNOK,pPOK|P:y
sEmpty	POK,pNOK,pPOK|P:y	rng	POK,pIOK,pNOK,pPOK|P:y
sEmpty	POK,pNOK,pPOK|P:y	str	POK,pNOK,pPOK|P:y
sEmpty	POK,pNOK,pPOK|P:y	utf8	POK,pNOK,pPOK,UTF8|P:y
sEmpty	POK,pPOK,UTF8|P:	add	POK,pIOK,pNOK,pPOK,UTF8|P:
sEmpty	POK,pPOK,UTF8|P:	bors	POK,pPOK,UTF8|P:
sEmpty	POK,pPOK,UTF8|P:	cat0	POK,pPOK,UTF8|P:
sEmpty	POK,pPOK,UTF8|P:	catx	POK,pPOK,UTF8|P:x
sEmpty	POK,pPOK,UTF8|P:	copy	POK,pPOK,UTF8|P:
sEmpty	POK,pPOK,UTF8|P:	dec	NOK,pNOK|N:-1
sEmpty	POK,pPOK,UTF8|P:	fbors	POK,pPOK,UTF8|P:
sEmpty	POK,pPOK,UTF8|P:	inc	IOK,pIOK|N:1
sEmpty	POK,pPOK,UTF8|P:	iv	POK,pIOK,pNOK,pPOK,UTF8|P:
sEmpty	POK,pPOK,UTF8|P:	nv	POK,pNOK,pPOK,UTF8|P:
sEmpty	POK,pPOK,UTF8|P:	rng	POK,pPOK,UTF8|P:
sEmpty	POK,pPOK,UTF8|P:	str	POK,pPOK,UTF8|P:
sEmpty	POK,pPOK,UTF8|P:	utf8	POK,pPOK,UTF8|P:
sEmpty	POK,pPOK,UTF8|P:-1	add	IOK,POK,pIOK,pPOK,UTF8|P:-1
sEmpty	POK,pPOK,UTF8|P:-1	bors	POK,pPOK,UTF8|P:-1
sEmpty	POK,pPOK,UTF8|P:-1	cat0	POK,pPOK,UTF8|P:-1
sEmpty	POK,pPOK,UTF8|P:-1	catx	POK,pPOK,UTF8|P:-1x
sEmpty	POK,pPOK,UTF8|P:-1	copy	POK,pPOK,UTF8|P:-1
sEmpty	POK,pPOK,UTF8|P:-1	dec	IOK,pIOK|N:-2
sEmpty	POK,pPOK,UTF8|P:-1	fbors	POK,pPOK,UTF8|P:-1
sEmpty	POK,pPOK,UTF8|P:-1	inc	IOK,pIOK|N:0
sEmpty	POK,pPOK,UTF8|P:-1	iv	IOK,POK,pIOK,pPOK,UTF8|P:-1
sEmpty	POK,pPOK,UTF8|P:-1	nv	NOK,POK,pNOK,pPOK,UTF8|P:-1
sEmpty	POK,pPOK,UTF8|P:-1	rng	IOK,NOK,POK,pIOK,pNOK,pPOK,UTF8|P:-1
sEmpty	POK,pPOK,UTF8|P:-1	str	POK,pPOK,UTF8|P:-1
sEmpty	POK,pPOK,UTF8|P:-1	utf8	POK,pPOK,UTF8|P:-1
sEmpty	POK,pPOK,UTF8|P:-1x	add	POK,pIOK,pNOK,pPOK,UTF8|P:-1x
sEmpty	POK,pPOK,UTF8|P:-1x	bors	POK,pPOK,UTF8|P:-1x
sEmpty	POK,pPOK,UTF8|P:-1x	cat0	POK,pPOK,UTF8|P:-1x
sEmpty	POK,pPOK,UTF8|P:-1x	catx	POK,pPOK,UTF8|P:-1xx
sEmpty	POK,pPOK,UTF8|P:-1x	copy	POK,pPOK,UTF8|P:-1x
sEmpty	POK,pPOK,UTF8|P:-1x	dec	NOK,pNOK|N:-2
sEmpty	POK,pPOK,UTF8|P:-1x	fbors	POK,pPOK,UTF8|P:-1x
sEmpty	POK,pPOK,UTF8|P:-1x	inc	NOK,pNOK|N:0
sEmpty	POK,pPOK,UTF8|P:-1x	iv	POK,pIOK,pNOK,pPOK,UTF8|P:-1x
sEmpty	POK,pPOK,UTF8|P:-1x	nv	POK,pNOK,pPOK,UTF8|P:-1x
sEmpty	POK,pPOK,UTF8|P:-1x	rng	POK,pPOK,UTF8|P:-1x
sEmpty	POK,pPOK,UTF8|P:-1x	str	POK,pPOK,UTF8|P:-1x
sEmpty	POK,pPOK,UTF8|P:-1x	utf8	POK,pPOK,UTF8|P:-1x
sEmpty	POK,pPOK,UTF8|P:-2	add	IOK,POK,pIOK,pPOK,UTF8|P:-2
sEmpty	POK,pPOK,UTF8|P:-2	bors	POK,pPOK,UTF8|P:-2
sEmpty	POK,pPOK,UTF8|P:-2	cat0	POK,pPOK,UTF8|P:-2
sEmpty	POK,pPOK,UTF8|P:-2	catx	POK,pPOK,UTF8|P:-2x
sEmpty	POK,pPOK,UTF8|P:-2	copy	POK,pPOK,UTF8|P:-2
sEmpty	POK,pPOK,UTF8|P:-2	dec	IOK,pIOK|N:-3
sEmpty	POK,pPOK,UTF8|P:-2	fbors	POK,pPOK,UTF8|P:-2
sEmpty	POK,pPOK,UTF8|P:-2	inc	IOK,pIOK|N:-1
sEmpty	POK,pPOK,UTF8|P:-2	iv	IOK,POK,pIOK,pPOK,UTF8|P:-2
sEmpty	POK,pPOK,UTF8|P:-2	nv	NOK,POK,pNOK,pPOK,UTF8|P:-2
sEmpty	POK,pPOK,UTF8|P:-2	rng	IOK,NOK,POK,pIOK,pNOK,pPOK,UTF8|P:-2
sEmpty	POK,pPOK,UTF8|P:-2	str	POK,pPOK,UTF8|P:-2
sEmpty	POK,pPOK,UTF8|P:-2	utf8	POK,pPOK,UTF8|P:-2
sEmpty	POK,pPOK,UTF8|P:0	add	IOK,POK,pIOK,pPOK,UTF8|P:0
sEmpty	POK,pPOK,UTF8|P:0	bors	POK,pPOK,UTF8|P:0
sEmpty	POK,pPOK,UTF8|P:0	cat0	POK,pPOK,UTF8|P:0
sEmpty	POK,pPOK,UTF8|P:0	catx	POK,pPOK,UTF8|P:0x
sEmpty	POK,pPOK,UTF8|P:0	copy	POK,pPOK,UTF8|P:0
sEmpty	POK,pPOK,UTF8|P:0	dec	IOK,pIOK|N:-1
sEmpty	POK,pPOK,UTF8|P:0	fbors	POK,pPOK,UTF8|P:0
sEmpty	POK,pPOK,UTF8|P:0	inc	POK,pPOK,UTF8|P:1
sEmpty	POK,pPOK,UTF8|P:0	iv	IOK,POK,pIOK,pPOK,UTF8|P:0
sEmpty	POK,pPOK,UTF8|P:0	nv	NOK,POK,pNOK,pPOK,UTF8|P:0
sEmpty	POK,pPOK,UTF8|P:0	rng	IOK,NOK,POK,pIOK,pNOK,pPOK,UTF8|P:0
sEmpty	POK,pPOK,UTF8|P:0	str	POK,pPOK,UTF8|P:0
sEmpty	POK,pPOK,UTF8|P:0	utf8	POK,pPOK,UTF8|P:0
sEmpty	POK,pPOK,UTF8|P:1	add	IOK,POK,pIOK,pPOK,UTF8|P:1
sEmpty	POK,pPOK,UTF8|P:1	bors	POK,pPOK,UTF8|P:1
sEmpty	POK,pPOK,UTF8|P:1	cat0	POK,pPOK,UTF8|P:1
sEmpty	POK,pPOK,UTF8|P:1	catx	POK,pPOK,UTF8|P:1x
sEmpty	POK,pPOK,UTF8|P:1	copy	POK,pPOK,UTF8|P:1
sEmpty	POK,pPOK,UTF8|P:1	dec	IOK,pIOK|N:0
sEmpty	POK,pPOK,UTF8|P:1	fbors	POK,pPOK,UTF8|P:1
sEmpty	POK,pPOK,UTF8|P:1	inc	POK,pPOK,UTF8|P:2
sEmpty	POK,pPOK,UTF8|P:1	iv	IOK,POK,pIOK,pPOK,UTF8|P:1
sEmpty	POK,pPOK,UTF8|P:1	nv	NOK,POK,pNOK,pPOK,UTF8|P:1
sEmpty	POK,pPOK,UTF8|P:1	rng	IOK,NOK,POK,pIOK,pNOK,pPOK,UTF8|P:1
sEmpty	POK,pPOK,UTF8|P:1	str	POK,pPOK,UTF8|P:1
sEmpty	POK,pPOK,UTF8|P:1	utf8	POK,pPOK,UTF8|P:1
sEmpty	POK,pPOK,UTF8|P:1x	add	POK,pIOK,pNOK,pPOK,UTF8|P:1x
sEmpty	POK,pPOK,UTF8|P:1x	bors	POK,pPOK,UTF8|P:1x
sEmpty	POK,pPOK,UTF8|P:1x	cat0	POK,pPOK,UTF8|P:1x
sEmpty	POK,pPOK,UTF8|P:1x	catx	POK,pPOK,UTF8|P:1xx
sEmpty	POK,pPOK,UTF8|P:1x	copy	POK,pPOK,UTF8|P:1x
sEmpty	POK,pPOK,UTF8|P:1x	dec	NOK,pNOK|N:0
sEmpty	POK,pPOK,UTF8|P:1x	fbors	POK,pPOK,UTF8|P:1x
sEmpty	POK,pPOK,UTF8|P:1x	inc	NOK,pNOK|N:2
sEmpty	POK,pPOK,UTF8|P:1x	iv	POK,pIOK,pNOK,pPOK,UTF8|P:1x
sEmpty	POK,pPOK,UTF8|P:1x	nv	POK,pNOK,pPOK,UTF8|P:1x
sEmpty	POK,pPOK,UTF8|P:1x	rng	POK,pPOK,UTF8|P:1x
sEmpty	POK,pPOK,UTF8|P:1x	str	POK,pPOK,UTF8|P:1x
sEmpty	POK,pPOK,UTF8|P:1x	utf8	POK,pPOK,UTF8|P:1x
sEmpty	POK,pPOK,UTF8|P:2	add	IOK,POK,pIOK,pPOK,UTF8|P:2
sEmpty	POK,pPOK,UTF8|P:2	bors	POK,pPOK,UTF8|P:2
sEmpty	POK,pPOK,UTF8|P:2	cat0	POK,pPOK,UTF8|P:2
sEmpty	POK,pPOK,UTF8|P:2	catx	POK,pPOK,UTF8|P:2x
sEmpty	POK,pPOK,UTF8|P:2	copy	POK,pPOK,UTF8|P:2
sEmpty	POK,pPOK,UTF8|P:2	dec	IOK,pIOK|N:1
sEmpty	POK,pPOK,UTF8|P:2	fbors	POK,pPOK,UTF8|P:2
sEmpty	POK,pPOK,UTF8|P:2	inc	POK,pPOK,UTF8|P:3
sEmpty	POK,pPOK,UTF8|P:2	iv	IOK,POK,pIOK,pPOK,UTF8|P:2
sEmpty	POK,pPOK,UTF8|P:2	nv	NOK,POK,pNOK,pPOK,UTF8|P:2
sEmpty	POK,pPOK,UTF8|P:2	rng	IOK,NOK,POK,pIOK,pNOK,pPOK,UTF8|P:2
sEmpty	POK,pPOK,UTF8|P:2	str	POK,pPOK,UTF8|P:2
sEmpty	POK,pPOK,UTF8|P:2	utf8	POK,pPOK,UTF8|P:2
sEmpty	POK,pPOK,UTF8|P:x	add	POK,pIOK,pNOK,pPOK,UTF8|P:x
sEmpty	POK,pPOK,UTF8|P:x	bors	POK,pPOK,UTF8|P:x
sEmpty	POK,pPOK,UTF8|P:x	cat0	POK,pPOK,UTF8|P:x
sEmpty	POK,pPOK,UTF8|P:x	catx	POK,pPOK,UTF8|P:xx
sEmpty	POK,pPOK,UTF8|P:x	copy	POK,pPOK,UTF8|P:x
sEmpty	POK,pPOK,UTF8|P:x	dec	NOK,pNOK|N:-1
sEmpty	POK,pPOK,UTF8|P:x	fbors	POK,pPOK,UTF8|P:x
sEmpty	POK,pPOK,UTF8|P:x	inc	POK,pPOK,UTF8|P:y
sEmpty	POK,pPOK,UTF8|P:x	iv	POK,pIOK,pNOK,pPOK,UTF8|P:x
sEmpty	POK,pPOK,UTF8|P:x	nv	POK,pNOK,pPOK,UTF8|P:x
sEmpty	POK,pPOK,UTF8|P:x	rng	POK,pPOK,UTF8|P:x
sEmpty	POK,pPOK,UTF8|P:x	str	POK,pPOK,UTF8|P:x
sEmpty	POK,pPOK,UTF8|P:x	utf8	POK,pPOK,UTF8|P:x
sEmpty	POK,pPOK,UTF8|P:xx	add	POK,pIOK,pNOK,pPOK,UTF8|P:xx
sEmpty	POK,pPOK,UTF8|P:xx	bors	POK,pPOK,UTF8|P:xx
sEmpty	POK,pPOK,UTF8|P:xx	cat0	POK,pPOK,UTF8|P:xx
sEmpty	POK,pPOK,UTF8|P:xx	catx	POK,pPOK,UTF8|P:xxx
sEmpty	POK,pPOK,UTF8|P:xx	copy	POK,pPOK,UTF8|P:xx
sEmpty	POK,pPOK,UTF8|P:xx	dec	NOK,pNOK|N:-1
sEmpty	POK,pPOK,UTF8|P:xx	fbors	POK,pPOK,UTF8|P:xx
sEmpty	POK,pPOK,UTF8|P:xx	inc	POK,pPOK,UTF8|P:xy
sEmpty	POK,pPOK,UTF8|P:xx	iv	POK,pIOK,pNOK,pPOK,UTF8|P:xx
sEmpty	POK,pPOK,UTF8|P:xx	nv	POK,pNOK,pPOK,UTF8|P:xx
sEmpty	POK,pPOK,UTF8|P:xx	rng	POK,pPOK,UTF8|P:xx
sEmpty	POK,pPOK,UTF8|P:xx	str	POK,pPOK,UTF8|P:xx
sEmpty	POK,pPOK,UTF8|P:xx	utf8	POK,pPOK,UTF8|P:xx
sEmpty	POK,pPOK,UTF8|P:y	add	POK,pIOK,pNOK,pPOK,UTF8|P:y
sEmpty	POK,pPOK,UTF8|P:y	bors	POK,pPOK,UTF8|P:y
sEmpty	POK,pPOK,UTF8|P:y	cat0	POK,pPOK,UTF8|P:y
sEmpty	POK,pPOK,UTF8|P:y	catx	POK,pPOK,UTF8|P:yx
sEmpty	POK,pPOK,UTF8|P:y	copy	POK,pPOK,UTF8|P:y
sEmpty	POK,pPOK,UTF8|P:y	dec	NOK,pNOK|N:-1
sEmpty	POK,pPOK,UTF8|P:y	fbors	POK,pPOK,UTF8|P:y
sEmpty	POK,pPOK,UTF8|P:y	inc	POK,pPOK,UTF8|P:z
sEmpty	POK,pPOK,UTF8|P:y	iv	POK,pIOK,pNOK,pPOK,UTF8|P:y
sEmpty	POK,pPOK,UTF8|P:y	nv	POK,pNOK,pPOK,UTF8|P:y
sEmpty	POK,pPOK,UTF8|P:y	rng	POK,pPOK,UTF8|P:y
sEmpty	POK,pPOK,UTF8|P:y	str	POK,pPOK,UTF8|P:y
sEmpty	POK,pPOK,UTF8|P:y	utf8	POK,pPOK,UTF8|P:y
sEmpty	POK,pPOK|P:	add	POK,pIOK,pNOK,pPOK|P:
sEmpty	POK,pPOK|P:	bors	POK,pPOK|P:
sEmpty	POK,pPOK|P:	cat0	POK,pPOK|P:
sEmpty	POK,pPOK|P:	catx	POK,pPOK|P:x
sEmpty	POK,pPOK|P:	copy	POK,pPOK|P:
sEmpty	POK,pPOK|P:	dec	NOK,pNOK|N:-1
sEmpty	POK,pPOK|P:	fbors	POK,pPOK|P:
sEmpty	POK,pPOK|P:	inc	IOK,pIOK|N:1
sEmpty	POK,pPOK|P:	iv	POK,pIOK,pNOK,pPOK|P:
sEmpty	POK,pPOK|P:	nv	POK,pNOK,pPOK|P:
sEmpty	POK,pPOK|P:	rng	POK,pPOK|P:
sEmpty	POK,pPOK|P:	str	POK,pPOK|P:
sEmpty	POK,pPOK|P:	utf8	POK,pPOK,UTF8|P:
sEmpty	POK,pPOK|P:-1	add	IOK,POK,pIOK,pPOK|P:-1
sEmpty	POK,pPOK|P:-1	bors	POK,pPOK|P:-1
sEmpty	POK,pPOK|P:-1	cat0	POK,pPOK|P:-1
sEmpty	POK,pPOK|P:-1	catx	POK,pPOK|P:-1x
sEmpty	POK,pPOK|P:-1	copy	POK,pPOK|P:-1
sEmpty	POK,pPOK|P:-1	dec	IOK,pIOK|N:-2
sEmpty	POK,pPOK|P:-1	fbors	POK,pPOK|P:-1
sEmpty	POK,pPOK|P:-1	inc	IOK,pIOK|N:0
sEmpty	POK,pPOK|P:-1	iv	IOK,POK,pIOK,pPOK|P:-1
sEmpty	POK,pPOK|P:-1	nv	NOK,POK,pNOK,pPOK|P:-1
sEmpty	POK,pPOK|P:-1	rng	IOK,NOK,POK,pIOK,pNOK,pPOK|P:-1
sEmpty	POK,pPOK|P:-1	str	POK,pPOK|P:-1
sEmpty	POK,pPOK|P:-1	utf8	POK,pPOK,UTF8|P:-1
sEmpty	POK,pPOK|P:-1x	add	POK,pIOK,pNOK,pPOK|P:-1x
sEmpty	POK,pPOK|P:-1x	bors	POK,pPOK|P:-1x
sEmpty	POK,pPOK|P:-1x	cat0	POK,pPOK|P:-1x
sEmpty	POK,pPOK|P:-1x	catx	POK,pPOK|P:-1xx
sEmpty	POK,pPOK|P:-1x	copy	POK,pPOK|P:-1x
sEmpty	POK,pPOK|P:-1x	dec	NOK,pNOK|N:-2
sEmpty	POK,pPOK|P:-1x	fbors	POK,pPOK|P:-1x
sEmpty	POK,pPOK|P:-1x	inc	NOK,pNOK|N:0
sEmpty	POK,pPOK|P:-1x	iv	POK,pIOK,pNOK,pPOK|P:-1x
sEmpty	POK,pPOK|P:-1x	nv	POK,pNOK,pPOK|P:-1x
sEmpty	POK,pPOK|P:-1x	rng	POK,pPOK|P:-1x
sEmpty	POK,pPOK|P:-1x	str	POK,pPOK|P:-1x
sEmpty	POK,pPOK|P:-1x	utf8	POK,pPOK,UTF8|P:-1x
sEmpty	POK,pPOK|P:-1xx	add	POK,pIOK,pNOK,pPOK|P:-1xx
sEmpty	POK,pPOK|P:-1xx	bors	POK,pPOK|P:-1xx
sEmpty	POK,pPOK|P:-1xx	cat0	POK,pPOK|P:-1xx
sEmpty	POK,pPOK|P:-1xx	catx	POK,pPOK|P:-1xxx
sEmpty	POK,pPOK|P:-1xx	copy	POK,pPOK|P:-1xx
sEmpty	POK,pPOK|P:-1xx	dec	NOK,pNOK|N:-2
sEmpty	POK,pPOK|P:-1xx	fbors	POK,pPOK|P:-1xx
sEmpty	POK,pPOK|P:-1xx	inc	NOK,pNOK|N:0
sEmpty	POK,pPOK|P:-1xx	iv	POK,pIOK,pNOK,pPOK|P:-1xx
sEmpty	POK,pPOK|P:-1xx	nv	POK,pNOK,pPOK|P:-1xx
sEmpty	POK,pPOK|P:-1xx	rng	POK,pPOK|P:-1xx
sEmpty	POK,pPOK|P:-1xx	str	POK,pPOK|P:-1xx
sEmpty	POK,pPOK|P:-1xx	utf8	POK,pPOK,UTF8|P:-1xx
sEmpty	POK,pPOK|P:-2	add	IOK,POK,pIOK,pPOK|P:-2
sEmpty	POK,pPOK|P:-2	bors	POK,pPOK|P:-2
sEmpty	POK,pPOK|P:-2	cat0	POK,pPOK|P:-2
sEmpty	POK,pPOK|P:-2	catx	POK,pPOK|P:-2x
sEmpty	POK,pPOK|P:-2	copy	POK,pPOK|P:-2
sEmpty	POK,pPOK|P:-2	dec	IOK,pIOK|N:-3
sEmpty	POK,pPOK|P:-2	fbors	POK,pPOK|P:-2
sEmpty	POK,pPOK|P:-2	inc	IOK,pIOK|N:-1
sEmpty	POK,pPOK|P:-2	iv	IOK,POK,pIOK,pPOK|P:-2
sEmpty	POK,pPOK|P:-2	nv	NOK,POK,pNOK,pPOK|P:-2
sEmpty	POK,pPOK|P:-2	rng	IOK,NOK,POK,pIOK,pNOK,pPOK|P:-2
sEmpty	POK,pPOK|P:-2	str	POK,pPOK|P:-2
sEmpty	POK,pPOK|P:-2	utf8	POK,pPOK,UTF8|P:-2
sEmpty	POK,pPOK|P:-2x	add	POK,pIOK,pNOK,pPOK|P:-2x
sEmpty	POK,pPOK|P:-2x	bors	POK,pPOK|P:-2x
sEmpty	POK,pPOK|P:-2x	cat0	POK,pPOK|P:-2x
sEmpty	POK,pPOK|P:-2x	catx	POK,pPOK|P:-2xx
sEmpty	POK,pPOK|P:-2x	copy	POK,pPOK|P:-2x
sEmpty	POK,pPOK|P:-2x	dec	NOK,pNOK|N:-3
sEmpty	POK,pPOK|P:-2x	fbors	POK,pPOK|P:-2x
sEmpty	POK,pPOK|P:-2x	inc	NOK,pNOK|N:-1
sEmpty	POK,pPOK|P:-2x	iv	POK,pIOK,pNOK,pPOK|P:-2x
sEmpty	POK,pPOK|P:-2x	nv	POK,pNOK,pPOK|P:-2x
sEmpty	POK,pPOK|P:-2x	rng	POK,pPOK|P:-2x
sEmpty	POK,pPOK|P:-2x	str	POK,pPOK|P:-2x
sEmpty	POK,pPOK|P:-2x	utf8	POK,pPOK,UTF8|P:-2x
sEmpty	POK,pPOK|P:0	add	IOK,POK,pIOK,pPOK|P:0
sEmpty	POK,pPOK|P:0	bors	POK,pPOK|P:0
sEmpty	POK,pPOK|P:0	cat0	POK,pPOK|P:0
sEmpty	POK,pPOK|P:0	catx	POK,pPOK|P:0x
sEmpty	POK,pPOK|P:0	copy	POK,pPOK|P:0
sEmpty	POK,pPOK|P:0	dec	IOK,pIOK|N:-1
sEmpty	POK,pPOK|P:0	fbors	POK,pPOK|P:0
sEmpty	POK,pPOK|P:0	inc	POK,pPOK|P:1
sEmpty	POK,pPOK|P:0	iv	IOK,POK,pIOK,pPOK|P:0
sEmpty	POK,pPOK|P:0	nv	NOK,POK,pNOK,pPOK|P:0
sEmpty	POK,pPOK|P:0	rng	IOK,NOK,POK,pIOK,pNOK,pPOK|P:0
sEmpty	POK,pPOK|P:0	str	POK,pPOK|P:0
sEmpty	POK,pPOK|P:0	utf8	POK,pPOK,UTF8|P:0
sEmpty	POK,pPOK|P:0x	add	POK,pIOK,pNOK,pPOK|P:0x
sEmpty	POK,pPOK|P:0x	bors	POK,pPOK|P:0x
sEmpty	POK,pPOK|P:0x	cat0	POK,pPOK|P:0x
sEmpty	POK,pPOK|P:0x	catx	POK,pPOK|P:0xx
sEmpty	POK,pPOK|P:0x	copy	POK,pPOK|P:0x
sEmpty	POK,pPOK|P:0x	dec	NOK,pNOK|N:-1
sEmpty	POK,pPOK|P:0x	fbors	POK,pPOK|P:0x
sEmpty	POK,pPOK|P:0x	inc	NOK,pNOK|N:1
sEmpty	POK,pPOK|P:0x	iv	POK,pIOK,pNOK,pPOK|P:0x
sEmpty	POK,pPOK|P:0x	nv	POK,pNOK,pPOK|P:0x
sEmpty	POK,pPOK|P:0x	rng	POK,pPOK|P:0x
sEmpty	POK,pPOK|P:0x	str	POK,pPOK|P:0x
sEmpty	POK,pPOK|P:0x	utf8	POK,pPOK,UTF8|P:0x
sEmpty	POK,pPOK|P:1	add	IOK,POK,pIOK,pPOK|P:1
sEmpty	POK,pPOK|P:1	bors	POK,pPOK|P:1
sEmpty	POK,pPOK|P:1	cat0	POK,pPOK|P:1
sEmpty	POK,pPOK|P:1	catx	POK,pPOK|P:1x
sEmpty	POK,pPOK|P:1	copy	POK,pPOK|P:1
sEmpty	POK,pPOK|P:1	dec	IOK,pIOK|N:0
sEmpty	POK,pPOK|P:1	fbors	POK,pPOK|P:1
sEmpty	POK,pPOK|P:1	inc	POK,pPOK|P:2
sEmpty	POK,pPOK|P:1	iv	IOK,POK,pIOK,pPOK|P:1
sEmpty	POK,pPOK|P:1	nv	NOK,POK,pNOK,pPOK|P:1
sEmpty	POK,pPOK|P:1	rng	IOK,NOK,POK,pIOK,pNOK,pPOK|P:1
sEmpty	POK,pPOK|P:1	str	POK,pPOK|P:1
sEmpty	POK,pPOK|P:1	utf8	POK,pPOK,UTF8|P:1
sEmpty	POK,pPOK|P:1x	add	POK,pIOK,pNOK,pPOK|P:1x
sEmpty	POK,pPOK|P:1x	bors	POK,pPOK|P:1x
sEmpty	POK,pPOK|P:1x	cat0	POK,pPOK|P:1x
sEmpty	POK,pPOK|P:1x	catx	POK,pPOK|P:1xx
sEmpty	POK,pPOK|P:1x	copy	POK,pPOK|P:1x
sEmpty	POK,pPOK|P:1x	dec	NOK,pNOK|N:0
sEmpty	POK,pPOK|P:1x	fbors	POK,pPOK|P:1x
sEmpty	POK,pPOK|P:1x	inc	NOK,pNOK|N:2
sEmpty	POK,pPOK|P:1x	iv	POK,pIOK,pNOK,pPOK|P:1x
sEmpty	POK,pPOK|P:1x	nv	POK,pNOK,pPOK|P:1x
sEmpty	POK,pPOK|P:1x	rng	POK,pPOK|P:1x
sEmpty	POK,pPOK|P:1x	str	POK,pPOK|P:1x
sEmpty	POK,pPOK|P:1x	utf8	POK,pPOK,UTF8|P:1x
sEmpty	POK,pPOK|P:1xx	add	POK,pIOK,pNOK,pPOK|P:1xx
sEmpty	POK,pPOK|P:1xx	bors	POK,pPOK|P:1xx
sEmpty	POK,pPOK|P:1xx	cat0	POK,pPOK|P:1xx
sEmpty	POK,pPOK|P:1xx	catx	POK,pPOK|P:1xxx
sEmpty	POK,pPOK|P:1xx	copy	POK,pPOK|P:1xx
sEmpty	POK,pPOK|P:1xx	dec	NOK,pNOK|N:0
sEmpty	POK,pPOK|P:1xx	fbors	POK,pPOK|P:1xx
sEmpty	POK,pPOK|P:1xx	inc	NOK,pNOK|N:2
sEmpty	POK,pPOK|P:1xx	iv	POK,pIOK,pNOK,pPOK|P:1xx
sEmpty	POK,pPOK|P:1xx	nv	POK,pNOK,pPOK|P:1xx
sEmpty	POK,pPOK|P:1xx	rng	POK,pPOK|P:1xx
sEmpty	POK,pPOK|P:1xx	str	POK,pPOK|P:1xx
sEmpty	POK,pPOK|P:1xx	utf8	POK,pPOK,UTF8|P:1xx
sEmpty	POK,pPOK|P:2	add	IOK,POK,pIOK,pPOK|P:2
sEmpty	POK,pPOK|P:2	bors	POK,pPOK|P:2
sEmpty	POK,pPOK|P:2	cat0	POK,pPOK|P:2
sEmpty	POK,pPOK|P:2	catx	POK,pPOK|P:2x
sEmpty	POK,pPOK|P:2	copy	POK,pPOK|P:2
sEmpty	POK,pPOK|P:2	dec	IOK,pIOK|N:1
sEmpty	POK,pPOK|P:2	fbors	POK,pPOK|P:2
sEmpty	POK,pPOK|P:2	inc	POK,pPOK|P:3
sEmpty	POK,pPOK|P:2	iv	IOK,POK,pIOK,pPOK|P:2
sEmpty	POK,pPOK|P:2	nv	NOK,POK,pNOK,pPOK|P:2
sEmpty	POK,pPOK|P:2	rng	IOK,NOK,POK,pIOK,pNOK,pPOK|P:2
sEmpty	POK,pPOK|P:2	str	POK,pPOK|P:2
sEmpty	POK,pPOK|P:2	utf8	POK,pPOK,UTF8|P:2
sEmpty	POK,pPOK|P:2x	add	POK,pIOK,pNOK,pPOK|P:2x
sEmpty	POK,pPOK|P:2x	bors	POK,pPOK|P:2x
sEmpty	POK,pPOK|P:2x	cat0	POK,pPOK|P:2x
sEmpty	POK,pPOK|P:2x	catx	POK,pPOK|P:2xx
sEmpty	POK,pPOK|P:2x	copy	POK,pPOK|P:2x
sEmpty	POK,pPOK|P:2x	dec	NOK,pNOK|N:1
sEmpty	POK,pPOK|P:2x	fbors	POK,pPOK|P:2x
sEmpty	POK,pPOK|P:2x	inc	NOK,pNOK|N:3
sEmpty	POK,pPOK|P:2x	iv	POK,pIOK,pNOK,pPOK|P:2x
sEmpty	POK,pPOK|P:2x	nv	POK,pNOK,pPOK|P:2x
sEmpty	POK,pPOK|P:2x	rng	POK,pPOK|P:2x
sEmpty	POK,pPOK|P:2x	str	POK,pPOK|P:2x
sEmpty	POK,pPOK|P:2x	utf8	POK,pPOK,UTF8|P:2x
sEmpty	POK,pPOK|P:x	add	POK,pIOK,pNOK,pPOK|P:x
sEmpty	POK,pPOK|P:x	bors	POK,pPOK|P:x
sEmpty	POK,pPOK|P:x	cat0	POK,pPOK|P:x
sEmpty	POK,pPOK|P:x	catx	POK,pPOK|P:xx
sEmpty	POK,pPOK|P:x	copy	POK,pPOK|P:x
sEmpty	POK,pPOK|P:x	dec	NOK,pNOK|N:-1
sEmpty	POK,pPOK|P:x	fbors	POK,pPOK|P:x
sEmpty	POK,pPOK|P:x	inc	POK,pPOK|P:y
sEmpty	POK,pPOK|P:x	iv	POK,pIOK,pNOK,pPOK|P:x
sEmpty	POK,pPOK|P:x	nv	POK,pNOK,pPOK|P:x
sEmpty	POK,pPOK|P:x	rng	POK,pPOK|P:x
sEmpty	POK,pPOK|P:x	str	POK,pPOK|P:x
sEmpty	POK,pPOK|P:x	utf8	POK,pPOK,UTF8|P:x
sEmpty	POK,pPOK|P:xx	add	POK,pIOK,pNOK,pPOK|P:xx
sEmpty	POK,pPOK|P:xx	bors	POK,pPOK|P:xx
sEmpty	POK,pPOK|P:xx	cat0	POK,pPOK|P:xx
sEmpty	POK,pPOK|P:xx	catx	POK,pPOK|P:xxx
sEmpty	POK,pPOK|P:xx	copy	POK,pPOK|P:xx
sEmpty	POK,pPOK|P:xx	dec	NOK,pNOK|N:-1
sEmpty	POK,pPOK|P:xx	fbors	POK,pPOK|P:xx
sEmpty	POK,pPOK|P:xx	inc	POK,pPOK|P:xy
sEmpty	POK,pPOK|P:xx	iv	POK,pIOK,pNOK,pPOK|P:xx
sEmpty	POK,pPOK|P:xx	nv	POK,pNOK,pPOK|P:xx
sEmpty	POK,pPOK|P:xx	rng	POK,pPOK|P:xx
sEmpty	POK,pPOK|P:xx	str	POK,pPOK|P:xx
sEmpty	POK,pPOK|P:xx	utf8	POK,pPOK,UTF8|P:xx
sEmpty	POK,pPOK|P:xxx	add	POK,pIOK,pNOK,pPOK|P:xxx
sEmpty	POK,pPOK|P:xxx	bors	POK,pPOK|P:xxx
sEmpty	POK,pPOK|P:xxx	cat0	POK,pPOK|P:xxx
sEmpty	POK,pPOK|P:xxx	catx	POK,pPOK|P:xxxx
sEmpty	POK,pPOK|P:xxx	copy	POK,pPOK|P:xxx
sEmpty	POK,pPOK|P:xxx	dec	NOK,pNOK|N:-1
sEmpty	POK,pPOK|P:xxx	fbors	POK,pPOK|P:xxx
sEmpty	POK,pPOK|P:xxx	inc	POK,pPOK|P:xxy
sEmpty	POK,pPOK|P:xxx	iv	POK,pIOK,pNOK,pPOK|P:xxx
sEmpty	POK,pPOK|P:xxx	nv	POK,pNOK,pPOK|P:xxx
sEmpty	POK,pPOK|P:xxx	rng	POK,pPOK|P:xxx
sEmpty	POK,pPOK|P:xxx	str	POK,pPOK|P:xxx
sEmpty	POK,pPOK|P:xxx	utf8	POK,pPOK,UTF8|P:xxx
sEmpty	POK,pPOK|P:xy	add	POK,pIOK,pNOK,pPOK|P:xy
sEmpty	POK,pPOK|P:xy	bors	POK,pPOK|P:xy
sEmpty	POK,pPOK|P:xy	cat0	POK,pPOK|P:xy
sEmpty	POK,pPOK|P:xy	catx	POK,pPOK|P:xyx
sEmpty	POK,pPOK|P:xy	copy	POK,pPOK|P:xy
sEmpty	POK,pPOK|P:xy	dec	NOK,pNOK|N:-1
sEmpty	POK,pPOK|P:xy	fbors	POK,pPOK|P:xy
sEmpty	POK,pPOK|P:xy	inc	POK,pPOK|P:xz
sEmpty	POK,pPOK|P:xy	iv	POK,pIOK,pNOK,pPOK|P:xy
sEmpty	POK,pPOK|P:xy	nv	POK,pNOK,pPOK|P:xy
sEmpty	POK,pPOK|P:xy	rng	POK,pPOK|P:xy
sEmpty	POK,pPOK|P:xy	str	POK,pPOK|P:xy
sEmpty	POK,pPOK|P:xy	utf8	POK,pPOK,UTF8|P:xy
sEmpty	POK,pPOK|P:y	add	POK,pIOK,pNOK,pPOK|P:y
sEmpty	POK,pPOK|P:y	bors	POK,pPOK|P:y
sEmpty	POK,pPOK|P:y	cat0	POK,pPOK|P:y
sEmpty	POK,pPOK|P:y	catx	POK,pPOK|P:yx
sEmpty	POK,pPOK|P:y	copy	POK,pPOK|P:y
sEmpty	POK,pPOK|P:y	dec	NOK,pNOK|N:-1
sEmpty	POK,pPOK|P:y	fbors	POK,pPOK|P:y
sEmpty	POK,pPOK|P:y	inc	POK,pPOK|P:z
sEmpty	POK,pPOK|P:y	iv	POK,pIOK,pNOK,pPOK|P:y
sEmpty	POK,pPOK|P:y	nv	POK,pNOK,pPOK|P:y
sEmpty	POK,pPOK|P:y	rng	POK,pPOK|P:y
sEmpty	POK,pPOK|P:y	str	POK,pPOK|P:y
sEmpty	POK,pPOK|P:y	utf8	POK,pPOK,UTF8|P:y
sEmpty	POK,pPOK|P:yx	add	POK,pIOK,pNOK,pPOK|P:yx
sEmpty	POK,pPOK|P:yx	bors	POK,pPOK|P:yx
sEmpty	POK,pPOK|P:yx	cat0	POK,pPOK|P:yx
sEmpty	POK,pPOK|P:yx	catx	POK,pPOK|P:yxx
sEmpty	POK,pPOK|P:yx	copy	POK,pPOK|P:yx
sEmpty	POK,pPOK|P:yx	dec	NOK,pNOK|N:-1
sEmpty	POK,pPOK|P:yx	fbors	POK,pPOK|P:yx
sEmpty	POK,pPOK|P:yx	inc	POK,pPOK|P:yy
sEmpty	POK,pPOK|P:yx	iv	POK,pIOK,pNOK,pPOK|P:yx
sEmpty	POK,pPOK|P:yx	nv	POK,pNOK,pPOK|P:yx
sEmpty	POK,pPOK|P:yx	rng	POK,pPOK|P:yx
sEmpty	POK,pPOK|P:yx	str	POK,pPOK|P:yx
sEmpty	POK,pPOK|P:yx	utf8	POK,pPOK,UTF8|P:yx
sEmpty	POK,pPOK|P:z	add	POK,pIOK,pNOK,pPOK|P:z
sEmpty	POK,pPOK|P:z	bors	POK,pPOK|P:z
sEmpty	POK,pPOK|P:z	cat0	POK,pPOK|P:z
sEmpty	POK,pPOK|P:z	catx	POK,pPOK|P:zx
sEmpty	POK,pPOK|P:z	copy	POK,pPOK|P:z
sEmpty	POK,pPOK|P:z	dec	NOK,pNOK|N:-1
sEmpty	POK,pPOK|P:z	fbors	POK,pPOK|P:z
sEmpty	POK,pPOK|P:z	inc	POK,pPOK|P:aa
sEmpty	POK,pPOK|P:z	iv	POK,pIOK,pNOK,pPOK|P:z
sEmpty	POK,pPOK|P:z	nv	POK,pNOK,pPOK|P:z
sEmpty	POK,pPOK|P:z	rng	POK,pPOK|P:z
sEmpty	POK,pPOK|P:z	str	POK,pPOK|P:z
sEmpty	POK,pPOK|P:z	utf8	POK,pPOK,UTF8|P:z
sInf	IOK,NOK,pIOK,pNOK|N:-1	add	IOK,NOK,pIOK,pNOK|N:-1
sInf	IOK,NOK,pIOK,pNOK|N:-1	bors	IOK,NOK,pIOK,pNOK|N:-1
sInf	IOK,NOK,pIOK,pNOK|N:-1	cat0	POK,pPOK|P:-1
sInf	IOK,NOK,pIOK,pNOK|N:-1	catx	POK,pPOK|P:-1x
sInf	IOK,NOK,pIOK,pNOK|N:-1	copy	IOK,NOK,pIOK,pNOK|N:-1
sInf	IOK,NOK,pIOK,pNOK|N:-1	dec	IOK,pIOK|N:-2
sInf	IOK,NOK,pIOK,pNOK|N:-1	fbors	IOK,NOK,pIOK,pNOK,pPOK|N:-1
sInf	IOK,NOK,pIOK,pNOK|N:-1	inc	IOK,pIOK|N:0
sInf	IOK,NOK,pIOK,pNOK|N:-1	iv	IOK,NOK,pIOK,pNOK|N:-1
sInf	IOK,NOK,pIOK,pNOK|N:-1	nv	IOK,NOK,pIOK,pNOK|N:-1
sInf	IOK,NOK,pIOK,pNOK|N:-1	rng	IOK,NOK,pIOK,pNOK|N:-1
sInf	IOK,NOK,pIOK,pNOK|N:-1	str	IOK,NOK,pIOK,pNOK,pPOK|N:-1
sInf	IOK,NOK,pIOK,pNOK|N:-1	utf8	POK,pPOK,UTF8|P:-1
sInf	IOK,pIOK|N:0	add	IOK,pIOK|N:0
sInf	IOK,pIOK|N:0	bors	IOK,pIOK|N:0
sInf	IOK,pIOK|N:0	cat0	POK,pPOK|P:0
sInf	IOK,pIOK|N:0	catx	POK,pPOK|P:0x
sInf	IOK,pIOK|N:0	copy	IOK,pIOK|N:0
sInf	IOK,pIOK|N:0	dec	IOK,pIOK|N:-1
sInf	IOK,pIOK|N:0	fbors	IOK,pIOK,pPOK|N:0
sInf	IOK,pIOK|N:0	inc	IOK,pIOK|N:1
sInf	IOK,pIOK|N:0	iv	IOK,pIOK|N:0
sInf	IOK,pIOK|N:0	nv	IOK,NOK,pIOK,pNOK|N:0
sInf	IOK,pIOK|N:0	rng	IOK,pIOK|N:0
sInf	IOK,pIOK|N:0	str	IOK,pIOK,pPOK|N:0
sInf	IOK,pIOK|N:0	utf8	POK,pPOK,UTF8|P:0
sInf	NOK,POK,pIOK,pNOK,pPOK,IsUV,UTF8|P:Inf	add	NOK,POK,pIOK,pNOK,pPOK,IsUV,UTF8|P:Inf
sInf	NOK,POK,pIOK,pNOK,pPOK,IsUV,UTF8|P:Inf	bors	NOK,POK,pIOK,pNOK,pPOK,IsUV,UTF8|P:Inf
sInf	NOK,POK,pIOK,pNOK,pPOK,IsUV,UTF8|P:Inf	cat0	POK,pPOK,UTF8|P:Inf
sInf	NOK,POK,pIOK,pNOK,pPOK,IsUV,UTF8|P:Inf	catx	POK,pPOK,UTF8|P:Infx
sInf	NOK,POK,pIOK,pNOK,pPOK,IsUV,UTF8|P:Inf	copy	NOK,POK,pIOK,pNOK,pPOK,IsUV,UTF8|P:Inf
sInf	NOK,POK,pIOK,pNOK,pPOK,IsUV,UTF8|P:Inf	dec	NOK,pNOK|N:Inf
sInf	NOK,POK,pIOK,pNOK,pPOK,IsUV,UTF8|P:Inf	fbors	NOK,POK,pIOK,pNOK,pPOK,IsUV,UTF8|P:Inf
sInf	NOK,POK,pIOK,pNOK,pPOK,IsUV,UTF8|P:Inf	inc	NOK,pNOK|N:Inf
sInf	NOK,POK,pIOK,pNOK,pPOK,IsUV,UTF8|P:Inf	iv	NOK,POK,pIOK,pNOK,pPOK,IsUV,UTF8|P:Inf
sInf	NOK,POK,pIOK,pNOK,pPOK,IsUV,UTF8|P:Inf	nv	NOK,POK,pIOK,pNOK,pPOK,IsUV,UTF8|P:Inf
sInf	NOK,POK,pIOK,pNOK,pPOK,IsUV,UTF8|P:Inf	rng	NOK,POK,pIOK,pNOK,pPOK,IsUV,UTF8|P:Inf
sInf	NOK,POK,pIOK,pNOK,pPOK,IsUV,UTF8|P:Inf	str	NOK,POK,pIOK,pNOK,pPOK,IsUV,UTF8|P:Inf
sInf	NOK,POK,pIOK,pNOK,pPOK,IsUV,UTF8|P:Inf	utf8	NOK,POK,pIOK,pNOK,pPOK,IsUV,UTF8|P:Inf
sInf	NOK,POK,pIOK,pNOK,pPOK,IsUV|P:Inf	add	NOK,POK,pIOK,pNOK,pPOK,IsUV|P:Inf
sInf	NOK,POK,pIOK,pNOK,pPOK,IsUV|P:Inf	bors	NOK,POK,pIOK,pNOK,pPOK,IsUV|P:Inf
sInf	NOK,POK,pIOK,pNOK,pPOK,IsUV|P:Inf	cat0	POK,pPOK|P:Inf
sInf	NOK,POK,pIOK,pNOK,pPOK,IsUV|P:Inf	catx	POK,pPOK|P:Infx
sInf	NOK,POK,pIOK,pNOK,pPOK,IsUV|P:Inf	copy	NOK,POK,pIOK,pNOK,pPOK,IsUV|P:Inf
sInf	NOK,POK,pIOK,pNOK,pPOK,IsUV|P:Inf	dec	NOK,pNOK|N:Inf
sInf	NOK,POK,pIOK,pNOK,pPOK,IsUV|P:Inf	fbors	NOK,POK,pIOK,pNOK,pPOK,IsUV|P:Inf
sInf	NOK,POK,pIOK,pNOK,pPOK,IsUV|P:Inf	inc	NOK,pNOK|N:Inf
sInf	NOK,POK,pIOK,pNOK,pPOK,IsUV|P:Inf	iv	NOK,POK,pIOK,pNOK,pPOK,IsUV|P:Inf
sInf	NOK,POK,pIOK,pNOK,pPOK,IsUV|P:Inf	nv	NOK,POK,pIOK,pNOK,pPOK,IsUV|P:Inf
sInf	NOK,POK,pIOK,pNOK,pPOK,IsUV|P:Inf	rng	NOK,POK,pIOK,pNOK,pPOK,IsUV|P:Inf
sInf	NOK,POK,pIOK,pNOK,pPOK,IsUV|P:Inf	str	NOK,POK,pIOK,pNOK,pPOK,IsUV|P:Inf
sInf	NOK,POK,pIOK,pNOK,pPOK,IsUV|P:Inf	utf8	NOK,POK,pIOK,pNOK,pPOK,IsUV,UTF8|P:Inf
sInf	NOK,POK,pNOK,pPOK,UTF8|P:Inf	add	NOK,POK,pIOK,pNOK,pPOK,IsUV,UTF8|P:Inf
sInf	NOK,POK,pNOK,pPOK,UTF8|P:Inf	bors	NOK,POK,pIOK,pNOK,pPOK,IsUV,UTF8|P:Inf
sInf	NOK,POK,pNOK,pPOK,UTF8|P:Inf	cat0	POK,pPOK,UTF8|P:Inf
sInf	NOK,POK,pNOK,pPOK,UTF8|P:Inf	catx	POK,pPOK,UTF8|P:Infx
sInf	NOK,POK,pNOK,pPOK,UTF8|P:Inf	copy	NOK,POK,pNOK,pPOK,UTF8|P:Inf
sInf	NOK,POK,pNOK,pPOK,UTF8|P:Inf	dec	NOK,pNOK|N:Inf
sInf	NOK,POK,pNOK,pPOK,UTF8|P:Inf	fbors	NOK,POK,pNOK,pPOK,UTF8|P:Inf
sInf	NOK,POK,pNOK,pPOK,UTF8|P:Inf	inc	NOK,pNOK|N:Inf
sInf	NOK,POK,pNOK,pPOK,UTF8|P:Inf	iv	NOK,POK,pIOK,pNOK,pPOK,IsUV,UTF8|P:Inf
sInf	NOK,POK,pNOK,pPOK,UTF8|P:Inf	nv	NOK,POK,pNOK,pPOK,UTF8|P:Inf
sInf	NOK,POK,pNOK,pPOK,UTF8|P:Inf	rng	NOK,POK,pIOK,pNOK,pPOK,IsUV,UTF8|P:Inf
sInf	NOK,POK,pNOK,pPOK,UTF8|P:Inf	str	NOK,POK,pNOK,pPOK,UTF8|P:Inf
sInf	NOK,POK,pNOK,pPOK,UTF8|P:Inf	utf8	NOK,POK,pNOK,pPOK,UTF8|P:Inf
sInf	NOK,POK,pNOK,pPOK|P:Inf	add	NOK,POK,pIOK,pNOK,pPOK,IsUV|P:Inf
sInf	NOK,POK,pNOK,pPOK|P:Inf	bors	NOK,POK,pIOK,pNOK,pPOK,IsUV|P:Inf
sInf	NOK,POK,pNOK,pPOK|P:Inf	cat0	POK,pPOK|P:Inf
sInf	NOK,POK,pNOK,pPOK|P:Inf	catx	POK,pPOK|P:Infx
sInf	NOK,POK,pNOK,pPOK|P:Inf	copy	NOK,POK,pNOK,pPOK|P:Inf
sInf	NOK,POK,pNOK,pPOK|P:Inf	dec	NOK,pNOK|N:Inf
sInf	NOK,POK,pNOK,pPOK|P:Inf	fbors	NOK,POK,pNOK,pPOK|P:Inf
sInf	NOK,POK,pNOK,pPOK|P:Inf	inc	NOK,pNOK|N:Inf
sInf	NOK,POK,pNOK,pPOK|P:Inf	iv	NOK,POK,pIOK,pNOK,pPOK,IsUV|P:Inf
sInf	NOK,POK,pNOK,pPOK|P:Inf	nv	NOK,POK,pNOK,pPOK|P:Inf
sInf	NOK,POK,pNOK,pPOK|P:Inf	rng	NOK,POK,pIOK,pNOK,pPOK,IsUV|P:Inf
sInf	NOK,POK,pNOK,pPOK|P:Inf	str	NOK,POK,pNOK,pPOK|P:Inf
sInf	NOK,POK,pNOK,pPOK|P:Inf	utf8	NOK,POK,pNOK,pPOK,UTF8|P:Inf
sInf	NOK,pIOK,pNOK,IsUV|N:Inf	add	NOK,pIOK,pNOK,IsUV|N:Inf
sInf	NOK,pIOK,pNOK,IsUV|N:Inf	bors	NOK,pIOK,pNOK,IsUV|N:Inf
sInf	NOK,pIOK,pNOK,IsUV|N:Inf	cat0	POK,pPOK|P:Inf
sInf	NOK,pIOK,pNOK,IsUV|N:Inf	catx	POK,pPOK|P:Infx
sInf	NOK,pIOK,pNOK,IsUV|N:Inf	copy	NOK,pIOK,pNOK,IsUV|N:Inf
sInf	NOK,pIOK,pNOK,IsUV|N:Inf	dec	NOK,pNOK|N:Inf
sInf	NOK,pIOK,pNOK,IsUV|N:Inf	fbors	NOK,pIOK,pNOK,pPOK,IsUV|N:Inf
sInf	NOK,pIOK,pNOK,IsUV|N:Inf	inc	NOK,pNOK|N:Inf
sInf	NOK,pIOK,pNOK,IsUV|N:Inf	iv	NOK,pIOK,pNOK,IsUV|N:Inf
sInf	NOK,pIOK,pNOK,IsUV|N:Inf	nv	NOK,pIOK,pNOK,IsUV|N:Inf
sInf	NOK,pIOK,pNOK,IsUV|N:Inf	rng	NOK,pIOK,pNOK,IsUV|N:Inf
sInf	NOK,pIOK,pNOK,IsUV|N:Inf	str	NOK,pIOK,pNOK,pPOK,IsUV|N:Inf
sInf	NOK,pIOK,pNOK,IsUV|N:Inf	utf8	POK,pPOK,UTF8|P:Inf
sInf	NOK,pIOK,pNOK,pPOK,IsUV|N:Inf	add	NOK,pIOK,pNOK,pPOK,IsUV|N:Inf
sInf	NOK,pIOK,pNOK,pPOK,IsUV|N:Inf	bors	NOK,pIOK,pNOK,pPOK,IsUV|N:Inf
sInf	NOK,pIOK,pNOK,pPOK,IsUV|N:Inf	cat0	POK,pPOK|P:Inf
sInf	NOK,pIOK,pNOK,pPOK,IsUV|N:Inf	catx	POK,pPOK|P:Infx
sInf	NOK,pIOK,pNOK,pPOK,IsUV|N:Inf	copy	NOK,pIOK,pNOK,pPOK,IsUV|N:Inf
sInf	NOK,pIOK,pNOK,pPOK,IsUV|N:Inf	dec	NOK,pNOK|N:Inf
sInf	NOK,pIOK,pNOK,pPOK,IsUV|N:Inf	fbors	NOK,pIOK,pNOK,pPOK,IsUV|N:Inf
sInf	NOK,pIOK,pNOK,pPOK,IsUV|N:Inf	inc	NOK,pNOK|N:Inf
sInf	NOK,pIOK,pNOK,pPOK,IsUV|N:Inf	iv	NOK,pIOK,pNOK,pPOK,IsUV|N:Inf
sInf	NOK,pIOK,pNOK,pPOK,IsUV|N:Inf	nv	NOK,pIOK,pNOK,pPOK,IsUV|N:Inf
sInf	NOK,pIOK,pNOK,pPOK,IsUV|N:Inf	rng	NOK,pIOK,pNOK,pPOK,IsUV|N:Inf
sInf	NOK,pIOK,pNOK,pPOK,IsUV|N:Inf	str	NOK,pIOK,pNOK,pPOK,IsUV|N:Inf
sInf	NOK,pIOK,pNOK,pPOK,IsUV|N:Inf	utf8	POK,pPOK,UTF8|P:Inf
sInf	NOK,pNOK,pPOK|N:Inf	add	NOK,pIOK,pNOK,pPOK,IsUV|N:Inf
sInf	NOK,pNOK,pPOK|N:Inf	bors	NOK,pIOK,pNOK,pPOK,IsUV|N:Inf
sInf	NOK,pNOK,pPOK|N:Inf	cat0	POK,pPOK|P:Inf
sInf	NOK,pNOK,pPOK|N:Inf	catx	POK,pPOK|P:Infx
sInf	NOK,pNOK,pPOK|N:Inf	copy	NOK,pNOK,pPOK|N:Inf
sInf	NOK,pNOK,pPOK|N:Inf	dec	NOK,pNOK|N:Inf
sInf	NOK,pNOK,pPOK|N:Inf	fbors	NOK,pNOK,pPOK|N:Inf
sInf	NOK,pNOK,pPOK|N:Inf	inc	NOK,pNOK|N:Inf
sInf	NOK,pNOK,pPOK|N:Inf	iv	NOK,pIOK,pNOK,pPOK,IsUV|N:Inf
sInf	NOK,pNOK,pPOK|N:Inf	nv	NOK,pNOK,pPOK|N:Inf
sInf	NOK,pNOK,pPOK|N:Inf	rng	NOK,pIOK,pNOK,pPOK,IsUV|N:Inf
sInf	NOK,pNOK,pPOK|N:Inf	str	NOK,pNOK,pPOK|N:Inf
sInf	NOK,pNOK,pPOK|N:Inf	utf8	POK,pPOK,UTF8|P:Inf
sInf	NOK,pNOK|N:-1	add	IOK,NOK,pIOK,pNOK|N:-1
sInf	NOK,pNOK|N:-1	bors	IOK,NOK,pIOK,pNOK|N:-1
sInf	NOK,pNOK|N:-1	cat0	POK,pPOK|P:-1
sInf	NOK,pNOK|N:-1	catx	POK,pPOK|P:-1x
sInf	NOK,pNOK|N:-1	copy	NOK,pNOK|N:-1
sInf	NOK,pNOK|N:-1	dec	NOK,pNOK|N:-2
sInf	NOK,pNOK|N:-1	fbors	NOK,pNOK|N:-1
sInf	NOK,pNOK|N:-1	inc	IOK,pIOK|N:0
sInf	NOK,pNOK|N:-1	iv	IOK,NOK,pIOK,pNOK|N:-1
sInf	NOK,pNOK|N:-1	nv	NOK,pNOK|N:-1
sInf	NOK,pNOK|N:-1	rng	IOK,NOK,pIOK,pNOK|N:-1
sInf	NOK,pNOK|N:-1	str	NOK,pNOK|N:-1
sInf	NOK,pNOK|N:-1	utf8	POK,pPOK,UTF8|P:-1
sInf	NOK,pNOK|N:-2	add	IOK,NOK,pIOK,pNOK|N:-2
sInf	NOK,pNOK|N:-2	bors	IOK,NOK,pIOK,pNOK|N:-2
sInf	NOK,pNOK|N:-2	cat0	POK,pPOK|P:-2
sInf	NOK,pNOK|N:-2	catx	POK,pPOK|P:-2x
sInf	NOK,pNOK|N:-2	copy	NOK,pNOK|N:-2
sInf	NOK,pNOK|N:-2	dec	NOK,pNOK|N:-3
sInf	NOK,pNOK|N:-2	fbors	NOK,pNOK|N:-2
sInf	NOK,pNOK|N:-2	inc	IOK,pIOK|N:-1
sInf	NOK,pNOK|N:-2	iv	IOK,NOK,pIOK,pNOK|N:-2
sInf	NOK,pNOK|N:-2	nv	NOK,pNOK|N:-2
sInf	NOK,pNOK|N:-2	rng	IOK,NOK,pIOK,pNOK|N:-2
sInf	NOK,pNOK|N:-2	str	NOK,pNOK|N:-2
sInf	NOK,pNOK|N:-2	utf8	POK,pPOK,UTF8|P:-2
sInf	NOK,pNOK|N:1	add	IOK,NOK,pIOK,pNOK|N:1
sInf	NOK,pNOK|N:1	bors	IOK,NOK,pIOK,pNOK|N:1
sInf	NOK,pNOK|N:1	cat0	POK,pPOK|P:1
sInf	NOK,pNOK|N:1	catx	POK,pPOK|P:1x
sInf	NOK,pNOK|N:1	copy	NOK,pNOK|N:1
sInf	NOK,pNOK|N:1	dec	NOK,pNOK|N:0
sInf	NOK,pNOK|N:1	fbors	NOK,pNOK|N:1
sInf	NOK,pNOK|N:1	inc	IOK,pIOK|N:2
sInf	NOK,pNOK|N:1	iv	IOK,NOK,pIOK,pNOK|N:1
sInf	NOK,pNOK|N:1	nv	NOK,pNOK|N:1
sInf	NOK,pNOK|N:1	rng	IOK,NOK,pIOK,pNOK|N:1
sInf	NOK,pNOK|N:1	str	NOK,pNOK|N:1
sInf	NOK,pNOK|N:1	utf8	POK,pPOK,UTF8|P:1
sInf	NOK,pNOK|N:Inf	add	NOK,pIOK,pNOK,IsUV|N:Inf
sInf	NOK,pNOK|N:Inf	bors	NOK,pIOK,pNOK,IsUV|N:Inf
sInf	NOK,pNOK|N:Inf	cat0	POK,pPOK|P:Inf
sInf	NOK,pNOK|N:Inf	catx	POK,pPOK|P:Infx
sInf	NOK,pNOK|N:Inf	copy	NOK,pNOK|N:Inf
sInf	NOK,pNOK|N:Inf	dec	NOK,pNOK|N:Inf
sInf	NOK,pNOK|N:Inf	fbors	NOK,pNOK,pPOK|N:Inf
sInf	NOK,pNOK|N:Inf	inc	NOK,pNOK|N:Inf
sInf	NOK,pNOK|N:Inf	iv	NOK,pIOK,pNOK,IsUV|N:Inf
sInf	NOK,pNOK|N:Inf	nv	NOK,pNOK|N:Inf
sInf	NOK,pNOK|N:Inf	rng	NOK,pIOK,pNOK,IsUV|N:Inf
sInf	NOK,pNOK|N:Inf	str	NOK,pNOK,pPOK|N:Inf
sInf	NOK,pNOK|N:Inf	utf8	POK,pPOK,UTF8|P:Inf
sInf	POK,pIOK,pNOK,pPOK,IsUV,UTF8|P:Infx	add	POK,pIOK,pNOK,pPOK,IsUV,UTF8|P:Infx
sInf	POK,pIOK,pNOK,pPOK,IsUV,UTF8|P:Infx	bors	POK,pIOK,pNOK,pPOK,IsUV,UTF8|P:Infx
sInf	POK,pIOK,pNOK,pPOK,IsUV,UTF8|P:Infx	cat0	POK,pIOK,pNOK,pPOK,IsUV,UTF8|P:Infx
sInf	POK,pIOK,pNOK,pPOK,IsUV,UTF8|P:Infx	catx	POK,pIOK,pNOK,pPOK,IsUV,UTF8|P:Infxx
sInf	POK,pIOK,pNOK,pPOK,IsUV,UTF8|P:Infx	copy	POK,pIOK,pNOK,pPOK,IsUV,UTF8|P:Infx
sInf	POK,pIOK,pNOK,pPOK,IsUV,UTF8|P:Infx	dec	NOK,pNOK|N:Inf
sInf	POK,pIOK,pNOK,pPOK,IsUV,UTF8|P:Infx	fbors	POK,pIOK,pNOK,pPOK,IsUV,UTF8|P:Infx
sInf	POK,pIOK,pNOK,pPOK,IsUV,UTF8|P:Infx	inc	NOK,pNOK|N:Inf
sInf	POK,pIOK,pNOK,pPOK,IsUV,UTF8|P:Infx	iv	POK,pIOK,pNOK,pPOK,IsUV,UTF8|P:Infx
sInf	POK,pIOK,pNOK,pPOK,IsUV,UTF8|P:Infx	nv	POK,pIOK,pNOK,pPOK,IsUV,UTF8|P:Infx
sInf	POK,pIOK,pNOK,pPOK,IsUV,UTF8|P:Infx	rng	POK,pIOK,pNOK,pPOK,IsUV,UTF8|P:Infx
sInf	POK,pIOK,pNOK,pPOK,IsUV,UTF8|P:Infx	str	POK,pIOK,pNOK,pPOK,IsUV,UTF8|P:Infx
sInf	POK,pIOK,pNOK,pPOK,IsUV,UTF8|P:Infx	utf8	POK,pIOK,pNOK,pPOK,IsUV,UTF8|P:Infx
sInf	POK,pIOK,pNOK,pPOK,IsUV|P:Infx	add	POK,pIOK,pNOK,pPOK,IsUV|P:Infx
sInf	POK,pIOK,pNOK,pPOK,IsUV|P:Infx	bors	POK,pIOK,pNOK,pPOK,IsUV|P:Infx
sInf	POK,pIOK,pNOK,pPOK,IsUV|P:Infx	cat0	POK,pIOK,pNOK,pPOK,IsUV|P:Infx
sInf	POK,pIOK,pNOK,pPOK,IsUV|P:Infx	catx	POK,pIOK,pNOK,pPOK,IsUV|P:Infxx
sInf	POK,pIOK,pNOK,pPOK,IsUV|P:Infx	copy	POK,pIOK,pNOK,pPOK,IsUV|P:Infx
sInf	POK,pIOK,pNOK,pPOK,IsUV|P:Infx	dec	NOK,pNOK|N:Inf
sInf	POK,pIOK,pNOK,pPOK,IsUV|P:Infx	fbors	POK,pIOK,pNOK,pPOK,IsUV|P:Infx
sInf	POK,pIOK,pNOK,pPOK,IsUV|P:Infx	inc	NOK,pNOK|N:Inf
sInf	POK,pIOK,pNOK,pPOK,IsUV|P:Infx	iv	POK,pIOK,pNOK,pPOK,IsUV|P:Infx
sInf	POK,pIOK,pNOK,pPOK,IsUV|P:Infx	nv	POK,pIOK,pNOK,pPOK,IsUV|P:Infx
sInf	POK,pIOK,pNOK,pPOK,IsUV|P:Infx	rng	POK,pIOK,pNOK,pPOK,IsUV|P:Infx
sInf	POK,pIOK,pNOK,pPOK,IsUV|P:Infx	str	POK,pIOK,pNOK,pPOK,IsUV|P:Infx
sInf	POK,pIOK,pNOK,pPOK,IsUV|P:Infx	utf8	POK,pIOK,pNOK,pPOK,IsUV,UTF8|P:Infx
sInf	POK,pIOK,pNOK,pPOK,IsUV|P:Infxx	add	POK,pIOK,pNOK,pPOK,IsUV|P:Infxx
sInf	POK,pIOK,pNOK,pPOK,IsUV|P:Infxx	bors	POK,pIOK,pNOK,pPOK,IsUV|P:Infxx
sInf	POK,pIOK,pNOK,pPOK,IsUV|P:Infxx	cat0	POK,pIOK,pNOK,pPOK,IsUV|P:Infxx
sInf	POK,pIOK,pNOK,pPOK,IsUV|P:Infxx	catx	POK,pIOK,pNOK,pPOK,IsUV|P:Infxxx
sInf	POK,pIOK,pNOK,pPOK,IsUV|P:Infxx	copy	POK,pIOK,pNOK,pPOK,IsUV|P:Infxx
sInf	POK,pIOK,pNOK,pPOK,IsUV|P:Infxx	dec	NOK,pNOK|N:Inf
sInf	POK,pIOK,pNOK,pPOK,IsUV|P:Infxx	fbors	POK,pIOK,pNOK,pPOK,IsUV|P:Infxx
sInf	POK,pIOK,pNOK,pPOK,IsUV|P:Infxx	inc	NOK,pNOK|N:Inf
sInf	POK,pIOK,pNOK,pPOK,IsUV|P:Infxx	iv	POK,pIOK,pNOK,pPOK,IsUV|P:Infxx
sInf	POK,pIOK,pNOK,pPOK,IsUV|P:Infxx	nv	POK,pIOK,pNOK,pPOK,IsUV|P:Infxx
sInf	POK,pIOK,pNOK,pPOK,IsUV|P:Infxx	rng	POK,pIOK,pNOK,pPOK,IsUV|P:Infxx
sInf	POK,pIOK,pNOK,pPOK,IsUV|P:Infxx	str	POK,pIOK,pNOK,pPOK,IsUV|P:Infxx
sInf	POK,pIOK,pNOK,pPOK,IsUV|P:Infxx	utf8	POK,pIOK,pNOK,pPOK,IsUV,UTF8|P:Infxx
sInf	POK,pIOK,pNOK,pPOK,IsUV|P:Infy	add	POK,pIOK,pNOK,pPOK,IsUV|P:Infy
sInf	POK,pIOK,pNOK,pPOK,IsUV|P:Infy	bors	POK,pIOK,pNOK,pPOK,IsUV|P:Infy
sInf	POK,pIOK,pNOK,pPOK,IsUV|P:Infy	cat0	POK,pIOK,pNOK,pPOK,IsUV|P:Infy
sInf	POK,pIOK,pNOK,pPOK,IsUV|P:Infy	catx	POK,pIOK,pNOK,pPOK,IsUV|P:Infyx
sInf	POK,pIOK,pNOK,pPOK,IsUV|P:Infy	copy	POK,pIOK,pNOK,pPOK,IsUV|P:Infy
sInf	POK,pIOK,pNOK,pPOK,IsUV|P:Infy	dec	NOK,pNOK|N:Inf
sInf	POK,pIOK,pNOK,pPOK,IsUV|P:Infy	fbors	POK,pIOK,pNOK,pPOK,IsUV|P:Infy
sInf	POK,pIOK,pNOK,pPOK,IsUV|P:Infy	inc	NOK,pNOK|N:Inf
sInf	POK,pIOK,pNOK,pPOK,IsUV|P:Infy	iv	POK,pIOK,pNOK,pPOK,IsUV|P:Infy
sInf	POK,pIOK,pNOK,pPOK,IsUV|P:Infy	nv	POK,pIOK,pNOK,pPOK,IsUV|P:Infy
sInf	POK,pIOK,pNOK,pPOK,IsUV|P:Infy	rng	POK,pIOK,pNOK,pPOK,IsUV|P:Infy
sInf	POK,pIOK,pNOK,pPOK,IsUV|P:Infy	str	POK,pIOK,pNOK,pPOK,IsUV|P:Infy
sInf	POK,pIOK,pNOK,pPOK,IsUV|P:Infy	utf8	POK,pIOK,pNOK,pPOK,IsUV,UTF8|P:Infy
sInf	POK,pIOK,pNOK,pPOK,UTF8|P:Ing	add	POK,pIOK,pNOK,pPOK,UTF8|P:Ing
sInf	POK,pIOK,pNOK,pPOK,UTF8|P:Ing	bors	POK,pIOK,pNOK,pPOK,UTF8|P:Ing
sInf	POK,pIOK,pNOK,pPOK,UTF8|P:Ing	cat0	POK,pIOK,pNOK,pPOK,UTF8|P:Ing
sInf	POK,pIOK,pNOK,pPOK,UTF8|P:Ing	catx	POK,pIOK,pNOK,pPOK,UTF8|P:Ingx
sInf	POK,pIOK,pNOK,pPOK,UTF8|P:Ing	copy	POK,pIOK,pNOK,pPOK,UTF8|P:Ing
sInf	POK,pIOK,pNOK,pPOK,UTF8|P:Ing	dec	NOK,pNOK|N:-1
sInf	POK,pIOK,pNOK,pPOK,UTF8|P:Ing	fbors	POK,pIOK,pNOK,pPOK,UTF8|P:Ing
sInf	POK,pIOK,pNOK,pPOK,UTF8|P:Ing	inc	NOK,pNOK|N:1
sInf	POK,pIOK,pNOK,pPOK,UTF8|P:Ing	iv	POK,pIOK,pNOK,pPOK,UTF8|P:Ing
sInf	POK,pIOK,pNOK,pPOK,UTF8|P:Ing	nv	POK,pIOK,pNOK,pPOK,UTF8|P:Ing
sInf	POK,pIOK,pNOK,pPOK,UTF8|P:Ing	rng	POK,pIOK,pNOK,pPOK,UTF8|P:Ing
sInf	POK,pIOK,pNOK,pPOK,UTF8|P:Ing	str	POK,pIOK,pNOK,pPOK,UTF8|P:Ing
sInf	POK,pIOK,pNOK,pPOK,UTF8|P:Ing	utf8	POK,pIOK,pNOK,pPOK,UTF8|P:Ing
sInf	POK,pIOK,pNOK,pPOK|P:Ing	add	POK,pIOK,pNOK,pPOK|P:Ing
sInf	POK,pIOK,pNOK,pPOK|P:Ing	bors	POK,pIOK,pNOK,pPOK|P:Ing
sInf	POK,pIOK,pNOK,pPOK|P:Ing	cat0	POK,pIOK,pNOK,pPOK|P:Ing
sInf	POK,pIOK,pNOK,pPOK|P:Ing	catx	POK,pIOK,pNOK,pPOK|P:Ingx
sInf	POK,pIOK,pNOK,pPOK|P:Ing	copy	POK,pIOK,pNOK,pPOK|P:Ing
sInf	POK,pIOK,pNOK,pPOK|P:Ing	dec	NOK,pNOK|N:-1
sInf	POK,pIOK,pNOK,pPOK|P:Ing	fbors	POK,pIOK,pNOK,pPOK|P:Ing
sInf	POK,pIOK,pNOK,pPOK|P:Ing	inc	NOK,pNOK|N:1
sInf	POK,pIOK,pNOK,pPOK|P:Ing	iv	POK,pIOK,pNOK,pPOK|P:Ing
sInf	POK,pIOK,pNOK,pPOK|P:Ing	nv	POK,pIOK,pNOK,pPOK|P:Ing
sInf	POK,pIOK,pNOK,pPOK|P:Ing	rng	POK,pIOK,pNOK,pPOK|P:Ing
sInf	POK,pIOK,pNOK,pPOK|P:Ing	str	POK,pIOK,pNOK,pPOK|P:Ing
sInf	POK,pIOK,pNOK,pPOK|P:Ing	utf8	POK,pIOK,pNOK,pPOK,UTF8|P:Ing
sInf	POK,pIOK,pNOK,pPOK|P:Ingx	add	POK,pIOK,pNOK,pPOK|P:Ingx
sInf	POK,pIOK,pNOK,pPOK|P:Ingx	bors	POK,pIOK,pNOK,pPOK|P:Ingx
sInf	POK,pIOK,pNOK,pPOK|P:Ingx	cat0	POK,pIOK,pNOK,pPOK|P:Ingx
sInf	POK,pIOK,pNOK,pPOK|P:Ingx	catx	POK,pIOK,pNOK,pPOK|P:Ingxx
sInf	POK,pIOK,pNOK,pPOK|P:Ingx	copy	POK,pIOK,pNOK,pPOK|P:Ingx
sInf	POK,pIOK,pNOK,pPOK|P:Ingx	dec	NOK,pNOK|N:-1
sInf	POK,pIOK,pNOK,pPOK|P:Ingx	fbors	POK,pIOK,pNOK,pPOK|P:Ingx
sInf	POK,pIOK,pNOK,pPOK|P:Ingx	inc	NOK,pNOK|N:1
sInf	POK,pIOK,pNOK,pPOK|P:Ingx	iv	POK,pIOK,pNOK,pPOK|P:Ingx
sInf	POK,pIOK,pNOK,pPOK|P:Ingx	nv	POK,pIOK,pNOK,pPOK|P:Ingx
sInf	POK,pIOK,pNOK,pPOK|P:Ingx	rng	POK,pIOK,pNOK,pPOK|P:Ingx
sInf	POK,pIOK,pNOK,pPOK|P:Ingx	str	POK,pIOK,pNOK,pPOK|P:Ingx
sInf	POK,pIOK,pNOK,pPOK|P:Ingx	utf8	POK,pIOK,pNOK,pPOK,UTF8|P:Ingx
sInf	POK,pIOK,pNOK,pPOK|P:Inh	add	POK,pIOK,pNOK,pPOK|P:Inh
sInf	POK,pIOK,pNOK,pPOK|P:Inh	bors	POK,pIOK,pNOK,pPOK|P:Inh
sInf	POK,pIOK,pNOK,pPOK|P:Inh	cat0	POK,pIOK,pNOK,pPOK|P:Inh
sInf	POK,pIOK,pNOK,pPOK|P:Inh	catx	POK,pIOK,pNOK,pPOK|P:Inhx
sInf	POK,pIOK,pNOK,pPOK|P:Inh	copy	POK,pIOK,pNOK,pPOK|P:Inh
sInf	POK,pIOK,pNOK,pPOK|P:Inh	dec	NOK,pNOK|N:-1
sInf	POK,pIOK,pNOK,pPOK|P:Inh	fbors	POK,pIOK,pNOK,pPOK|P:Inh
sInf	POK,pIOK,pNOK,pPOK|P:Inh	inc	NOK,pNOK|N:1
sInf	POK,pIOK,pNOK,pPOK|P:Inh	iv	POK,pIOK,pNOK,pPOK|P:Inh
sInf	POK,pIOK,pNOK,pPOK|P:Inh	nv	POK,pIOK,pNOK,pPOK|P:Inh
sInf	POK,pIOK,pNOK,pPOK|P:Inh	rng	POK,pIOK,pNOK,pPOK|P:Inh
sInf	POK,pIOK,pNOK,pPOK|P:Inh	str	POK,pIOK,pNOK,pPOK|P:Inh
sInf	POK,pIOK,pNOK,pPOK|P:Inh	utf8	POK,pIOK,pNOK,pPOK,UTF8|P:Inh
sInf	POK,pNOK,pPOK,UTF8|P:Infx	add	POK,pIOK,pNOK,pPOK,IsUV,UTF8|P:Infx
sInf	POK,pNOK,pPOK,UTF8|P:Infx	bors	POK,pIOK,pNOK,pPOK,IsUV,UTF8|P:Infx
sInf	POK,pNOK,pPOK,UTF8|P:Infx	cat0	POK,pNOK,pPOK,UTF8|P:Infx
sInf	POK,pNOK,pPOK,UTF8|P:Infx	catx	POK,pNOK,pPOK,UTF8|P:Infxx
sInf	POK,pNOK,pPOK,UTF8|P:Infx	copy	POK,pNOK,pPOK,UTF8|P:Infx
sInf	POK,pNOK,pPOK,UTF8|P:Infx	dec	NOK,pNOK|N:Inf
sInf	POK,pNOK,pPOK,UTF8|P:Infx	fbors	POK,pNOK,pPOK,UTF8|P:Infx
sInf	POK,pNOK,pPOK,UTF8|P:Infx	inc	NOK,pNOK|N:Inf
sInf	POK,pNOK,pPOK,UTF8|P:Infx	iv	POK,pIOK,pNOK,pPOK,IsUV,UTF8|P:Infx
sInf	POK,pNOK,pPOK,UTF8|P:Infx	nv	POK,pNOK,pPOK,UTF8|P:Infx
sInf	POK,pNOK,pPOK,UTF8|P:Infx	rng	POK,pIOK,pNOK,pPOK,IsUV,UTF8|P:Infx
sInf	POK,pNOK,pPOK,UTF8|P:Infx	str	POK,pNOK,pPOK,UTF8|P:Infx
sInf	POK,pNOK,pPOK,UTF8|P:Infx	utf8	POK,pNOK,pPOK,UTF8|P:Infx
sInf	POK,pNOK,pPOK,UTF8|P:Ing	add	POK,pIOK,pNOK,pPOK,UTF8|P:Ing
sInf	POK,pNOK,pPOK,UTF8|P:Ing	bors	POK,pIOK,pNOK,pPOK,UTF8|P:Ing
sInf	POK,pNOK,pPOK,UTF8|P:Ing	cat0	POK,pNOK,pPOK,UTF8|P:Ing
sInf	POK,pNOK,pPOK,UTF8|P:Ing	catx	POK,pNOK,pPOK,UTF8|P:Ingx
sInf	POK,pNOK,pPOK,UTF8|P:Ing	copy	POK,pNOK,pPOK,UTF8|P:Ing
sInf	POK,pNOK,pPOK,UTF8|P:Ing	dec	NOK,pNOK|N:-1
sInf	POK,pNOK,pPOK,UTF8|P:Ing	fbors	POK,pNOK,pPOK,UTF8|P:Ing
sInf	POK,pNOK,pPOK,UTF8|P:Ing	inc	NOK,pNOK|N:1
sInf	POK,pNOK,pPOK,UTF8|P:Ing	iv	POK,pIOK,pNOK,pPOK,UTF8|P:Ing
sInf	POK,pNOK,pPOK,UTF8|P:Ing	nv	POK,pNOK,pPOK,UTF8|P:Ing
sInf	POK,pNOK,pPOK,UTF8|P:Ing	rng	POK,pIOK,pNOK,pPOK,UTF8|P:Ing
sInf	POK,pNOK,pPOK,UTF8|P:Ing	str	POK,pNOK,pPOK,UTF8|P:Ing
sInf	POK,pNOK,pPOK,UTF8|P:Ing	utf8	POK,pNOK,pPOK,UTF8|P:Ing
sInf	POK,pNOK,pPOK|P:Infx	add	POK,pIOK,pNOK,pPOK,IsUV|P:Infx
sInf	POK,pNOK,pPOK|P:Infx	bors	POK,pIOK,pNOK,pPOK,IsUV|P:Infx
sInf	POK,pNOK,pPOK|P:Infx	cat0	POK,pNOK,pPOK|P:Infx
sInf	POK,pNOK,pPOK|P:Infx	catx	POK,pNOK,pPOK|P:Infxx
sInf	POK,pNOK,pPOK|P:Infx	copy	POK,pNOK,pPOK|P:Infx
sInf	POK,pNOK,pPOK|P:Infx	dec	NOK,pNOK|N:Inf
sInf	POK,pNOK,pPOK|P:Infx	fbors	POK,pNOK,pPOK|P:Infx
sInf	POK,pNOK,pPOK|P:Infx	inc	NOK,pNOK|N:Inf
sInf	POK,pNOK,pPOK|P:Infx	iv	POK,pIOK,pNOK,pPOK,IsUV|P:Infx
sInf	POK,pNOK,pPOK|P:Infx	nv	POK,pNOK,pPOK|P:Infx
sInf	POK,pNOK,pPOK|P:Infx	rng	POK,pIOK,pNOK,pPOK,IsUV|P:Infx
sInf	POK,pNOK,pPOK|P:Infx	str	POK,pNOK,pPOK|P:Infx
sInf	POK,pNOK,pPOK|P:Infx	utf8	POK,pNOK,pPOK,UTF8|P:Infx
sInf	POK,pNOK,pPOK|P:Infxx	add	POK,pIOK,pNOK,pPOK,IsUV|P:Infxx
sInf	POK,pNOK,pPOK|P:Infxx	bors	POK,pIOK,pNOK,pPOK,IsUV|P:Infxx
sInf	POK,pNOK,pPOK|P:Infxx	cat0	POK,pNOK,pPOK|P:Infxx
sInf	POK,pNOK,pPOK|P:Infxx	catx	POK,pNOK,pPOK|P:Infxxx
sInf	POK,pNOK,pPOK|P:Infxx	copy	POK,pNOK,pPOK|P:Infxx
sInf	POK,pNOK,pPOK|P:Infxx	dec	NOK,pNOK|N:Inf
sInf	POK,pNOK,pPOK|P:Infxx	fbors	POK,pNOK,pPOK|P:Infxx
sInf	POK,pNOK,pPOK|P:Infxx	inc	NOK,pNOK|N:Inf
sInf	POK,pNOK,pPOK|P:Infxx	iv	POK,pIOK,pNOK,pPOK,IsUV|P:Infxx
sInf	POK,pNOK,pPOK|P:Infxx	nv	POK,pNOK,pPOK|P:Infxx
sInf	POK,pNOK,pPOK|P:Infxx	rng	POK,pIOK,pNOK,pPOK,IsUV|P:Infxx
sInf	POK,pNOK,pPOK|P:Infxx	str	POK,pNOK,pPOK|P:Infxx
sInf	POK,pNOK,pPOK|P:Infxx	utf8	POK,pNOK,pPOK,UTF8|P:Infxx
sInf	POK,pNOK,pPOK|P:Infy	add	POK,pIOK,pNOK,pPOK,IsUV|P:Infy
sInf	POK,pNOK,pPOK|P:Infy	bors	POK,pIOK,pNOK,pPOK,IsUV|P:Infy
sInf	POK,pNOK,pPOK|P:Infy	cat0	POK,pNOK,pPOK|P:Infy
sInf	POK,pNOK,pPOK|P:Infy	catx	POK,pNOK,pPOK|P:Infyx
sInf	POK,pNOK,pPOK|P:Infy	copy	POK,pNOK,pPOK|P:Infy
sInf	POK,pNOK,pPOK|P:Infy	dec	NOK,pNOK|N:Inf
sInf	POK,pNOK,pPOK|P:Infy	fbors	POK,pNOK,pPOK|P:Infy
sInf	POK,pNOK,pPOK|P:Infy	inc	NOK,pNOK|N:Inf
sInf	POK,pNOK,pPOK|P:Infy	iv	POK,pIOK,pNOK,pPOK,IsUV|P:Infy
sInf	POK,pNOK,pPOK|P:Infy	nv	POK,pNOK,pPOK|P:Infy
sInf	POK,pNOK,pPOK|P:Infy	rng	POK,pIOK,pNOK,pPOK,IsUV|P:Infy
sInf	POK,pNOK,pPOK|P:Infy	str	POK,pNOK,pPOK|P:Infy
sInf	POK,pNOK,pPOK|P:Infy	utf8	POK,pNOK,pPOK,UTF8|P:Infy
sInf	POK,pNOK,pPOK|P:Ing	add	POK,pIOK,pNOK,pPOK|P:Ing
sInf	POK,pNOK,pPOK|P:Ing	bors	POK,pIOK,pNOK,pPOK|P:Ing
sInf	POK,pNOK,pPOK|P:Ing	cat0	POK,pNOK,pPOK|P:Ing
sInf	POK,pNOK,pPOK|P:Ing	catx	POK,pNOK,pPOK|P:Ingx
sInf	POK,pNOK,pPOK|P:Ing	copy	POK,pNOK,pPOK|P:Ing
sInf	POK,pNOK,pPOK|P:Ing	dec	NOK,pNOK|N:-1
sInf	POK,pNOK,pPOK|P:Ing	fbors	POK,pNOK,pPOK|P:Ing
sInf	POK,pNOK,pPOK|P:Ing	inc	NOK,pNOK|N:1
sInf	POK,pNOK,pPOK|P:Ing	iv	POK,pIOK,pNOK,pPOK|P:Ing
sInf	POK,pNOK,pPOK|P:Ing	nv	POK,pNOK,pPOK|P:Ing
sInf	POK,pNOK,pPOK|P:Ing	rng	POK,pIOK,pNOK,pPOK|P:Ing
sInf	POK,pNOK,pPOK|P:Ing	str	POK,pNOK,pPOK|P:Ing
sInf	POK,pNOK,pPOK|P:Ing	utf8	POK,pNOK,pPOK,UTF8|P:Ing
sInf	POK,pNOK,pPOK|P:Ingx	add	POK,pIOK,pNOK,pPOK|P:Ingx
sInf	POK,pNOK,pPOK|P:Ingx	bors	POK,pIOK,pNOK,pPOK|P:Ingx
sInf	POK,pNOK,pPOK|P:Ingx	cat0	POK,pNOK,pPOK|P:Ingx
sInf	POK,pNOK,pPOK|P:Ingx	catx	POK,pNOK,pPOK|P:Ingxx
sInf	POK,pNOK,pPOK|P:Ingx	copy	POK,pNOK,pPOK|P:Ingx
sInf	POK,pNOK,pPOK|P:Ingx	dec	NOK,pNOK|N:-1
sInf	POK,pNOK,pPOK|P:Ingx	fbors	POK,pNOK,pPOK|P:Ingx
sInf	POK,pNOK,pPOK|P:Ingx	inc	NOK,pNOK|N:1
sInf	POK,pNOK,pPOK|P:Ingx	iv	POK,pIOK,pNOK,pPOK|P:Ingx
sInf	POK,pNOK,pPOK|P:Ingx	nv	POK,pNOK,pPOK|P:Ingx
sInf	POK,pNOK,pPOK|P:Ingx	rng	POK,pIOK,pNOK,pPOK|P:Ingx
sInf	POK,pNOK,pPOK|P:Ingx	str	POK,pNOK,pPOK|P:Ingx
sInf	POK,pNOK,pPOK|P:Ingx	utf8	POK,pNOK,pPOK,UTF8|P:Ingx
sInf	POK,pNOK,pPOK|P:Inh	add	POK,pIOK,pNOK,pPOK|P:Inh
sInf	POK,pNOK,pPOK|P:Inh	bors	POK,pIOK,pNOK,pPOK|P:Inh
sInf	POK,pNOK,pPOK|P:Inh	cat0	POK,pNOK,pPOK|P:Inh
sInf	POK,pNOK,pPOK|P:Inh	catx	POK,pNOK,pPOK|P:Inhx
sInf	POK,pNOK,pPOK|P:Inh	copy	POK,pNOK,pPOK|P:Inh
sInf	POK,pNOK,pPOK|P:Inh	dec	NOK,pNOK|N:-1
sInf	POK,pNOK,pPOK|P:Inh	fbors	POK,pNOK,pPOK|P:Inh
sInf	POK,pNOK,pPOK|P:Inh	inc	NOK,pNOK|N:1
sInf	POK,pNOK,pPOK|P:Inh	iv	POK,pIOK,pNOK,pPOK|P:Inh
sInf	POK,pNOK,pPOK|P:Inh	nv	POK,pNOK,pPOK|P:Inh
sInf	POK,pNOK,pPOK|P:Inh	rng	POK,pIOK,pNOK,pPOK|P:Inh
sInf	POK,pNOK,pPOK|P:Inh	str	POK,pNOK,pPOK|P:Inh
sInf	POK,pNOK,pPOK|P:Inh	utf8	POK,pNOK,pPOK,UTF8|P:Inh
sInf	POK,pPOK,UTF8|P:-1	add	IOK,POK,pIOK,pPOK,UTF8|P:-1
sInf	POK,pPOK,UTF8|P:-1	bors	POK,pPOK,UTF8|P:-1
sInf	POK,pPOK,UTF8|P:-1	cat0	POK,pPOK,UTF8|P:-1
sInf	POK,pPOK,UTF8|P:-1	catx	POK,pPOK,UTF8|P:-1x
sInf	POK,pPOK,UTF8|P:-1	copy	POK,pPOK,UTF8|P:-1
sInf	POK,pPOK,UTF8|P:-1	dec	IOK,pIOK|N:-2
sInf	POK,pPOK,UTF8|P:-1	fbors	POK,pPOK,UTF8|P:-1
sInf	POK,pPOK,UTF8|P:-1	inc	IOK,pIOK|N:0
sInf	POK,pPOK,UTF8|P:-1	iv	IOK,POK,pIOK,pPOK,UTF8|P:-1
sInf	POK,pPOK,UTF8|P:-1	nv	NOK,POK,pNOK,pPOK,UTF8|P:-1
sInf	POK,pPOK,UTF8|P:-1	rng	IOK,NOK,POK,pIOK,pNOK,pPOK,UTF8|P:-1
sInf	POK,pPOK,UTF8|P:-1	str	POK,pPOK,UTF8|P:-1
sInf	POK,pPOK,UTF8|P:-1	utf8	POK,pPOK,UTF8|P:-1
sInf	POK,pPOK,UTF8|P:Inf	add	NOK,POK,pIOK,pNOK,pPOK,IsUV|P:Inf
sInf	POK,pPOK,UTF8|P:Inf	bors	POK,pPOK,UTF8|P:Inf
sInf	POK,pPOK,UTF8|P:Inf	cat0	POK,pPOK,UTF8|P:Inf
sInf	POK,pPOK,UTF8|P:Inf	catx	POK,pPOK,UTF8|P:Infx
sInf	POK,pPOK,UTF8|P:Inf	copy	POK,pPOK,UTF8|P:Inf
sInf	POK,pPOK,UTF8|P:Inf	dec	NOK,pNOK|N:Inf
sInf	POK,pPOK,UTF8|P:Inf	fbors	POK,pPOK,UTF8|P:Inf
sInf	POK,pPOK,UTF8|P:Inf	inc	POK,pPOK,UTF8|P:Ing
sInf	POK,pPOK,UTF8|P:Inf	iv	NOK,POK,pIOK,pNOK,pPOK,IsUV|P:Inf
sInf	POK,pPOK,UTF8|P:Inf	nv	NOK,POK,pNOK,pPOK,UTF8|P:Inf
sInf	POK,pPOK,UTF8|P:Inf	rng	NOK,POK,pIOK,pNOK,pPOK,IsUV,UTF8|P:Inf
sInf	POK,pPOK,UTF8|P:Inf	str	POK,pPOK,UTF8|P:Inf
sInf	POK,pPOK,UTF8|P:Inf	utf8	POK,pPOK,UTF8|P:Inf
sInf	POK,pPOK,UTF8|P:Infx	add	POK,pIOK,pNOK,pPOK,IsUV,UTF8|P:Infx
sInf	POK,pPOK,UTF8|P:Infx	bors	POK,pPOK,UTF8|P:Infx
sInf	POK,pPOK,UTF8|P:Infx	cat0	POK,pPOK,UTF8|P:Infx
sInf	POK,pPOK,UTF8|P:Infx	catx	POK,pPOK,UTF8|P:Infxx
sInf	POK,pPOK,UTF8|P:Infx	copy	POK,pPOK,UTF8|P:Infx
sInf	POK,pPOK,UTF8|P:Infx	dec	NOK,pNOK|N:Inf
sInf	POK,pPOK,UTF8|P:Infx	fbors	POK,pPOK,UTF8|P:Infx
sInf	POK,pPOK,UTF8|P:Infx	inc	POK,pPOK,UTF8|P:Infy
sInf	POK,pPOK,UTF8|P:Infx	iv	POK,pIOK,pNOK,pPOK,IsUV,UTF8|P:Infx
sInf	POK,pPOK,UTF8|P:Infx	nv	POK,pNOK,pPOK,UTF8|P:Infx
sInf	POK,pPOK,UTF8|P:Infx	rng	POK,pPOK,UTF8|P:Infx
sInf	POK,pPOK,UTF8|P:Infx	str	POK,pPOK,UTF8|P:Infx
sInf	POK,pPOK,UTF8|P:Infx	utf8	POK,pPOK,UTF8|P:Infx
sInf	POK,pPOK,UTF8|P:Infxx	add	POK,pIOK,pNOK,pPOK,IsUV,UTF8|P:Infxx
sInf	POK,pPOK,UTF8|P:Infxx	bors	POK,pPOK,UTF8|P:Infxx
sInf	POK,pPOK,UTF8|P:Infxx	cat0	POK,pPOK,UTF8|P:Infxx
sInf	POK,pPOK,UTF8|P:Infxx	catx	POK,pPOK,UTF8|P:Infxxx
sInf	POK,pPOK,UTF8|P:Infxx	copy	POK,pPOK,UTF8|P:Infxx
sInf	POK,pPOK,UTF8|P:Infxx	dec	NOK,pNOK|N:Inf
sInf	POK,pPOK,UTF8|P:Infxx	fbors	POK,pPOK,UTF8|P:Infxx
sInf	POK,pPOK,UTF8|P:Infxx	inc	POK,pPOK,UTF8|P:Infxy
sInf	POK,pPOK,UTF8|P:Infxx	iv	POK,pIOK,pNOK,pPOK,IsUV,UTF8|P:Infxx
sInf	POK,pPOK,UTF8|P:Infxx	nv	POK,pNOK,pPOK,UTF8|P:Infxx
sInf	POK,pPOK,UTF8|P:Infxx	rng	POK,pPOK,UTF8|P:Infxx
sInf	POK,pPOK,UTF8|P:Infxx	str	POK,pPOK,UTF8|P:Infxx
sInf	POK,pPOK,UTF8|P:Infxx	utf8	POK,pPOK,UTF8|P:Infxx
sInf	POK,pPOK,UTF8|P:Infy	add	POK,pIOK,pNOK,pPOK,IsUV,UTF8|P:Infy
sInf	POK,pPOK,UTF8|P:Infy	bors	POK,pPOK,UTF8|P:Infy
sInf	POK,pPOK,UTF8|P:Infy	cat0	POK,pPOK,UTF8|P:Infy
sInf	POK,pPOK,UTF8|P:Infy	catx	POK,pPOK,UTF8|P:Infyx
sInf	POK,pPOK,UTF8|P:Infy	copy	POK,pPOK,UTF8|P:Infy
sInf	POK,pPOK,UTF8|P:Infy	dec	NOK,pNOK|N:Inf
sInf	POK,pPOK,UTF8|P:Infy	fbors	POK,pPOK,UTF8|P:Infy
sInf	POK,pPOK,UTF8|P:Infy	inc	POK,pPOK,UTF8|P:Infz
sInf	POK,pPOK,UTF8|P:Infy	iv	POK,pIOK,pNOK,pPOK,IsUV,UTF8|P:Infy
sInf	POK,pPOK,UTF8|P:Infy	nv	POK,pNOK,pPOK,UTF8|P:Infy
sInf	POK,pPOK,UTF8|P:Infy	rng	POK,pPOK,UTF8|P:Infy
sInf	POK,pPOK,UTF8|P:Infy	str	POK,pPOK,UTF8|P:Infy
sInf	POK,pPOK,UTF8|P:Infy	utf8	POK,pPOK,UTF8|P:Infy
sInf	POK,pPOK,UTF8|P:Ing	add	POK,pIOK,pNOK,pPOK,UTF8|P:Ing
sInf	POK,pPOK,UTF8|P:Ing	bors	POK,pPOK,UTF8|P:Ing
sInf	POK,pPOK,UTF8|P:Ing	cat0	POK,pPOK,UTF8|P:Ing
sInf	POK,pPOK,UTF8|P:Ing	catx	POK,pPOK,UTF8|P:Ingx
sInf	POK,pPOK,UTF8|P:Ing	copy	POK,pPOK,UTF8|P:Ing
sInf	POK,pPOK,UTF8|P:Ing	dec	NOK,pNOK|N:-1
sInf	POK,pPOK,UTF8|P:Ing	fbors	POK,pPOK,UTF8|P:Ing
sInf	POK,pPOK,UTF8|P:Ing	inc	POK,pPOK,UTF8|P:Inh
sInf	POK,pPOK,UTF8|P:Ing	iv	POK,pIOK,pNOK,pPOK,UTF8|P:Ing
sInf	POK,pPOK,UTF8|P:Ing	nv	POK,pNOK,pPOK,UTF8|P:Ing
sInf	POK,pPOK,UTF8|P:Ing	rng	POK,pPOK,UTF8|P:Ing
sInf	POK,pPOK,UTF8|P:Ing	str	POK,pPOK,UTF8|P:Ing
sInf	POK,pPOK,UTF8|P:Ing	utf8	POK,pPOK,UTF8|P:Ing
sInf	POK,pPOK,UTF8|P:Ingx	add	POK,pIOK,pNOK,pPOK,UTF8|P:Ingx
sInf	POK,pPOK,UTF8|P:Ingx	bors	POK,pPOK,UTF8|P:Ingx
sInf	POK,pPOK,UTF8|P:Ingx	cat0	POK,pPOK,UTF8|P:Ingx
sInf	POK,pPOK,UTF8|P:Ingx	catx	POK,pPOK,UTF8|P:Ingxx
sInf	POK,pPOK,UTF8|P:Ingx	copy	POK,pPOK,UTF8|P:Ingx
sInf	POK,pPOK,UTF8|P:Ingx	dec	NOK,pNOK|N:-1
sInf	POK,pPOK,UTF8|P:Ingx	fbors	POK,pPOK,UTF8|P:Ingx
sInf	POK,pPOK,UTF8|P:Ingx	inc	POK,pPOK,UTF8|P:Ingy
sInf	POK,pPOK,UTF8|P:Ingx	iv	POK,pIOK,pNOK,pPOK,UTF8|P:Ingx
sInf	POK,pPOK,UTF8|P:Ingx	nv	POK,pNOK,pPOK,UTF8|P:Ingx
sInf	POK,pPOK,UTF8|P:Ingx	rng	POK,pPOK,UTF8|P:Ingx
sInf	POK,pPOK,UTF8|P:Ingx	str	POK,pPOK,UTF8|P:Ingx
sInf	POK,pPOK,UTF8|P:Ingx	utf8	POK,pPOK,UTF8|P:Ingx
sInf	POK,pPOK,UTF8|P:Inh	add	POK,pIOK,pNOK,pPOK,UTF8|P:Inh
sInf	POK,pPOK,UTF8|P:Inh	bors	POK,pPOK,UTF8|P:Inh
sInf	POK,pPOK,UTF8|P:Inh	cat0	POK,pPOK,UTF8|P:Inh
sInf	POK,pPOK,UTF8|P:Inh	catx	POK,pPOK,UTF8|P:Inhx
sInf	POK,pPOK,UTF8|P:Inh	copy	POK,pPOK,UTF8|P:Inh
sInf	POK,pPOK,UTF8|P:Inh	dec	NOK,pNOK|N:-1
sInf	POK,pPOK,UTF8|P:Inh	fbors	POK,pPOK,UTF8|P:Inh
sInf	POK,pPOK,UTF8|P:Inh	inc	POK,pPOK,UTF8|P:Ini
sInf	POK,pPOK,UTF8|P:Inh	iv	POK,pIOK,pNOK,pPOK,UTF8|P:Inh
sInf	POK,pPOK,UTF8|P:Inh	nv	POK,pNOK,pPOK,UTF8|P:Inh
sInf	POK,pPOK,UTF8|P:Inh	rng	POK,pPOK,UTF8|P:Inh
sInf	POK,pPOK,UTF8|P:Inh	str	POK,pPOK,UTF8|P:Inh
sInf	POK,pPOK,UTF8|P:Inh	utf8	POK,pPOK,UTF8|P:Inh
sInf	POK,pPOK|P:-1	add	IOK,POK,pIOK,pPOK|P:-1
sInf	POK,pPOK|P:-1	bors	POK,pPOK|P:-1
sInf	POK,pPOK|P:-1	cat0	POK,pPOK|P:-1
sInf	POK,pPOK|P:-1	catx	POK,pPOK|P:-1x
sInf	POK,pPOK|P:-1	copy	POK,pPOK|P:-1
sInf	POK,pPOK|P:-1	dec	IOK,pIOK|N:-2
sInf	POK,pPOK|P:-1	fbors	POK,pPOK|P:-1
sInf	POK,pPOK|P:-1	inc	IOK,pIOK|N:0
sInf	POK,pPOK|P:-1	iv	IOK,POK,pIOK,pPOK|P:-1
sInf	POK,pPOK|P:-1	nv	NOK,POK,pNOK,pPOK|P:-1
sInf	POK,pPOK|P:-1	rng	IOK,NOK,POK,pIOK,pNOK,pPOK|P:-1
sInf	POK,pPOK|P:-1	str	POK,pPOK|P:-1
sInf	POK,pPOK|P:-1	utf8	POK,pPOK,UTF8|P:-1
sInf	POK,pPOK|P:-1x	add	POK,pIOK,pNOK,pPOK|P:-1x
sInf	POK,pPOK|P:-1x	bors	POK,pPOK|P:-1x
sInf	POK,pPOK|P:-1x	cat0	POK,pPOK|P:-1x
sInf	POK,pPOK|P:-1x	catx	POK,pPOK|P:-1xx
sInf	POK,pPOK|P:-1x	copy	POK,pPOK|P:-1x
sInf	POK,pPOK|P:-1x	dec	NOK,pNOK|N:-2
sInf	POK,pPOK|P:-1x	fbors	POK,pPOK|P:-1x
sInf	POK,pPOK|P:-1x	inc	NOK,pNOK|N:0
sInf	POK,pPOK|P:-1x	iv	POK,pIOK,pNOK,pPOK|P:-1x
sInf	POK,pPOK|P:-1x	nv	POK,pNOK,pPOK|P:-1x
sInf	POK,pPOK|P:-1x	rng	POK,pPOK|P:-1x
sInf	POK,pPOK|P:-1x	str	POK,pPOK|P:-1x
sInf	POK,pPOK|P:-1x	utf8	POK,pPOK,UTF8|P:-1x
sInf	POK,pPOK|P:Inf	add	NOK,POK,pIOK,pNOK,pPOK,IsUV|P:Inf
sInf	POK,pPOK|P:Inf	bors	POK,pPOK|P:Inf
sInf	POK,pPOK|P:Inf	cat0	POK,pPOK|P:Inf
sInf	POK,pPOK|P:Inf	catx	POK,pPOK|P:Infx
sInf	POK,pPOK|P:Inf	copy	POK,pPOK|P:Inf
sInf	POK,pPOK|P:Inf	dec	NOK,pNOK|N:Inf
sInf	POK,pPOK|P:Inf	fbors	POK,pPOK|P:Inf
sInf	POK,pPOK|P:Inf	inc	POK,pPOK|P:Ing
sInf	POK,pPOK|P:Inf	iv	NOK,POK,pIOK,pNOK,pPOK,IsUV|P:Inf
sInf	POK,pPOK|P:Inf	nv	NOK,POK,pNOK,pPOK|P:Inf
sInf	POK,pPOK|P:Inf	rng	NOK,POK,pIOK,pNOK,pPOK,IsUV|P:Inf
sInf	POK,pPOK|P:Inf	str	POK,pPOK|P:Inf
sInf	POK,pPOK|P:Inf	utf8	POK,pPOK,UTF8|P:Inf
sInf	POK,pPOK|P:Infx	add	POK,pIOK,pNOK,pPOK,IsUV|P:Infx
sInf	POK,pPOK|P:Infx	bors	POK,pPOK|P:Infx
sInf	POK,pPOK|P:Infx	cat0	POK,pPOK|P:Infx
sInf	POK,pPOK|P:Infx	catx	POK,pPOK|P:Infxx
sInf	POK,pPOK|P:Infx	copy	POK,pPOK|P:Infx
sInf	POK,pPOK|P:Infx	dec	NOK,pNOK|N:Inf
sInf	POK,pPOK|P:Infx	fbors	POK,pPOK|P:Infx
sInf	POK,pPOK|P:Infx	inc	POK,pPOK|P:Infy
sInf	POK,pPOK|P:Infx	iv	POK,pIOK,pNOK,pPOK,IsUV|P:Infx
sInf	POK,pPOK|P:Infx	nv	POK,pNOK,pPOK|P:Infx
sInf	POK,pPOK|P:Infx	rng	POK,pPOK|P:Infx
sInf	POK,pPOK|P:Infx	str	POK,pPOK|P:Infx
sInf	POK,pPOK|P:Infx	utf8	POK,pPOK,UTF8|P:Infx
sInf	POK,pPOK|P:Infxx	add	POK,pIOK,pNOK,pPOK,IsUV|P:Infxx
sInf	POK,pPOK|P:Infxx	bors	POK,pPOK|P:Infxx
sInf	POK,pPOK|P:Infxx	cat0	POK,pPOK|P:Infxx
sInf	POK,pPOK|P:Infxx	catx	POK,pPOK|P:Infxxx
sInf	POK,pPOK|P:Infxx	copy	POK,pPOK|P:Infxx
sInf	POK,pPOK|P:Infxx	dec	NOK,pNOK|N:Inf
sInf	POK,pPOK|P:Infxx	fbors	POK,pPOK|P:Infxx
sInf	POK,pPOK|P:Infxx	inc	POK,pPOK|P:Infxy
sInf	POK,pPOK|P:Infxx	iv	POK,pIOK,pNOK,pPOK,IsUV|P:Infxx
sInf	POK,pPOK|P:Infxx	nv	POK,pNOK,pPOK|P:Infxx
sInf	POK,pPOK|P:Infxx	rng	POK,pPOK|P:Infxx
sInf	POK,pPOK|P:Infxx	str	POK,pPOK|P:Infxx
sInf	POK,pPOK|P:Infxx	utf8	POK,pPOK,UTF8|P:Infxx
sInf	POK,pPOK|P:Infxxx	add	POK,pIOK,pNOK,pPOK,IsUV|P:Infxxx
sInf	POK,pPOK|P:Infxxx	bors	POK,pPOK|P:Infxxx
sInf	POK,pPOK|P:Infxxx	cat0	POK,pPOK|P:Infxxx
sInf	POK,pPOK|P:Infxxx	catx	POK,pPOK|P:Infxxxx
sInf	POK,pPOK|P:Infxxx	copy	POK,pPOK|P:Infxxx
sInf	POK,pPOK|P:Infxxx	dec	NOK,pNOK|N:Inf
sInf	POK,pPOK|P:Infxxx	fbors	POK,pPOK|P:Infxxx
sInf	POK,pPOK|P:Infxxx	inc	POK,pPOK|P:Infxxy
sInf	POK,pPOK|P:Infxxx	iv	POK,pIOK,pNOK,pPOK,IsUV|P:Infxxx
sInf	POK,pPOK|P:Infxxx	nv	POK,pNOK,pPOK|P:Infxxx
sInf	POK,pPOK|P:Infxxx	rng	POK,pPOK|P:Infxxx
sInf	POK,pPOK|P:Infxxx	str	POK,pPOK|P:Infxxx
sInf	POK,pPOK|P:Infxxx	utf8	POK,pPOK,UTF8|P:Infxxx
sInf	POK,pPOK|P:Infxy	add	POK,pIOK,pNOK,pPOK,IsUV|P:Infxy
sInf	POK,pPOK|P:Infxy	bors	POK,pPOK|P:Infxy
sInf	POK,pPOK|P:Infxy	cat0	POK,pPOK|P:Infxy
sInf	POK,pPOK|P:Infxy	catx	POK,pPOK|P:Infxyx
sInf	POK,pPOK|P:Infxy	copy	POK,pPOK|P:Infxy
sInf	POK,pPOK|P:Infxy	dec	NOK,pNOK|N:Inf
sInf	POK,pPOK|P:Infxy	fbors	POK,pPOK|P:Infxy
sInf	POK,pPOK|P:Infxy	inc	POK,pPOK|P:Infxz
sInf	POK,pPOK|P:Infxy	iv	POK,pIOK,pNOK,pPOK,IsUV|P:Infxy
sInf	POK,pPOK|P:Infxy	nv	POK,pNOK,pPOK|P:Infxy
sInf	POK,pPOK|P:Infxy	rng	POK,pPOK|P:Infxy
sInf	POK,pPOK|P:Infxy	str	POK,pPOK|P:Infxy
sInf	POK,pPOK|P:Infxy	utf8	POK,pPOK,UTF8|P:Infxy
sInf	POK,pPOK|P:Infy	add	POK,pIOK,pNOK,pPOK,IsUV|P:Infy
sInf	POK,pPOK|P:Infy	bors	POK,pPOK|P:Infy
sInf	POK,pPOK|P:Infy	cat0	POK,pPOK|P:Infy
sInf	POK,pPOK|P:Infy	catx	POK,pPOK|P:Infyx
sInf	POK,pPOK|P:Infy	copy	POK,pPOK|P:Infy
sInf	POK,pPOK|P:Infy	dec	NOK,pNOK|N:Inf
sInf	POK,pPOK|P:Infy	fbors	POK,pPOK|P:Infy
sInf	POK,pPOK|P:Infy	inc	POK,pPOK|P:Infz
sInf	POK,pPOK|P:Infy	iv	POK,pIOK,pNOK,pPOK,IsUV|P:Infy
sInf	POK,pPOK|P:Infy	nv	POK,pNOK,pPOK|P:Infy
sInf	POK,pPOK|P:Infy	rng	POK,pPOK|P:Infy
sInf	POK,pPOK|P:Infy	str	POK,pPOK|P:Infy
sInf	POK,pPOK|P:Infy	utf8	POK,pPOK,UTF8|P:Infy
sInf	POK,pPOK|P:Infyx	add	POK,pIOK,pNOK,pPOK,IsUV|P:Infyx
sInf	POK,pPOK|P:Infyx	bors	POK,pPOK|P:Infyx
sInf	POK,pPOK|P:Infyx	cat0	POK,pPOK|P:Infyx
sInf	POK,pPOK|P:Infyx	catx	POK,pPOK|P:Infyxx
sInf	POK,pPOK|P:Infyx	copy	POK,pPOK|P:Infyx
sInf	POK,pPOK|P:Infyx	dec	NOK,pNOK|N:Inf
sInf	POK,pPOK|P:Infyx	fbors	POK,pPOK|P:Infyx
sInf	POK,pPOK|P:Infyx	inc	POK,pPOK|P:Infyy
sInf	POK,pPOK|P:Infyx	iv	POK,pIOK,pNOK,pPOK,IsUV|P:Infyx
sInf	POK,pPOK|P:Infyx	nv	POK,pNOK,pPOK|P:Infyx
sInf	POK,pPOK|P:Infyx	rng	POK,pPOK|P:Infyx
sInf	POK,pPOK|P:Infyx	str	POK,pPOK|P:Infyx
sInf	POK,pPOK|P:Infyx	utf8	POK,pPOK,UTF8|P:Infyx
sInf	POK,pPOK|P:Infz	add	POK,pIOK,pNOK,pPOK,IsUV|P:Infz
sInf	POK,pPOK|P:Infz	bors	POK,pPOK|P:Infz
sInf	POK,pPOK|P:Infz	cat0	POK,pPOK|P:Infz
sInf	POK,pPOK|P:Infz	catx	POK,pPOK|P:Infzx
sInf	POK,pPOK|P:Infz	copy	POK,pPOK|P:Infz
sInf	POK,pPOK|P:Infz	dec	NOK,pNOK|N:Inf
sInf	POK,pPOK|P:Infz	fbors	POK,pPOK|P:Infz
sInf	POK,pPOK|P:Infz	inc	POK,pPOK|P:Inga
sInf	POK,pPOK|P:Infz	iv	POK,pIOK,pNOK,pPOK,IsUV|P:Infz
sInf	POK,pPOK|P:Infz	nv	POK,pNOK,pPOK|P:Infz
sInf	POK,pPOK|P:Infz	rng	POK,pPOK|P:Infz
sInf	POK,pPOK|P:Infz	str	POK,pPOK|P:Infz
sInf	POK,pPOK|P:Infz	utf8	POK,pPOK,UTF8|P:Infz
sInf	POK,pPOK|P:Ing	add	POK,pIOK,pNOK,pPOK|P:Ing
sInf	POK,pPOK|P:Ing	bors	POK,pPOK|P:Ing
sInf	POK,pPOK|P:Ing	cat0	POK,pPOK|P:Ing
sInf	POK,pPOK|P:Ing	catx	POK,pPOK|P:Ingx
sInf	POK,pPOK|P:Ing	copy	POK,pPOK|P:Ing
sInf	POK,pPOK|P:Ing	dec	NOK,pNOK|N:-1
sInf	POK,pPOK|P:Ing	fbors	POK,pPOK|P:Ing
sInf	POK,pPOK|P:Ing	inc	POK,pPOK|P:Inh
sInf	POK,pPOK|P:Ing	iv	POK,pIOK,pNOK,pPOK|P:Ing
sInf	POK,pPOK|P:Ing	nv	POK,pNOK,pPOK|P:Ing
sInf	POK,pPOK|P:Ing	rng	POK,pPOK|P:Ing
sInf	POK,pPOK|P:Ing	str	POK,pPOK|P:Ing
sInf	POK,pPOK|P:Ing	utf8	POK,pPOK,UTF8|P:Ing
sInf	POK,pPOK|P:Ingx	add	POK,pIOK,pNOK,pPOK|P:Ingx
sInf	POK,pPOK|P:Ingx	bors	POK,pPOK|P:Ingx
sInf	POK,pPOK|P:Ingx	cat0	POK,pPOK|P:Ingx
sInf	POK,pPOK|P:Ingx	catx	POK,pPOK|P:Ingxx
sInf	POK,pPOK|P:Ingx	copy	POK,pPOK|P:Ingx
sInf	POK,pPOK|P:Ingx	dec	NOK,pNOK|N:-1
sInf	POK,pPOK|P:Ingx	fbors	POK,pPOK|P:Ingx
sInf	POK,pPOK|P:Ingx	inc	POK,pPOK|P:Ingy
sInf	POK,pPOK|P:Ingx	iv	POK,pIOK,pNOK,pPOK|P:Ingx
sInf	POK,pPOK|P:Ingx	nv	POK,pNOK,pPOK|P:Ingx
sInf	POK,pPOK|P:Ingx	rng	POK,pPOK|P:Ingx
sInf	POK,pPOK|P:Ingx	str	POK,pPOK|P:Ingx
sInf	POK,pPOK|P:Ingx	utf8	POK,pPOK,UTF8|P:Ingx
sInf	POK,pPOK|P:Ingxx	add	POK,pIOK,pNOK,pPOK|P:Ingxx
sInf	POK,pPOK|P:Ingxx	bors	POK,pPOK|P:Ingxx
sInf	POK,pPOK|P:Ingxx	cat0	POK,pPOK|P:Ingxx
sInf	POK,pPOK|P:Ingxx	catx	POK,pPOK|P:Ingxxx
sInf	POK,pPOK|P:Ingxx	copy	POK,pPOK|P:Ingxx
sInf	POK,pPOK|P:Ingxx	dec	NOK,pNOK|N:-1
sInf	POK,pPOK|P:Ingxx	fbors	POK,pPOK|P:Ingxx
sInf	POK,pPOK|P:Ingxx	inc	POK,pPOK|P:Ingxy
sInf	POK,pPOK|P:Ingxx	iv	POK,pIOK,pNOK,pPOK|P:Ingxx
sInf	POK,pPOK|P:Ingxx	nv	POK,pNOK,pPOK|P:Ingxx
sInf	POK,pPOK|P:Ingxx	rng	POK,pPOK|P:Ingxx
sInf	POK,pPOK|P:Ingxx	str	POK,pPOK|P:Ingxx
sInf	POK,pPOK|P:Ingxx	utf8	POK,pPOK,UTF8|P:Ingxx
sInf	POK,pPOK|P:Ingy	add	POK,pIOK,pNOK,pPOK|P:Ingy
sInf	POK,pPOK|P:Ingy	bors	POK,pPOK|P:Ingy
sInf	POK,pPOK|P:Ingy	cat0	POK,pPOK|P:Ingy
sInf	POK,pPOK|P:Ingy	catx	POK,pPOK|P:Ingyx
sInf	POK,pPOK|P:Ingy	copy	POK,pPOK|P:Ingy
sInf	POK,pPOK|P:Ingy	dec	NOK,pNOK|N:-1
sInf	POK,pPOK|P:Ingy	fbors	POK,pPOK|P:Ingy
sInf	POK,pPOK|P:Ingy	inc	POK,pPOK|P:Ingz
sInf	POK,pPOK|P:Ingy	iv	POK,pIOK,pNOK,pPOK|P:Ingy
sInf	POK,pPOK|P:Ingy	nv	POK,pNOK,pPOK|P:Ingy
sInf	POK,pPOK|P:Ingy	rng	POK,pPOK|P:Ingy
sInf	POK,pPOK|P:Ingy	str	POK,pPOK|P:Ingy
sInf	POK,pPOK|P:Ingy	utf8	POK,pPOK,UTF8|P:Ingy
sInf	POK,pPOK|P:Inh	add	POK,pIOK,pNOK,pPOK|P:Inh
sInf	POK,pPOK|P:Inh	bors	POK,pPOK|P:Inh
sInf	POK,pPOK|P:Inh	cat0	POK,pPOK|P:Inh
sInf	POK,pPOK|P:Inh	catx	POK,pPOK|P:Inhx
sInf	POK,pPOK|P:Inh	copy	POK,pPOK|P:Inh
sInf	POK,pPOK|P:Inh	dec	NOK,pNOK|N:-1
sInf	POK,pPOK|P:Inh	fbors	POK,pPOK|P:Inh
sInf	POK,pPOK|P:Inh	inc	POK,pPOK|P:Ini
sInf	POK,pPOK|P:Inh	iv	POK,pIOK,pNOK,pPOK|P:Inh
sInf	POK,pPOK|P:Inh	nv	POK,pNOK,pPOK|P:Inh
sInf	POK,pPOK|P:Inh	rng	POK,pPOK|P:Inh
sInf	POK,pPOK|P:Inh	str	POK,pPOK|P:Inh
sInf	POK,pPOK|P:Inh	utf8	POK,pPOK,UTF8|P:Inh
sInf	POK,pPOK|P:Inhx	add	POK,pIOK,pNOK,pPOK|P:Inhx
sInf	POK,pPOK|P:Inhx	bors	POK,pPOK|P:Inhx
sInf	POK,pPOK|P:Inhx	cat0	POK,pPOK|P:Inhx
sInf	POK,pPOK|P:Inhx	catx	POK,pPOK|P:Inhxx
sInf	POK,pPOK|P:Inhx	copy	POK,pPOK|P:Inhx
sInf	POK,pPOK|P:Inhx	dec	NOK,pNOK|N:-1
sInf	POK,pPOK|P:Inhx	fbors	POK,pPOK|P:Inhx
sInf	POK,pPOK|P:Inhx	inc	POK,pPOK|P:Inhy
sInf	POK,pPOK|P:Inhx	iv	POK,pIOK,pNOK,pPOK|P:Inhx
sInf	POK,pPOK|P:Inhx	nv	POK,pNOK,pPOK|P:Inhx
sInf	POK,pPOK|P:Inhx	rng	POK,pPOK|P:Inhx
sInf	POK,pPOK|P:Inhx	str	POK,pPOK|P:Inhx
sInf	POK,pPOK|P:Inhx	utf8	POK,pPOK,UTF8|P:Inhx
sInf	POK,pPOK|P:Ini	add	POK,pIOK,pNOK,pPOK|P:Ini
sInf	POK,pPOK|P:Ini	bors	POK,pPOK|P:Ini
sInf	POK,pPOK|P:Ini	cat0	POK,pPOK|P:Ini
sInf	POK,pPOK|P:Ini	catx	POK,pPOK|P:Inix
sInf	POK,pPOK|P:Ini	copy	POK,pPOK|P:Ini
sInf	POK,pPOK|P:Ini	dec	NOK,pNOK|N:-1
sInf	POK,pPOK|P:Ini	fbors	POK,pPOK|P:Ini
sInf	POK,pPOK|P:Ini	inc	POK,pPOK|P:Inj
sInf	POK,pPOK|P:Ini	iv	POK,pIOK,pNOK,pPOK|P:Ini
sInf	POK,pPOK|P:Ini	nv	POK,pNOK,pPOK|P:Ini
sInf	POK,pPOK|P:Ini	rng	POK,pPOK|P:Ini
sInf	POK,pPOK|P:Ini	str	POK,pPOK|P:Ini
sInf	POK,pPOK|P:Ini	utf8	POK,pPOK,UTF8|P:Ini
sInfx	NOK,POK,pIOK,pNOK,pPOK,IsUV,UTF8|P:Inf	add	NOK,POK,pIOK,pNOK,pPOK,IsUV,UTF8|P:Inf
sInfx	NOK,POK,pIOK,pNOK,pPOK,IsUV,UTF8|P:Inf	bors	NOK,POK,pIOK,pNOK,pPOK,IsUV,UTF8|P:Inf
sInfx	NOK,POK,pIOK,pNOK,pPOK,IsUV,UTF8|P:Inf	cat0	POK,pPOK,UTF8|P:Inf
sInfx	NOK,POK,pIOK,pNOK,pPOK,IsUV,UTF8|P:Inf	catx	POK,pPOK,UTF8|P:Infx
sInfx	NOK,POK,pIOK,pNOK,pPOK,IsUV,UTF8|P:Inf	copy	NOK,POK,pIOK,pNOK,pPOK,IsUV,UTF8|P:Inf
sInfx	NOK,POK,pIOK,pNOK,pPOK,IsUV,UTF8|P:Inf	dec	NOK,pNOK|N:Inf
sInfx	NOK,POK,pIOK,pNOK,pPOK,IsUV,UTF8|P:Inf	fbors	NOK,POK,pIOK,pNOK,pPOK,IsUV,UTF8|P:Inf
sInfx	NOK,POK,pIOK,pNOK,pPOK,IsUV,UTF8|P:Inf	inc	NOK,pNOK|N:Inf
sInfx	NOK,POK,pIOK,pNOK,pPOK,IsUV,UTF8|P:Inf	iv	NOK,POK,pIOK,pNOK,pPOK,IsUV,UTF8|P:Inf
sInfx	NOK,POK,pIOK,pNOK,pPOK,IsUV,UTF8|P:Inf	nv	NOK,POK,pIOK,pNOK,pPOK,IsUV,UTF8|P:Inf
sInfx	NOK,POK,pIOK,pNOK,pPOK,IsUV,UTF8|P:Inf	rng	NOK,POK,pIOK,pNOK,pPOK,IsUV,UTF8|P:Inf
sInfx	NOK,POK,pIOK,pNOK,pPOK,IsUV,UTF8|P:Inf	str	NOK,POK,pIOK,pNOK,pPOK,IsUV,UTF8|P:Inf
sInfx	NOK,POK,pIOK,pNOK,pPOK,IsUV,UTF8|P:Inf	utf8	NOK,POK,pIOK,pNOK,pPOK,IsUV,UTF8|P:Inf
sInfx	NOK,POK,pIOK,pNOK,pPOK,IsUV|P:Inf	add	NOK,POK,pIOK,pNOK,pPOK,IsUV|P:Inf
sInfx	NOK,POK,pIOK,pNOK,pPOK,IsUV|P:Inf	bors	NOK,POK,pIOK,pNOK,pPOK,IsUV|P:Inf
sInfx	NOK,POK,pIOK,pNOK,pPOK,IsUV|P:Inf	cat0	POK,pPOK|P:Inf
sInfx	NOK,POK,pIOK,pNOK,pPOK,IsUV|P:Inf	catx	POK,pPOK|P:Infx
sInfx	NOK,POK,pIOK,pNOK,pPOK,IsUV|P:Inf	copy	NOK,POK,pIOK,pNOK,pPOK,IsUV|P:Inf
sInfx	NOK,POK,pIOK,pNOK,pPOK,IsUV|P:Inf	dec	NOK,pNOK|N:Inf
sInfx	NOK,POK,pIOK,pNOK,pPOK,IsUV|P:Inf	fbors	NOK,POK,pIOK,pNOK,pPOK,IsUV|P:Inf
sInfx	NOK,POK,pIOK,pNOK,pPOK,IsUV|P:Inf	inc	NOK,pNOK|N:Inf
sInfx	NOK,POK,pIOK,pNOK,pPOK,IsUV|P:Inf	iv	NOK,POK,pIOK,pNOK,pPOK,IsUV|P:Inf
sInfx	NOK,POK,pIOK,pNOK,pPOK,IsUV|P:Inf	nv	NOK,POK,pIOK,pNOK,pPOK,IsUV|P:Inf
sInfx	NOK,POK,pIOK,pNOK,pPOK,IsUV|P:Inf	rng	NOK,POK,pIOK,pNOK,pPOK,IsUV|P:Inf
sInfx	NOK,POK,pIOK,pNOK,pPOK,IsUV|P:Inf	str	NOK,POK,pIOK,pNOK,pPOK,IsUV|P:Inf
sInfx	NOK,POK,pIOK,pNOK,pPOK,IsUV|P:Inf	utf8	NOK,POK,pIOK,pNOK,pPOK,IsUV,UTF8|P:Inf
sInfx	NOK,POK,pNOK,pPOK,UTF8|P:Inf	add	NOK,POK,pIOK,pNOK,pPOK,IsUV,UTF8|P:Inf
sInfx	NOK,POK,pNOK,pPOK,UTF8|P:Inf	bors	NOK,POK,pIOK,pNOK,pPOK,IsUV,UTF8|P:Inf
sInfx	NOK,POK,pNOK,pPOK,UTF8|P:Inf	cat0	POK,pPOK,UTF8|P:Inf
sInfx	NOK,POK,pNOK,pPOK,UTF8|P:Inf	catx	POK,pPOK,UTF8|P:Infx
sInfx	NOK,POK,pNOK,pPOK,UTF8|P:Inf	copy	NOK,POK,pNOK,pPOK,UTF8|P:Inf
sInfx	NOK,POK,pNOK,pPOK,UTF8|P:Inf	dec	NOK,pNOK|N:Inf
sInfx	NOK,POK,pNOK,pPOK,UTF8|P:Inf	fbors	NOK,POK,pNOK,pPOK,UTF8|P:Inf
sInfx	NOK,POK,pNOK,pPOK,UTF8|P:Inf	inc	NOK,pNOK|N:Inf
sInfx	NOK,POK,pNOK,pPOK,UTF8|P:Inf	iv	NOK,POK,pIOK,pNOK,pPOK,IsUV,UTF8|P:Inf
sInfx	NOK,POK,pNOK,pPOK,UTF8|P:Inf	nv	NOK,POK,pNOK,pPOK,UTF8|P:Inf
sInfx	NOK,POK,pNOK,pPOK,UTF8|P:Inf	rng	NOK,POK,pIOK,pNOK,pPOK,IsUV,UTF8|P:Inf
sInfx	NOK,POK,pNOK,pPOK,UTF8|P:Inf	str	NOK,POK,pNOK,pPOK,UTF8|P:Inf
sInfx	NOK,POK,pNOK,pPOK,UTF8|P:Inf	utf8	NOK,POK,pNOK,pPOK,UTF8|P:Inf
sInfx	NOK,POK,pNOK,pPOK|P:Inf	add	NOK,POK,pIOK,pNOK,pPOK,IsUV|P:Inf
sInfx	NOK,POK,pNOK,pPOK|P:Inf	bors	NOK,POK,pIOK,pNOK,pPOK,IsUV|P:Inf
sInfx	NOK,POK,pNOK,pPOK|P:Inf	cat0	POK,pPOK|P:Inf
sInfx	NOK,POK,pNOK,pPOK|P:Inf	catx	POK,pPOK|P:Infx
sInfx	NOK,POK,pNOK,pPOK|P:Inf	copy	NOK,POK,pNOK,pPOK|P:Inf
sInfx	NOK,POK,pNOK,pPOK|P:Inf	dec	NOK,pNOK|N:Inf
sInfx	NOK,POK,pNOK,pPOK|P:Inf	fbors	NOK,POK,pNOK,pPOK|P:Inf
sInfx	NOK,POK,pNOK,pPOK|P:Inf	inc	NOK,pNOK|N:Inf
sInfx	NOK,POK,pNOK,pPOK|P:Inf	iv	NOK,POK,pIOK,pNOK,pPOK,IsUV|P:Inf
sInfx	NOK,POK,pNOK,pPOK|P:Inf	nv	NOK,POK,pNOK,pPOK|P:Inf
sInfx	NOK,POK,pNOK,pPOK|P:Inf	rng	NOK,POK,pIOK,pNOK,pPOK,IsUV|P:Inf
sInfx	NOK,POK,pNOK,pPOK|P:Inf	str	NOK,POK,pNOK,pPOK|P:Inf
sInfx	NOK,POK,pNOK,pPOK|P:Inf	utf8	NOK,POK,pNOK,pPOK,UTF8|P:Inf
sInfx	NOK,pIOK,pNOK,IsUV|N:Inf	add	NOK,pIOK,pNOK,IsUV|N:Inf
sInfx	NOK,pIOK,pNOK,IsUV|N:Inf	bors	NOK,pIOK,pNOK,IsUV|N:Inf
sInfx	NOK,pIOK,pNOK,IsUV|N:Inf	cat0	POK,pPOK|P:Inf
sInfx	NOK,pIOK,pNOK,IsUV|N:Inf	catx	POK,pPOK|P:Infx
sInfx	NOK,pIOK,pNOK,IsUV|N:Inf	copy	NOK,pIOK,pNOK,IsUV|N:Inf
sInfx	NOK,pIOK,pNOK,IsUV|N:Inf	dec	NOK,pNOK|N:Inf
sInfx	NOK,pIOK,pNOK,IsUV|N:Inf	fbors	NOK,pIOK,pNOK,pPOK,IsUV|N:Inf
sInfx	NOK,pIOK,pNOK,IsUV|N:Inf	inc	NOK,pNOK|N:Inf
sInfx	NOK,pIOK,pNOK,IsUV|N:Inf	iv	NOK,pIOK,pNOK,IsUV|N:Inf
sInfx	NOK,pIOK,pNOK,IsUV|N:Inf	nv	NOK,pIOK,pNOK,IsUV|N:Inf
sInfx	NOK,pIOK,pNOK,IsUV|N:Inf	rng	NOK,pIOK,pNOK,IsUV|N:Inf
sInfx	NOK,pIOK,pNOK,IsUV|N:Inf	str	NOK,pIOK,pNOK,pPOK,IsUV|N:Inf
sInfx	NOK,pIOK,pNOK,IsUV|N:Inf	utf8	POK,pPOK,UTF8|P:Inf
sInfx	NOK,pIOK,pNOK,pPOK,IsUV|N:Inf	add	NOK,pIOK,pNOK,pPOK,IsUV|N:Inf
sInfx	NOK,pIOK,pNOK,pPOK,IsUV|N:Inf	bors	NOK,pIOK,pNOK,pPOK,IsUV|N:Inf
sInfx	NOK,pIOK,pNOK,pPOK,IsUV|N:Inf	cat0	POK,pPOK|P:Inf
sInfx	NOK,pIOK,pNOK,pPOK,IsUV|N:Inf	catx	POK,pPOK|P:Infx
sInfx	NOK,pIOK,pNOK,pPOK,IsUV|N:Inf	copy	NOK,pIOK,pNOK,pPOK,IsUV|N:Inf
sInfx	NOK,pIOK,pNOK,pPOK,IsUV|N:Inf	dec	NOK,pNOK|N:Inf
sInfx	NOK,pIOK,pNOK,pPOK,IsUV|N:Inf	fbors	NOK,pIOK,pNOK,pPOK,IsUV|N:Inf
sInfx	NOK,pIOK,pNOK,pPOK,IsUV|N:Inf	inc	NOK,pNOK|N:Inf
sInfx	NOK,pIOK,pNOK,pPOK,IsUV|N:Inf	iv	NOK,pIOK,pNOK,pPOK,IsUV|N:Inf
sInfx	NOK,pIOK,pNOK,pPOK,IsUV|N:Inf	nv	NOK,pIOK,pNOK,pPOK,IsUV|N:Inf
sInfx	NOK,pIOK,pNOK,pPOK,IsUV|N:Inf	rng	NOK,pIOK,pNOK,pPOK,IsUV|N:Inf
sInfx	NOK,pIOK,pNOK,pPOK,IsUV|N:Inf	str	NOK,pIOK,pNOK,pPOK,IsUV|N:Inf
sInfx	NOK,pIOK,pNOK,pPOK,IsUV|N:Inf	utf8	POK,pPOK,UTF8|P:Inf
sInfx	NOK,pNOK,pPOK|N:Inf	add	NOK,pIOK,pNOK,pPOK,IsUV|N:Inf
sInfx	NOK,pNOK,pPOK|N:Inf	bors	NOK,pIOK,pNOK,pPOK,IsUV|N:Inf
sInfx	NOK,pNOK,pPOK|N:Inf	cat0	POK,pPOK|P:Inf
sInfx	NOK,pNOK,pPOK|N:Inf	catx	POK,pPOK|P:Infx
sInfx	NOK,pNOK,pPOK|N:Inf	copy	NOK,pNOK,pPOK|N:Inf
sInfx	NOK,pNOK,pPOK|N:Inf	dec	NOK,pNOK|N:Inf
sInfx	NOK,pNOK,pPOK|N:Inf	fbors	NOK,pNOK,pPOK|N:Inf
sInfx	NOK,pNOK,pPOK|N:Inf	inc	NOK,pNOK|N:Inf
sInfx	NOK,pNOK,pPOK|N:Inf	iv	NOK,pIOK,pNOK,pPOK,IsUV|N:Inf
sInfx	NOK,pNOK,pPOK|N:Inf	nv	NOK,pNOK,pPOK|N:Inf
sInfx	NOK,pNOK,pPOK|N:Inf	rng	NOK,pIOK,pNOK,pPOK,IsUV|N:Inf
sInfx	NOK,pNOK,pPOK|N:Inf	str	NOK,pNOK,pPOK|N:Inf
sInfx	NOK,pNOK,pPOK|N:Inf	utf8	POK,pPOK,UTF8|P:Inf
sInfx	NOK,pNOK|N:Inf	add	NOK,pIOK,pNOK,IsUV|N:Inf
sInfx	NOK,pNOK|N:Inf	bors	NOK,pIOK,pNOK,IsUV|N:Inf
sInfx	NOK,pNOK|N:Inf	cat0	POK,pPOK|P:Inf
sInfx	NOK,pNOK|N:Inf	catx	POK,pPOK|P:Infx
sInfx	NOK,pNOK|N:Inf	copy	NOK,pNOK|N:Inf
sInfx	NOK,pNOK|N:Inf	dec	NOK,pNOK|N:Inf
sInfx	NOK,pNOK|N:Inf	fbors	NOK,pNOK,pPOK|N:Inf
sInfx	NOK,pNOK|N:Inf	inc	NOK,pNOK|N:Inf
sInfx	NOK,pNOK|N:Inf	iv	NOK,pIOK,pNOK,IsUV|N:Inf
sInfx	NOK,pNOK|N:Inf	nv	NOK,pNOK|N:Inf
sInfx	NOK,pNOK|N:Inf	rng	NOK,pIOK,pNOK,IsUV|N:Inf
sInfx	NOK,pNOK|N:Inf	str	NOK,pNOK,pPOK|N:Inf
sInfx	NOK,pNOK|N:Inf	utf8	POK,pPOK,UTF8|P:Inf
sInfx	POK,pIOK,pNOK,pPOK,IsUV,UTF8|P:Infx	add	POK,pIOK,pNOK,pPOK,IsUV,UTF8|P:Infx
sInfx	POK,pIOK,pNOK,pPOK,IsUV,UTF8|P:Infx	bors	POK,pIOK,pNOK,pPOK,IsUV,UTF8|P:Infx
sInfx	POK,pIOK,pNOK,pPOK,IsUV,UTF8|P:Infx	cat0	POK,pIOK,pNOK,pPOK,IsUV,UTF8|P:Infx
sInfx	POK,pIOK,pNOK,pPOK,IsUV,UTF8|P:Infx	catx	POK,pIOK,pNOK,pPOK,IsUV,UTF8|P:Infxx
sInfx	POK,pIOK,pNOK,pPOK,IsUV,UTF8|P:Infx	copy	POK,pIOK,pNOK,pPOK,IsUV,UTF8|P:Infx
sInfx	POK,pIOK,pNOK,pPOK,IsUV,UTF8|P:Infx	dec	NOK,pNOK|N:Inf
sInfx	POK,pIOK,pNOK,pPOK,IsUV,UTF8|P:Infx	fbors	POK,pIOK,pNOK,pPOK,IsUV,UTF8|P:Infx
sInfx	POK,pIOK,pNOK,pPOK,IsUV,UTF8|P:Infx	inc	NOK,pNOK|N:Inf
sInfx	POK,pIOK,pNOK,pPOK,IsUV,UTF8|P:Infx	iv	POK,pIOK,pNOK,pPOK,IsUV,UTF8|P:Infx
sInfx	POK,pIOK,pNOK,pPOK,IsUV,UTF8|P:Infx	nv	POK,pIOK,pNOK,pPOK,IsUV,UTF8|P:Infx
sInfx	POK,pIOK,pNOK,pPOK,IsUV,UTF8|P:Infx	rng	POK,pIOK,pNOK,pPOK,IsUV,UTF8|P:Infx
sInfx	POK,pIOK,pNOK,pPOK,IsUV,UTF8|P:Infx	str	POK,pIOK,pNOK,pPOK,IsUV,UTF8|P:Infx
sInfx	POK,pIOK,pNOK,pPOK,IsUV,UTF8|P:Infx	utf8	POK,pIOK,pNOK,pPOK,IsUV,UTF8|P:Infx
sInfx	POK,pIOK,pNOK,pPOK,IsUV,UTF8|P:Infxx	add	POK,pIOK,pNOK,pPOK,IsUV,UTF8|P:Infxx
sInfx	POK,pIOK,pNOK,pPOK,IsUV,UTF8|P:Infxx	bors	POK,pIOK,pNOK,pPOK,IsUV,UTF8|P:Infxx
sInfx	POK,pIOK,pNOK,pPOK,IsUV,UTF8|P:Infxx	cat0	POK,pIOK,pNOK,pPOK,IsUV,UTF8|P:Infxx
sInfx	POK,pIOK,pNOK,pPOK,IsUV,UTF8|P:Infxx	catx	POK,pIOK,pNOK,pPOK,IsUV,UTF8|P:Infxxx
sInfx	POK,pIOK,pNOK,pPOK,IsUV,UTF8|P:Infxx	copy	POK,pIOK,pNOK,pPOK,IsUV,UTF8|P:Infxx
sInfx	POK,pIOK,pNOK,pPOK,IsUV,UTF8|P:Infxx	dec	NOK,pNOK|N:Inf
sInfx	POK,pIOK,pNOK,pPOK,IsUV,UTF8|P:Infxx	fbors	POK,pIOK,pNOK,pPOK,IsUV,UTF8|P:Infxx
sInfx	POK,pIOK,pNOK,pPOK,IsUV,UTF8|P:Infxx	inc	NOK,pNOK|N:Inf
sInfx	POK,pIOK,pNOK,pPOK,IsUV,UTF8|P:Infxx	iv	POK,pIOK,pNOK,pPOK,IsUV,UTF8|P:Infxx
sInfx	POK,pIOK,pNOK,pPOK,IsUV,UTF8|P:Infxx	nv	POK,pIOK,pNOK,pPOK,IsUV,UTF8|P:Infxx
sInfx	POK,pIOK,pNOK,pPOK,IsUV,UTF8|P:Infxx	rng	POK,pIOK,pNOK,pPOK,IsUV,UTF8|P:Infxx
sInfx	POK,pIOK,pNOK,pPOK,IsUV,UTF8|P:Infxx	str	POK,pIOK,pNOK,pPOK,IsUV,UTF8|P:Infxx
sInfx	POK,pIOK,pNOK,pPOK,IsUV,UTF8|P:Infxx	utf8	POK,pIOK,pNOK,pPOK,IsUV,UTF8|P:Infxx
sInfx	POK,pIOK,pNOK,pPOK,IsUV,UTF8|P:Infy	add	POK,pIOK,pNOK,pPOK,IsUV,UTF8|P:Infy
sInfx	POK,pIOK,pNOK,pPOK,IsUV,UTF8|P:Infy	bors	POK,pIOK,pNOK,pPOK,IsUV,UTF8|P:Infy
sInfx	POK,pIOK,pNOK,pPOK,IsUV,UTF8|P:Infy	cat0	POK,pIOK,pNOK,pPOK,IsUV,UTF8|P:Infy
sInfx	POK,pIOK,pNOK,pPOK,IsUV,UTF8|P:Infy	catx	POK,pIOK,pNOK,pPOK,IsUV,UTF8|P:Infyx
sInfx	POK,pIOK,pNOK,pPOK,IsUV,UTF8|P:Infy	copy	POK,pIOK,pNOK,pPOK,IsUV,UTF8|P:Infy
sInfx	POK,pIOK,pNOK,pPOK,IsUV,UTF8|P:Infy	dec	NOK,pNOK|N:Inf
sInfx	POK,pIOK,pNOK,pPOK,IsUV,UTF8|P:Infy	fbors	POK,pIOK,pNOK,pPOK,IsUV,UTF8|P:Infy
sInfx	POK,pIOK,pNOK,pPOK,IsUV,UTF8|P:Infy	inc	NOK,pNOK|N:Inf
sInfx	POK,pIOK,pNOK,pPOK,IsUV,UTF8|P:Infy	iv	POK,pIOK,pNOK,pPOK,IsUV,UTF8|P:Infy
sInfx	POK,pIOK,pNOK,pPOK,IsUV,UTF8|P:Infy	nv	POK,pIOK,pNOK,pPOK,IsUV,UTF8|P:Infy
sInfx	POK,pIOK,pNOK,pPOK,IsUV,UTF8|P:Infy	rng	POK,pIOK,pNOK,pPOK,IsUV,UTF8|P:Infy
sInfx	POK,pIOK,pNOK,pPOK,IsUV,UTF8|P:Infy	str	POK,pIOK,pNOK,pPOK,IsUV,UTF8|P:Infy
sInfx	POK,pIOK,pNOK,pPOK,IsUV,UTF8|P:Infy	utf8	POK,pIOK,pNOK,pPOK,IsUV,UTF8|P:Infy
sInfx	POK,pIOK,pNOK,pPOK,IsUV|P:Infx	add	POK,pIOK,pNOK,pPOK,IsUV|P:Infx
sInfx	POK,pIOK,pNOK,pPOK,IsUV|P:Infx	bors	POK,pIOK,pNOK,pPOK,IsUV|P:Infx
sInfx	POK,pIOK,pNOK,pPOK,IsUV|P:Infx	cat0	POK,pPOK|P:Infx
sInfx	POK,pIOK,pNOK,pPOK,IsUV|P:Infx	catx	POK,pPOK|P:Infxx
sInfx	POK,pIOK,pNOK,pPOK,IsUV|P:Infx	copy	POK,pIOK,pNOK,pPOK,IsUV|P:Infx
sInfx	POK,pIOK,pNOK,pPOK,IsUV|P:Infx	dec	NOK,pNOK|N:Inf
sInfx	POK,pIOK,pNOK,pPOK,IsUV|P:Infx	fbors	POK,pIOK,pNOK,pPOK,IsUV|P:Infx
sInfx	POK,pIOK,pNOK,pPOK,IsUV|P:Infx	inc	NOK,pNOK|N:Inf
sInfx	POK,pIOK,pNOK,pPOK,IsUV|P:Infx	iv	POK,pIOK,pNOK,pPOK,IsUV|P:Infx
sInfx	POK,pIOK,pNOK,pPOK,IsUV|P:Infx	nv	POK,pIOK,pNOK,pPOK,IsUV|P:Infx
sInfx	POK,pIOK,pNOK,pPOK,IsUV|P:Infx	rng	POK,pIOK,pNOK,pPOK,IsUV|P:Infx
sInfx	POK,pIOK,pNOK,pPOK,IsUV|P:Infx	str	POK,pIOK,pNOK,pPOK,IsUV|P:Infx
sInfx	POK,pIOK,pNOK,pPOK,IsUV|P:Infx	utf8	POK,pIOK,pNOK,pPOK,IsUV,UTF8|P:Infx
sInfx	POK,pIOK,pNOK,pPOK,IsUV|P:Infxx	add	POK,pIOK,pNOK,pPOK,IsUV|P:Infxx
sInfx	POK,pIOK,pNOK,pPOK,IsUV|P:Infxx	bors	POK,pIOK,pNOK,pPOK,IsUV|P:Infxx
sInfx	POK,pIOK,pNOK,pPOK,IsUV|P:Infxx	cat0	POK,pIOK,pNOK,pPOK,IsUV|P:Infxx
sInfx	POK,pIOK,pNOK,pPOK,IsUV|P:Infxx	catx	POK,pIOK,pNOK,pPOK,IsUV|P:Infxxx
sInfx	POK,pIOK,pNOK,pPOK,IsUV|P:Infxx	copy	POK,pIOK,pNOK,pPOK,IsUV|P:Infxx
sInfx	POK,pIOK,pNOK,pPOK,IsUV|P:Infxx	dec	NOK,pNOK|N:Inf
sInfx	POK,pIOK,pNOK,pPOK,IsUV|P:Infxx	fbors	POK,pIOK,pNOK,pPOK,IsUV|P:Infxx
sInfx	POK,pIOK,pNOK,pPOK,IsUV|P:Infxx	inc	NOK,pNOK|N:Inf
sInfx	POK,pIOK,pNOK,pPOK,IsUV|P:Infxx	iv	POK,pIOK,pNOK,pPOK,IsUV|P:Infxx
sInfx	POK,pIOK,pNOK,pPOK,IsUV|P:Infxx	nv	POK,pIOK,pNOK,pPOK,IsUV|P:Infxx
sInfx	POK,pIOK,pNOK,pPOK,IsUV|P:Infxx	rng	POK,pIOK,pNOK,pPOK,IsUV|P:Infxx
sInfx	POK,pIOK,pNOK,pPOK,IsUV|P:Infxx	str	POK,pIOK,pNOK,pPOK,IsUV|P:Infxx
sInfx	POK,pIOK,pNOK,pPOK,IsUV|P:Infxx	utf8	POK,pIOK,pNOK,pPOK,IsUV,UTF8|P:Infxx
sInfx	POK,pIOK,pNOK,pPOK,IsUV|P:Infxxx	add	POK,pIOK,pNOK,pPOK,IsUV|P:Infxxx
sInfx	POK,pIOK,pNOK,pPOK,IsUV|P:Infxxx	bors	POK,pIOK,pNOK,pPOK,IsUV|P:Infxxx
sInfx	POK,pIOK,pNOK,pPOK,IsUV|P:Infxxx	cat0	POK,pIOK,pNOK,pPOK,IsUV|P:Infxxx
sInfx	POK,pIOK,pNOK,pPOK,IsUV|P:Infxxx	catx	POK,pIOK,pNOK,pPOK,IsUV|P:Infxxxx
sInfx	POK,pIOK,pNOK,pPOK,IsUV|P:Infxxx	copy	POK,pIOK,pNOK,pPOK,IsUV|P:Infxxx
sInfx	POK,pIOK,pNOK,pPOK,IsUV|P:Infxxx	dec	NOK,pNOK|N:Inf
sInfx	POK,pIOK,pNOK,pPOK,IsUV|P:Infxxx	fbors	POK,pIOK,pNOK,pPOK,IsUV|P:Infxxx
sInfx	POK,pIOK,pNOK,pPOK,IsUV|P:Infxxx	inc	NOK,pNOK|N:Inf
sInfx	POK,pIOK,pNOK,pPOK,IsUV|P:Infxxx	iv	POK,pIOK,pNOK,pPOK,IsUV|P:Infxxx
sInfx	POK,pIOK,pNOK,pPOK,IsUV|P:Infxxx	nv	POK,pIOK,pNOK,pPOK,IsUV|P:Infxxx
sInfx	POK,pIOK,pNOK,pPOK,IsUV|P:Infxxx	rng	POK,pIOK,pNOK,pPOK,IsUV|P:Infxxx
sInfx	POK,pIOK,pNOK,pPOK,IsUV|P:Infxxx	str	POK,pIOK,pNOK,pPOK,IsUV|P:Infxxx
sInfx	POK,pIOK,pNOK,pPOK,IsUV|P:Infxxx	utf8	POK,pIOK,pNOK,pPOK,IsUV,UTF8|P:Infxxx
sInfx	POK,pIOK,pNOK,pPOK,IsUV|P:Infxy	add	POK,pIOK,pNOK,pPOK,IsUV|P:Infxy
sInfx	POK,pIOK,pNOK,pPOK,IsUV|P:Infxy	bors	POK,pIOK,pNOK,pPOK,IsUV|P:Infxy
sInfx	POK,pIOK,pNOK,pPOK,IsUV|P:Infxy	cat0	POK,pIOK,pNOK,pPOK,IsUV|P:Infxy
sInfx	POK,pIOK,pNOK,pPOK,IsUV|P:Infxy	catx	POK,pIOK,pNOK,pPOK,IsUV|P:Infxyx
sInfx	POK,pIOK,pNOK,pPOK,IsUV|P:Infxy	copy	POK,pIOK,pNOK,pPOK,IsUV|P:Infxy
sInfx	POK,pIOK,pNOK,pPOK,IsUV|P:Infxy	dec	NOK,pNOK|N:Inf
sInfx	POK,pIOK,pNOK,pPOK,IsUV|P:Infxy	fbors	POK,pIOK,pNOK,pPOK,IsUV|P:Infxy
sInfx	POK,pIOK,pNOK,pPOK,IsUV|P:Infxy	inc	NOK,pNOK|N:Inf
sInfx	POK,pIOK,pNOK,pPOK,IsUV|P:Infxy	iv	POK,pIOK,pNOK,pPOK,IsUV|P:Infxy
sInfx	POK,pIOK,pNOK,pPOK,IsUV|P:Infxy	nv	POK,pIOK,pNOK,pPOK,IsUV|P:Infxy
sInfx	POK,pIOK,pNOK,pPOK,IsUV|P:Infxy	rng	POK,pIOK,pNOK,pPOK,IsUV|P:Infxy
sInfx	POK,pIOK,pNOK,pPOK,IsUV|P:Infxy	str	POK,pIOK,pNOK,pPOK,IsUV|P:Infxy
sInfx	POK,pIOK,pNOK,pPOK,IsUV|P:Infxy	utf8	POK,pIOK,pNOK,pPOK,IsUV,UTF8|P:Infxy
sInfx	POK,pIOK,pNOK,pPOK,IsUV|P:Infy	add	POK,pIOK,pNOK,pPOK,IsUV|P:Infy
sInfx	POK,pIOK,pNOK,pPOK,IsUV|P:Infy	bors	POK,pIOK,pNOK,pPOK,IsUV|P:Infy
sInfx	POK,pIOK,pNOK,pPOK,IsUV|P:Infy	cat0	POK,pIOK,pNOK,pPOK,IsUV|P:Infy
sInfx	POK,pIOK,pNOK,pPOK,IsUV|P:Infy	catx	POK,pIOK,pNOK,pPOK,IsUV|P:Infyx
sInfx	POK,pIOK,pNOK,pPOK,IsUV|P:Infy	copy	POK,pIOK,pNOK,pPOK,IsUV|P:Infy
sInfx	POK,pIOK,pNOK,pPOK,IsUV|P:Infy	dec	NOK,pNOK|N:Inf
sInfx	POK,pIOK,pNOK,pPOK,IsUV|P:Infy	fbors	POK,pIOK,pNOK,pPOK,IsUV|P:Infy
sInfx	POK,pIOK,pNOK,pPOK,IsUV|P:Infy	inc	NOK,pNOK|N:Inf
sInfx	POK,pIOK,pNOK,pPOK,IsUV|P:Infy	iv	POK,pIOK,pNOK,pPOK,IsUV|P:Infy
sInfx	POK,pIOK,pNOK,pPOK,IsUV|P:Infy	nv	POK,pIOK,pNOK,pPOK,IsUV|P:Infy
sInfx	POK,pIOK,pNOK,pPOK,IsUV|P:Infy	rng	POK,pIOK,pNOK,pPOK,IsUV|P:Infy
sInfx	POK,pIOK,pNOK,pPOK,IsUV|P:Infy	str	POK,pIOK,pNOK,pPOK,IsUV|P:Infy
sInfx	POK,pIOK,pNOK,pPOK,IsUV|P:Infy	utf8	POK,pIOK,pNOK,pPOK,IsUV,UTF8|P:Infy
sInfx	POK,pIOK,pNOK,pPOK,IsUV|P:Infyx	add	POK,pIOK,pNOK,pPOK,IsUV|P:Infyx
sInfx	POK,pIOK,pNOK,pPOK,IsUV|P:Infyx	bors	POK,pIOK,pNOK,pPOK,IsUV|P:Infyx
sInfx	POK,pIOK,pNOK,pPOK,IsUV|P:Infyx	cat0	POK,pIOK,pNOK,pPOK,IsUV|P:Infyx
sInfx	POK,pIOK,pNOK,pPOK,IsUV|P:Infyx	catx	POK,pIOK,pNOK,pPOK,IsUV|P:Infyxx
sInfx	POK,pIOK,pNOK,pPOK,IsUV|P:Infyx	copy	POK,pIOK,pNOK,pPOK,IsUV|P:Infyx
sInfx	POK,pIOK,pNOK,pPOK,IsUV|P:Infyx	dec	NOK,pNOK|N:Inf
sInfx	POK,pIOK,pNOK,pPOK,IsUV|P:Infyx	fbors	POK,pIOK,pNOK,pPOK,IsUV|P:Infyx
sInfx	POK,pIOK,pNOK,pPOK,IsUV|P:Infyx	inc	NOK,pNOK|N:Inf
sInfx	POK,pIOK,pNOK,pPOK,IsUV|P:Infyx	iv	POK,pIOK,pNOK,pPOK,IsUV|P:Infyx
sInfx	POK,pIOK,pNOK,pPOK,IsUV|P:Infyx	nv	POK,pIOK,pNOK,pPOK,IsUV|P:Infyx
sInfx	POK,pIOK,pNOK,pPOK,IsUV|P:Infyx	rng	POK,pIOK,pNOK,pPOK,IsUV|P:Infyx
sInfx	POK,pIOK,pNOK,pPOK,IsUV|P:Infyx	str	POK,pIOK,pNOK,pPOK,IsUV|P:Infyx
sInfx	POK,pIOK,pNOK,pPOK,IsUV|P:Infyx	utf8	POK,pIOK,pNOK,pPOK,IsUV,UTF8|P:Infyx
sInfx	POK,pIOK,pNOK,pPOK,IsUV|P:Infz	add	POK,pIOK,pNOK,pPOK,IsUV|P:Infz
sInfx	POK,pIOK,pNOK,pPOK,IsUV|P:Infz	bors	POK,pIOK,pNOK,pPOK,IsUV|P:Infz
sInfx	POK,pIOK,pNOK,pPOK,IsUV|P:Infz	cat0	POK,pIOK,pNOK,pPOK,IsUV|P:Infz
sInfx	POK,pIOK,pNOK,pPOK,IsUV|P:Infz	catx	POK,pIOK,pNOK,pPOK,IsUV|P:Infzx
sInfx	POK,pIOK,pNOK,pPOK,IsUV|P:Infz	copy	POK,pIOK,pNOK,pPOK,IsUV|P:Infz
sInfx	POK,pIOK,pNOK,pPOK,IsUV|P:Infz	dec	NOK,pNOK|N:Inf
sInfx	POK,pIOK,pNOK,pPOK,IsUV|P:Infz	fbors	POK,pIOK,pNOK,pPOK,IsUV|P:Infz
sInfx	POK,pIOK,pNOK,pPOK,IsUV|P:Infz	inc	NOK,pNOK|N:Inf
sInfx	POK,pIOK,pNOK,pPOK,IsUV|P:Infz	iv	POK,pIOK,pNOK,pPOK,IsUV|P:Infz
sInfx	POK,pIOK,pNOK,pPOK,IsUV|P:Infz	nv	POK,pIOK,pNOK,pPOK,IsUV|P:Infz
sInfx	POK,pIOK,pNOK,pPOK,IsUV|P:Infz	rng	POK,pIOK,pNOK,pPOK,IsUV|P:Infz
sInfx	POK,pIOK,pNOK,pPOK,IsUV|P:Infz	str	POK,pIOK,pNOK,pPOK,IsUV|P:Infz
sInfx	POK,pIOK,pNOK,pPOK,IsUV|P:Infz	utf8	POK,pIOK,pNOK,pPOK,IsUV,UTF8|P:Infz
sInfx	POK,pNOK,pPOK,UTF8|P:Infx	add	POK,pIOK,pNOK,pPOK,IsUV,UTF8|P:Infx
sInfx	POK,pNOK,pPOK,UTF8|P:Infx	bors	POK,pIOK,pNOK,pPOK,IsUV,UTF8|P:Infx
sInfx	POK,pNOK,pPOK,UTF8|P:Infx	cat0	POK,pNOK,pPOK,UTF8|P:Infx
sInfx	POK,pNOK,pPOK,UTF8|P:Infx	catx	POK,pNOK,pPOK,UTF8|P:Infxx
sInfx	POK,pNOK,pPOK,UTF8|P:Infx	copy	POK,pNOK,pPOK,UTF8|P:Infx
sInfx	POK,pNOK,pPOK,UTF8|P:Infx	dec	NOK,pNOK|N:Inf
sInfx	POK,pNOK,pPOK,UTF8|P:Infx	fbors	POK,pNOK,pPOK,UTF8|P:Infx
sInfx	POK,pNOK,pPOK,UTF8|P:Infx	inc	NOK,pNOK|N:Inf
sInfx	POK,pNOK,pPOK,UTF8|P:Infx	iv	POK,pIOK,pNOK,pPOK,IsUV,UTF8|P:Infx
sInfx	POK,pNOK,pPOK,UTF8|P:Infx	nv	POK,pNOK,pPOK,UTF8|P:Infx
sInfx	POK,pNOK,pPOK,UTF8|P:Infx	rng	POK,pIOK,pNOK,pPOK,IsUV,UTF8|P:Infx
sInfx	POK,pNOK,pPOK,UTF8|P:Infx	str	POK,pNOK,pPOK,UTF8|P:Infx
sInfx	POK,pNOK,pPOK,UTF8|P:Infx	utf8	POK,pNOK,pPOK,UTF8|P:Infx
sInfx	POK,pNOK,pPOK,UTF8|P:Infxx	add	POK,pIOK,pNOK,pPOK,IsUV,UTF8|P:Infxx
sInfx	POK,pNOK,pPOK,UTF8|P:Infxx	bors	POK,pIOK,pNOK,pPOK,IsUV,UTF8|P:Infxx
sInfx	POK,pNOK,pPOK,UTF8|P:Infxx	cat0	POK,pNOK,pPOK,UTF8|P:Infxx
sInfx	POK,pNOK,pPOK,UTF8|P:Infxx	catx	POK,pNOK,pPOK,UTF8|P:Infxxx
sInfx	POK,pNOK,pPOK,UTF8|P:Infxx	copy	POK,pNOK,pPOK,UTF8|P:Infxx
sInfx	POK,pNOK,pPOK,UTF8|P:Infxx	dec	NOK,pNOK|N:Inf
sInfx	POK,pNOK,pPOK,UTF8|P:Infxx	fbors	POK,pNOK,pPOK,UTF8|P:Infxx
sInfx	POK,pNOK,pPOK,UTF8|P:Infxx	inc	NOK,pNOK|N:Inf
sInfx	POK,pNOK,pPOK,UTF8|P:Infxx	iv	POK,pIOK,pNOK,pPOK,IsUV,UTF8|P:Infxx
sInfx	POK,pNOK,pPOK,UTF8|P:Infxx	nv	POK,pNOK,pPOK,UTF8|P:Infxx
sInfx	POK,pNOK,pPOK,UTF8|P:Infxx	rng	POK,pIOK,pNOK,pPOK,IsUV,UTF8|P:Infxx
sInfx	POK,pNOK,pPOK,UTF8|P:Infxx	str	POK,pNOK,pPOK,UTF8|P:Infxx
sInfx	POK,pNOK,pPOK,UTF8|P:Infxx	utf8	POK,pNOK,pPOK,UTF8|P:Infxx
sInfx	POK,pNOK,pPOK,UTF8|P:Infy	add	POK,pIOK,pNOK,pPOK,IsUV,UTF8|P:Infy
sInfx	POK,pNOK,pPOK,UTF8|P:Infy	bors	POK,pIOK,pNOK,pPOK,IsUV,UTF8|P:Infy
sInfx	POK,pNOK,pPOK,UTF8|P:Infy	cat0	POK,pNOK,pPOK,UTF8|P:Infy
sInfx	POK,pNOK,pPOK,UTF8|P:Infy	catx	POK,pNOK,pPOK,UTF8|P:Infyx
sInfx	POK,pNOK,pPOK,UTF8|P:Infy	copy	POK,pNOK,pPOK,UTF8|P:Infy
sInfx	POK,pNOK,pPOK,UTF8|P:Infy	dec	NOK,pNOK|N:Inf
sInfx	POK,pNOK,pPOK,UTF8|P:Infy	fbors	POK,pNOK,pPOK,UTF8|P:Infy
sInfx	POK,pNOK,pPOK,UTF8|P:Infy	inc	NOK,pNOK|N:Inf
sInfx	POK,pNOK,pPOK,UTF8|P:Infy	iv	POK,pIOK,pNOK,pPOK,IsUV,UTF8|P:Infy
sInfx	POK,pNOK,pPOK,UTF8|P:Infy	nv	POK,pNOK,pPOK,UTF8|P:Infy
sInfx	POK,pNOK,pPOK,UTF8|P:Infy	rng	POK,pIOK,pNOK,pPOK,IsUV,UTF8|P:Infy
sInfx	POK,pNOK,pPOK,UTF8|P:Infy	str	POK,pNOK,pPOK,UTF8|P:Infy
sInfx	POK,pNOK,pPOK,UTF8|P:Infy	utf8	POK,pNOK,pPOK,UTF8|P:Infy
sInfx	POK,pNOK,pPOK|P:Infx	add	POK,pIOK,pNOK,pPOK,IsUV|P:Infx
sInfx	POK,pNOK,pPOK|P:Infx	bors	POK,pIOK,pNOK,pPOK,IsUV|P:Infx
sInfx	POK,pNOK,pPOK|P:Infx	cat0	POK,pPOK|P:Infx
sInfx	POK,pNOK,pPOK|P:Infx	catx	POK,pPOK|P:Infxx
sInfx	POK,pNOK,pPOK|P:Infx	copy	POK,pNOK,pPOK|P:Infx
sInfx	POK,pNOK,pPOK|P:Infx	dec	NOK,pNOK|N:Inf
sInfx	POK,pNOK,pPOK|P:Infx	fbors	POK,pNOK,pPOK|P:Infx
sInfx	POK,pNOK,pPOK|P:Infx	inc	NOK,pNOK|N:Inf
sInfx	POK,pNOK,pPOK|P:Infx	iv	POK,pIOK,pNOK,pPOK,IsUV|P:Infx
sInfx	POK,pNOK,pPOK|P:Infx	nv	POK,pNOK,pPOK|P:Infx
sInfx	POK,pNOK,pPOK|P:Infx	rng	POK,pIOK,pNOK,pPOK,IsUV|P:Infx
sInfx	POK,pNOK,pPOK|P:Infx	str	POK,pNOK,pPOK|P:Infx
sInfx	POK,pNOK,pPOK|P:Infx	utf8	POK,pNOK,pPOK,UTF8|P:Infx
sInfx	POK,pNOK,pPOK|P:Infxx	add	POK,pIOK,pNOK,pPOK,IsUV|P:Infxx
sInfx	POK,pNOK,pPOK|P:Infxx	bors	POK,pIOK,pNOK,pPOK,IsUV|P:Infxx
sInfx	POK,pNOK,pPOK|P:Infxx	cat0	POK,pNOK,pPOK|P:Infxx
sInfx	POK,pNOK,pPOK|P:Infxx	catx	POK,pNOK,pPOK|P:Infxxx
sInfx	POK,pNOK,pPOK|P:Infxx	copy	POK,pNOK,pPOK|P:Infxx
sInfx	POK,pNOK,pPOK|P:Infxx	dec	NOK,pNOK|N:Inf
sInfx	POK,pNOK,pPOK|P:Infxx	fbors	POK,pNOK,pPOK|P:Infxx
sInfx	POK,pNOK,pPOK|P:Infxx	inc	NOK,pNOK|N:Inf
sInfx	POK,pNOK,pPOK|P:Infxx	iv	POK,pIOK,pNOK,pPOK,IsUV|P:Infxx
sInfx	POK,pNOK,pPOK|P:Infxx	nv	POK,pNOK,pPOK|P:Infxx
sInfx	POK,pNOK,pPOK|P:Infxx	rng	POK,pIOK,pNOK,pPOK,IsUV|P:Infxx
sInfx	POK,pNOK,pPOK|P:Infxx	str	POK,pNOK,pPOK|P:Infxx
sInfx	POK,pNOK,pPOK|P:Infxx	utf8	POK,pNOK,pPOK,UTF8|P:Infxx
sInfx	POK,pNOK,pPOK|P:Infxxx	add	POK,pIOK,pNOK,pPOK,IsUV|P:Infxxx
sInfx	POK,pNOK,pPOK|P:Infxxx	bors	POK,pIOK,pNOK,pPOK,IsUV|P:Infxxx
sInfx	POK,pNOK,pPOK|P:Infxxx	cat0	POK,pNOK,pPOK|P:Infxxx
sInfx	POK,pNOK,pPOK|P:Infxxx	catx	POK,pNOK,pPOK|P:Infxxxx
sInfx	POK,pNOK,pPOK|P:Infxxx	copy	POK,pNOK,pPOK|P:Infxxx
sInfx	POK,pNOK,pPOK|P:Infxxx	dec	NOK,pNOK|N:Inf
sInfx	POK,pNOK,pPOK|P:Infxxx	fbors	POK,pNOK,pPOK|P:Infxxx
sInfx	POK,pNOK,pPOK|P:Infxxx	inc	NOK,pNOK|N:Inf
sInfx	POK,pNOK,pPOK|P:Infxxx	iv	POK,pIOK,pNOK,pPOK,IsUV|P:Infxxx
sInfx	POK,pNOK,pPOK|P:Infxxx	nv	POK,pNOK,pPOK|P:Infxxx
sInfx	POK,pNOK,pPOK|P:Infxxx	rng	POK,pIOK,pNOK,pPOK,IsUV|P:Infxxx
sInfx	POK,pNOK,pPOK|P:Infxxx	str	POK,pNOK,pPOK|P:Infxxx
sInfx	POK,pNOK,pPOK|P:Infxxx	utf8	POK,pNOK,pPOK,UTF8|P:Infxxx
sInfx	POK,pNOK,pPOK|P:Infxy	add	POK,pIOK,pNOK,pPOK,IsUV|P:Infxy
sInfx	POK,pNOK,pPOK|P:Infxy	bors	POK,pIOK,pNOK,pPOK,IsUV|P:Infxy
sInfx	POK,pNOK,pPOK|P:Infxy	cat0	POK,pNOK,pPOK|P:Infxy
sInfx	POK,pNOK,pPOK|P:Infxy	catx	POK,pNOK,pPOK|P:Infxyx
sInfx	POK,pNOK,pPOK|P:Infxy	copy	POK,pNOK,pPOK|P:Infxy
sInfx	POK,pNOK,pPOK|P:Infxy	dec	NOK,pNOK|N:Inf
sInfx	POK,pNOK,pPOK|P:Infxy	fbors	POK,pNOK,pPOK|P:Infxy
sInfx	POK,pNOK,pPOK|P:Infxy	inc	NOK,pNOK|N:Inf
sInfx	POK,pNOK,pPOK|P:Infxy	iv	POK,pIOK,pNOK,pPOK,IsUV|P:Infxy
sInfx	POK,pNOK,pPOK|P:Infxy	nv	POK,pNOK,pPOK|P:Infxy
sInfx	POK,pNOK,pPOK|P:Infxy	rng	POK,pIOK,pNOK,pPOK,IsUV|P:Infxy
sInfx	POK,pNOK,pPOK|P:Infxy	str	POK,pNOK,pPOK|P:Infxy
sInfx	POK,pNOK,pPOK|P:Infxy	utf8	POK,pNOK,pPOK,UTF8|P:Infxy
sInfx	POK,pNOK,pPOK|P:Infy	add	POK,pIOK,pNOK,pPOK,IsUV|P:Infy
sInfx	POK,pNOK,pPOK|P:Infy	bors	POK,pIOK,pNOK,pPOK,IsUV|P:Infy
sInfx	POK,pNOK,pPOK|P:Infy	cat0	POK,pNOK,pPOK|P:Infy
sInfx	POK,pNOK,pPOK|P:Infy	catx	POK,pNOK,pPOK|P:Infyx
sInfx	POK,pNOK,pPOK|P:Infy	copy	POK,pNOK,pPOK|P:Infy
sInfx	POK,pNOK,pPOK|P:Infy	dec	NOK,pNOK|N:Inf
sInfx	POK,pNOK,pPOK|P:Infy	fbors	POK,pNOK,pPOK|P:Infy
sInfx	POK,pNOK,pPOK|P:Infy	inc	NOK,pNOK|N:Inf
sInfx	POK,pNOK,pPOK|P:Infy	iv	POK,pIOK,pNOK,pPOK,IsUV|P:Infy
sInfx	POK,pNOK,pPOK|P:Infy	nv	POK,pNOK,pPOK|P:Infy
sInfx	POK,pNOK,pPOK|P:Infy	rng	POK,pIOK,pNOK,pPOK,IsUV|P:Infy
sInfx	POK,pNOK,pPOK|P:Infy	str	POK,pNOK,pPOK|P:Infy
sInfx	POK,pNOK,pPOK|P:Infy	utf8	POK,pNOK,pPOK,UTF8|P:Infy
sInfx	POK,pNOK,pPOK|P:Infyx	add	POK,pIOK,pNOK,pPOK,IsUV|P:Infyx
sInfx	POK,pNOK,pPOK|P:Infyx	bors	POK,pIOK,pNOK,pPOK,IsUV|P:Infyx
sInfx	POK,pNOK,pPOK|P:Infyx	cat0	POK,pNOK,pPOK|P:Infyx
sInfx	POK,pNOK,pPOK|P:Infyx	catx	POK,pNOK,pPOK|P:Infyxx
sInfx	POK,pNOK,pPOK|P:Infyx	copy	POK,pNOK,pPOK|P:Infyx
sInfx	POK,pNOK,pPOK|P:Infyx	dec	NOK,pNOK|N:Inf
sInfx	POK,pNOK,pPOK|P:Infyx	fbors	POK,pNOK,pPOK|P:Infyx
sInfx	POK,pNOK,pPOK|P:Infyx	inc	NOK,pNOK|N:Inf
sInfx	POK,pNOK,pPOK|P:Infyx	iv	POK,pIOK,pNOK,pPOK,IsUV|P:Infyx
sInfx	POK,pNOK,pPOK|P:Infyx	nv	POK,pNOK,pPOK|P:Infyx
sInfx	POK,pNOK,pPOK|P:Infyx	rng	POK,pIOK,pNOK,pPOK,IsUV|P:Infyx
sInfx	POK,pNOK,pPOK|P:Infyx	str	POK,pNOK,pPOK|P:Infyx
sInfx	POK,pNOK,pPOK|P:Infyx	utf8	POK,pNOK,pPOK,UTF8|P:Infyx
sInfx	POK,pNOK,pPOK|P:Infz	add	POK,pIOK,pNOK,pPOK,IsUV|P:Infz
sInfx	POK,pNOK,pPOK|P:Infz	bors	POK,pIOK,pNOK,pPOK,IsUV|P:Infz
sInfx	POK,pNOK,pPOK|P:Infz	cat0	POK,pNOK,pPOK|P:Infz
sInfx	POK,pNOK,pPOK|P:Infz	catx	POK,pNOK,pPOK|P:Infzx
sInfx	POK,pNOK,pPOK|P:Infz	copy	POK,pNOK,pPOK|P:Infz
sInfx	POK,pNOK,pPOK|P:Infz	dec	NOK,pNOK|N:Inf
sInfx	POK,pNOK,pPOK|P:Infz	fbors	POK,pNOK,pPOK|P:Infz
sInfx	POK,pNOK,pPOK|P:Infz	inc	NOK,pNOK|N:Inf
sInfx	POK,pNOK,pPOK|P:Infz	iv	POK,pIOK,pNOK,pPOK,IsUV|P:Infz
sInfx	POK,pNOK,pPOK|P:Infz	nv	POK,pNOK,pPOK|P:Infz
sInfx	POK,pNOK,pPOK|P:Infz	rng	POK,pIOK,pNOK,pPOK,IsUV|P:Infz
sInfx	POK,pNOK,pPOK|P:Infz	str	POK,pNOK,pPOK|P:Infz
sInfx	POK,pNOK,pPOK|P:Infz	utf8	POK,pNOK,pPOK,UTF8|P:Infz
sInfx	POK,pPOK,UTF8|P:Inf	add	NOK,POK,pIOK,pNOK,pPOK,IsUV|P:Inf
sInfx	POK,pPOK,UTF8|P:Inf	bors	POK,pPOK,UTF8|P:Inf
sInfx	POK,pPOK,UTF8|P:Inf	cat0	POK,pPOK,UTF8|P:Inf
sInfx	POK,pPOK,UTF8|P:Inf	catx	POK,pPOK,UTF8|P:Infx
sInfx	POK,pPOK,UTF8|P:Inf	copy	POK,pPOK,UTF8|P:Inf
sInfx	POK,pPOK,UTF8|P:Inf	dec	NOK,pNOK|N:Inf
sInfx	POK,pPOK,UTF8|P:Inf	fbors	POK,pPOK,UTF8|P:Inf
sInfx	POK,pPOK,UTF8|P:Inf	inc	POK,pPOK,UTF8|P:Ing
sInfx	POK,pPOK,UTF8|P:Inf	iv	NOK,POK,pIOK,pNOK,pPOK,IsUV|P:Inf
sInfx	POK,pPOK,UTF8|P:Inf	nv	NOK,POK,pNOK,pPOK,UTF8|P:Inf
sInfx	POK,pPOK,UTF8|P:Inf	rng	NOK,POK,pIOK,pNOK,pPOK,IsUV,UTF8|P:Inf
sInfx	POK,pPOK,UTF8|P:Inf	str	POK,pPOK,UTF8|P:Inf
sInfx	POK,pPOK,UTF8|P:Inf	utf8	POK,pPOK,UTF8|P:Inf
sInfx	POK,pPOK,UTF8|P:Infx	add	POK,pIOK,pNOK,pPOK,IsUV,UTF8|P:Infx
sInfx	POK,pPOK,UTF8|P:Infx	bors	POK,pPOK,UTF8|P:Infx
sInfx	POK,pPOK,UTF8|P:Infx	cat0	POK,pPOK,UTF8|P:Infx
sInfx	POK,pPOK,UTF8|P:Infx	catx	POK,pPOK,UTF8|P:Infxx
sInfx	POK,pPOK,UTF8|P:Infx	copy	POK,pPOK,UTF8|P:Infx
sInfx	POK,pPOK,UTF8|P:Infx	dec	NOK,pNOK|N:Inf
sInfx	POK,pPOK,UTF8|P:Infx	fbors	POK,pPOK,UTF8|P:Infx
sInfx	POK,pPOK,UTF8|P:Infx	inc	POK,pPOK,UTF8|P:Infy
sInfx	POK,pPOK,UTF8|P:Infx	iv	POK,pIOK,pNOK,pPOK,IsUV,UTF8|P:Infx
sInfx	POK,pPOK,UTF8|P:Infx	nv	POK,pNOK,pPOK,UTF8|P:Infx
sInfx	POK,pPOK,UTF8|P:Infx	rng	POK,pPOK,UTF8|P:Infx
sInfx	POK,pPOK,UTF8|P:Infx	str	POK,pPOK,UTF8|P:Infx
sInfx	POK,pPOK,UTF8|P:Infx	utf8	POK,pPOK,UTF8|P:Infx
sInfx	POK,pPOK,UTF8|P:Infxx	add	POK,pIOK,pNOK,pPOK,IsUV,UTF8|P:Infxx
sInfx	POK,pPOK,UTF8|P:Infxx	bors	POK,pPOK,UTF8|P:Infxx
sInfx	POK,pPOK,UTF8|P:Infxx	cat0	POK,pPOK,UTF8|P:Infxx
sInfx	POK,pPOK,UTF8|P:Infxx	catx	POK,pPOK,UTF8|P:Infxxx
sInfx	POK,pPOK,UTF8|P:Infxx	copy	POK,pPOK,UTF8|P:Infxx
sInfx	POK,pPOK,UTF8|P:Infxx	dec	NOK,pNOK|N:Inf
sInfx	POK,pPOK,UTF8|P:Infxx	fbors	POK,pPOK,UTF8|P:Infxx
sInfx	POK,pPOK,UTF8|P:Infxx	inc	POK,pPOK,UTF8|P:Infxy
sInfx	POK,pPOK,UTF8|P:Infxx	iv	POK,pIOK,pNOK,pPOK,IsUV,UTF8|P:Infxx
sInfx	POK,pPOK,UTF8|P:Infxx	nv	POK,pNOK,pPOK,UTF8|P:Infxx
sInfx	POK,pPOK,UTF8|P:Infxx	rng	POK,pPOK,UTF8|P:Infxx
sInfx	POK,pPOK,UTF8|P:Infxx	str	POK,pPOK,UTF8|P:Infxx
sInfx	POK,pPOK,UTF8|P:Infxx	utf8	POK,pPOK,UTF8|P:Infxx
sInfx	POK,pPOK,UTF8|P:Infxxx	add	POK,pIOK,pNOK,pPOK,IsUV,UTF8|P:Infxxx
sInfx	POK,pPOK,UTF8|P:Infxxx	bors	POK,pPOK,UTF8|P:Infxxx
sInfx	POK,pPOK,UTF8|P:Infxxx	cat0	POK,pPOK,UTF8|P:Infxxx
sInfx	POK,pPOK,UTF8|P:Infxxx	catx	POK,pPOK,UTF8|P:Infxxxx
sInfx	POK,pPOK,UTF8|P:Infxxx	copy	POK,pPOK,UTF8|P:Infxxx
sInfx	POK,pPOK,UTF8|P:Infxxx	dec	NOK,pNOK|N:Inf
sInfx	POK,pPOK,UTF8|P:Infxxx	fbors	POK,pPOK,UTF8|P:Infxxx
sInfx	POK,pPOK,UTF8|P:Infxxx	inc	POK,pPOK,UTF8|P:Infxxy
sInfx	POK,pPOK,UTF8|P:Infxxx	iv	POK,pIOK,pNOK,pPOK,IsUV,UTF8|P:Infxxx
sInfx	POK,pPOK,UTF8|P:Infxxx	nv	POK,pNOK,pPOK,UTF8|P:Infxxx
sInfx	POK,pPOK,UTF8|P:Infxxx	rng	POK,pPOK,UTF8|P:Infxxx
sInfx	POK,pPOK,UTF8|P:Infxxx	str	POK,pPOK,UTF8|P:Infxxx
sInfx	POK,pPOK,UTF8|P:Infxxx	utf8	POK,pPOK,UTF8|P:Infxxx
sInfx	POK,pPOK,UTF8|P:Infxy	add	POK,pIOK,pNOK,pPOK,IsUV,UTF8|P:Infxy
sInfx	POK,pPOK,UTF8|P:Infxy	bors	POK,pPOK,UTF8|P:Infxy
sInfx	POK,pPOK,UTF8|P:Infxy	cat0	POK,pPOK,UTF8|P:Infxy
sInfx	POK,pPOK,UTF8|P:Infxy	catx	POK,pPOK,UTF8|P:Infxyx
sInfx	POK,pPOK,UTF8|P:Infxy	copy	POK,pPOK,UTF8|P:Infxy
sInfx	POK,pPOK,UTF8|P:Infxy	dec	NOK,pNOK|N:Inf
sInfx	POK,pPOK,UTF8|P:Infxy	fbors	POK,pPOK,UTF8|P:Infxy
sInfx	POK,pPOK,UTF8|P:Infxy	inc	POK,pPOK,UTF8|P:Infxz
sInfx	POK,pPOK,UTF8|P:Infxy	iv	POK,pIOK,pNOK,pPOK,IsUV,UTF8|P:Infxy
sInfx	POK,pPOK,UTF8|P:Infxy	nv	POK,pNOK,pPOK,UTF8|P:Infxy
sInfx	POK,pPOK,UTF8|P:Infxy	rng	POK,pPOK,UTF8|P:Infxy
sInfx	POK,pPOK,UTF8|P:Infxy	str	POK,pPOK,UTF8|P:Infxy
sInfx	POK,pPOK,UTF8|P:Infxy	utf8	POK,pPOK,UTF8|P:Infxy
sInfx	POK,pPOK,UTF8|P:Infy	add	POK,pIOK,pNOK,pPOK,IsUV,UTF8|P:Infy
sInfx	POK,pPOK,UTF8|P:Infy	bors	POK,pPOK,UTF8|P:Infy
sInfx	POK,pPOK,UTF8|P:Infy	cat0	POK,pPOK,UTF8|P:Infy
sInfx	POK,pPOK,UTF8|P:Infy	catx	POK,pPOK,UTF8|P:Infyx
sInfx	POK,pPOK,UTF8|P:Infy	copy	POK,pPOK,UTF8|P:Infy
sInfx	POK,pPOK,UTF8|P:Infy	dec	NOK,pNOK|N:Inf
sInfx	POK,pPOK,UTF8|P:Infy	fbors	POK,pPOK,UTF8|P:Infy
sInfx	POK,pPOK,UTF8|P:Infy	inc	POK,pPOK,UTF8|P:Infz
sInfx	POK,pPOK,UTF8|P:Infy	iv	POK,pIOK,pNOK,pPOK,IsUV,UTF8|P:Infy
sInfx	POK,pPOK,UTF8|P:Infy	nv	POK,pNOK,pPOK,UTF8|P:Infy
sInfx	POK,pPOK,UTF8|P:Infy	rng	POK,pPOK,UTF8|P:Infy
sInfx	POK,pPOK,UTF8|P:Infy	str	POK,pPOK,UTF8|P:Infy
sInfx	POK,pPOK,UTF8|P:Infy	utf8	POK,pPOK,UTF8|P:Infy
sInfx	POK,pPOK,UTF8|P:Infyx	add	POK,pIOK,pNOK,pPOK,IsUV,UTF8|P:Infyx
sInfx	POK,pPOK,UTF8|P:Infyx	bors	POK,pPOK,UTF8|P:Infyx
sInfx	POK,pPOK,UTF8|P:Infyx	cat0	POK,pPOK,UTF8|P:Infyx
sInfx	POK,pPOK,UTF8|P:Infyx	catx	POK,pPOK,UTF8|P:Infyxx
sInfx	POK,pPOK,UTF8|P:Infyx	copy	POK,pPOK,UTF8|P:Infyx
sInfx	POK,pPOK,UTF8|P:Infyx	dec	NOK,pNOK|N:Inf
sInfx	POK,pPOK,UTF8|P:Infyx	fbors	POK,pPOK,UTF8|P:Infyx
sInfx	POK,pPOK,UTF8|P:Infyx	inc	POK,pPOK,UTF8|P:Infyy
sInfx	POK,pPOK,UTF8|P:Infyx	iv	POK,pIOK,pNOK,pPOK,IsUV,UTF8|P:Infyx
sInfx	POK,pPOK,UTF8|P:Infyx	nv	POK,pNOK,pPOK,UTF8|P:Infyx
sInfx	POK,pPOK,UTF8|P:Infyx	rng	POK,pPOK,UTF8|P:Infyx
sInfx	POK,pPOK,UTF8|P:Infyx	str	POK,pPOK,UTF8|P:Infyx
sInfx	POK,pPOK,UTF8|P:Infyx	utf8	POK,pPOK,UTF8|P:Infyx
sInfx	POK,pPOK,UTF8|P:Infz	add	POK,pIOK,pNOK,pPOK,IsUV,UTF8|P:Infz
sInfx	POK,pPOK,UTF8|P:Infz	bors	POK,pPOK,UTF8|P:Infz
sInfx	POK,pPOK,UTF8|P:Infz	cat0	POK,pPOK,UTF8|P:Infz
sInfx	POK,pPOK,UTF8|P:Infz	catx	POK,pPOK,UTF8|P:Infzx
sInfx	POK,pPOK,UTF8|P:Infz	copy	POK,pPOK,UTF8|P:Infz
sInfx	POK,pPOK,UTF8|P:Infz	dec	NOK,pNOK|N:Inf
sInfx	POK,pPOK,UTF8|P:Infz	fbors	POK,pPOK,UTF8|P:Infz
sInfx	POK,pPOK,UTF8|P:Infz	inc	POK,pPOK,UTF8|P:Inga
sInfx	POK,pPOK,UTF8|P:Infz	iv	POK,pIOK,pNOK,pPOK,IsUV,UTF8|P:Infz
sInfx	POK,pPOK,UTF8|P:Infz	nv	POK,pNOK,pPOK,UTF8|P:Infz
sInfx	POK,pPOK,UTF8|P:Infz	rng	POK,pPOK,UTF8|P:Infz
sInfx	POK,pPOK,UTF8|P:Infz	str	POK,pPOK,UTF8|P:Infz
sInfx	POK,pPOK,UTF8|P:Infz	utf8	POK,pPOK,UTF8|P:Infz
sInfx	POK,pPOK,UTF8|P:Ing	add	POK,pIOK,pNOK,pPOK,UTF8|P:Ing
sInfx	POK,pPOK,UTF8|P:Ing	bors	POK,pPOK,UTF8|P:Ing
sInfx	POK,pPOK,UTF8|P:Ing	cat0	POK,pPOK,UTF8|P:Ing
sInfx	POK,pPOK,UTF8|P:Ing	catx	POK,pPOK,UTF8|P:Ingx
sInfx	POK,pPOK,UTF8|P:Ing	copy	POK,pPOK,UTF8|P:Ing
sInfx	POK,pPOK,UTF8|P:Ing	dec	NOK,pNOK|N:-1
sInfx	POK,pPOK,UTF8|P:Ing	fbors	POK,pPOK,UTF8|P:Ing
sInfx	POK,pPOK,UTF8|P:Ing	inc	POK,pPOK,UTF8|P:Inh
sInfx	POK,pPOK,UTF8|P:Ing	iv	POK,pIOK,pNOK,pPOK,UTF8|P:Ing
sInfx	POK,pPOK,UTF8|P:Ing	nv	POK,pNOK,pPOK,UTF8|P:Ing
sInfx	POK,pPOK,UTF8|P:Ing	rng	POK,pPOK,UTF8|P:Ing
sInfx	POK,pPOK,UTF8|P:Ing	str	POK,pPOK,UTF8|P:Ing
sInfx	POK,pPOK,UTF8|P:Ing	utf8	POK,pPOK,UTF8|P:Ing
sInfx	POK,pPOK|P:Inf	add	NOK,POK,pIOK,pNOK,pPOK,IsUV|P:Inf
sInfx	POK,pPOK|P:Inf	bors	POK,pPOK|P:Inf
sInfx	POK,pPOK|P:Inf	cat0	POK,pPOK|P:Inf
sInfx	POK,pPOK|P:Inf	catx	POK,pPOK|P:Infx
sInfx	POK,pPOK|P:Inf	copy	POK,pPOK|P:Inf
sInfx	POK,pPOK|P:Inf	dec	NOK,pNOK|N:Inf
sInfx	POK,pPOK|P:Inf	fbors	POK,pPOK|P:Inf
sInfx	POK,pPOK|P:Inf	inc	POK,pPOK|P:Ing
sInfx	POK,pPOK|P:Inf	iv	NOK,POK,pIOK,pNOK,pPOK,IsUV|P:Inf
sInfx	POK,pPOK|P:Inf	nv	NOK,POK,pNOK,pPOK|P:Inf
sInfx	POK,pPOK|P:Inf	rng	NOK,POK,pIOK,pNOK,pPOK,IsUV|P:Inf
sInfx	POK,pPOK|P:Inf	str	POK,pPOK|P:Inf
sInfx	POK,pPOK|P:Inf	utf8	POK,pPOK,UTF8|P:Inf
sInfx	POK,pPOK|P:Infx	add	POK,pIOK,pNOK,pPOK,IsUV|P:Infx
sInfx	POK,pPOK|P:Infx	bors	POK,pPOK|P:Infx
sInfx	POK,pPOK|P:Infx	cat0	POK,pPOK|P:Infx
sInfx	POK,pPOK|P:Infx	catx	POK,pPOK|P:Infxx
sInfx	POK,pPOK|P:Infx	copy	POK,pPOK|P:Infx
sInfx	POK,pPOK|P:Infx	dec	NOK,pNOK|N:Inf
sInfx	POK,pPOK|P:Infx	fbors	POK,pPOK|P:Infx
sInfx	POK,pPOK|P:Infx	inc	POK,pPOK|P:Infy
sInfx	POK,pPOK|P:Infx	iv	POK,pIOK,pNOK,pPOK,IsUV|P:Infx
sInfx	POK,pPOK|P:Infx	nv	POK,pNOK,pPOK|P:Infx
sInfx	POK,pPOK|P:Infx	rng	POK,pPOK|P:Infx
sInfx	POK,pPOK|P:Infx	str	POK,pPOK|P:Infx
sInfx	POK,pPOK|P:Infx	utf8	POK,pPOK,UTF8|P:Infx
sInfx	POK,pPOK|P:Infxx	add	POK,pIOK,pNOK,pPOK,IsUV|P:Infxx
sInfx	POK,pPOK|P:Infxx	bors	POK,pPOK|P:Infxx
sInfx	POK,pPOK|P:Infxx	cat0	POK,pPOK|P:Infxx
sInfx	POK,pPOK|P:Infxx	catx	POK,pPOK|P:Infxxx
sInfx	POK,pPOK|P:Infxx	copy	POK,pPOK|P:Infxx
sInfx	POK,pPOK|P:Infxx	dec	NOK,pNOK|N:Inf
sInfx	POK,pPOK|P:Infxx	fbors	POK,pPOK|P:Infxx
sInfx	POK,pPOK|P:Infxx	inc	POK,pPOK|P:Infxy
sInfx	POK,pPOK|P:Infxx	iv	POK,pIOK,pNOK,pPOK,IsUV|P:Infxx
sInfx	POK,pPOK|P:Infxx	nv	POK,pNOK,pPOK|P:Infxx
sInfx	POK,pPOK|P:Infxx	rng	POK,pPOK|P:Infxx
sInfx	POK,pPOK|P:Infxx	str	POK,pPOK|P:Infxx
sInfx	POK,pPOK|P:Infxx	utf8	POK,pPOK,UTF8|P:Infxx
sInfx	POK,pPOK|P:Infxxx	add	POK,pIOK,pNOK,pPOK,IsUV|P:Infxxx
sInfx	POK,pPOK|P:Infxxx	bors	POK,pPOK|P:Infxxx
sInfx	POK,pPOK|P:Infxxx	cat0	POK,pPOK|P:Infxxx
sInfx	POK,pPOK|P:Infxxx	catx	POK,pPOK|P:Infxxxx
sInfx	POK,pPOK|P:Infxxx	copy	POK,pPOK|P:Infxxx
sInfx	POK,pPOK|P:Infxxx	dec	NOK,pNOK|N:Inf
sInfx	POK,pPOK|P:Infxxx	fbors	POK,pPOK|P:Infxxx
sInfx	POK,pPOK|P:Infxxx	inc	POK,pPOK|P:Infxxy
sInfx	POK,pPOK|P:Infxxx	iv	POK,pIOK,pNOK,pPOK,IsUV|P:Infxxx
sInfx	POK,pPOK|P:Infxxx	nv	POK,pNOK,pPOK|P:Infxxx
sInfx	POK,pPOK|P:Infxxx	rng	POK,pPOK|P:Infxxx
sInfx	POK,pPOK|P:Infxxx	str	POK,pPOK|P:Infxxx
sInfx	POK,pPOK|P:Infxxx	utf8	POK,pPOK,UTF8|P:Infxxx
sInfx	POK,pPOK|P:Infxxxx	add	POK,pIOK,pNOK,pPOK,IsUV|P:Infxxxx
sInfx	POK,pPOK|P:Infxxxx	bors	POK,pPOK|P:Infxxxx
sInfx	POK,pPOK|P:Infxxxx	cat0	POK,pPOK|P:Infxxxx
sInfx	POK,pPOK|P:Infxxxx	catx	POK,pPOK|P:Infxxxxx
sInfx	POK,pPOK|P:Infxxxx	copy	POK,pPOK|P:Infxxxx
sInfx	POK,pPOK|P:Infxxxx	dec	NOK,pNOK|N:Inf
sInfx	POK,pPOK|P:Infxxxx	fbors	POK,pPOK|P:Infxxxx
sInfx	POK,pPOK|P:Infxxxx	inc	POK,pPOK|P:Infxxxy
sInfx	POK,pPOK|P:Infxxxx	iv	POK,pIOK,pNOK,pPOK,IsUV|P:Infxxxx
sInfx	POK,pPOK|P:Infxxxx	nv	POK,pNOK,pPOK|P:Infxxxx
sInfx	POK,pPOK|P:Infxxxx	rng	POK,pPOK|P:Infxxxx
sInfx	POK,pPOK|P:Infxxxx	str	POK,pPOK|P:Infxxxx
sInfx	POK,pPOK|P:Infxxxx	utf8	POK,pPOK,UTF8|P:Infxxxx
sInfx	POK,pPOK|P:Infxxy	add	POK,pIOK,pNOK,pPOK,IsUV|P:Infxxy
sInfx	POK,pPOK|P:Infxxy	bors	POK,pPOK|P:Infxxy
sInfx	POK,pPOK|P:Infxxy	cat0	POK,pPOK|P:Infxxy
sInfx	POK,pPOK|P:Infxxy	catx	POK,pPOK|P:Infxxyx
sInfx	POK,pPOK|P:Infxxy	copy	POK,pPOK|P:Infxxy
sInfx	POK,pPOK|P:Infxxy	dec	NOK,pNOK|N:Inf
sInfx	POK,pPOK|P:Infxxy	fbors	POK,pPOK|P:Infxxy
sInfx	POK,pPOK|P:Infxxy	inc	POK,pPOK|P:Infxxz
sInfx	POK,pPOK|P:Infxxy	iv	POK,pIOK,pNOK,pPOK,IsUV|P:Infxxy
sInfx	POK,pPOK|P:Infxxy	nv	POK,pNOK,pPOK|P:Infxxy
sInfx	POK,pPOK|P:Infxxy	rng	POK,pPOK|P:Infxxy
sInfx	POK,pPOK|P:Infxxy	str	POK,pPOK|P:Infxxy
sInfx	POK,pPOK|P:Infxxy	utf8	POK,pPOK,UTF8|P:Infxxy
sInfx	POK,pPOK|P:Infxy	add	POK,pIOK,pNOK,pPOK,IsUV|P:Infxy
sInfx	POK,pPOK|P:Infxy	bors	POK,pPOK|P:Infxy
sInfx	POK,pPOK|P:Infxy	cat0	POK,pPOK|P:Infxy
sInfx	POK,pPOK|P:Infxy	catx	POK,pPOK|P:Infxyx
sInfx	POK,pPOK|P:Infxy	copy	POK,pPOK|P:Infxy
sInfx	POK,pPOK|P:Infxy	dec	NOK,pNOK|N:Inf
sInfx	POK,pPOK|P:Infxy	fbors	POK,pPOK|P:Infxy
sInfx	POK,pPOK|P:Infxy	inc	POK,pPOK|P:Infxz
sInfx	POK,pPOK|P:Infxy	iv	POK,pIOK,pNOK,pPOK,IsUV|P:Infxy
sInfx	POK,pPOK|P:Infxy	nv	POK,pNOK,pPOK|P:Infxy
sInfx	POK,pPOK|P:Infxy	rng	POK,pPOK|P:Infxy
sInfx	POK,pPOK|P:Infxy	str	POK,pPOK|P:Infxy
sInfx	POK,pPOK|P:Infxy	utf8	POK,pPOK,UTF8|P:Infxy
sInfx	POK,pPOK|P:Infxyx	add	POK,pIOK,pNOK,pPOK,IsUV|P:Infxyx
sInfx	POK,pPOK|P:Infxyx	bors	POK,pPOK|P:Infxyx
sInfx	POK,pPOK|P:Infxyx	cat0	POK,pPOK|P:Infxyx
sInfx	POK,pPOK|P:Infxyx	catx	POK,pPOK|P:Infxyxx
sInfx	POK,pPOK|P:Infxyx	copy	POK,pPOK|P:Infxyx
sInfx	POK,pPOK|P:Infxyx	dec	NOK,pNOK|N:Inf
sInfx	POK,pPOK|P:Infxyx	fbors	POK,pPOK|P:Infxyx
sInfx	POK,pPOK|P:Infxyx	inc	POK,pPOK|P:Infxyy
sInfx	POK,pPOK|P:Infxyx	iv	POK,pIOK,pNOK,pPOK,IsUV|P:Infxyx
sInfx	POK,pPOK|P:Infxyx	nv	POK,pNOK,pPOK|P:Infxyx
sInfx	POK,pPOK|P:Infxyx	rng	POK,pPOK|P:Infxyx
sInfx	POK,pPOK|P:Infxyx	str	POK,pPOK|P:Infxyx
sInfx	POK,pPOK|P:Infxyx	utf8	POK,pPOK,UTF8|P:Infxyx
sInfx	POK,pPOK|P:Infxz	add	POK,pIOK,pNOK,pPOK,IsUV|P:Infxz
sInfx	POK,pPOK|P:Infxz	bors	POK,pPOK|P:Infxz
sInfx	POK,pPOK|P:Infxz	cat0	POK,pPOK|P:Infxz
sInfx	POK,pPOK|P:Infxz	catx	POK,pPOK|P:Infxzx
sInfx	POK,pPOK|P:Infxz	copy	POK,pPOK|P:Infxz
sInfx	POK,pPOK|P:Infxz	dec	NOK,pNOK|N:Inf
sInfx	POK,pPOK|P:Infxz	fbors	POK,pPOK|P:Infxz
sInfx	POK,pPOK|P:Infxz	inc	POK,pPOK|P:Infya
sInfx	POK,pPOK|P:Infxz	iv	POK,pIOK,pNOK,pPOK,IsUV|P:Infxz
sInfx	POK,pPOK|P:Infxz	nv	POK,pNOK,pPOK|P:Infxz
sInfx	POK,pPOK|P:Infxz	rng	POK,pPOK|P:Infxz
sInfx	POK,pPOK|P:Infxz	str	POK,pPOK|P:Infxz
sInfx	POK,pPOK|P:Infxz	utf8	POK,pPOK,UTF8|P:Infxz
sInfx	POK,pPOK|P:Infy	add	POK,pIOK,pNOK,pPOK,IsUV|P:Infy
sInfx	POK,pPOK|P:Infy	bors	POK,pPOK|P:Infy
sInfx	POK,pPOK|P:Infy	cat0	POK,pPOK|P:Infy
sInfx	POK,pPOK|P:Infy	catx	POK,pPOK|P:Infyx
sInfx	POK,pPOK|P:Infy	copy	POK,pPOK|P:Infy
sInfx	POK,pPOK|P:Infy	dec	NOK,pNOK|N:Inf
sInfx	POK,pPOK|P:Infy	fbors	POK,pPOK|P:Infy
sInfx	POK,pPOK|P:Infy	inc	POK,pPOK|P:Infz
sInfx	POK,pPOK|P:Infy	iv	POK,pIOK,pNOK,pPOK,IsUV|P:Infy
sInfx	POK,pPOK|P:Infy	nv	POK,pNOK,pPOK|P:Infy
sInfx	POK,pPOK|P:Infy	rng	POK,pPOK|P:Infy
sInfx	POK,pPOK|P:Infy	str	POK,pPOK|P:Infy
sInfx	POK,pPOK|P:Infy	utf8	POK,pPOK,UTF8|P:Infy
sInfx	POK,pPOK|P:Infyx	add	POK,pIOK,pNOK,pPOK,IsUV|P:Infyx
sInfx	POK,pPOK|P:Infyx	bors	POK,pPOK|P:Infyx
sInfx	POK,pPOK|P:Infyx	cat0	POK,pPOK|P:Infyx
sInfx	POK,pPOK|P:Infyx	catx	POK,pPOK|P:Infyxx
sInfx	POK,pPOK|P:Infyx	copy	POK,pPOK|P:Infyx
sInfx	POK,pPOK|P:Infyx	dec	NOK,pNOK|N:Inf
sInfx	POK,pPOK|P:Infyx	fbors	POK,pPOK|P:Infyx
sInfx	POK,pPOK|P:Infyx	inc	POK,pPOK|P:Infyy
sInfx	POK,pPOK|P:Infyx	iv	POK,pIOK,pNOK,pPOK,IsUV|P:Infyx
sInfx	POK,pPOK|P:Infyx	nv	POK,pNOK,pPOK|P:Infyx
sInfx	POK,pPOK|P:Infyx	rng	POK,pPOK|P:Infyx
sInfx	POK,pPOK|P:Infyx	str	POK,pPOK|P:Infyx
sInfx	POK,pPOK|P:Infyx	utf8	POK,pPOK,UTF8|P:Infyx
sInfx	POK,pPOK|P:Infyxx	add	POK,pIOK,pNOK,pPOK,IsUV|P:Infyxx
sInfx	POK,pPOK|P:Infyxx	bors	POK,pPOK|P:Infyxx
sInfx	POK,pPOK|P:Infyxx	cat0	POK,pPOK|P:Infyxx
sInfx	POK,pPOK|P:Infyxx	catx	POK,pPOK|P:Infyxxx
sInfx	POK,pPOK|P:Infyxx	copy	POK,pPOK|P:Infyxx
sInfx	POK,pPOK|P:Infyxx	dec	NOK,pNOK|N:Inf
sInfx	POK,pPOK|P:Infyxx	fbors	POK,pPOK|P:Infyxx
sInfx	POK,pPOK|P:Infyxx	inc	POK,pPOK|P:Infyxy
sInfx	POK,pPOK|P:Infyxx	iv	POK,pIOK,pNOK,pPOK,IsUV|P:Infyxx
sInfx	POK,pPOK|P:Infyxx	nv	POK,pNOK,pPOK|P:Infyxx
sInfx	POK,pPOK|P:Infyxx	rng	POK,pPOK|P:Infyxx
sInfx	POK,pPOK|P:Infyxx	str	POK,pPOK|P:Infyxx
sInfx	POK,pPOK|P:Infyxx	utf8	POK,pPOK,UTF8|P:Infyxx
sInfx	POK,pPOK|P:Infyy	add	POK,pIOK,pNOK,pPOK,IsUV|P:Infyy
sInfx	POK,pPOK|P:Infyy	bors	POK,pPOK|P:Infyy
sInfx	POK,pPOK|P:Infyy	cat0	POK,pPOK|P:Infyy
sInfx	POK,pPOK|P:Infyy	catx	POK,pPOK|P:Infyyx
sInfx	POK,pPOK|P:Infyy	copy	POK,pPOK|P:Infyy
sInfx	POK,pPOK|P:Infyy	dec	NOK,pNOK|N:Inf
sInfx	POK,pPOK|P:Infyy	fbors	POK,pPOK|P:Infyy
sInfx	POK,pPOK|P:Infyy	inc	POK,pPOK|P:Infyz
sInfx	POK,pPOK|P:Infyy	iv	POK,pIOK,pNOK,pPOK,IsUV|P:Infyy
sInfx	POK,pPOK|P:Infyy	nv	POK,pNOK,pPOK|P:Infyy
sInfx	POK,pPOK|P:Infyy	rng	POK,pPOK|P:Infyy
sInfx	POK,pPOK|P:Infyy	str	POK,pPOK|P:Infyy
sInfx	POK,pPOK|P:Infyy	utf8	POK,pPOK,UTF8|P:Infyy
sInfx	POK,pPOK|P:Infz	add	POK,pIOK,pNOK,pPOK,IsUV|P:Infz
sInfx	POK,pPOK|P:Infz	bors	POK,pPOK|P:Infz
sInfx	POK,pPOK|P:Infz	cat0	POK,pPOK|P:Infz
sInfx	POK,pPOK|P:Infz	catx	POK,pPOK|P:Infzx
sInfx	POK,pPOK|P:Infz	copy	POK,pPOK|P:Infz
sInfx	POK,pPOK|P:Infz	dec	NOK,pNOK|N:Inf
sInfx	POK,pPOK|P:Infz	fbors	POK,pPOK|P:Infz
sInfx	POK,pPOK|P:Infz	inc	POK,pPOK|P:Inga
sInfx	POK,pPOK|P:Infz	iv	POK,pIOK,pNOK,pPOK,IsUV|P:Infz
sInfx	POK,pPOK|P:Infz	nv	POK,pNOK,pPOK|P:Infz
sInfx	POK,pPOK|P:Infz	rng	POK,pPOK|P:Infz
sInfx	POK,pPOK|P:Infz	str	POK,pPOK|P:Infz
sInfx	POK,pPOK|P:Infz	utf8	POK,pPOK,UTF8|P:Infz
sInfx	POK,pPOK|P:Infzx	add	POK,pIOK,pNOK,pPOK,IsUV|P:Infzx
sInfx	POK,pPOK|P:Infzx	bors	POK,pPOK|P:Infzx
sInfx	POK,pPOK|P:Infzx	cat0	POK,pPOK|P:Infzx
sInfx	POK,pPOK|P:Infzx	catx	POK,pPOK|P:Infzxx
sInfx	POK,pPOK|P:Infzx	copy	POK,pPOK|P:Infzx
sInfx	POK,pPOK|P:Infzx	dec	NOK,pNOK|N:Inf
sInfx	POK,pPOK|P:Infzx	fbors	POK,pPOK|P:Infzx
sInfx	POK,pPOK|P:Infzx	inc	POK,pPOK|P:Infzy
sInfx	POK,pPOK|P:Infzx	iv	POK,pIOK,pNOK,pPOK,IsUV|P:Infzx
sInfx	POK,pPOK|P:Infzx	nv	POK,pNOK,pPOK|P:Infzx
sInfx	POK,pPOK|P:Infzx	rng	POK,pPOK|P:Infzx
sInfx	POK,pPOK|P:Infzx	str	POK,pPOK|P:Infzx
sInfx	POK,pPOK|P:Infzx	utf8	POK,pPOK,UTF8|P:Infzx
sInfx	POK,pPOK|P:Ing	add	POK,pIOK,pNOK,pPOK|P:Ing
sInfx	POK,pPOK|P:Ing	bors	POK,pPOK|P:Ing
sInfx	POK,pPOK|P:Ing	cat0	POK,pPOK|P:Ing
sInfx	POK,pPOK|P:Ing	catx	POK,pPOK|P:Ingx
sInfx	POK,pPOK|P:Ing	copy	POK,pPOK|P:Ing
sInfx	POK,pPOK|P:Ing	dec	NOK,pNOK|N:-1
sInfx	POK,pPOK|P:Ing	fbors	POK,pPOK|P:Ing
sInfx	POK,pPOK|P:Ing	inc	POK,pPOK|P:Inh
sInfx	POK,pPOK|P:Ing	iv	POK,pIOK,pNOK,pPOK|P:Ing
sInfx	POK,pPOK|P:Ing	nv	POK,pNOK,pPOK|P:Ing
sInfx	POK,pPOK|P:Ing	rng	POK,pPOK|P:Ing
sInfx	POK,pPOK|P:Ing	str	POK,pPOK|P:Ing
sInfx	POK,pPOK|P:Ing	utf8	POK,pPOK,UTF8|P:Ing
sInfx	POK,pPOK|P:Inga	add	POK,pIOK,pNOK,pPOK|P:Inga
sInfx	POK,pPOK|P:Inga	bors	POK,pPOK|P:Inga
sInfx	POK,pPOK|P:Inga	cat0	POK,pPOK|P:Inga
sInfx	POK,pPOK|P:Inga	catx	POK,pPOK|P:Ingax
sInfx	POK,pPOK|P:Inga	copy	POK,pPOK|P:Inga
sInfx	POK,pPOK|P:Inga	dec	NOK,pNOK|N:-1
sInfx	POK,pPOK|P:Inga	fbors	POK,pPOK|P:Inga
sInfx	POK,pPOK|P:Inga	inc	POK,pPOK|P:Ingb
sInfx	POK,pPOK|P:Inga	iv	POK,pIOK,pNOK,pPOK|P:Inga
sInfx	POK,pPOK|P:Inga	nv	POK,pNOK,pPOK|P:Inga
sInfx	POK,pPOK|P:Inga	rng	POK,pPOK|P:Inga
sInfx	POK,pPOK|P:Inga	str	POK,pPOK|P:Inga
sInfx	POK,pPOK|P:Inga	utf8	POK,pPOK,UTF8|P:Inga
sNaN	IOK,NOK,pIOK,pNOK|N:-1	add	IOK,NOK,pIOK,pNOK|N:-1
sNaN	IOK,NOK,pIOK,pNOK|N:-1	bors	IOK,NOK,pIOK,pNOK|N:-1
sNaN	IOK,NOK,pIOK,pNOK|N:-1	cat0	POK,pPOK|P:-1
sNaN	IOK,NOK,pIOK,pNOK|N:-1	catx	POK,pPOK|P:-1x
sNaN	IOK,NOK,pIOK,pNOK|N:-1	copy	IOK,NOK,pIOK,pNOK|N:-1
sNaN	IOK,NOK,pIOK,pNOK|N:-1	dec	IOK,pIOK|N:-2
sNaN	IOK,NOK,pIOK,pNOK|N:-1	fbors	IOK,NOK,pIOK,pNOK,pPOK|N:-1
sNaN	IOK,NOK,pIOK,pNOK|N:-1	inc	IOK,pIOK|N:0
sNaN	IOK,NOK,pIOK,pNOK|N:-1	iv	IOK,NOK,pIOK,pNOK|N:-1
sNaN	IOK,NOK,pIOK,pNOK|N:-1	nv	IOK,NOK,pIOK,pNOK|N:-1
sNaN	IOK,NOK,pIOK,pNOK|N:-1	rng	IOK,NOK,pIOK,pNOK|N:-1
sNaN	IOK,NOK,pIOK,pNOK|N:-1	str	IOK,NOK,pIOK,pNOK,pPOK|N:-1
sNaN	IOK,NOK,pIOK,pNOK|N:-1	utf8	POK,pPOK,UTF8|P:-1
sNaN	IOK,pIOK|N:0	add	IOK,pIOK|N:0
sNaN	IOK,pIOK|N:0	bors	IOK,pIOK|N:0
sNaN	IOK,pIOK|N:0	cat0	POK,pPOK|P:0
sNaN	IOK,pIOK|N:0	catx	POK,pPOK|P:0x
sNaN	IOK,pIOK|N:0	copy	IOK,pIOK|N:0
sNaN	IOK,pIOK|N:0	dec	IOK,pIOK|N:-1
sNaN	IOK,pIOK|N:0	fbors	IOK,pIOK,pPOK|N:0
sNaN	IOK,pIOK|N:0	inc	IOK,pIOK|N:1
sNaN	IOK,pIOK|N:0	iv	IOK,pIOK|N:0
sNaN	IOK,pIOK|N:0	nv	IOK,NOK,pIOK,pNOK|N:0
sNaN	IOK,pIOK|N:0	rng	IOK,pIOK|N:0
sNaN	IOK,pIOK|N:0	str	IOK,pIOK,pPOK|N:0
sNaN	IOK,pIOK|N:0	utf8	POK,pPOK,UTF8|P:0
sNaN	NOK,POK,pIOK,pNOK,pPOK,IsUV,UTF8|P:NaN	add	NOK,POK,pIOK,pNOK,pPOK,IsUV,UTF8|P:NaN
sNaN	NOK,POK,pIOK,pNOK,pPOK,IsUV,UTF8|P:NaN	bors	NOK,POK,pIOK,pNOK,pPOK,IsUV,UTF8|P:NaN
sNaN	NOK,POK,pIOK,pNOK,pPOK,IsUV,UTF8|P:NaN	cat0	POK,pPOK,UTF8|P:NaN
sNaN	NOK,POK,pIOK,pNOK,pPOK,IsUV,UTF8|P:NaN	catx	POK,pPOK,UTF8|P:NaNx
sNaN	NOK,POK,pIOK,pNOK,pPOK,IsUV,UTF8|P:NaN	copy	NOK,POK,pIOK,pNOK,pPOK,IsUV,UTF8|P:NaN
sNaN	NOK,POK,pIOK,pNOK,pPOK,IsUV,UTF8|P:NaN	dec	NOK,pNOK|N:NaN
sNaN	NOK,POK,pIOK,pNOK,pPOK,IsUV,UTF8|P:NaN	fbors	NOK,POK,pIOK,pNOK,pPOK,IsUV,UTF8|P:NaN
sNaN	NOK,POK,pIOK,pNOK,pPOK,IsUV,UTF8|P:NaN	inc	NOK,pNOK|N:NaN
sNaN	NOK,POK,pIOK,pNOK,pPOK,IsUV,UTF8|P:NaN	iv	NOK,POK,pIOK,pNOK,pPOK,IsUV,UTF8|P:NaN
sNaN	NOK,POK,pIOK,pNOK,pPOK,IsUV,UTF8|P:NaN	nv	NOK,POK,pIOK,pNOK,pPOK,IsUV,UTF8|P:NaN
sNaN	NOK,POK,pIOK,pNOK,pPOK,IsUV,UTF8|P:NaN	rng	NOK,POK,pIOK,pNOK,pPOK,IsUV,UTF8|P:NaN
sNaN	NOK,POK,pIOK,pNOK,pPOK,IsUV,UTF8|P:NaN	str	NOK,POK,pIOK,pNOK,pPOK,IsUV,UTF8|P:NaN
sNaN	NOK,POK,pIOK,pNOK,pPOK,IsUV,UTF8|P:NaN	utf8	NOK,POK,pIOK,pNOK,pPOK,IsUV,UTF8|P:NaN
sNaN	NOK,POK,pIOK,pNOK,pPOK,IsUV|P:NaN	add	NOK,POK,pIOK,pNOK,pPOK,IsUV|P:NaN
sNaN	NOK,POK,pIOK,pNOK,pPOK,IsUV|P:NaN	bors	NOK,POK,pIOK,pNOK,pPOK,IsUV|P:NaN
sNaN	NOK,POK,pIOK,pNOK,pPOK,IsUV|P:NaN	cat0	POK,pPOK|P:NaN
sNaN	NOK,POK,pIOK,pNOK,pPOK,IsUV|P:NaN	catx	POK,pPOK|P:NaNx
sNaN	NOK,POK,pIOK,pNOK,pPOK,IsUV|P:NaN	copy	NOK,POK,pIOK,pNOK,pPOK,IsUV|P:NaN
sNaN	NOK,POK,pIOK,pNOK,pPOK,IsUV|P:NaN	dec	NOK,pNOK|N:NaN
sNaN	NOK,POK,pIOK,pNOK,pPOK,IsUV|P:NaN	fbors	NOK,POK,pIOK,pNOK,pPOK,IsUV|P:NaN
sNaN	NOK,POK,pIOK,pNOK,pPOK,IsUV|P:NaN	inc	NOK,pNOK|N:NaN
sNaN	NOK,POK,pIOK,pNOK,pPOK,IsUV|P:NaN	iv	NOK,POK,pIOK,pNOK,pPOK,IsUV|P:NaN
sNaN	NOK,POK,pIOK,pNOK,pPOK,IsUV|P:NaN	nv	NOK,POK,pIOK,pNOK,pPOK,IsUV|P:NaN
sNaN	NOK,POK,pIOK,pNOK,pPOK,IsUV|P:NaN	rng	NOK,POK,pIOK,pNOK,pPOK,IsUV|P:NaN
sNaN	NOK,POK,pIOK,pNOK,pPOK,IsUV|P:NaN	str	NOK,POK,pIOK,pNOK,pPOK,IsUV|P:NaN
sNaN	NOK,POK,pIOK,pNOK,pPOK,IsUV|P:NaN	utf8	NOK,POK,pIOK,pNOK,pPOK,IsUV,UTF8|P:NaN
sNaN	NOK,POK,pNOK,pPOK,UTF8|P:NaN	add	NOK,POK,pIOK,pNOK,pPOK,IsUV,UTF8|P:NaN
sNaN	NOK,POK,pNOK,pPOK,UTF8|P:NaN	bors	NOK,POK,pIOK,pNOK,pPOK,IsUV,UTF8|P:NaN
sNaN	NOK,POK,pNOK,pPOK,UTF8|P:NaN	cat0	POK,pPOK,UTF8|P:NaN
sNaN	NOK,POK,pNOK,pPOK,UTF8|P:NaN	catx	POK,pPOK,UTF8|P:NaNx
sNaN	NOK,POK,pNOK,pPOK,UTF8|P:NaN	copy	NOK,POK,pNOK,pPOK,UTF8|P:NaN
sNaN	NOK,POK,pNOK,pPOK,UTF8|P:NaN	dec	NOK,pNOK|N:NaN
sNaN	NOK,POK,pNOK,pPOK,UTF8|P:NaN	fbors	NOK,POK,pNOK,pPOK,UTF8|P:NaN
sNaN	NOK,POK,pNOK,pPOK,UTF8|P:NaN	inc	NOK,pNOK|N:NaN
sNaN	NOK,POK,pNOK,pPOK,UTF8|P:NaN	iv	NOK,POK,pIOK,pNOK,pPOK,IsUV,UTF8|P:NaN
sNaN	NOK,POK,pNOK,pPOK,UTF8|P:NaN	nv	NOK,POK,pNOK,pPOK,UTF8|P:NaN
sNaN	NOK,POK,pNOK,pPOK,UTF8|P:NaN	rng	NOK,POK,pIOK,pNOK,pPOK,IsUV,UTF8|P:NaN
sNaN	NOK,POK,pNOK,pPOK,UTF8|P:NaN	str	NOK,POK,pNOK,pPOK,UTF8|P:NaN
sNaN	NOK,POK,pNOK,pPOK,UTF8|P:NaN	utf8	NOK,POK,pNOK,pPOK,UTF8|P:NaN
sNaN	NOK,POK,pNOK,pPOK|P:NaN	add	NOK,POK,pIOK,pNOK,pPOK,IsUV|P:NaN
sNaN	NOK,POK,pNOK,pPOK|P:NaN	bors	NOK,POK,pIOK,pNOK,pPOK,IsUV|P:NaN
sNaN	NOK,POK,pNOK,pPOK|P:NaN	cat0	POK,pPOK|P:NaN
sNaN	NOK,POK,pNOK,pPOK|P:NaN	catx	POK,pPOK|P:NaNx
sNaN	NOK,POK,pNOK,pPOK|P:NaN	copy	NOK,POK,pNOK,pPOK|P:NaN
sNaN	NOK,POK,pNOK,pPOK|P:NaN	dec	NOK,pNOK|N:NaN
sNaN	NOK,POK,pNOK,pPOK|P:NaN	fbors	NOK,POK,pNOK,pPOK|P:NaN
sNaN	NOK,POK,pNOK,pPOK|P:NaN	inc	NOK,pNOK|N:NaN
sNaN	NOK,POK,pNOK,pPOK|P:NaN	iv	NOK,POK,pIOK,pNOK,pPOK,IsUV|P:NaN
sNaN	NOK,POK,pNOK,pPOK|P:NaN	nv	NOK,POK,pNOK,pPOK|P:NaN
sNaN	NOK,POK,pNOK,pPOK|P:NaN	rng	NOK,POK,pIOK,pNOK,pPOK,IsUV|P:NaN
sNaN	NOK,POK,pNOK,pPOK|P:NaN	str	NOK,POK,pNOK,pPOK|P:NaN
sNaN	NOK,POK,pNOK,pPOK|P:NaN	utf8	NOK,POK,pNOK,pPOK,UTF8|P:NaN
sNaN	NOK,pIOK,pNOK,IsUV|N:NaN	add	NOK,pIOK,pNOK,IsUV|N:NaN
sNaN	NOK,pIOK,pNOK,IsUV|N:NaN	bors	NOK,pIOK,pNOK,IsUV|N:NaN
sNaN	NOK,pIOK,pNOK,IsUV|N:NaN	cat0	POK,pPOK|P:NaN
sNaN	NOK,pIOK,pNOK,IsUV|N:NaN	catx	POK,pPOK|P:NaNx
sNaN	NOK,pIOK,pNOK,IsUV|N:NaN	copy	NOK,pIOK,pNOK,IsUV|N:NaN
sNaN	NOK,pIOK,pNOK,IsUV|N:NaN	dec	NOK,pNOK|N:NaN
sNaN	NOK,pIOK,pNOK,IsUV|N:NaN	fbors	NOK,pIOK,pNOK,pPOK,IsUV|N:NaN
sNaN	NOK,pIOK,pNOK,IsUV|N:NaN	inc	NOK,pNOK|N:NaN
sNaN	NOK,pIOK,pNOK,IsUV|N:NaN	iv	NOK,pIOK,pNOK,IsUV|N:NaN
sNaN	NOK,pIOK,pNOK,IsUV|N:NaN	nv	NOK,pIOK,pNOK,IsUV|N:NaN
sNaN	NOK,pIOK,pNOK,IsUV|N:NaN	rng	NOK,pIOK,pNOK,IsUV|N:NaN
sNaN	NOK,pIOK,pNOK,IsUV|N:NaN	str	NOK,pIOK,pNOK,pPOK,IsUV|N:NaN
sNaN	NOK,pIOK,pNOK,IsUV|N:NaN	utf8	POK,pPOK,UTF8|P:NaN
sNaN	NOK,pIOK,pNOK,pPOK,IsUV|N:NaN	add	NOK,pIOK,pNOK,pPOK,IsUV|N:NaN
sNaN	NOK,pIOK,pNOK,pPOK,IsUV|N:NaN	bors	NOK,pIOK,pNOK,pPOK,IsUV|N:NaN
sNaN	NOK,pIOK,pNOK,pPOK,IsUV|N:NaN	cat0	POK,pPOK|P:NaN
sNaN	NOK,pIOK,pNOK,pPOK,IsUV|N:NaN	catx	POK,pPOK|P:NaNx
sNaN	NOK,pIOK,pNOK,pPOK,IsUV|N:NaN	copy	NOK,pIOK,pNOK,pPOK,IsUV|N:NaN
sNaN	NOK,pIOK,pNOK,pPOK,IsUV|N:NaN	dec	NOK,pNOK|N:NaN
sNaN	NOK,pIOK,pNOK,pPOK,IsUV|N:NaN	fbors	NOK,pIOK,pNOK,pPOK,IsUV|N:NaN
sNaN	NOK,pIOK,pNOK,pPOK,IsUV|N:NaN	inc	NOK,pNOK|N:NaN
sNaN	NOK,pIOK,pNOK,pPOK,IsUV|N:NaN	iv	NOK,pIOK,pNOK,pPOK,IsUV|N:NaN
sNaN	NOK,pIOK,pNOK,pPOK,IsUV|N:NaN	nv	NOK,pIOK,pNOK,pPOK,IsUV|N:NaN
sNaN	NOK,pIOK,pNOK,pPOK,IsUV|N:NaN	rng	NOK,pIOK,pNOK,pPOK,IsUV|N:NaN
sNaN	NOK,pIOK,pNOK,pPOK,IsUV|N:NaN	str	NOK,pIOK,pNOK,pPOK,IsUV|N:NaN
sNaN	NOK,pIOK,pNOK,pPOK,IsUV|N:NaN	utf8	POK,pPOK,UTF8|P:NaN
sNaN	NOK,pNOK,pPOK|N:NaN	add	NOK,pIOK,pNOK,pPOK,IsUV|N:NaN
sNaN	NOK,pNOK,pPOK|N:NaN	bors	NOK,pIOK,pNOK,pPOK,IsUV|N:NaN
sNaN	NOK,pNOK,pPOK|N:NaN	cat0	POK,pPOK|P:NaN
sNaN	NOK,pNOK,pPOK|N:NaN	catx	POK,pPOK|P:NaNx
sNaN	NOK,pNOK,pPOK|N:NaN	copy	NOK,pNOK,pPOK|N:NaN
sNaN	NOK,pNOK,pPOK|N:NaN	dec	NOK,pNOK|N:NaN
sNaN	NOK,pNOK,pPOK|N:NaN	fbors	NOK,pNOK,pPOK|N:NaN
sNaN	NOK,pNOK,pPOK|N:NaN	inc	NOK,pNOK|N:NaN
sNaN	NOK,pNOK,pPOK|N:NaN	iv	NOK,pIOK,pNOK,pPOK,IsUV|N:NaN
sNaN	NOK,pNOK,pPOK|N:NaN	nv	NOK,pNOK,pPOK|N:NaN
sNaN	NOK,pNOK,pPOK|N:NaN	rng	NOK,pIOK,pNOK,pPOK,IsUV|N:NaN
sNaN	NOK,pNOK,pPOK|N:NaN	str	NOK,pNOK,pPOK|N:NaN
sNaN	NOK,pNOK,pPOK|N:NaN	utf8	POK,pPOK,UTF8|P:NaN
sNaN	NOK,pNOK|N:-1	add	IOK,NOK,pIOK,pNOK|N:-1
sNaN	NOK,pNOK|N:-1	bors	IOK,NOK,pIOK,pNOK|N:-1
sNaN	NOK,pNOK|N:-1	cat0	POK,pPOK|P:-1
sNaN	NOK,pNOK|N:-1	catx	POK,pPOK|P:-1x
sNaN	NOK,pNOK|N:-1	copy	NOK,pNOK|N:-1
sNaN	NOK,pNOK|N:-1	dec	NOK,pNOK|N:-2
sNaN	NOK,pNOK|N:-1	fbors	NOK,pNOK|N:-1
sNaN	NOK,pNOK|N:-1	inc	IOK,pIOK|N:0
sNaN	NOK,pNOK|N:-1	iv	IOK,NOK,pIOK,pNOK|N:-1
sNaN	NOK,pNOK|N:-1	nv	NOK,pNOK|N:-1
sNaN	NOK,pNOK|N:-1	rng	IOK,NOK,pIOK,pNOK|N:-1
sNaN	NOK,pNOK|N:-1	str	NOK,pNOK|N:-1
sNaN	NOK,pNOK|N:-1	utf8	POK,pPOK,UTF8|P:-1
sNaN	NOK,pNOK|N:-2	add	IOK,NOK,pIOK,pNOK|N:-2
sNaN	NOK,pNOK|N:-2	bors	IOK,NOK,pIOK,pNOK|N:-2
sNaN	NOK,pNOK|N:-2	cat0	POK,pPOK|P:-2
sNaN	NOK,pNOK|N:-2	catx	POK,pPOK|P:-2x
sNaN	NOK,pNOK|N:-2	copy	NOK,pNOK|N:-2
sNaN	NOK,pNOK|N:-2	dec	NOK,pNOK|N:-3
sNaN	NOK,pNOK|N:-2	fbors	NOK,pNOK|N:-2
sNaN	NOK,pNOK|N:-2	inc	IOK,pIOK|N:-1
sNaN	NOK,pNOK|N:-2	iv	IOK,NOK,pIOK,pNOK|N:-2
sNaN	NOK,pNOK|N:-2	nv	NOK,pNOK|N:-2
sNaN	NOK,pNOK|N:-2	rng	IOK,NOK,pIOK,pNOK|N:-2
sNaN	NOK,pNOK|N:-2	str	NOK,pNOK|N:-2
sNaN	NOK,pNOK|N:-2	utf8	POK,pPOK,UTF8|P:-2
sNaN	NOK,pNOK|N:1	add	IOK,NOK,pIOK,pNOK|N:1
sNaN	NOK,pNOK|N:1	bors	IOK,NOK,pIOK,pNOK|N:1
sNaN	NOK,pNOK|N:1	cat0	POK,pPOK|P:1
sNaN	NOK,pNOK|N:1	catx	POK,pPOK|P:1x
sNaN	NOK,pNOK|N:1	copy	NOK,pNOK|N:1
sNaN	NOK,pNOK|N:1	dec	NOK,pNOK|N:0
sNaN	NOK,pNOK|N:1	fbors	NOK,pNOK|N:1
sNaN	NOK,pNOK|N:1	inc	IOK,pIOK|N:2
sNaN	NOK,pNOK|N:1	iv	IOK,NOK,pIOK,pNOK|N:1
sNaN	NOK,pNOK|N:1	nv	NOK,pNOK|N:1
sNaN	NOK,pNOK|N:1	rng	IOK,NOK,pIOK,pNOK|N:1
sNaN	NOK,pNOK|N:1	str	NOK,pNOK|N:1
sNaN	NOK,pNOK|N:1	utf8	POK,pPOK,UTF8|P:1
sNaN	NOK,pNOK|N:NaN	add	NOK,pIOK,pNOK,IsUV|N:NaN
sNaN	NOK,pNOK|N:NaN	bors	NOK,pIOK,pNOK,IsUV|N:NaN
sNaN	NOK,pNOK|N:NaN	cat0	POK,pPOK|P:NaN
sNaN	NOK,pNOK|N:NaN	catx	POK,pPOK|P:NaNx
sNaN	NOK,pNOK|N:NaN	copy	NOK,pNOK|N:NaN
sNaN	NOK,pNOK|N:NaN	dec	NOK,pNOK|N:NaN
sNaN	NOK,pNOK|N:NaN	fbors	NOK,pNOK,pPOK|N:NaN
sNaN	NOK,pNOK|N:NaN	inc	NOK,pNOK|N:NaN
sNaN	NOK,pNOK|N:NaN	iv	NOK,pIOK,pNOK,IsUV|N:NaN
sNaN	NOK,pNOK|N:NaN	nv	NOK,pNOK|N:NaN
sNaN	NOK,pNOK|N:NaN	rng	NOK,pIOK,pNOK,IsUV|N:NaN
sNaN	NOK,pNOK|N:NaN	str	NOK,pNOK,pPOK|N:NaN
sNaN	NOK,pNOK|N:NaN	utf8	POK,pPOK,UTF8|P:NaN
sNaN	POK,pIOK,pNOK,pPOK,IsUV|P:NaNx	add	POK,pIOK,pNOK,pPOK,IsUV|P:NaNx
sNaN	POK,pIOK,pNOK,pPOK,IsUV|P:NaNx	bors	POK,pIOK,pNOK,pPOK,IsUV|P:NaNx
sNaN	POK,pIOK,pNOK,pPOK,IsUV|P:NaNx	cat0	POK,pIOK,pNOK,pPOK,IsUV|P:NaNx
sNaN	POK,pIOK,pNOK,pPOK,IsUV|P:NaNx	catx	POK,pIOK,pNOK,pPOK,IsUV|P:NaNxx
sNaN	POK,pIOK,pNOK,pPOK,IsUV|P:NaNx	copy	POK,pIOK,pNOK,pPOK,IsUV|P:NaNx
sNaN	POK,pIOK,pNOK,pPOK,IsUV|P:NaNx	dec	NOK,pNOK|N:NaN
sNaN	POK,pIOK,pNOK,pPOK,IsUV|P:NaNx	fbors	POK,pIOK,pNOK,pPOK,IsUV|P:NaNx
sNaN	POK,pIOK,pNOK,pPOK,IsUV|P:NaNx	inc	NOK,pNOK|N:NaN
sNaN	POK,pIOK,pNOK,pPOK,IsUV|P:NaNx	iv	POK,pIOK,pNOK,pPOK,IsUV|P:NaNx
sNaN	POK,pIOK,pNOK,pPOK,IsUV|P:NaNx	nv	POK,pIOK,pNOK,pPOK,IsUV|P:NaNx
sNaN	POK,pIOK,pNOK,pPOK,IsUV|P:NaNx	rng	POK,pIOK,pNOK,pPOK,IsUV|P:NaNx
sNaN	POK,pIOK,pNOK,pPOK,IsUV|P:NaNx	str	POK,pIOK,pNOK,pPOK,IsUV|P:NaNx
sNaN	POK,pIOK,pNOK,pPOK,IsUV|P:NaNx	utf8	POK,pIOK,pNOK,pPOK,IsUV,UTF8|P:NaNx
sNaN	POK,pIOK,pNOK,pPOK,UTF8|P:NaNx	add	POK,pIOK,pNOK,pPOK,UTF8|P:NaNx
sNaN	POK,pIOK,pNOK,pPOK,UTF8|P:NaNx	bors	POK,pIOK,pNOK,pPOK,UTF8|P:NaNx
sNaN	POK,pIOK,pNOK,pPOK,UTF8|P:NaNx	cat0	POK,pIOK,pNOK,pPOK,UTF8|P:NaNx
sNaN	POK,pIOK,pNOK,pPOK,UTF8|P:NaNx	catx	POK,pIOK,pNOK,pPOK,UTF8|P:NaNxx
sNaN	POK,pIOK,pNOK,pPOK,UTF8|P:NaNx	copy	POK,pIOK,pNOK,pPOK,UTF8|P:NaNx
sNaN	POK,pIOK,pNOK,pPOK,UTF8|P:NaNx	dec	NOK,pNOK|N:NaN
sNaN	POK,pIOK,pNOK,pPOK,UTF8|P:NaNx	fbors	POK,pIOK,pNOK,pPOK,UTF8|P:NaNx
sNaN	POK,pIOK,pNOK,pPOK,UTF8|P:NaNx	inc	NOK,pNOK|N:NaN
sNaN	POK,pIOK,pNOK,pPOK,UTF8|P:NaNx	iv	POK,pIOK,pNOK,pPOK,UTF8|P:NaNx
sNaN	POK,pIOK,pNOK,pPOK,UTF8|P:NaNx	nv	POK,pIOK,pNOK,pPOK,UTF8|P:NaNx
sNaN	POK,pIOK,pNOK,pPOK,UTF8|P:NaNx	rng	POK,pIOK,pNOK,pPOK,UTF8|P:NaNx
sNaN	POK,pIOK,pNOK,pPOK,UTF8|P:NaNx	str	POK,pIOK,pNOK,pPOK,UTF8|P:NaNx
sNaN	POK,pIOK,pNOK,pPOK,UTF8|P:NaNx	utf8	POK,pIOK,pNOK,pPOK,UTF8|P:NaNx
sNaN	POK,pIOK,pNOK,pPOK,UTF8|P:NaO	add	POK,pIOK,pNOK,pPOK,UTF8|P:NaO
sNaN	POK,pIOK,pNOK,pPOK,UTF8|P:NaO	bors	POK,pIOK,pNOK,pPOK,UTF8|P:NaO
sNaN	POK,pIOK,pNOK,pPOK,UTF8|P:NaO	cat0	POK,pIOK,pNOK,pPOK,UTF8|P:NaO
sNaN	POK,pIOK,pNOK,pPOK,UTF8|P:NaO	catx	POK,pIOK,pNOK,pPOK,UTF8|P:NaOx
sNaN	POK,pIOK,pNOK,pPOK,UTF8|P:NaO	copy	POK,pIOK,pNOK,pPOK,UTF8|P:NaO
sNaN	POK,pIOK,pNOK,pPOK,UTF8|P:NaO	dec	NOK,pNOK|N:-1
sNaN	POK,pIOK,pNOK,pPOK,UTF8|P:NaO	fbors	POK,pIOK,pNOK,pPOK,UTF8|P:NaO
sNaN	POK,pIOK,pNOK,pPOK,UTF8|P:NaO	inc	NOK,pNOK|N:1
sNaN	POK,pIOK,pNOK,pPOK,UTF8|P:NaO	iv	POK,pIOK,pNOK,pPOK,UTF8|P:NaO
sNaN	POK,pIOK,pNOK,pPOK,UTF8|P:NaO	nv	POK,pIOK,pNOK,pPOK,UTF8|P:NaO
sNaN	POK,pIOK,pNOK,pPOK,UTF8|P:NaO	rng	POK,pIOK,pNOK,pPOK,UTF8|P:NaO
sNaN	POK,pIOK,pNOK,pPOK,UTF8|P:NaO	str	POK,pIOK,pNOK,pPOK,UTF8|P:NaO
sNaN	POK,pIOK,pNOK,pPOK,UTF8|P:NaO	utf8	POK,pIOK,pNOK,pPOK,UTF8|P:NaO
sNaN	POK,pIOK,pNOK,pPOK|P:NaNx	add	POK,pIOK,pNOK,pPOK|P:NaNx
sNaN	POK,pIOK,pNOK,pPOK|P:NaNx	bors	POK,pIOK,pNOK,pPOK|P:NaNx
sNaN	POK,pIOK,pNOK,pPOK|P:NaNx	cat0	POK,pIOK,pNOK,pPOK|P:NaNx
sNaN	POK,pIOK,pNOK,pPOK|P:NaNx	catx	POK,pIOK,pNOK,pPOK|P:NaNxx
sNaN	POK,pIOK,pNOK,pPOK|P:NaNx	copy	POK,pIOK,pNOK,pPOK|P:NaNx
sNaN	POK,pIOK,pNOK,pPOK|P:NaNx	dec	NOK,pNOK|N:NaN
sNaN	POK,pIOK,pNOK,pPOK|P:NaNx	fbors	POK,pIOK,pNOK,pPOK|P:NaNx
sNaN	POK,pIOK,pNOK,pPOK|P:NaNx	inc	NOK,pNOK|N:NaN
sNaN	POK,pIOK,pNOK,pPOK|P:NaNx	iv	POK,pIOK,pNOK,pPOK|P:NaNx
sNaN	POK,pIOK,pNOK,pPOK|P:NaNx	nv	POK,pIOK,pNOK,pPOK|P:NaNx
sNaN	POK,pIOK,pNOK,pPOK|P:NaNx	rng	POK,pIOK,pNOK,pPOK|P:NaNx
sNaN	POK,pIOK,pNOK,pPOK|P:NaNx	str	POK,pIOK,pNOK,pPOK|P:NaNx
sNaN	POK,pIOK,pNOK,pPOK|P:NaNx	utf8	POK,pIOK,pNOK,pPOK,UTF8|P:NaNx
sNaN	POK,pIOK,pNOK,pPOK|P:NaNxx	add	POK,pIOK,pNOK,pPOK|P:NaNxx
sNaN	POK,pIOK,pNOK,pPOK|P:NaNxx	bors	POK,pIOK,pNOK,pPOK|P:NaNxx
sNaN	POK,pIOK,pNOK,pPOK|P:NaNxx	cat0	POK,pIOK,pNOK,pPOK|P:NaNxx
sNaN	POK,pIOK,pNOK,pPOK|P:NaNxx	catx	POK,pIOK,pNOK,pPOK|P:NaNxxx
sNaN	POK,pIOK,pNOK,pPOK|P:NaNxx	copy	POK,pIOK,pNOK,pPOK|P:NaNxx
sNaN	POK,pIOK,pNOK,pPOK|P:NaNxx	dec	NOK,pNOK|N:NaN
sNaN	POK,pIOK,pNOK,pPOK|P:NaNxx	fbors	POK,pIOK,pNOK,pPOK|P:NaNxx
sNaN	POK,pIOK,pNOK,pPOK|P:NaNxx	inc	NOK,pNOK|N:NaN
sNaN	POK,pIOK,pNOK,pPOK|P:NaNxx	iv	POK,pIOK,pNOK,pPOK|P:NaNxx
sNaN	POK,pIOK,pNOK,pPOK|P:NaNxx	nv	POK,pIOK,pNOK,pPOK|P:NaNxx
sNaN	POK,pIOK,pNOK,pPOK|P:NaNxx	rng	POK,pIOK,pNOK,pPOK|P:NaNxx
sNaN	POK,pIOK,pNOK,pPOK|P:NaNxx	str	POK,pIOK,pNOK,pPOK|P:NaNxx
sNaN	POK,pIOK,pNOK,pPOK|P:NaNxx	utf8	POK,pIOK,pNOK,pPOK,UTF8|P:NaNxx
sNaN	POK,pIOK,pNOK,pPOK|P:NaNy	add	POK,pIOK,pNOK,pPOK|P:NaNy
sNaN	POK,pIOK,pNOK,pPOK|P:NaNy	bors	POK,pIOK,pNOK,pPOK|P:NaNy
sNaN	POK,pIOK,pNOK,pPOK|P:NaNy	cat0	POK,pIOK,pNOK,pPOK|P:NaNy
sNaN	POK,pIOK,pNOK,pPOK|P:NaNy	catx	POK,pIOK,pNOK,pPOK|P:NaNyx
sNaN	POK,pIOK,pNOK,pPOK|P:NaNy	copy	POK,pIOK,pNOK,pPOK|P:NaNy
sNaN	POK,pIOK,pNOK,pPOK|P:NaNy	dec	NOK,pNOK|N:NaN
sNaN	POK,pIOK,pNOK,pPOK|P:NaNy	fbors	POK,pIOK,pNOK,pPOK|P:NaNy
sNaN	POK,pIOK,pNOK,pPOK|P:NaNy	inc	NOK,pNOK|N:NaN
sNaN	POK,pIOK,pNOK,pPOK|P:NaNy	iv	POK,pIOK,pNOK,pPOK|P:NaNy
sNaN	POK,pIOK,pNOK,pPOK|P:NaNy	nv	POK,pIOK,pNOK,pPOK|P:NaNy
sNaN	POK,pIOK,pNOK,pPOK|P:NaNy	rng	POK,pIOK,pNOK,pPOK|P:NaNy
sNaN	POK,pIOK,pNOK,pPOK|P:NaNy	str	POK,pIOK,pNOK,pPOK|P:NaNy
sNaN	POK,pIOK,pNOK,pPOK|P:NaNy	utf8	POK,pIOK,pNOK,pPOK,UTF8|P:NaNy
sNaN	POK,pIOK,pNOK,pPOK|P:NaO	add	POK,pIOK,pNOK,pPOK|P:NaO
sNaN	POK,pIOK,pNOK,pPOK|P:NaO	bors	POK,pIOK,pNOK,pPOK|P:NaO
sNaN	POK,pIOK,pNOK,pPOK|P:NaO	cat0	POK,pIOK,pNOK,pPOK|P:NaO
sNaN	POK,pIOK,pNOK,pPOK|P:NaO	catx	POK,pIOK,pNOK,pPOK|P:NaOx
sNaN	POK,pIOK,pNOK,pPOK|P:NaO	copy	POK,pIOK,pNOK,pPOK|P:NaO
sNaN	POK,pIOK,pNOK,pPOK|P:NaO	dec	NOK,pNOK|N:-1
sNaN	POK,pIOK,pNOK,pPOK|P:NaO	fbors	POK,pIOK,pNOK,pPOK|P:NaO
sNaN	POK,pIOK,pNOK,pPOK|P:NaO	inc	NOK,pNOK|N:1
sNaN	POK,pIOK,pNOK,pPOK|P:NaO	iv	POK,pIOK,pNOK,pPOK|P:NaO
sNaN	POK,pIOK,pNOK,pPOK|P:NaO	nv	POK,pIOK,pNOK,pPOK|P:NaO
sNaN	POK,pIOK,pNOK,pPOK|P:NaO	rng	POK,pIOK,pNOK,pPOK|P:NaO
sNaN	POK,pIOK,pNOK,pPOK|P:NaO	str	POK,pIOK,pNOK,pPOK|P:NaO
sNaN	POK,pIOK,pNOK,pPOK|P:NaO	utf8	POK,pIOK,pNOK,pPOK,UTF8|P:NaO
sNaN	POK,pIOK,pNOK,pPOK|P:NaOx	add	POK,pIOK,pNOK,pPOK|P:NaOx
sNaN	POK,pIOK,pNOK,pPOK|P:NaOx	bors	POK,pIOK,pNOK,pPOK|P:NaOx
sNaN	POK,pIOK,pNOK,pPOK|P:NaOx	cat0	POK,pIOK,pNOK,pPOK|P:NaOx
sNaN	POK,pIOK,pNOK,pPOK|P:NaOx	catx	POK,pIOK,pNOK,pPOK|P:NaOxx
sNaN	POK,pIOK,pNOK,pPOK|P:NaOx	copy	POK,pIOK,pNOK,pPOK|P:NaOx
sNaN	POK,pIOK,pNOK,pPOK|P:NaOx	dec	NOK,pNOK|N:-1
sNaN	POK,pIOK,pNOK,pPOK|P:NaOx	fbors	POK,pIOK,pNOK,pPOK|P:NaOx
sNaN	POK,pIOK,pNOK,pPOK|P:NaOx	inc	NOK,pNOK|N:1
sNaN	POK,pIOK,pNOK,pPOK|P:NaOx	iv	POK,pIOK,pNOK,pPOK|P:NaOx
sNaN	POK,pIOK,pNOK,pPOK|P:NaOx	nv	POK,pIOK,pNOK,pPOK|P:NaOx
sNaN	POK,pIOK,pNOK,pPOK|P:NaOx	rng	POK,pIOK,pNOK,pPOK|P:NaOx
sNaN	POK,pIOK,pNOK,pPOK|P:NaOx	str	POK,pIOK,pNOK,pPOK|P:NaOx
sNaN	POK,pIOK,pNOK,pPOK|P:NaOx	utf8	POK,pIOK,pNOK,pPOK,UTF8|P:NaOx
sNaN	POK,pIOK,pNOK,pPOK|P:NaP	add	POK,pIOK,pNOK,pPOK|P:NaP
sNaN	POK,pIOK,pNOK,pPOK|P:NaP	bors	POK,pIOK,pNOK,pPOK|P:NaP
sNaN	POK,pIOK,pNOK,pPOK|P:NaP	cat0	POK,pIOK,pNOK,pPOK|P:NaP
sNaN	POK,pIOK,pNOK,pPOK|P:NaP	catx	POK,pIOK,pNOK,pPOK|P:NaPx
sNaN	POK,pIOK,pNOK,pPOK|P:NaP	copy	POK,pIOK,pNOK,pPOK|P:NaP
sNaN	POK,pIOK,pNOK,pPOK|P:NaP	dec	NOK,pNOK|N:-1
sNaN	POK,pIOK,pNOK,pPOK|P:NaP	fbors	POK,pIOK,pNOK,pPOK|P:NaP
sNaN	POK,pIOK,pNOK,pPOK|P:NaP	inc	NOK,pNOK|N:1
sNaN	POK,pIOK,pNOK,pPOK|P:NaP	iv	POK,pIOK,pNOK,pPOK|P:NaP
sNaN	POK,pIOK,pNOK,pPOK|P:NaP	nv	POK,pIOK,pNOK,pPOK|P:NaP
sNaN	POK,pIOK,pNOK,pPOK|P:NaP	rng	POK,pIOK,pNOK,pPOK|P:NaP
sNaN	POK,pIOK,pNOK,pPOK|P:NaP	str	POK,pIOK,pNOK,pPOK|P:NaP
sNaN	POK,pIOK,pNOK,pPOK|P:NaP	utf8	POK,pIOK,pNOK,pPOK,UTF8|P:NaP
sNaN	POK,pNOK,pPOK,UTF8|P:NaNx	add	POK,pIOK,pNOK,pPOK,IsUV,UTF8|P:NaNx
sNaN	POK,pNOK,pPOK,UTF8|P:NaNx	bors	POK,pIOK,pNOK,pPOK,IsUV,UTF8|P:NaNx
sNaN	POK,pNOK,pPOK,UTF8|P:NaNx	cat0	POK,pNOK,pPOK,UTF8|P:NaNx
sNaN	POK,pNOK,pPOK,UTF8|P:NaNx	catx	POK,pNOK,pPOK,UTF8|P:NaNxx
sNaN	POK,pNOK,pPOK,UTF8|P:NaNx	copy	POK,pNOK,pPOK,UTF8|P:NaNx
sNaN	POK,pNOK,pPOK,UTF8|P:NaNx	dec	NOK,pNOK|N:NaN
sNaN	POK,pNOK,pPOK,UTF8|P:NaNx	fbors	POK,pNOK,pPOK,UTF8|P:NaNx
sNaN	POK,pNOK,pPOK,UTF8|P:NaNx	inc	NOK,pNOK|N:NaN
sNaN	POK,pNOK,pPOK,UTF8|P:NaNx	iv	POK,pIOK,pNOK,pPOK,IsUV,UTF8|P:NaNx
sNaN	POK,pNOK,pPOK,UTF8|P:NaNx	nv	POK,pNOK,pPOK,UTF8|P:NaNx
sNaN	POK,pNOK,pPOK,UTF8|P:NaNx	rng	POK,pIOK,pNOK,pPOK,IsUV,UTF8|P:NaNx
sNaN	POK,pNOK,pPOK,UTF8|P:NaNx	str	POK,pNOK,pPOK,UTF8|P:NaNx
sNaN	POK,pNOK,pPOK,UTF8|P:NaNx	utf8	POK,pNOK,pPOK,UTF8|P:NaNx
sNaN	POK,pNOK,pPOK,UTF8|P:NaO	add	POK,pIOK,pNOK,pPOK,UTF8|P:NaO
sNaN	POK,pNOK,pPOK,UTF8|P:NaO	bors	POK,pIOK,pNOK,pPOK,UTF8|P:NaO
sNaN	POK,pNOK,pPOK,UTF8|P:NaO	cat0	POK,pNOK,pPOK,UTF8|P:NaO
sNaN	POK,pNOK,pPOK,UTF8|P:NaO	catx	POK,pNOK,pPOK,UTF8|P:NaOx
sNaN	POK,pNOK,pPOK,UTF8|P:NaO	copy	POK,pNOK,pPOK,UTF8|P:NaO
sNaN	POK,pNOK,pPOK,UTF8|P:NaO	dec	NOK,pNOK|N:-1
sNaN	POK,pNOK,pPOK,UTF8|P:NaO	fbors	POK,pNOK,pPOK,UTF8|P:NaO
sNaN	POK,pNOK,pPOK,UTF8|P:NaO	inc	NOK,pNOK|N:1
sNaN	POK,pNOK,pPOK,UTF8|P:NaO	iv	POK,pIOK,pNOK,pPOK,UTF8|P:NaO
sNaN	POK,pNOK,pPOK,UTF8|P:NaO	nv	POK,pNOK,pPOK,UTF8|P:NaO
sNaN	POK,pNOK,pPOK,UTF8|P:NaO	rng	POK,pIOK,pNOK,pPOK,UTF8|P:NaO
sNaN	POK,pNOK,pPOK,UTF8|P:NaO	str	POK,pNOK,pPOK,UTF8|P:NaO
sNaN	POK,pNOK,pPOK,UTF8|P:NaO	utf8	POK,pNOK,pPOK,UTF8|P:NaO
sNaN	POK,pNOK,pPOK|P:NaNx	add	POK,pIOK,pNOK,pPOK,IsUV|P:NaNx
sNaN	POK,pNOK,pPOK|P:NaNx	bors	POK,pIOK,pNOK,pPOK,IsUV|P:NaNx
sNaN	POK,pNOK,pPOK|P:NaNx	cat0	POK,pNOK,pPOK|P:NaNx
sNaN	POK,pNOK,pPOK|P:NaNx	catx	POK,pNOK,pPOK|P:NaNxx
sNaN	POK,pNOK,pPOK|P:NaNx	copy	POK,pNOK,pPOK|P:NaNx
sNaN	POK,pNOK,pPOK|P:NaNx	dec	NOK,pNOK|N:NaN
sNaN	POK,pNOK,pPOK|P:NaNx	fbors	POK,pNOK,pPOK|P:NaNx
sNaN	POK,pNOK,pPOK|P:NaNx	inc	NOK,pNOK|N:NaN
sNaN	POK,pNOK,pPOK|P:NaNx	iv	POK,pIOK,pNOK,pPOK,IsUV|P:NaNx
sNaN	POK,pNOK,pPOK|P:NaNx	nv	POK,pNOK,pPOK|P:NaNx
sNaN	POK,pNOK,pPOK|P:NaNx	rng	POK,pIOK,pNOK,pPOK,IsUV|P:NaNx
sNaN	POK,pNOK,pPOK|P:NaNx	str	POK,pNOK,pPOK|P:NaNx
sNaN	POK,pNOK,pPOK|P:NaNx	utf8	POK,pNOK,pPOK,UTF8|P:NaNx
sNaN	POK,pNOK,pPOK|P:NaNxx	add	POK,pIOK,pNOK,pPOK,IsUV|P:NaNxx
sNaN	POK,pNOK,pPOK|P:NaNxx	bors	POK,pIOK,pNOK,pPOK,IsUV|P:NaNxx
sNaN	POK,pNOK,pPOK|P:NaNxx	cat0	POK,pNOK,pPOK|P:NaNxx
sNaN	POK,pNOK,pPOK|P:NaNxx	catx	POK,pNOK,pPOK|P:NaNxxx
sNaN	POK,pNOK,pPOK|P:NaNxx	copy	POK,pNOK,pPOK|P:NaNxx
sNaN	POK,pNOK,pPOK|P:NaNxx	dec	NOK,pNOK|N:NaN
sNaN	POK,pNOK,pPOK|P:NaNxx	fbors	POK,pNOK,pPOK|P:NaNxx
sNaN	POK,pNOK,pPOK|P:NaNxx	inc	NOK,pNOK|N:NaN
sNaN	POK,pNOK,pPOK|P:NaNxx	iv	POK,pIOK,pNOK,pPOK,IsUV|P:NaNxx
sNaN	POK,pNOK,pPOK|P:NaNxx	nv	POK,pNOK,pPOK|P:NaNxx
sNaN	POK,pNOK,pPOK|P:NaNxx	rng	POK,pIOK,pNOK,pPOK,IsUV|P:NaNxx
sNaN	POK,pNOK,pPOK|P:NaNxx	str	POK,pNOK,pPOK|P:NaNxx
sNaN	POK,pNOK,pPOK|P:NaNxx	utf8	POK,pNOK,pPOK,UTF8|P:NaNxx
sNaN	POK,pNOK,pPOK|P:NaNy	add	POK,pIOK,pNOK,pPOK,IsUV|P:NaNy
sNaN	POK,pNOK,pPOK|P:NaNy	bors	POK,pIOK,pNOK,pPOK,IsUV|P:NaNy
sNaN	POK,pNOK,pPOK|P:NaNy	cat0	POK,pNOK,pPOK|P:NaNy
sNaN	POK,pNOK,pPOK|P:NaNy	catx	POK,pNOK,pPOK|P:NaNyx
sNaN	POK,pNOK,pPOK|P:NaNy	copy	POK,pNOK,pPOK|P:NaNy
sNaN	POK,pNOK,pPOK|P:NaNy	dec	NOK,pNOK|N:NaN
sNaN	POK,pNOK,pPOK|P:NaNy	fbors	POK,pNOK,pPOK|P:NaNy
sNaN	POK,pNOK,pPOK|P:NaNy	inc	NOK,pNOK|N:NaN
sNaN	POK,pNOK,pPOK|P:NaNy	iv	POK,pIOK,pNOK,pPOK,IsUV|P:NaNy
sNaN	POK,pNOK,pPOK|P:NaNy	nv	POK,pNOK,pPOK|P:NaNy
sNaN	POK,pNOK,pPOK|P:NaNy	rng	POK,pIOK,pNOK,pPOK,IsUV|P:NaNy
sNaN	POK,pNOK,pPOK|P:NaNy	str	POK,pNOK,pPOK|P:NaNy
sNaN	POK,pNOK,pPOK|P:NaNy	utf8	POK,pNOK,pPOK,UTF8|P:NaNy
sNaN	POK,pNOK,pPOK|P:NaO	add	POK,pIOK,pNOK,pPOK|P:NaO
sNaN	POK,pNOK,pPOK|P:NaO	bors	POK,pIOK,pNOK,pPOK|P:NaO
sNaN	POK,pNOK,pPOK|P:NaO	cat0	POK,pNOK,pPOK|P:NaO
sNaN	POK,pNOK,pPOK|P:NaO	catx	POK,pNOK,pPOK|P:NaOx
sNaN	POK,pNOK,pPOK|P:NaO	copy	POK,pNOK,pPOK|P:NaO
sNaN	POK,pNOK,pPOK|P:NaO	dec	NOK,pNOK|N:-1
sNaN	POK,pNOK,pPOK|P:NaO	fbors	POK,pNOK,pPOK|P:NaO
sNaN	POK,pNOK,pPOK|P:NaO	inc	NOK,pNOK|N:1
sNaN	POK,pNOK,pPOK|P:NaO	iv	POK,pIOK,pNOK,pPOK|P:NaO
sNaN	POK,pNOK,pPOK|P:NaO	nv	POK,pNOK,pPOK|P:NaO
sNaN	POK,pNOK,pPOK|P:NaO	rng	POK,pIOK,pNOK,pPOK|P:NaO
sNaN	POK,pNOK,pPOK|P:NaO	str	POK,pNOK,pPOK|P:NaO
sNaN	POK,pNOK,pPOK|P:NaO	utf8	POK,pNOK,pPOK,UTF8|P:NaO
sNaN	POK,pNOK,pPOK|P:NaOx	add	POK,pIOK,pNOK,pPOK|P:NaOx
sNaN	POK,pNOK,pPOK|P:NaOx	bors	POK,pIOK,pNOK,pPOK|P:NaOx
sNaN	POK,pNOK,pPOK|P:NaOx	cat0	POK,pNOK,pPOK|P:NaOx
sNaN	POK,pNOK,pPOK|P:NaOx	catx	POK,pNOK,pPOK|P:NaOxx
sNaN	POK,pNOK,pPOK|P:NaOx	copy	POK,pNOK,pPOK|P:NaOx
sNaN	POK,pNOK,pPOK|P:NaOx	dec	NOK,pNOK|N:-1
sNaN	POK,pNOK,pPOK|P:NaOx	fbors	POK,pNOK,pPOK|P:NaOx
sNaN	POK,pNOK,pPOK|P:NaOx	inc	NOK,pNOK|N:1
sNaN	POK,pNOK,pPOK|P:NaOx	iv	POK,pIOK,pNOK,pPOK|P:NaOx
sNaN	POK,pNOK,pPOK|P:NaOx	nv	POK,pNOK,pPOK|P:NaOx
sNaN	POK,pNOK,pPOK|P:NaOx	rng	POK,pIOK,pNOK,pPOK|P:NaOx
sNaN	POK,pNOK,pPOK|P:NaOx	str	POK,pNOK,pPOK|P:NaOx
sNaN	POK,pNOK,pPOK|P:NaOx	utf8	POK,pNOK,pPOK,UTF8|P:NaOx
sNaN	POK,pNOK,pPOK|P:NaP	add	POK,pIOK,pNOK,pPOK|P:NaP
sNaN	POK,pNOK,pPOK|P:NaP	bors	POK,pIOK,pNOK,pPOK|P:NaP
sNaN	POK,pNOK,pPOK|P:NaP	cat0	POK,pNOK,pPOK|P:NaP
sNaN	POK,pNOK,pPOK|P:NaP	catx	POK,pNOK,pPOK|P:NaPx
sNaN	POK,pNOK,pPOK|P:NaP	copy	POK,pNOK,pPOK|P:NaP
sNaN	POK,pNOK,pPOK|P:NaP	dec	NOK,pNOK|N:-1
sNaN	POK,pNOK,pPOK|P:NaP	fbors	POK,pNOK,pPOK|P:NaP
sNaN	POK,pNOK,pPOK|P:NaP	inc	NOK,pNOK|N:1
sNaN	POK,pNOK,pPOK|P:NaP	iv	POK,pIOK,pNOK,pPOK|P:NaP
sNaN	POK,pNOK,pPOK|P:NaP	nv	POK,pNOK,pPOK|P:NaP
sNaN	POK,pNOK,pPOK|P:NaP	rng	POK,pIOK,pNOK,pPOK|P:NaP
sNaN	POK,pNOK,pPOK|P:NaP	str	POK,pNOK,pPOK|P:NaP
sNaN	POK,pNOK,pPOK|P:NaP	utf8	POK,pNOK,pPOK,UTF8|P:NaP
sNaN	POK,pPOK,UTF8|P:-1	add	IOK,POK,pIOK,pPOK,UTF8|P:-1
sNaN	POK,pPOK,UTF8|P:-1	bors	POK,pPOK,UTF8|P:-1
sNaN	POK,pPOK,UTF8|P:-1	cat0	POK,pPOK,UTF8|P:-1
sNaN	POK,pPOK,UTF8|P:-1	catx	POK,pPOK,UTF8|P:-1x
sNaN	POK,pPOK,UTF8|P:-1	copy	POK,pPOK,UTF8|P:-1
sNaN	POK,pPOK,UTF8|P:-1	dec	IOK,pIOK|N:-2
sNaN	POK,pPOK,UTF8|P:-1	fbors	POK,pPOK,UTF8|P:-1
sNaN	POK,pPOK,UTF8|P:-1	inc	IOK,pIOK|N:0
sNaN	POK,pPOK,UTF8|P:-1	iv	IOK,POK,pIOK,pPOK,UTF8|P:-1
sNaN	POK,pPOK,UTF8|P:-1	nv	NOK,POK,pNOK,pPOK,UTF8|P:-1
sNaN	POK,pPOK,UTF8|P:-1	rng	IOK,NOK,POK,pIOK,pNOK,pPOK,UTF8|P:-1
sNaN	POK,pPOK,UTF8|P:-1	str	POK,pPOK,UTF8|P:-1
sNaN	POK,pPOK,UTF8|P:-1	utf8	POK,pPOK,UTF8|P:-1
sNaN	POK,pPOK,UTF8|P:NaN	add	NOK,POK,pIOK,pNOK,pPOK,IsUV|P:NaN
sNaN	POK,pPOK,UTF8|P:NaN	bors	POK,pPOK,UTF8|P:NaN
sNaN	POK,pPOK,UTF8|P:NaN	cat0	POK,pPOK,UTF8|P:NaN
sNaN	POK,pPOK,UTF8|P:NaN	catx	POK,pPOK,UTF8|P:NaNx
sNaN	POK,pPOK,UTF8|P:NaN	copy	POK,pPOK,UTF8|P:NaN
sNaN	POK,pPOK,UTF8|P:NaN	dec	NOK,pNOK|N:NaN
sNaN	POK,pPOK,UTF8|P:NaN	fbors	POK,pPOK,UTF8|P:NaN
sNaN	POK,pPOK,UTF8|P:NaN	inc	POK,pPOK,UTF8|P:NaO
sNaN	POK,pPOK,UTF8|P:NaN	iv	NOK,POK,pIOK,pNOK,pPOK,IsUV|P:NaN
sNaN	POK,pPOK,UTF8|P:NaN	nv	NOK,POK,pNOK,pPOK,UTF8|P:NaN
sNaN	POK,pPOK,UTF8|P:NaN	rng	NOK,POK,pIOK,pNOK,pPOK,IsUV,UTF8|P:NaN
sNaN	POK,pPOK,UTF8|P:NaN	str	POK,pPOK,UTF8|P:NaN
sNaN	POK,pPOK,UTF8|P:NaN	utf8	POK,pPOK,UTF8|P:NaN
sNaN	POK,pPOK,UTF8|P:NaNx	add	POK,pIOK,pNOK,pPOK,UTF8|P:NaNx
sNaN	POK,pPOK,UTF8|P:NaNx	bors	POK,pPOK,UTF8|P:NaNx
sNaN	POK,pPOK,UTF8|P:NaNx	cat0	POK,pPOK,UTF8|P:NaNx
sNaN	POK,pPOK,UTF8|P:NaNx	catx	POK,pPOK,UTF8|P:NaNxx
sNaN	POK,pPOK,UTF8|P:NaNx	copy	POK,pPOK,UTF8|P:NaNx
sNaN	POK,pPOK,UTF8|P:NaNx	dec	NOK,pNOK|N:NaN
sNaN	POK,pPOK,UTF8|P:NaNx	fbors	POK,pPOK,UTF8|P:NaNx
sNaN	POK,pPOK,UTF8|P:NaNx	inc	POK,pPOK,UTF8|P:NaNy
sNaN	POK,pPOK,UTF8|P:NaNx	iv	POK,pIOK,pNOK,pPOK,UTF8|P:NaNx
sNaN	POK,pPOK,UTF8|P:NaNx	nv	POK,pNOK,pPOK,UTF8|P:NaNx
sNaN	POK,pPOK,UTF8|P:NaNx	rng	POK,pPOK,UTF8|P:NaNx
sNaN	POK,pPOK,UTF8|P:NaNx	str	POK,pPOK,UTF8|P:NaNx
sNaN	POK,pPOK,UTF8|P:NaNx	utf8	POK,pPOK,UTF8|P:NaNx
sNaN	POK,pPOK,UTF8|P:NaNxx	add	POK,pIOK,pNOK,pPOK,UTF8|P:NaNxx
sNaN	POK,pPOK,UTF8|P:NaNxx	bors	POK,pPOK,UTF8|P:NaNxx
sNaN	POK,pPOK,UTF8|P:NaNxx	cat0	POK,pPOK,UTF8|P:NaNxx
sNaN	POK,pPOK,UTF8|P:NaNxx	catx	POK,pPOK,UTF8|P:NaNxxx
sNaN	POK,pPOK,UTF8|P:NaNxx	copy	POK,pPOK,UTF8|P:NaNxx
sNaN	POK,pPOK,UTF8|P:NaNxx	dec	NOK,pNOK|N:NaN
sNaN	POK,pPOK,UTF8|P:NaNxx	fbors	POK,pPOK,UTF8|P:NaNxx
sNaN	POK,pPOK,UTF8|P:NaNxx	inc	POK,pPOK,UTF8|P:NaNxy
sNaN	POK,pPOK,UTF8|P:NaNxx	iv	POK,pIOK,pNOK,pPOK,UTF8|P:NaNxx
sNaN	POK,pPOK,UTF8|P:NaNxx	nv	POK,pNOK,pPOK,UTF8|P:NaNxx
sNaN	POK,pPOK,UTF8|P:NaNxx	rng	POK,pPOK,UTF8|P:NaNxx
sNaN	POK,pPOK,UTF8|P:NaNxx	str	POK,pPOK,UTF8|P:NaNxx
sNaN	POK,pPOK,UTF8|P:NaNxx	utf8	POK,pPOK,UTF8|P:NaNxx
sNaN	POK,pPOK,UTF8|P:NaNy	add	POK,pIOK,pNOK,pPOK,UTF8|P:NaNy
sNaN	POK,pPOK,UTF8|P:NaNy	bors	POK,pPOK,UTF8|P:NaNy
sNaN	POK,pPOK,UTF8|P:NaNy	cat0	POK,pPOK,UTF8|P:NaNy
sNaN	POK,pPOK,UTF8|P:NaNy	catx	POK,pPOK,UTF8|P:NaNyx
sNaN	POK,pPOK,UTF8|P:NaNy	copy	POK,pPOK,UTF8|P:NaNy
sNaN	POK,pPOK,UTF8|P:NaNy	dec	NOK,pNOK|N:NaN
sNaN	POK,pPOK,UTF8|P:NaNy	fbors	POK,pPOK,UTF8|P:NaNy
sNaN	POK,pPOK,UTF8|P:NaNy	inc	POK,pPOK,UTF8|P:NaNz
sNaN	POK,pPOK,UTF8|P:NaNy	iv	POK,pIOK,pNOK,pPOK,UTF8|P:NaNy
sNaN	POK,pPOK,UTF8|P:NaNy	nv	POK,pNOK,pPOK,UTF8|P:NaNy
sNaN	POK,pPOK,UTF8|P:NaNy	rng	POK,pPOK,UTF8|P:NaNy
sNaN	POK,pPOK,UTF8|P:NaNy	str	POK,pPOK,UTF8|P:NaNy
sNaN	POK,pPOK,UTF8|P:NaNy	utf8	POK,pPOK,UTF8|P:NaNy
sNaN	POK,pPOK,UTF8|P:NaO	add	POK,pIOK,pNOK,pPOK,UTF8|P:NaO
sNaN	POK,pPOK,UTF8|P:NaO	bors	POK,pPOK,UTF8|P:NaO
sNaN	POK,pPOK,UTF8|P:NaO	cat0	POK,pPOK,UTF8|P:NaO
sNaN	POK,pPOK,UTF8|P:NaO	catx	POK,pPOK,UTF8|P:NaOx
sNaN	POK,pPOK,UTF8|P:NaO	copy	POK,pPOK,UTF8|P:NaO
sNaN	POK,pPOK,UTF8|P:NaO	dec	NOK,pNOK|N:-1
sNaN	POK,pPOK,UTF8|P:NaO	fbors	POK,pPOK,UTF8|P:NaO
sNaN	POK,pPOK,UTF8|P:NaO	inc	POK,pPOK,UTF8|P:NaP
sNaN	POK,pPOK,UTF8|P:NaO	iv	POK,pIOK,pNOK,pPOK,UTF8|P:NaO
sNaN	POK,pPOK,UTF8|P:NaO	nv	POK,pNOK,pPOK,UTF8|P:NaO
sNaN	POK,pPOK,UTF8|P:NaO	rng	POK,pPOK,UTF8|P:NaO
sNaN	POK,pPOK,UTF8|P:NaO	str	POK,pPOK,UTF8|P:NaO
sNaN	POK,pPOK,UTF8|P:NaO	utf8	POK,pPOK,UTF8|P:NaO
sNaN	POK,pPOK,UTF8|P:NaOx	add	POK,pIOK,pNOK,pPOK,UTF8|P:NaOx
sNaN	POK,pPOK,UTF8|P:NaOx	bors	POK,pPOK,UTF8|P:NaOx
sNaN	POK,pPOK,UTF8|P:NaOx	cat0	POK,pPOK,UTF8|P:NaOx
sNaN	POK,pPOK,UTF8|P:NaOx	catx	POK,pPOK,UTF8|P:NaOxx
sNaN	POK,pPOK,UTF8|P:NaOx	copy	POK,pPOK,UTF8|P:NaOx
sNaN	POK,pPOK,UTF8|P:NaOx	dec	NOK,pNOK|N:-1
sNaN	POK,pPOK,UTF8|P:NaOx	fbors	POK,pPOK,UTF8|P:NaOx
sNaN	POK,pPOK,UTF8|P:NaOx	inc	POK,pPOK,UTF8|P:NaOy
sNaN	POK,pPOK,UTF8|P:NaOx	iv	POK,pIOK,pNOK,pPOK,UTF8|P:NaOx
sNaN	POK,pPOK,UTF8|P:NaOx	nv	POK,pNOK,pPOK,UTF8|P:NaOx
sNaN	POK,pPOK,UTF8|P:NaOx	rng	POK,pPOK,UTF8|P:NaOx
sNaN	POK,pPOK,UTF8|P:NaOx	str	POK,pPOK,UTF8|P:NaOx
sNaN	POK,pPOK,UTF8|P:NaOx	utf8	POK,pPOK,UTF8|P:NaOx
sNaN	POK,pPOK,UTF8|P:NaP	add	POK,pIOK,pNOK,pPOK,UTF8|P:NaP
sNaN	POK,pPOK,UTF8|P:NaP	bors	POK,pPOK,UTF8|P:NaP
sNaN	POK,pPOK,UTF8|P:NaP	cat0	POK,pPOK,UTF8|P:NaP
sNaN	POK,pPOK,UTF8|P:NaP	catx	POK,pPOK,UTF8|P:NaPx
sNaN	POK,pPOK,UTF8|P:NaP	copy	POK,pPOK,UTF8|P:NaP
sNaN	POK,pPOK,UTF8|P:NaP	dec	NOK,pNOK|N:-1
sNaN	POK,pPOK,UTF8|P:NaP	fbors	POK,pPOK,UTF8|P:NaP
sNaN	POK,pPOK,UTF8|P:NaP	inc	POK,pPOK,UTF8|P:NaQ
sNaN	POK,pPOK,UTF8|P:NaP	iv	POK,pIOK,pNOK,pPOK,UTF8|P:NaP
sNaN	POK,pPOK,UTF8|P:NaP	nv	POK,pNOK,pPOK,UTF8|P:NaP
sNaN	POK,pPOK,UTF8|P:NaP	rng	POK,pPOK,UTF8|P:NaP
sNaN	POK,pPOK,UTF8|P:NaP	str	POK,pPOK,UTF8|P:NaP
sNaN	POK,pPOK,UTF8|P:NaP	utf8	POK,pPOK,UTF8|P:NaP
sNaN	POK,pPOK|P:-1	add	IOK,POK,pIOK,pPOK|P:-1
sNaN	POK,pPOK|P:-1	bors	POK,pPOK|P:-1
sNaN	POK,pPOK|P:-1	cat0	POK,pPOK|P:-1
sNaN	POK,pPOK|P:-1	catx	POK,pPOK|P:-1x
sNaN	POK,pPOK|P:-1	copy	POK,pPOK|P:-1
sNaN	POK,pPOK|P:-1	dec	IOK,pIOK|N:-2
sNaN	POK,pPOK|P:-1	fbors	POK,pPOK|P:-1
sNaN	POK,pPOK|P:-1	inc	IOK,pIOK|N:0
sNaN	POK,pPOK|P:-1	iv	IOK,POK,pIOK,pPOK|P:-1
sNaN	POK,pPOK|P:-1	nv	NOK,POK,pNOK,pPOK|P:-1
sNaN	POK,pPOK|P:-1	rng	IOK,NOK,POK,pIOK,pNOK,pPOK|P:-1
sNaN	POK,pPOK|P:-1	str	POK,pPOK|P:-1
sNaN	POK,pPOK|P:-1	utf8	POK,pPOK,UTF8|P:-1
sNaN	POK,pPOK|P:-1x	add	POK,pIOK,pNOK,pPOK|P:-1x
sNaN	POK,pPOK|P:-1x	bors	POK,pPOK|P:-1x
sNaN	POK,pPOK|P:-1x	cat0	POK,pPOK|P:-1x
sNaN	POK,pPOK|P:-1x	catx	POK,pPOK|P:-1xx
sNaN	POK,pPOK|P:-1x	copy	POK,pPOK|P:-1x
sNaN	POK,pPOK|P:-1x	dec	NOK,pNOK|N:-2
sNaN	POK,pPOK|P:-1x	fbors	POK,pPOK|P:-1x
sNaN	POK,pPOK|P:-1x	inc	NOK,pNOK|N:0
sNaN	POK,pPOK|P:-1x	iv	POK,pIOK,pNOK,pPOK|P:-1x
sNaN	POK,pPOK|P:-1x	nv	POK,pNOK,pPOK|P:-1x
sNaN	POK,pPOK|P:-1x	rng	POK,pPOK|P:-1x
sNaN	POK,pPOK|P:-1x	str	POK,pPOK|P:-1x
sNaN	POK,pPOK|P:-1x	utf8	POK,pPOK,UTF8|P:-1x
sNaN	POK,pPOK|P:NaN	add	NOK,POK,pIOK,pNOK,pPOK,IsUV|P:NaN
sNaN	POK,pPOK|P:NaN	bors	POK,pPOK|P:NaN
sNaN	POK,pPOK|P:NaN	cat0	POK,pPOK|P:NaN
sNaN	POK,pPOK|P:NaN	catx	POK,pPOK|P:NaNx
sNaN	POK,pPOK|P:NaN	copy	POK,pPOK|P:NaN
sNaN	POK,pPOK|P:NaN	dec	NOK,pNOK|N:NaN
sNaN	POK,pPOK|P:NaN	fbors	POK,pPOK|P:NaN
sNaN	POK,pPOK|P:NaN	inc	POK,pPOK|P:NaO
sNaN	POK,pPOK|P:NaN	iv	NOK,POK,pIOK,pNOK,pPOK,IsUV|P:NaN
sNaN	POK,pPOK|P:NaN	nv	NOK,POK,pNOK,pPOK|P:NaN
sNaN	POK,pPOK|P:NaN	rng	NOK,POK,pIOK,pNOK,pPOK,IsUV|P:NaN
sNaN	POK,pPOK|P:NaN	str	POK,pPOK|P:NaN
sNaN	POK,pPOK|P:NaN	utf8	POK,pPOK,UTF8|P:NaN
sNaN	POK,pPOK|P:NaNx	add	POK,pIOK,pNOK,pPOK|P:NaNx
sNaN	POK,pPOK|P:NaNx	bors	POK,pPOK|P:NaNx
sNaN	POK,pPOK|P:NaNx	cat0	POK,pPOK|P:NaNx
sNaN	POK,pPOK|P:NaNx	catx	POK,pPOK|P:NaNxx
sNaN	POK,pPOK|P:NaNx	copy	POK,pPOK|P:NaNx
sNaN	POK,pPOK|P:NaNx	dec	NOK,pNOK|N:NaN
sNaN	POK,pPOK|P:NaNx	fbors	POK,pPOK|P:NaNx
sNaN	POK,pPOK|P:NaNx	inc	POK,pPOK|P:NaNy
sNaN	POK,pPOK|P:NaNx	iv	POK,pIOK,pNOK,pPOK|P:NaNx
sNaN	POK,pPOK|P:NaNx	nv	POK,pNOK,pPOK|P:NaNx
sNaN	POK,pPOK|P:NaNx	rng	POK,pPOK|P:NaNx
sNaN	POK,pPOK|P:NaNx	str	POK,pPOK|P:NaNx
sNaN	POK,pPOK|P:NaNx	utf8	POK,pPOK,UTF8|P:NaNx
sNaN	POK,pPOK|P:NaNxx	add	POK,pIOK,pNOK,pPOK|P:NaNxx
sNaN	POK,pPOK|P:NaNxx	bors	POK,pPOK|P:NaNxx
sNaN	POK,pPOK|P:NaNxx	cat0	POK,pPOK|P:NaNxx
sNaN	POK,pPOK|P:NaNxx	catx	POK,pPOK|P:NaNxxx
sNaN	POK,pPOK|P:NaNxx	copy	POK,pPOK|P:NaNxx
sNaN	POK,pPOK|P:NaNxx	dec	NOK,pNOK|N:NaN
sNaN	POK,pPOK|P:NaNxx	fbors	POK,pPOK|P:NaNxx
sNaN	POK,pPOK|P:NaNxx	inc	POK,pPOK|P:NaNxy
sNaN	POK,pPOK|P:NaNxx	iv	POK,pIOK,pNOK,pPOK|P:NaNxx
sNaN	POK,pPOK|P:NaNxx	nv	POK,pNOK,pPOK|P:NaNxx
sNaN	POK,pPOK|P:NaNxx	rng	POK,pPOK|P:NaNxx
sNaN	POK,pPOK|P:NaNxx	str	POK,pPOK|P:NaNxx
sNaN	POK,pPOK|P:NaNxx	utf8	POK,pPOK,UTF8|P:NaNxx
sNaN	POK,pPOK|P:NaNxxx	add	POK,pIOK,pNOK,pPOK|P:NaNxxx
sNaN	POK,pPOK|P:NaNxxx	bors	POK,pPOK|P:NaNxxx
sNaN	POK,pPOK|P:NaNxxx	cat0	POK,pPOK|P:NaNxxx
sNaN	POK,pPOK|P:NaNxxx	catx	POK,pPOK|P:NaNxxxx
sNaN	POK,pPOK|P:NaNxxx	copy	POK,pPOK|P:NaNxxx
sNaN	POK,pPOK|P:NaNxxx	dec	NOK,pNOK|N:NaN
sNaN	POK,pPOK|P:NaNxxx	fbors	POK,pPOK|P:NaNxxx
sNaN	POK,pPOK|P:NaNxxx	inc	POK,pPOK|P:NaNxxy
sNaN	POK,pPOK|P:NaNxxx	iv	POK,pIOK,pNOK,pPOK|P:NaNxxx
sNaN	POK,pPOK|P:NaNxxx	nv	POK,pNOK,pPOK|P:NaNxxx
sNaN	POK,pPOK|P:NaNxxx	rng	POK,pPOK|P:NaNxxx
sNaN	POK,pPOK|P:NaNxxx	str	POK,pPOK|P:NaNxxx
sNaN	POK,pPOK|P:NaNxxx	utf8	POK,pPOK,UTF8|P:NaNxxx
sNaN	POK,pPOK|P:NaNxy	add	POK,pIOK,pNOK,pPOK|P:NaNxy
sNaN	POK,pPOK|P:NaNxy	bors	POK,pPOK|P:NaNxy
sNaN	POK,pPOK|P:NaNxy	cat0	POK,pPOK|P:NaNxy
sNaN	POK,pPOK|P:NaNxy	catx	POK,pPOK|P:NaNxyx
sNaN	POK,pPOK|P:NaNxy	copy	POK,pPOK|P:NaNxy
sNaN	POK,pPOK|P:NaNxy	dec	NOK,pNOK|N:NaN
sNaN	POK,pPOK|P:NaNxy	fbors	POK,pPOK|P:NaNxy
sNaN	POK,pPOK|P:NaNxy	inc	POK,pPOK|P:NaNxz
sNaN	POK,pPOK|P:NaNxy	iv	POK,pIOK,pNOK,pPOK|P:NaNxy
sNaN	POK,pPOK|P:NaNxy	nv	POK,pNOK,pPOK|P:NaNxy
sNaN	POK,pPOK|P:NaNxy	rng	POK,pPOK|P:NaNxy
sNaN	POK,pPOK|P:NaNxy	str	POK,pPOK|P:NaNxy
sNaN	POK,pPOK|P:NaNxy	utf8	POK,pPOK,UTF8|P:NaNxy
sNaN	POK,pPOK|P:NaNy	add	POK,pIOK,pNOK,pPOK|P:NaNy
sNaN	POK,pPOK|P:NaNy	bors	POK,pPOK|P:NaNy
sNaN	POK,pPOK|P:NaNy	cat0	POK,pPOK|P:NaNy
sNaN	POK,pPOK|P:NaNy	catx	POK,pPOK|P:NaNyx
sNaN	POK,pPOK|P:NaNy	copy	POK,pPOK|P:NaNy
sNaN	POK,pPOK|P:NaNy	dec	NOK,pNOK|N:NaN
sNaN	POK,pPOK|P:NaNy	fbors	POK,pPOK|P:NaNy
sNaN	POK,pPOK|P:NaNy	inc	POK,pPOK|P:NaNz
sNaN	POK,pPOK|P:NaNy	iv	POK,pIOK,pNOK,pPOK|P:NaNy
sNaN	POK,pPOK|P:NaNy	nv	POK,pNOK,pPOK|P:NaNy
sNaN	POK,pPOK|P:NaNy	rng	POK,pPOK|P:NaNy
sNaN	POK,pPOK|P:NaNy	str	POK,pPOK|P:NaNy
sNaN	POK,pPOK|P:NaNy	utf8	POK,pPOK,UTF8|P:NaNy
sNaN	POK,pPOK|P:NaNyx	add	POK,pIOK,pNOK,pPOK|P:NaNyx
sNaN	POK,pPOK|P:NaNyx	bors	POK,pPOK|P:NaNyx
sNaN	POK,pPOK|P:NaNyx	cat0	POK,pPOK|P:NaNyx
sNaN	POK,pPOK|P:NaNyx	catx	POK,pPOK|P:NaNyxx
sNaN	POK,pPOK|P:NaNyx	copy	POK,pPOK|P:NaNyx
sNaN	POK,pPOK|P:NaNyx	dec	NOK,pNOK|N:NaN
sNaN	POK,pPOK|P:NaNyx	fbors	POK,pPOK|P:NaNyx
sNaN	POK,pPOK|P:NaNyx	inc	POK,pPOK|P:NaNyy
sNaN	POK,pPOK|P:NaNyx	iv	POK,pIOK,pNOK,pPOK|P:NaNyx
sNaN	POK,pPOK|P:NaNyx	nv	POK,pNOK,pPOK|P:NaNyx
sNaN	POK,pPOK|P:NaNyx	rng	POK,pPOK|P:NaNyx
sNaN	POK,pPOK|P:NaNyx	str	POK,pPOK|P:NaNyx
sNaN	POK,pPOK|P:NaNyx	utf8	POK,pPOK,UTF8|P:NaNyx
sNaN	POK,pPOK|P:NaNz	add	POK,pIOK,pNOK,pPOK|P:NaNz
sNaN	POK,pPOK|P:NaNz	bors	POK,pPOK|P:NaNz
sNaN	POK,pPOK|P:NaNz	cat0	POK,pPOK|P:NaNz
sNaN	POK,pPOK|P:NaNz	catx	POK,pPOK|P:NaNzx
sNaN	POK,pPOK|P:NaNz	copy	POK,pPOK|P:NaNz
sNaN	POK,pPOK|P:NaNz	dec	NOK,pNOK|N:NaN
sNaN	POK,pPOK|P:NaNz	fbors	POK,pPOK|P:NaNz
sNaN	POK,pPOK|P:NaNz	inc	POK,pPOK|P:NaOa
sNaN	POK,pPOK|P:NaNz	iv	POK,pIOK,pNOK,pPOK|P:NaNz
sNaN	POK,pPOK|P:NaNz	nv	POK,pNOK,pPOK|P:NaNz
sNaN	POK,pPOK|P:NaNz	rng	POK,pPOK|P:NaNz
sNaN	POK,pPOK|P:NaNz	str	POK,pPOK|P:NaNz
sNaN	POK,pPOK|P:NaNz	utf8	POK,pPOK,UTF8|P:NaNz
sNaN	POK,pPOK|P:NaO	add	POK,pIOK,pNOK,pPOK|P:NaO
sNaN	POK,pPOK|P:NaO	bors	POK,pPOK|P:NaO
sNaN	POK,pPOK|P:NaO	cat0	POK,pPOK|P:NaO
sNaN	POK,pPOK|P:NaO	catx	POK,pPOK|P:NaOx
sNaN	POK,pPOK|P:NaO	copy	POK,pPOK|P:NaO
sNaN	POK,pPOK|P:NaO	dec	NOK,pNOK|N:-1
sNaN	POK,pPOK|P:NaO	fbors	POK,pPOK|P:NaO
sNaN	POK,pPOK|P:NaO	inc	POK,pPOK|P:NaP
sNaN	POK,pPOK|P:NaO	iv	POK,pIOK,pNOK,pPOK|P:NaO
sNaN	POK,pPOK|P:NaO	nv	POK,pNOK,pPOK|P:NaO
sNaN	POK,pPOK|P:NaO	rng	POK,pPOK|P:NaO
sNaN	POK,pPOK|P:NaO	str	POK,pPOK|P:NaO
sNaN	POK,pPOK|P:NaO	utf8	POK,pPOK,UTF8|P:NaO
sNaN	POK,pPOK|P:NaOx	add	POK,pIOK,pNOK,pPOK|P:NaOx
sNaN	POK,pPOK|P:NaOx	bors	POK,pPOK|P:NaOx
sNaN	POK,pPOK|P:NaOx	cat0	POK,pPOK|P:NaOx
sNaN	POK,pPOK|P:NaOx	catx	POK,pPOK|P:NaOxx
sNaN	POK,pPOK|P:NaOx	copy	POK,pPOK|P:NaOx
sNaN	POK,pPOK|P:NaOx	dec	NOK,pNOK|N:-1
sNaN	POK,pPOK|P:NaOx	fbors	POK,pPOK|P:NaOx
sNaN	POK,pPOK|P:NaOx	inc	POK,pPOK|P:NaOy
sNaN	POK,pPOK|P:NaOx	iv	POK,pIOK,pNOK,pPOK|P:NaOx
sNaN	POK,pPOK|P:NaOx	nv	POK,pNOK,pPOK|P:NaOx
sNaN	POK,pPOK|P:NaOx	rng	POK,pPOK|P:NaOx
sNaN	POK,pPOK|P:NaOx	str	POK,pPOK|P:NaOx
sNaN	POK,pPOK|P:NaOx	utf8	POK,pPOK,UTF8|P:NaOx
sNaN	POK,pPOK|P:NaOxx	add	POK,pIOK,pNOK,pPOK|P:NaOxx
sNaN	POK,pPOK|P:NaOxx	bors	POK,pPOK|P:NaOxx
sNaN	POK,pPOK|P:NaOxx	cat0	POK,pPOK|P:NaOxx
sNaN	POK,pPOK|P:NaOxx	catx	POK,pPOK|P:NaOxxx
sNaN	POK,pPOK|P:NaOxx	copy	POK,pPOK|P:NaOxx
sNaN	POK,pPOK|P:NaOxx	dec	NOK,pNOK|N:-1
sNaN	POK,pPOK|P:NaOxx	fbors	POK,pPOK|P:NaOxx
sNaN	POK,pPOK|P:NaOxx	inc	POK,pPOK|P:NaOxy
sNaN	POK,pPOK|P:NaOxx	iv	POK,pIOK,pNOK,pPOK|P:NaOxx
sNaN	POK,pPOK|P:NaOxx	nv	POK,pNOK,pPOK|P:NaOxx
sNaN	POK,pPOK|P:NaOxx	rng	POK,pPOK|P:NaOxx
sNaN	POK,pPOK|P:NaOxx	str	POK,pPOK|P:NaOxx
sNaN	POK,pPOK|P:NaOxx	utf8	POK,pPOK,UTF8|P:NaOxx
sNaN	POK,pPOK|P:NaOy	add	POK,pIOK,pNOK,pPOK|P:NaOy
sNaN	POK,pPOK|P:NaOy	bors	POK,pPOK|P:NaOy
sNaN	POK,pPOK|P:NaOy	cat0	POK,pPOK|P:NaOy
sNaN	POK,pPOK|P:NaOy	catx	POK,pPOK|P:NaOyx
sNaN	POK,pPOK|P:NaOy	copy	POK,pPOK|P:NaOy
sNaN	POK,pPOK|P:NaOy	dec	NOK,pNOK|N:-1
sNaN	POK,pPOK|P:NaOy	fbors	POK,pPOK|P:NaOy
sNaN	POK,pPOK|P:NaOy	inc	POK,pPOK|P:NaOz
sNaN	POK,pPOK|P:NaOy	iv	POK,pIOK,pNOK,pPOK|P:NaOy
sNaN	POK,pPOK|P:NaOy	nv	POK,pNOK,pPOK|P:NaOy
sNaN	POK,pPOK|P:NaOy	rng	POK,pPOK|P:NaOy
sNaN	POK,pPOK|P:NaOy	str	POK,pPOK|P:NaOy
sNaN	POK,pPOK|P:NaOy	utf8	POK,pPOK,UTF8|P:NaOy
sNaN	POK,pPOK|P:NaP	add	POK,pIOK,pNOK,pPOK|P:NaP
sNaN	POK,pPOK|P:NaP	bors	POK,pPOK|P:NaP
sNaN	POK,pPOK|P:NaP	cat0	POK,pPOK|P:NaP
sNaN	POK,pPOK|P:NaP	catx	POK,pPOK|P:NaPx
sNaN	POK,pPOK|P:NaP	copy	POK,pPOK|P:NaP
sNaN	POK,pPOK|P:NaP	dec	NOK,pNOK|N:-1
sNaN	POK,pPOK|P:NaP	fbors	POK,pPOK|P:NaP
sNaN	POK,pPOK|P:NaP	inc	POK,pPOK|P:NaQ
sNaN	POK,pPOK|P:NaP	iv	POK,pIOK,pNOK,pPOK|P:NaP
sNaN	POK,pPOK|P:NaP	nv	POK,pNOK,pPOK|P:NaP
sNaN	POK,pPOK|P:NaP	rng	POK,pPOK|P:NaP
sNaN	POK,pPOK|P:NaP	str	POK,pPOK|P:NaP
sNaN	POK,pPOK|P:NaP	utf8	POK,pPOK,UTF8|P:NaP
sNaN	POK,pPOK|P:NaPx	add	POK,pIOK,pNOK,pPOK|P:NaPx
sNaN	POK,pPOK|P:NaPx	bors	POK,pPOK|P:NaPx
sNaN	POK,pPOK|P:NaPx	cat0	POK,pPOK|P:NaPx
sNaN	POK,pPOK|P:NaPx	catx	POK,pPOK|P:NaPxx
sNaN	POK,pPOK|P:NaPx	copy	POK,pPOK|P:NaPx
sNaN	POK,pPOK|P:NaPx	dec	NOK,pNOK|N:-1
sNaN	POK,pPOK|P:NaPx	fbors	POK,pPOK|P:NaPx
sNaN	POK,pPOK|P:NaPx	inc	POK,pPOK|P:NaPy
sNaN	POK,pPOK|P:NaPx	iv	POK,pIOK,pNOK,pPOK|P:NaPx
sNaN	POK,pPOK|P:NaPx	nv	POK,pNOK,pPOK|P:NaPx
sNaN	POK,pPOK|P:NaPx	rng	POK,pPOK|P:NaPx
sNaN	POK,pPOK|P:NaPx	str	POK,pPOK|P:NaPx
sNaN	POK,pPOK|P:NaPx	utf8	POK,pPOK,UTF8|P:NaPx
sNaN	POK,pPOK|P:NaQ	add	POK,pIOK,pNOK,pPOK|P:NaQ
sNaN	POK,pPOK|P:NaQ	bors	POK,pPOK|P:NaQ
sNaN	POK,pPOK|P:NaQ	cat0	POK,pPOK|P:NaQ
sNaN	POK,pPOK|P:NaQ	catx	POK,pPOK|P:NaQx
sNaN	POK,pPOK|P:NaQ	copy	POK,pPOK|P:NaQ
sNaN	POK,pPOK|P:NaQ	dec	NOK,pNOK|N:-1
sNaN	POK,pPOK|P:NaQ	fbors	POK,pPOK|P:NaQ
sNaN	POK,pPOK|P:NaQ	inc	POK,pPOK|P:NaR
sNaN	POK,pPOK|P:NaQ	iv	POK,pIOK,pNOK,pPOK|P:NaQ
sNaN	POK,pPOK|P:NaQ	nv	POK,pNOK,pPOK|P:NaQ
sNaN	POK,pPOK|P:NaQ	rng	POK,pPOK|P:NaQ
sNaN	POK,pPOK|P:NaQ	str	POK,pPOK|P:NaQ
sNaN	POK,pPOK|P:NaQ	utf8	POK,pPOK,UTF8|P:NaQ
sNeg0	IOK,NOK,POK,pIOK,pNOK,pPOK,UTF8|P:-0	add	IOK,NOK,POK,pIOK,pNOK,pPOK,UTF8|P:-0
sNeg0	IOK,NOK,POK,pIOK,pNOK,pPOK,UTF8|P:-0	bors	IOK,NOK,POK,pIOK,pNOK,pPOK,UTF8|P:-0
sNeg0	IOK,NOK,POK,pIOK,pNOK,pPOK,UTF8|P:-0	cat0	POK,pPOK,UTF8|P:-0
sNeg0	IOK,NOK,POK,pIOK,pNOK,pPOK,UTF8|P:-0	catx	POK,pPOK,UTF8|P:-0x
sNeg0	IOK,NOK,POK,pIOK,pNOK,pPOK,UTF8|P:-0	copy	IOK,NOK,POK,pIOK,pNOK,pPOK,UTF8|P:-0
sNeg0	IOK,NOK,POK,pIOK,pNOK,pPOK,UTF8|P:-0	dec	IOK,pIOK|N:-1
sNeg0	IOK,NOK,POK,pIOK,pNOK,pPOK,UTF8|P:-0	fbors	IOK,NOK,POK,pIOK,pNOK,pPOK,UTF8|P:-0
sNeg0	IOK,NOK,POK,pIOK,pNOK,pPOK,UTF8|P:-0	inc	IOK,pIOK|N:1
sNeg0	IOK,NOK,POK,pIOK,pNOK,pPOK,UTF8|P:-0	iv	IOK,NOK,POK,pIOK,pNOK,pPOK,UTF8|P:-0
sNeg0	IOK,NOK,POK,pIOK,pNOK,pPOK,UTF8|P:-0	nv	IOK,NOK,POK,pIOK,pNOK,pPOK,UTF8|P:-0
sNeg0	IOK,NOK,POK,pIOK,pNOK,pPOK,UTF8|P:-0	rng	IOK,NOK,POK,pIOK,pNOK,pPOK,UTF8|P:-0
sNeg0	IOK,NOK,POK,pIOK,pNOK,pPOK,UTF8|P:-0	str	IOK,NOK,POK,pIOK,pNOK,pPOK,UTF8|P:-0
sNeg0	IOK,NOK,POK,pIOK,pNOK,pPOK,UTF8|P:-0	utf8	IOK,NOK,POK,pIOK,pNOK,pPOK,UTF8|P:-0
sNeg0	IOK,NOK,POK,pIOK,pNOK,pPOK,UTF8|P:-1	add	IOK,NOK,POK,pIOK,pNOK,pPOK,UTF8|P:-1
sNeg0	IOK,NOK,POK,pIOK,pNOK,pPOK,UTF8|P:-1	bors	IOK,NOK,POK,pIOK,pNOK,pPOK,UTF8|P:-1
sNeg0	IOK,NOK,POK,pIOK,pNOK,pPOK,UTF8|P:-1	cat0	POK,pPOK,UTF8|P:-1
sNeg0	IOK,NOK,POK,pIOK,pNOK,pPOK,UTF8|P:-1	catx	POK,pPOK,UTF8|P:-1x
sNeg0	IOK,NOK,POK,pIOK,pNOK,pPOK,UTF8|P:-1	copy	IOK,NOK,POK,pIOK,pNOK,pPOK,UTF8|P:-1
sNeg0	IOK,NOK,POK,pIOK,pNOK,pPOK,UTF8|P:-1	dec	IOK,pIOK|N:-2
sNeg0	IOK,NOK,POK,pIOK,pNOK,pPOK,UTF8|P:-1	fbors	IOK,NOK,POK,pIOK,pNOK,pPOK,UTF8|P:-1
sNeg0	IOK,NOK,POK,pIOK,pNOK,pPOK,UTF8|P:-1	inc	IOK,pIOK|N:0
sNeg0	IOK,NOK,POK,pIOK,pNOK,pPOK,UTF8|P:-1	iv	IOK,NOK,POK,pIOK,pNOK,pPOK,UTF8|P:-1
sNeg0	IOK,NOK,POK,pIOK,pNOK,pPOK,UTF8|P:-1	nv	IOK,NOK,POK,pIOK,pNOK,pPOK,UTF8|P:-1
sNeg0	IOK,NOK,POK,pIOK,pNOK,pPOK,UTF8|P:-1	rng	IOK,NOK,POK,pIOK,pNOK,pPOK,UTF8|P:-1
sNeg0	IOK,NOK,POK,pIOK,pNOK,pPOK,UTF8|P:-1	str	IOK,NOK,POK,pIOK,pNOK,pPOK,UTF8|P:-1
sNeg0	IOK,NOK,POK,pIOK,pNOK,pPOK,UTF8|P:-1	utf8	IOK,NOK,POK,pIOK,pNOK,pPOK,UTF8|P:-1
sNeg0	IOK,NOK,POK,pIOK,pNOK,pPOK,UTF8|P:1	add	IOK,NOK,POK,pIOK,pNOK,pPOK,UTF8|P:1
sNeg0	IOK,NOK,POK,pIOK,pNOK,pPOK,UTF8|P:1	bors	IOK,NOK,POK,pIOK,pNOK,pPOK,UTF8|P:1
sNeg0	IOK,NOK,POK,pIOK,pNOK,pPOK,UTF8|P:1	cat0	POK,pPOK,UTF8|P:1
sNeg0	IOK,NOK,POK,pIOK,pNOK,pPOK,UTF8|P:1	catx	POK,pPOK,UTF8|P:1x
sNeg0	IOK,NOK,POK,pIOK,pNOK,pPOK,UTF8|P:1	copy	IOK,NOK,POK,pIOK,pNOK,pPOK,UTF8|P:1
sNeg0	IOK,NOK,POK,pIOK,pNOK,pPOK,UTF8|P:1	dec	IOK,pIOK|N:0
sNeg0	IOK,NOK,POK,pIOK,pNOK,pPOK,UTF8|P:1	fbors	IOK,NOK,POK,pIOK,pNOK,pPOK,UTF8|P:1
sNeg0	IOK,NOK,POK,pIOK,pNOK,pPOK,UTF8|P:1	inc	IOK,pIOK|N:2
sNeg0	IOK,NOK,POK,pIOK,pNOK,pPOK,UTF8|P:1	iv	IOK,NOK,POK,pIOK,pNOK,pPOK,UTF8|P:1
sNeg0	IOK,NOK,POK,pIOK,pNOK,pPOK,UTF8|P:1	nv	IOK,NOK,POK,pIOK,pNOK,pPOK,UTF8|P:1
sNeg0	IOK,NOK,POK,pIOK,pNOK,pPOK,UTF8|P:1	rng	IOK,NOK,POK,pIOK,pNOK,pPOK,UTF8|P:1
sNeg0	IOK,NOK,POK,pIOK,pNOK,pPOK,UTF8|P:1	str	IOK,NOK,POK,pIOK,pNOK,pPOK,UTF8|P:1
sNeg0	IOK,NOK,POK,pIOK,pNOK,pPOK,UTF8|P:1	utf8	IOK,NOK,POK,pIOK,pNOK,pPOK,UTF8|P:1
sNeg0	IOK,NOK,POK,pIOK,pNOK,pPOK|P:-0	add	IOK,NOK,POK,pIOK,pNOK,pPOK|P:-0
sNeg0	IOK,NOK,POK,pIOK,pNOK,pPOK|P:-0	bors	IOK,NOK,POK,pIOK,pNOK,pPOK|P:-0
sNeg0	IOK,NOK,POK,pIOK,pNOK,pPOK|P:-0	cat0	POK,pPOK|P:-0
sNeg0	IOK,NOK,POK,pIOK,pNOK,pPOK|P:-0	catx	POK,pPOK|P:-0x
sNeg0	IOK,NOK,POK,pIOK,pNOK,pPOK|P:-0	copy	IOK,NOK,POK,pIOK,pNOK,pPOK|P:-0
sNeg0	IOK,NOK,POK,pIOK,pNOK,pPOK|P:-0	dec	IOK,pIOK|N:-1
sNeg0	IOK,NOK,POK,pIOK,pNOK,pPOK|P:-0	fbors	IOK,NOK,POK,pIOK,pNOK,pPOK|P:-0
sNeg0	IOK,NOK,POK,pIOK,pNOK,pPOK|P:-0	inc	IOK,pIOK|N:1
sNeg0	IOK,NOK,POK,pIOK,pNOK,pPOK|P:-0	iv	IOK,NOK,POK,pIOK,pNOK,pPOK|P:-0
sNeg0	IOK,NOK,POK,pIOK,pNOK,pPOK|P:-0	nv	IOK,NOK,POK,pIOK,pNOK,pPOK|P:-0
sNeg0	IOK,NOK,POK,pIOK,pNOK,pPOK|P:-0	rng	IOK,NOK,POK,pIOK,pNOK,pPOK|P:-0
sNeg0	IOK,NOK,POK,pIOK,pNOK,pPOK|P:-0	str	IOK,NOK,POK,pIOK,pNOK,pPOK|P:-0
sNeg0	IOK,NOK,POK,pIOK,pNOK,pPOK|P:-0	utf8	IOK,NOK,POK,pIOK,pNOK,pPOK,UTF8|P:-0
sNeg0	IOK,NOK,POK,pIOK,pNOK,pPOK|P:-1	add	IOK,NOK,POK,pIOK,pNOK,pPOK|P:-1
sNeg0	IOK,NOK,POK,pIOK,pNOK,pPOK|P:-1	bors	IOK,NOK,POK,pIOK,pNOK,pPOK|P:-1
sNeg0	IOK,NOK,POK,pIOK,pNOK,pPOK|P:-1	cat0	POK,pPOK|P:-1
sNeg0	IOK,NOK,POK,pIOK,pNOK,pPOK|P:-1	catx	POK,pPOK|P:-1x
sNeg0	IOK,NOK,POK,pIOK,pNOK,pPOK|P:-1	copy	IOK,NOK,POK,pIOK,pNOK,pPOK|P:-1
sNeg0	IOK,NOK,POK,pIOK,pNOK,pPOK|P:-1	dec	IOK,pIOK|N:-2
sNeg0	IOK,NOK,POK,pIOK,pNOK,pPOK|P:-1	fbors	IOK,NOK,POK,pIOK,pNOK,pPOK|P:-1
sNeg0	IOK,NOK,POK,pIOK,pNOK,pPOK|P:-1	inc	IOK,pIOK|N:0
sNeg0	IOK,NOK,POK,pIOK,pNOK,pPOK|P:-1	iv	IOK,NOK,POK,pIOK,pNOK,pPOK|P:-1
sNeg0	IOK,NOK,POK,pIOK,pNOK,pPOK|P:-1	nv	IOK,NOK,POK,pIOK,pNOK,pPOK|P:-1
sNeg0	IOK,NOK,POK,pIOK,pNOK,pPOK|P:-1	rng	IOK,NOK,POK,pIOK,pNOK,pPOK|P:-1
sNeg0	IOK,NOK,POK,pIOK,pNOK,pPOK|P:-1	str	IOK,NOK,POK,pIOK,pNOK,pPOK|P:-1
sNeg0	IOK,NOK,POK,pIOK,pNOK,pPOK|P:-1	utf8	IOK,NOK,POK,pIOK,pNOK,pPOK,UTF8|P:-1
sNeg0	IOK,NOK,POK,pIOK,pNOK,pPOK|P:1	add	IOK,NOK,POK,pIOK,pNOK,pPOK|P:1
sNeg0	IOK,NOK,POK,pIOK,pNOK,pPOK|P:1	bors	IOK,NOK,POK,pIOK,pNOK,pPOK|P:1
sNeg0	IOK,NOK,POK,pIOK,pNOK,pPOK|P:1	cat0	POK,pPOK|P:1
sNeg0	IOK,NOK,POK,pIOK,pNOK,pPOK|P:1	catx	POK,pPOK|P:1x
sNeg0	IOK,NOK,POK,pIOK,pNOK,pPOK|P:1	copy	IOK,NOK,POK,pIOK,pNOK,pPOK|P:1
sNeg0	IOK,NOK,POK,pIOK,pNOK,pPOK|P:1	dec	IOK,pIOK|N:0
sNeg0	IOK,NOK,POK,pIOK,pNOK,pPOK|P:1	fbors	IOK,NOK,POK,pIOK,pNOK,pPOK|P:1
sNeg0	IOK,NOK,POK,pIOK,pNOK,pPOK|P:1	inc	IOK,pIOK|N:2
sNeg0	IOK,NOK,POK,pIOK,pNOK,pPOK|P:1	iv	IOK,NOK,POK,pIOK,pNOK,pPOK|P:1
sNeg0	IOK,NOK,POK,pIOK,pNOK,pPOK|P:1	nv	IOK,NOK,POK,pIOK,pNOK,pPOK|P:1
sNeg0	IOK,NOK,POK,pIOK,pNOK,pPOK|P:1	rng	IOK,NOK,POK,pIOK,pNOK,pPOK|P:1
sNeg0	IOK,NOK,POK,pIOK,pNOK,pPOK|P:1	str	IOK,NOK,POK,pIOK,pNOK,pPOK|P:1
sNeg0	IOK,NOK,POK,pIOK,pNOK,pPOK|P:1	utf8	IOK,NOK,POK,pIOK,pNOK,pPOK,UTF8|P:1
sNeg0	IOK,NOK,pIOK,pNOK,pPOK|N:-1	add	IOK,NOK,pIOK,pNOK,pPOK|N:-1
sNeg0	IOK,NOK,pIOK,pNOK,pPOK|N:-1	bors	IOK,NOK,pIOK,pNOK,pPOK|N:-1
sNeg0	IOK,NOK,pIOK,pNOK,pPOK|N:-1	cat0	POK,pPOK|P:-1
sNeg0	IOK,NOK,pIOK,pNOK,pPOK|N:-1	catx	POK,pPOK|P:-1x
sNeg0	IOK,NOK,pIOK,pNOK,pPOK|N:-1	copy	IOK,NOK,pIOK,pNOK,pPOK|N:-1
sNeg0	IOK,NOK,pIOK,pNOK,pPOK|N:-1	dec	IOK,pIOK|N:-2
sNeg0	IOK,NOK,pIOK,pNOK,pPOK|N:-1	fbors	IOK,NOK,pIOK,pNOK,pPOK|N:-1
sNeg0	IOK,NOK,pIOK,pNOK,pPOK|N:-1	inc	IOK,pIOK|N:0
sNeg0	IOK,NOK,pIOK,pNOK,pPOK|N:-1	iv	IOK,NOK,pIOK,pNOK,pPOK|N:-1
sNeg0	IOK,NOK,pIOK,pNOK,pPOK|N:-1	nv	IOK,NOK,pIOK,pNOK,pPOK|N:-1
sNeg0	IOK,NOK,pIOK,pNOK,pPOK|N:-1	rng	IOK,NOK,pIOK,pNOK,pPOK|N:-1
sNeg0	IOK,NOK,pIOK,pNOK,pPOK|N:-1	str	IOK,NOK,pIOK,pNOK,pPOK|N:-1
sNeg0	IOK,NOK,pIOK,pNOK,pPOK|N:-1	utf8	POK,pPOK,UTF8|P:-1
sNeg0	IOK,NOK,pIOK,pNOK,pPOK|N:1	add	IOK,NOK,pIOK,pNOK,pPOK|N:1
sNeg0	IOK,NOK,pIOK,pNOK,pPOK|N:1	bors	IOK,NOK,pIOK,pNOK,pPOK|N:1
sNeg0	IOK,NOK,pIOK,pNOK,pPOK|N:1	cat0	POK,pPOK|P:1
sNeg0	IOK,NOK,pIOK,pNOK,pPOK|N:1	catx	POK,pPOK|P:1x
sNeg0	IOK,NOK,pIOK,pNOK,pPOK|N:1	copy	IOK,NOK,pIOK,pNOK,pPOK|N:1
sNeg0	IOK,NOK,pIOK,pNOK,pPOK|N:1	dec	IOK,pIOK|N:0
sNeg0	IOK,NOK,pIOK,pNOK,pPOK|N:1	fbors	IOK,NOK,pIOK,pNOK,pPOK|N:1
sNeg0	IOK,NOK,pIOK,pNOK,pPOK|N:1	inc	IOK,pIOK|N:2
sNeg0	IOK,NOK,pIOK,pNOK,pPOK|N:1	iv	IOK,NOK,pIOK,pNOK,pPOK|N:1
sNeg0	IOK,NOK,pIOK,pNOK,pPOK|N:1	nv	IOK,NOK,pIOK,pNOK,pPOK|N:1
sNeg0	IOK,NOK,pIOK,pNOK,pPOK|N:1	rng	IOK,NOK,pIOK,pNOK,pPOK|N:1
sNeg0	IOK,NOK,pIOK,pNOK,pPOK|N:1	str	IOK,NOK,pIOK,pNOK,pPOK|N:1
sNeg0	IOK,NOK,pIOK,pNOK,pPOK|N:1	utf8	POK,pPOK,UTF8|P:1
sNeg0	IOK,NOK,pIOK,pNOK|N:-1	add	IOK,NOK,pIOK,pNOK|N:-1
sNeg0	IOK,NOK,pIOK,pNOK|N:-1	bors	IOK,NOK,pIOK,pNOK|N:-1
sNeg0	IOK,NOK,pIOK,pNOK|N:-1	cat0	POK,pPOK|P:-1
sNeg0	IOK,NOK,pIOK,pNOK|N:-1	catx	POK,pPOK|P:-1x
sNeg0	IOK,NOK,pIOK,pNOK|N:-1	copy	IOK,NOK,pIOK,pNOK|N:-1
sNeg0	IOK,NOK,pIOK,pNOK|N:-1	dec	IOK,pIOK|N:-2
sNeg0	IOK,NOK,pIOK,pNOK|N:-1	fbors	IOK,NOK,pIOK,pNOK,pPOK|N:-1
sNeg0	IOK,NOK,pIOK,pNOK|N:-1	inc	IOK,pIOK|N:0
sNeg0	IOK,NOK,pIOK,pNOK|N:-1	iv	IOK,NOK,pIOK,pNOK|N:-1
sNeg0	IOK,NOK,pIOK,pNOK|N:-1	nv	IOK,NOK,pIOK,pNOK|N:-1
sNeg0	IOK,NOK,pIOK,pNOK|N:-1	rng	IOK,NOK,pIOK,pNOK|N:-1
sNeg0	IOK,NOK,pIOK,pNOK|N:-1	str	IOK,NOK,pIOK,pNOK,pPOK|N:-1
sNeg0	IOK,NOK,pIOK,pNOK|N:-1	utf8	POK,pPOK,UTF8|P:-1
sNeg0	IOK,NOK,pIOK,pNOK|N:-2	add	IOK,NOK,pIOK,pNOK|N:-2
sNeg0	IOK,NOK,pIOK,pNOK|N:-2	bors	IOK,NOK,pIOK,pNOK|N:-2
sNeg0	IOK,NOK,pIOK,pNOK|N:-2	cat0	POK,pPOK|P:-2
sNeg0	IOK,NOK,pIOK,pNOK|N:-2	catx	POK,pPOK|P:-2x
sNeg0	IOK,NOK,pIOK,pNOK|N:-2	copy	IOK,NOK,pIOK,pNOK|N:-2
sNeg0	IOK,NOK,pIOK,pNOK|N:-2	dec	IOK,pIOK|N:-3
sNeg0	IOK,NOK,pIOK,pNOK|N:-2	fbors	IOK,NOK,pIOK,pNOK,pPOK|N:-2
sNeg0	IOK,NOK,pIOK,pNOK|N:-2	inc	IOK,pIOK|N:-1
sNeg0	IOK,NOK,pIOK,pNOK|N:-2	iv	IOK,NOK,pIOK,pNOK|N:-2
sNeg0	IOK,NOK,pIOK,pNOK|N:-2	nv	IOK,NOK,pIOK,pNOK|N:-2
sNeg0	IOK,NOK,pIOK,pNOK|N:-2	rng	IOK,NOK,pIOK,pNOK|N:-2
sNeg0	IOK,NOK,pIOK,pNOK|N:-2	str	IOK,NOK,pIOK,pNOK,pPOK|N:-2
sNeg0	IOK,NOK,pIOK,pNOK|N:-2	utf8	POK,pPOK,UTF8|P:-2
sNeg0	IOK,NOK,pIOK,pNOK|N:0	add	IOK,NOK,pIOK,pNOK|N:0
sNeg0	IOK,NOK,pIOK,pNOK|N:0	bors	IOK,NOK,pIOK,pNOK|N:0
sNeg0	IOK,NOK,pIOK,pNOK|N:0	cat0	POK,pPOK|P:0
sNeg0	IOK,NOK,pIOK,pNOK|N:0	catx	POK,pPOK|P:0x
sNeg0	IOK,NOK,pIOK,pNOK|N:0	copy	IOK,NOK,pIOK,pNOK|N:0
sNeg0	IOK,NOK,pIOK,pNOK|N:0	dec	IOK,pIOK|N:-1
sNeg0	IOK,NOK,pIOK,pNOK|N:0	fbors	IOK,NOK,pIOK,pNOK,pPOK|N:0
sNeg0	IOK,NOK,pIOK,pNOK|N:0	inc	IOK,pIOK|N:1
sNeg0	IOK,NOK,pIOK,pNOK|N:0	iv	IOK,NOK,pIOK,pNOK|N:0
sNeg0	IOK,NOK,pIOK,pNOK|N:0	nv	IOK,NOK,pIOK,pNOK|N:0
sNeg0	IOK,NOK,pIOK,pNOK|N:0	rng	IOK,NOK,pIOK,pNOK|N:0
sNeg0	IOK,NOK,pIOK,pNOK|N:0	str	IOK,NOK,pIOK,pNOK,pPOK|N:0
sNeg0	IOK,NOK,pIOK,pNOK|N:0	utf8	POK,pPOK,UTF8|P:0
sNeg0	IOK,NOK,pIOK,pNOK|N:1	add	IOK,NOK,pIOK,pNOK|N:1
sNeg0	IOK,NOK,pIOK,pNOK|N:1	bors	IOK,NOK,pIOK,pNOK|N:1
sNeg0	IOK,NOK,pIOK,pNOK|N:1	cat0	POK,pPOK|P:1
sNeg0	IOK,NOK,pIOK,pNOK|N:1	catx	POK,pPOK|P:1x
sNeg0	IOK,NOK,pIOK,pNOK|N:1	copy	IOK,NOK,pIOK,pNOK|N:1
sNeg0	IOK,NOK,pIOK,pNOK|N:1	dec	IOK,pIOK|N:0
sNeg0	IOK,NOK,pIOK,pNOK|N:1	fbors	IOK,NOK,pIOK,pNOK,pPOK|N:1
sNeg0	IOK,NOK,pIOK,pNOK|N:1	inc	IOK,pIOK|N:2
sNeg0	IOK,NOK,pIOK,pNOK|N:1	iv	IOK,NOK,pIOK,pNOK|N:1
sNeg0	IOK,NOK,pIOK,pNOK|N:1	nv	IOK,NOK,pIOK,pNOK|N:1
sNeg0	IOK,NOK,pIOK,pNOK|N:1	rng	IOK,NOK,pIOK,pNOK|N:1
sNeg0	IOK,NOK,pIOK,pNOK|N:1	str	IOK,NOK,pIOK,pNOK,pPOK|N:1
sNeg0	IOK,NOK,pIOK,pNOK|N:1	utf8	POK,pPOK,UTF8|P:1
sNeg0	IOK,NOK,pIOK,pNOK|N:2	add	IOK,NOK,pIOK,pNOK|N:2
sNeg0	IOK,NOK,pIOK,pNOK|N:2	bors	IOK,NOK,pIOK,pNOK|N:2
sNeg0	IOK,NOK,pIOK,pNOK|N:2	cat0	POK,pPOK|P:2
sNeg0	IOK,NOK,pIOK,pNOK|N:2	catx	POK,pPOK|P:2x
sNeg0	IOK,NOK,pIOK,pNOK|N:2	copy	IOK,NOK,pIOK,pNOK|N:2
sNeg0	IOK,NOK,pIOK,pNOK|N:2	dec	IOK,pIOK|N:1
sNeg0	IOK,NOK,pIOK,pNOK|N:2	fbors	IOK,NOK,pIOK,pNOK,pPOK|N:2
sNeg0	IOK,NOK,pIOK,pNOK|N:2	inc	IOK,pIOK|N:3
sNeg0	IOK,NOK,pIOK,pNOK|N:2	iv	IOK,NOK,pIOK,pNOK|N:2
sNeg0	IOK,NOK,pIOK,pNOK|N:2	nv	IOK,NOK,pIOK,pNOK|N:2
sNeg0	IOK,NOK,pIOK,pNOK|N:2	rng	IOK,NOK,pIOK,pNOK|N:2
sNeg0	IOK,NOK,pIOK,pNOK|N:2	str	IOK,NOK,pIOK,pNOK,pPOK|N:2
sNeg0	IOK,NOK,pIOK,pNOK|N:2	utf8	POK,pPOK,UTF8|P:2
sNeg0	IOK,POK,pIOK,pPOK,UTF8|P:-0	add	IOK,POK,pIOK,pPOK,UTF8|P:-0
sNeg0	IOK,POK,pIOK,pPOK,UTF8|P:-0	bors	IOK,POK,pIOK,pPOK,UTF8|P:-0
sNeg0	IOK,POK,pIOK,pPOK,UTF8|P:-0	cat0	POK,pPOK,UTF8|P:-0
sNeg0	IOK,POK,pIOK,pPOK,UTF8|P:-0	catx	POK,pPOK,UTF8|P:-0x
sNeg0	IOK,POK,pIOK,pPOK,UTF8|P:-0	copy	IOK,POK,pIOK,pPOK,UTF8|P:-0
sNeg0	IOK,POK,pIOK,pPOK,UTF8|P:-0	dec	IOK,pIOK|N:-1
sNeg0	IOK,POK,pIOK,pPOK,UTF8|P:-0	fbors	IOK,POK,pIOK,pPOK,UTF8|P:-0
sNeg0	IOK,POK,pIOK,pPOK,UTF8|P:-0	inc	IOK,pIOK|N:1
sNeg0	IOK,POK,pIOK,pPOK,UTF8|P:-0	iv	IOK,POK,pIOK,pPOK,UTF8|P:-0
sNeg0	IOK,POK,pIOK,pPOK,UTF8|P:-0	nv	IOK,NOK,POK,pIOK,pNOK,pPOK,UTF8|P:-0
sNeg0	IOK,POK,pIOK,pPOK,UTF8|P:-0	rng	IOK,POK,pIOK,pPOK,UTF8|P:-0
sNeg0	IOK,POK,pIOK,pPOK,UTF8|P:-0	str	IOK,POK,pIOK,pPOK,UTF8|P:-0
sNeg0	IOK,POK,pIOK,pPOK,UTF8|P:-0	utf8	IOK,POK,pIOK,pPOK,UTF8|P:-0
sNeg0	IOK,POK,pIOK,pPOK,UTF8|P:-1	add	IOK,POK,pIOK,pPOK,UTF8|P:-1
sNeg0	IOK,POK,pIOK,pPOK,UTF8|P:-1	bors	IOK,POK,pIOK,pPOK,UTF8|P:-1
sNeg0	IOK,POK,pIOK,pPOK,UTF8|P:-1	cat0	POK,pPOK,UTF8|P:-1
sNeg0	IOK,POK,pIOK,pPOK,UTF8|P:-1	catx	POK,pPOK,UTF8|P:-1x
sNeg0	IOK,POK,pIOK,pPOK,UTF8|P:-1	copy	IOK,POK,pIOK,pPOK,UTF8|P:-1
sNeg0	IOK,POK,pIOK,pPOK,UTF8|P:-1	dec	IOK,pIOK|N:-2
sNeg0	IOK,POK,pIOK,pPOK,UTF8|P:-1	fbors	IOK,POK,pIOK,pPOK,UTF8|P:-1
sNeg0	IOK,POK,pIOK,pPOK,UTF8|P:-1	inc	IOK,pIOK|N:0
sNeg0	IOK,POK,pIOK,pPOK,UTF8|P:-1	iv	IOK,POK,pIOK,pPOK,UTF8|P:-1
sNeg0	IOK,POK,pIOK,pPOK,UTF8|P:-1	nv	IOK,NOK,POK,pIOK,pNOK,pPOK,UTF8|P:-1
sNeg0	IOK,POK,pIOK,pPOK,UTF8|P:-1	rng	IOK,POK,pIOK,pPOK,UTF8|P:-1
sNeg0	IOK,POK,pIOK,pPOK,UTF8|P:-1	str	IOK,POK,pIOK,pPOK,UTF8|P:-1
sNeg0	IOK,POK,pIOK,pPOK,UTF8|P:-1	utf8	IOK,POK,pIOK,pPOK,UTF8|P:-1
sNeg0	IOK,POK,pIOK,pPOK,UTF8|P:1	add	IOK,POK,pIOK,pPOK,UTF8|P:1
sNeg0	IOK,POK,pIOK,pPOK,UTF8|P:1	bors	IOK,POK,pIOK,pPOK,UTF8|P:1
sNeg0	IOK,POK,pIOK,pPOK,UTF8|P:1	cat0	POK,pPOK,UTF8|P:1
sNeg0	IOK,POK,pIOK,pPOK,UTF8|P:1	catx	POK,pPOK,UTF8|P:1x
sNeg0	IOK,POK,pIOK,pPOK,UTF8|P:1	copy	IOK,POK,pIOK,pPOK,UTF8|P:1
sNeg0	IOK,POK,pIOK,pPOK,UTF8|P:1	dec	IOK,pIOK|N:0
sNeg0	IOK,POK,pIOK,pPOK,UTF8|P:1	fbors	IOK,POK,pIOK,pPOK,UTF8|P:1
sNeg0	IOK,POK,pIOK,pPOK,UTF8|P:1	inc	IOK,pIOK|N:2
sNeg0	IOK,POK,pIOK,pPOK,UTF8|P:1	iv	IOK,POK,pIOK,pPOK,UTF8|P:1
sNeg0	IOK,POK,pIOK,pPOK,UTF8|P:1	nv	IOK,NOK,POK,pIOK,pNOK,pPOK,UTF8|P:1
sNeg0	IOK,POK,pIOK,pPOK,UTF8|P:1	rng	IOK,POK,pIOK,pPOK,UTF8|P:1
sNeg0	IOK,POK,pIOK,pPOK,UTF8|P:1	str	IOK,POK,pIOK,pPOK,UTF8|P:1
sNeg0	IOK,POK,pIOK,pPOK,UTF8|P:1	utf8	IOK,POK,pIOK,pPOK,UTF8|P:1
sNeg0	IOK,POK,pIOK,pPOK|P:-0	add	IOK,POK,pIOK,pPOK|P:-0
sNeg0	IOK,POK,pIOK,pPOK|P:-0	bors	IOK,POK,pIOK,pPOK|P:-0
sNeg0	IOK,POK,pIOK,pPOK|P:-0	cat0	POK,pPOK|P:-0
sNeg0	IOK,POK,pIOK,pPOK|P:-0	catx	POK,pPOK|P:-0x
sNeg0	IOK,POK,pIOK,pPOK|P:-0	copy	IOK,POK,pIOK,pPOK|P:-0
sNeg0	IOK,POK,pIOK,pPOK|P:-0	dec	IOK,pIOK|N:-1
sNeg0	IOK,POK,pIOK,pPOK|P:-0	fbors	IOK,POK,pIOK,pPOK|P:-0
sNeg0	IOK,POK,pIOK,pPOK|P:-0	inc	IOK,pIOK|N:1
sNeg0	IOK,POK,pIOK,pPOK|P:-0	iv	IOK,POK,pIOK,pPOK|P:-0
sNeg0	IOK,POK,pIOK,pPOK|P:-0	nv	IOK,NOK,POK,pIOK,pNOK,pPOK|P:-0
sNeg0	IOK,POK,pIOK,pPOK|P:-0	rng	IOK,POK,pIOK,pPOK|P:-0
sNeg0	IOK,POK,pIOK,pPOK|P:-0	str	IOK,POK,pIOK,pPOK|P:-0
sNeg0	IOK,POK,pIOK,pPOK|P:-0	utf8	IOK,POK,pIOK,pPOK,UTF8|P:-0
sNeg0	IOK,POK,pIOK,pPOK|P:-1	add	IOK,POK,pIOK,pPOK|P:-1
sNeg0	IOK,POK,pIOK,pPOK|P:-1	bors	IOK,POK,pIOK,pPOK|P:-1
sNeg0	IOK,POK,pIOK,pPOK|P:-1	cat0	POK,pPOK|P:-1
sNeg0	IOK,POK,pIOK,pPOK|P:-1	catx	POK,pPOK|P:-1x
sNeg0	IOK,POK,pIOK,pPOK|P:-1	copy	IOK,POK,pIOK,pPOK|P:-1
sNeg0	IOK,POK,pIOK,pPOK|P:-1	dec	IOK,pIOK|N:-2
sNeg0	IOK,POK,pIOK,pPOK|P:-1	fbors	IOK,POK,pIOK,pPOK|P:-1
sNeg0	IOK,POK,pIOK,pPOK|P:-1	inc	IOK,pIOK|N:0
sNeg0	IOK,POK,pIOK,pPOK|P:-1	iv	IOK,POK,pIOK,pPOK|P:-1
sNeg0	IOK,POK,pIOK,pPOK|P:-1	nv	IOK,NOK,POK,pIOK,pNOK,pPOK|P:-1
sNeg0	IOK,POK,pIOK,pPOK|P:-1	rng	IOK,POK,pIOK,pPOK|P:-1
sNeg0	IOK,POK,pIOK,pPOK|P:-1	str	IOK,POK,pIOK,pPOK|P:-1
sNeg0	IOK,POK,pIOK,pPOK|P:-1	utf8	IOK,POK,pIOK,pPOK,UTF8|P:-1
sNeg0	IOK,POK,pIOK,pPOK|P:1	add	IOK,POK,pIOK,pPOK|P:1
sNeg0	IOK,POK,pIOK,pPOK|P:1	bors	IOK,POK,pIOK,pPOK|P:1
sNeg0	IOK,POK,pIOK,pPOK|P:1	cat0	POK,pPOK|P:1
sNeg0	IOK,POK,pIOK,pPOK|P:1	catx	POK,pPOK|P:1x
sNeg0	IOK,POK,pIOK,pPOK|P:1	copy	IOK,POK,pIOK,pPOK|P:1
sNeg0	IOK,POK,pIOK,pPOK|P:1	dec	IOK,pIOK|N:0
sNeg0	IOK,POK,pIOK,pPOK|P:1	fbors	IOK,POK,pIOK,pPOK|P:1
sNeg0	IOK,POK,pIOK,pPOK|P:1	inc	IOK,pIOK|N:2
sNeg0	IOK,POK,pIOK,pPOK|P:1	iv	IOK,POK,pIOK,pPOK|P:1
sNeg0	IOK,POK,pIOK,pPOK|P:1	nv	IOK,NOK,POK,pIOK,pNOK,pPOK|P:1
sNeg0	IOK,POK,pIOK,pPOK|P:1	rng	IOK,POK,pIOK,pPOK|P:1
sNeg0	IOK,POK,pIOK,pPOK|P:1	str	IOK,POK,pIOK,pPOK|P:1
sNeg0	IOK,POK,pIOK,pPOK|P:1	utf8	IOK,POK,pIOK,pPOK,UTF8|P:1
sNeg0	IOK,pIOK,pPOK|N:-1	add	IOK,pIOK,pPOK|N:-1
sNeg0	IOK,pIOK,pPOK|N:-1	bors	IOK,pIOK,pPOK|N:-1
sNeg0	IOK,pIOK,pPOK|N:-1	cat0	POK,pPOK|P:-1
sNeg0	IOK,pIOK,pPOK|N:-1	catx	POK,pPOK|P:-1x
sNeg0	IOK,pIOK,pPOK|N:-1	copy	IOK,pIOK,pPOK|N:-1
sNeg0	IOK,pIOK,pPOK|N:-1	dec	IOK,pIOK|N:-2
sNeg0	IOK,pIOK,pPOK|N:-1	fbors	IOK,pIOK,pPOK|N:-1
sNeg0	IOK,pIOK,pPOK|N:-1	inc	IOK,pIOK|N:0
sNeg0	IOK,pIOK,pPOK|N:-1	iv	IOK,pIOK,pPOK|N:-1
sNeg0	IOK,pIOK,pPOK|N:-1	nv	IOK,NOK,pIOK,pNOK,pPOK|N:-1
sNeg0	IOK,pIOK,pPOK|N:-1	rng	IOK,pIOK,pPOK|N:-1
sNeg0	IOK,pIOK,pPOK|N:-1	str	IOK,pIOK,pPOK|N:-1
sNeg0	IOK,pIOK,pPOK|N:-1	utf8	POK,pPOK,UTF8|P:-1
sNeg0	IOK,pIOK,pPOK|N:-2	add	IOK,pIOK,pPOK|N:-2
sNeg0	IOK,pIOK,pPOK|N:-2	bors	IOK,pIOK,pPOK|N:-2
sNeg0	IOK,pIOK,pPOK|N:-2	cat0	POK,pPOK|P:-2
sNeg0	IOK,pIOK,pPOK|N:-2	catx	POK,pPOK|P:-2x
sNeg0	IOK,pIOK,pPOK|N:-2	copy	IOK,pIOK,pPOK|N:-2
sNeg0	IOK,pIOK,pPOK|N:-2	dec	IOK,pIOK|N:-3
sNeg0	IOK,pIOK,pPOK|N:-2	fbors	IOK,pIOK,pPOK|N:-2
sNeg0	IOK,pIOK,pPOK|N:-2	inc	IOK,pIOK|N:-1
sNeg0	IOK,pIOK,pPOK|N:-2	iv	IOK,pIOK,pPOK|N:-2
sNeg0	IOK,pIOK,pPOK|N:-2	nv	IOK,NOK,pIOK,pNOK,pPOK|N:-2
sNeg0	IOK,pIOK,pPOK|N:-2	rng	IOK,pIOK,pPOK|N:-2
sNeg0	IOK,pIOK,pPOK|N:-2	str	IOK,pIOK,pPOK|N:-2
sNeg0	IOK,pIOK,pPOK|N:-2	utf8	POK,pPOK,UTF8|P:-2
sNeg0	IOK,pIOK,pPOK|N:0	add	IOK,pIOK,pPOK|N:0
sNeg0	IOK,pIOK,pPOK|N:0	bors	IOK,pIOK,pPOK|N:0
sNeg0	IOK,pIOK,pPOK|N:0	cat0	POK,pPOK|P:0
sNeg0	IOK,pIOK,pPOK|N:0	catx	POK,pPOK|P:0x
sNeg0	IOK,pIOK,pPOK|N:0	copy	IOK,pIOK,pPOK|N:0
sNeg0	IOK,pIOK,pPOK|N:0	dec	IOK,pIOK|N:-1
sNeg0	IOK,pIOK,pPOK|N:0	fbors	IOK,pIOK,pPOK|N:0
sNeg0	IOK,pIOK,pPOK|N:0	inc	IOK,pIOK|N:1
sNeg0	IOK,pIOK,pPOK|N:0	iv	IOK,pIOK,pPOK|N:0
sNeg0	IOK,pIOK,pPOK|N:0	nv	IOK,NOK,pIOK,pNOK,pPOK|N:0
sNeg0	IOK,pIOK,pPOK|N:0	rng	IOK,pIOK,pPOK|N:0
sNeg0	IOK,pIOK,pPOK|N:0	str	IOK,pIOK,pPOK|N:0
sNeg0	IOK,pIOK,pPOK|N:0	utf8	POK,pPOK,UTF8|P:0
sNeg0	IOK,pIOK,pPOK|N:1	add	IOK,pIOK,pPOK|N:1
sNeg0	IOK,pIOK,pPOK|N:1	bors	IOK,pIOK,pPOK|N:1
sNeg0	IOK,pIOK,pPOK|N:1	cat0	POK,pPOK|P:1
sNeg0	IOK,pIOK,pPOK|N:1	catx	POK,pPOK|P:1x
sNeg0	IOK,pIOK,pPOK|N:1	copy	IOK,pIOK,pPOK|N:1
sNeg0	IOK,pIOK,pPOK|N:1	dec	IOK,pIOK|N:0
sNeg0	IOK,pIOK,pPOK|N:1	fbors	IOK,pIOK,pPOK|N:1
sNeg0	IOK,pIOK,pPOK|N:1	inc	IOK,pIOK|N:2
sNeg0	IOK,pIOK,pPOK|N:1	iv	IOK,pIOK,pPOK|N:1
sNeg0	IOK,pIOK,pPOK|N:1	nv	IOK,NOK,pIOK,pNOK,pPOK|N:1
sNeg0	IOK,pIOK,pPOK|N:1	rng	IOK,pIOK,pPOK|N:1
sNeg0	IOK,pIOK,pPOK|N:1	str	IOK,pIOK,pPOK|N:1
sNeg0	IOK,pIOK,pPOK|N:1	utf8	POK,pPOK,UTF8|P:1
sNeg0	IOK,pIOK,pPOK|N:2	add	IOK,pIOK,pPOK|N:2
sNeg0	IOK,pIOK,pPOK|N:2	bors	IOK,pIOK,pPOK|N:2
sNeg0	IOK,pIOK,pPOK|N:2	cat0	POK,pPOK|P:2
sNeg0	IOK,pIOK,pPOK|N:2	catx	POK,pPOK|P:2x
sNeg0	IOK,pIOK,pPOK|N:2	copy	IOK,pIOK,pPOK|N:2
sNeg0	IOK,pIOK,pPOK|N:2	dec	IOK,pIOK|N:1
sNeg0	IOK,pIOK,pPOK|N:2	fbors	IOK,pIOK,pPOK|N:2
sNeg0	IOK,pIOK,pPOK|N:2	inc	IOK,pIOK|N:3
sNeg0	IOK,pIOK,pPOK|N:2	iv	IOK,pIOK,pPOK|N:2
sNeg0	IOK,pIOK,pPOK|N:2	nv	IOK,NOK,pIOK,pNOK,pPOK|N:2
sNeg0	IOK,pIOK,pPOK|N:2	rng	IOK,pIOK,pPOK|N:2
sNeg0	IOK,pIOK,pPOK|N:2	str	IOK,pIOK,pPOK|N:2
sNeg0	IOK,pIOK,pPOK|N:2	utf8	POK,pPOK,UTF8|P:2
sNeg0	IOK,pIOK|N:-1	add	IOK,pIOK|N:-1
sNeg0	IOK,pIOK|N:-1	bors	IOK,pIOK|N:-1
sNeg0	IOK,pIOK|N:-1	cat0	POK,pPOK|P:-1
sNeg0	IOK,pIOK|N:-1	catx	POK,pPOK|P:-1x
sNeg0	IOK,pIOK|N:-1	copy	IOK,pIOK|N:-1
sNeg0	IOK,pIOK|N:-1	dec	IOK,pIOK|N:-2
sNeg0	IOK,pIOK|N:-1	fbors	IOK,pIOK,pPOK|N:-1
sNeg0	IOK,pIOK|N:-1	inc	IOK,pIOK|N:0
sNeg0	IOK,pIOK|N:-1	iv	IOK,pIOK|N:-1
sNeg0	IOK,pIOK|N:-1	nv	IOK,NOK,pIOK,pNOK|N:-1
sNeg0	IOK,pIOK|N:-1	rng	IOK,pIOK|N:-1
sNeg0	IOK,pIOK|N:-1	str	IOK,pIOK,pPOK|N:-1
sNeg0	IOK,pIOK|N:-1	utf8	POK,pPOK,UTF8|P:-1
sNeg0	IOK,pIOK|N:-2	add	IOK,pIOK|N:-2
sNeg0	IOK,pIOK|N:-2	bors	IOK,pIOK|N:-2
sNeg0	IOK,pIOK|N:-2	cat0	POK,pPOK|P:-2
sNeg0	IOK,pIOK|N:-2	catx	POK,pPOK|P:-2x
sNeg0	IOK,pIOK|N:-2	copy	IOK,pIOK|N:-2
sNeg0	IOK,pIOK|N:-2	dec	IOK,pIOK|N:-3
sNeg0	IOK,pIOK|N:-2	fbors	IOK,pIOK,pPOK|N:-2
sNeg0	IOK,pIOK|N:-2	inc	IOK,pIOK|N:-1
sNeg0	IOK,pIOK|N:-2	iv	IOK,pIOK|N:-2
sNeg0	IOK,pIOK|N:-2	nv	IOK,NOK,pIOK,pNOK|N:-2
sNeg0	IOK,pIOK|N:-2	rng	IOK,pIOK|N:-2
sNeg0	IOK,pIOK|N:-2	str	IOK,pIOK,pPOK|N:-2
sNeg0	IOK,pIOK|N:-2	utf8	POK,pPOK,UTF8|P:-2
sNeg0	IOK,pIOK|N:-3	add	IOK,pIOK|N:-3
sNeg0	IOK,pIOK|N:-3	bors	IOK,pIOK|N:-3
sNeg0	IOK,pIOK|N:-3	cat0	POK,pPOK|P:-3
sNeg0	IOK,pIOK|N:-3	catx	POK,pPOK|P:-3x
sNeg0	IOK,pIOK|N:-3	copy	IOK,pIOK|N:-3
sNeg0	IOK,pIOK|N:-3	dec	IOK,pIOK|N:-4
sNeg0	IOK,pIOK|N:-3	fbors	IOK,pIOK,pPOK|N:-3
sNeg0	IOK,pIOK|N:-3	inc	IOK,pIOK|N:-2
sNeg0	IOK,pIOK|N:-3	iv	IOK,pIOK|N:-3
sNeg0	IOK,pIOK|N:-3	nv	IOK,NOK,pIOK,pNOK|N:-3
sNeg0	IOK,pIOK|N:-3	rng	IOK,pIOK|N:-3
sNeg0	IOK,pIOK|N:-3	str	IOK,pIOK,pPOK|N:-3
sNeg0	IOK,pIOK|N:-3	utf8	POK,pPOK,UTF8|P:-3
sNeg0	IOK,pIOK|N:0	add	IOK,pIOK|N:0
sNeg0	IOK,pIOK|N:0	bors	IOK,pIOK|N:0
sNeg0	IOK,pIOK|N:0	cat0	POK,pPOK|P:0
sNeg0	IOK,pIOK|N:0	catx	POK,pPOK|P:0x
sNeg0	IOK,pIOK|N:0	copy	IOK,pIOK|N:0
sNeg0	IOK,pIOK|N:0	dec	IOK,pIOK|N:-1
sNeg0	IOK,pIOK|N:0	fbors	IOK,pIOK,pPOK|N:0
sNeg0	IOK,pIOK|N:0	inc	IOK,pIOK|N:1
sNeg0	IOK,pIOK|N:0	iv	IOK,pIOK|N:0
sNeg0	IOK,pIOK|N:0	nv	IOK,NOK,pIOK,pNOK|N:0
sNeg0	IOK,pIOK|N:0	rng	IOK,pIOK|N:0
sNeg0	IOK,pIOK|N:0	str	IOK,pIOK,pPOK|N:0
sNeg0	IOK,pIOK|N:0	utf8	POK,pPOK,UTF8|P:0
sNeg0	IOK,pIOK|N:1	add	IOK,pIOK|N:1
sNeg0	IOK,pIOK|N:1	bors	IOK,pIOK|N:1
sNeg0	IOK,pIOK|N:1	cat0	POK,pPOK|P:1
sNeg0	IOK,pIOK|N:1	catx	POK,pPOK|P:1x
sNeg0	IOK,pIOK|N:1	copy	IOK,pIOK|N:1
sNeg0	IOK,pIOK|N:1	dec	IOK,pIOK|N:0
sNeg0	IOK,pIOK|N:1	fbors	IOK,pIOK,pPOK|N:1
sNeg0	IOK,pIOK|N:1	inc	IOK,pIOK|N:2
sNeg0	IOK,pIOK|N:1	iv	IOK,pIOK|N:1
sNeg0	IOK,pIOK|N:1	nv	IOK,NOK,pIOK,pNOK|N:1
sNeg0	IOK,pIOK|N:1	rng	IOK,pIOK|N:1
sNeg0	IOK,pIOK|N:1	str	IOK,pIOK,pPOK|N:1
sNeg0	IOK,pIOK|N:1	utf8	POK,pPOK,UTF8|P:1
sNeg0	IOK,pIOK|N:2	add	IOK,pIOK|N:2
sNeg0	IOK,pIOK|N:2	bors	IOK,pIOK|N:2
sNeg0	IOK,pIOK|N:2	cat0	POK,pPOK|P:2
sNeg0	IOK,pIOK|N:2	catx	POK,pPOK|P:2x
sNeg0	IOK,pIOK|N:2	copy	IOK,pIOK|N:2
sNeg0	IOK,pIOK|N:2	dec	IOK,pIOK|N:1
sNeg0	IOK,pIOK|N:2	fbors	IOK,pIOK,pPOK|N:2
sNeg0	IOK,pIOK|N:2	inc	IOK,pIOK|N:3
sNeg0	IOK,pIOK|N:2	iv	IOK,pIOK|N:2
sNeg0	IOK,pIOK|N:2	nv	IOK,NOK,pIOK,pNOK|N:2
sNeg0	IOK,pIOK|N:2	rng	IOK,pIOK|N:2
sNeg0	IOK,pIOK|N:2	str	IOK,pIOK,pPOK|N:2
sNeg0	IOK,pIOK|N:2	utf8	POK,pPOK,UTF8|P:2
sNeg0	IOK,pIOK|N:3	add	IOK,pIOK|N:3
sNeg0	IOK,pIOK|N:3	bors	IOK,pIOK|N:3
sNeg0	IOK,pIOK|N:3	cat0	POK,pPOK|P:3
sNeg0	IOK,pIOK|N:3	catx	POK,pPOK|P:3x
sNeg0	IOK,pIOK|N:3	copy	IOK,pIOK|N:3
sNeg0	IOK,pIOK|N:3	dec	IOK,pIOK|N:2
sNeg0	IOK,pIOK|N:3	fbors	IOK,pIOK,pPOK|N:3
sNeg0	IOK,pIOK|N:3	inc	IOK,pIOK|N:4
sNeg0	IOK,pIOK|N:3	iv	IOK,pIOK|N:3
sNeg0	IOK,pIOK|N:3	nv	IOK,NOK,pIOK,pNOK|N:3
sNeg0	IOK,pIOK|N:3	rng	IOK,pIOK|N:3
sNeg0	IOK,pIOK|N:3	str	IOK,pIOK,pPOK|N:3
sNeg0	IOK,pIOK|N:3	utf8	POK,pPOK,UTF8|P:3
sNeg0	NOK,POK,pNOK,pPOK,UTF8|P:-0	add	IOK,NOK,POK,pIOK,pNOK,pPOK,UTF8|P:-0
sNeg0	NOK,POK,pNOK,pPOK,UTF8|P:-0	bors	IOK,NOK,POK,pIOK,pNOK,pPOK,UTF8|P:-0
sNeg0	NOK,POK,pNOK,pPOK,UTF8|P:-0	cat0	POK,pPOK,UTF8|P:-0
sNeg0	NOK,POK,pNOK,pPOK,UTF8|P:-0	catx	POK,pPOK,UTF8|P:-0x
sNeg0	NOK,POK,pNOK,pPOK,UTF8|P:-0	copy	NOK,POK,pNOK,pPOK,UTF8|P:-0
sNeg0	NOK,POK,pNOK,pPOK,UTF8|P:-0	dec	NOK,pNOK|N:-1
sNeg0	NOK,POK,pNOK,pPOK,UTF8|P:-0	fbors	NOK,POK,pNOK,pPOK,UTF8|P:-0
sNeg0	NOK,POK,pNOK,pPOK,UTF8|P:-0	inc	IOK,pIOK|N:1
sNeg0	NOK,POK,pNOK,pPOK,UTF8|P:-0	iv	IOK,NOK,POK,pIOK,pNOK,pPOK,UTF8|P:-0
sNeg0	NOK,POK,pNOK,pPOK,UTF8|P:-0	nv	NOK,POK,pNOK,pPOK,UTF8|P:-0
sNeg0	NOK,POK,pNOK,pPOK,UTF8|P:-0	rng	IOK,NOK,POK,pIOK,pNOK,pPOK,UTF8|P:-0
sNeg0	NOK,POK,pNOK,pPOK,UTF8|P:-0	str	NOK,POK,pNOK,pPOK,UTF8|P:-0
sNeg0	NOK,POK,pNOK,pPOK,UTF8|P:-0	utf8	NOK,POK,pNOK,pPOK,UTF8|P:-0
sNeg0	NOK,POK,pNOK,pPOK,UTF8|P:-1	add	IOK,NOK,POK,pIOK,pNOK,pPOK,UTF8|P:-1
sNeg0	NOK,POK,pNOK,pPOK,UTF8|P:-1	bors	IOK,NOK,POK,pIOK,pNOK,pPOK,UTF8|P:-1
sNeg0	NOK,POK,pNOK,pPOK,UTF8|P:-1	cat0	POK,pPOK,UTF8|P:-1
sNeg0	NOK,POK,pNOK,pPOK,UTF8|P:-1	catx	POK,pPOK,UTF8|P:-1x
sNeg0	NOK,POK,pNOK,pPOK,UTF8|P:-1	copy	NOK,POK,pNOK,pPOK,UTF8|P:-1
sNeg0	NOK,POK,pNOK,pPOK,UTF8|P:-1	dec	NOK,pNOK|N:-2
sNeg0	NOK,POK,pNOK,pPOK,UTF8|P:-1	fbors	NOK,POK,pNOK,pPOK,UTF8|P:-1
sNeg0	NOK,POK,pNOK,pPOK,UTF8|P:-1	inc	IOK,pIOK|N:0
sNeg0	NOK,POK,pNOK,pPOK,UTF8|P:-1	iv	IOK,NOK,POK,pIOK,pNOK,pPOK,UTF8|P:-1
sNeg0	NOK,POK,pNOK,pPOK,UTF8|P:-1	nv	NOK,POK,pNOK,pPOK,UTF8|P:-1
sNeg0	NOK,POK,pNOK,pPOK,UTF8|P:-1	rng	IOK,NOK,POK,pIOK,pNOK,pPOK,UTF8|P:-1
sNeg0	NOK,POK,pNOK,pPOK,UTF8|P:-1	str	NOK,POK,pNOK,pPOK,UTF8|P:-1
sNeg0	NOK,POK,pNOK,pPOK,UTF8|P:-1	utf8	NOK,POK,pNOK,pPOK,UTF8|P:-1
sNeg0	NOK,POK,pNOK,pPOK,UTF8|P:1	add	IOK,NOK,POK,pIOK,pNOK,pPOK,UTF8|P:1
sNeg0	NOK,POK,pNOK,pPOK,UTF8|P:1	bors	IOK,NOK,POK,pIOK,pNOK,pPOK,UTF8|P:1
sNeg0	NOK,POK,pNOK,pPOK,UTF8|P:1	cat0	POK,pPOK,UTF8|P:1
sNeg0	NOK,POK,pNOK,pPOK,UTF8|P:1	catx	POK,pPOK,UTF8|P:1x
sNeg0	NOK,POK,pNOK,pPOK,UTF8|P:1	copy	NOK,POK,pNOK,pPOK,UTF8|P:1
sNeg0	NOK,POK,pNOK,pPOK,UTF8|P:1	dec	NOK,pNOK|N:0
sNeg0	NOK,POK,pNOK,pPOK,UTF8|P:1	fbors	NOK,POK,pNOK,pPOK,UTF8|P:1
sNeg0	NOK,POK,pNOK,pPOK,UTF8|P:1	inc	IOK,pIOK|N:2
sNeg0	NOK,POK,pNOK,pPOK,UTF8|P:1	iv	IOK,NOK,POK,pIOK,pNOK,pPOK,UTF8|P:1
sNeg0	NOK,POK,pNOK,pPOK,UTF8|P:1	nv	NOK,POK,pNOK,pPOK,UTF8|P:1
sNeg0	NOK,POK,pNOK,pPOK,UTF8|P:1	rng	IOK,NOK,POK,pIOK,pNOK,pPOK,UTF8|P:1
sNeg0	NOK,POK,pNOK,pPOK,UTF8|P:1	str	NOK,POK,pNOK,pPOK,UTF8|P:1
sNeg0	NOK,POK,pNOK,pPOK,UTF8|P:1	utf8	NOK,POK,pNOK,pPOK,UTF8|P:1
sNeg0	NOK,POK,pNOK,pPOK|P:-0	add	IOK,NOK,POK,pIOK,pNOK,pPOK|P:-0
sNeg0	NOK,POK,pNOK,pPOK|P:-0	bors	IOK,NOK,POK,pIOK,pNOK,pPOK|P:-0
sNeg0	NOK,POK,pNOK,pPOK|P:-0	cat0	POK,pPOK|P:-0
sNeg0	NOK,POK,pNOK,pPOK|P:-0	catx	POK,pPOK|P:-0x
sNeg0	NOK,POK,pNOK,pPOK|P:-0	copy	NOK,POK,pNOK,pPOK|P:-0
sNeg0	NOK,POK,pNOK,pPOK|P:-0	dec	NOK,pNOK|N:-1
sNeg0	NOK,POK,pNOK,pPOK|P:-0	fbors	NOK,POK,pNOK,pPOK|P:-0
sNeg0	NOK,POK,pNOK,pPOK|P:-0	inc	IOK,pIOK|N:1
sNeg0	NOK,POK,pNOK,pPOK|P:-0	iv	IOK,NOK,POK,pIOK,pNOK,pPOK|P:-0
sNeg0	NOK,POK,pNOK,pPOK|P:-0	nv	NOK,POK,pNOK,pPOK|P:-0
sNeg0	NOK,POK,pNOK,pPOK|P:-0	rng	IOK,NOK,POK,pIOK,pNOK,pPOK|P:-0
sNeg0	NOK,POK,pNOK,pPOK|P:-0	str	NOK,POK,pNOK,pPOK|P:-0
sNeg0	NOK,POK,pNOK,pPOK|P:-0	utf8	NOK,POK,pNOK,pPOK,UTF8|P:-0
sNeg0	NOK,POK,pNOK,pPOK|P:-1	add	IOK,NOK,POK,pIOK,pNOK,pPOK|P:-1
sNeg0	NOK,POK,pNOK,pPOK|P:-1	bors	IOK,NOK,POK,pIOK,pNOK,pPOK|P:-1
sNeg0	NOK,POK,pNOK,pPOK|P:-1	cat0	POK,pPOK|P:-1
sNeg0	NOK,POK,pNOK,pPOK|P:-1	catx	POK,pPOK|P:-1x
sNeg0	NOK,POK,pNOK,pPOK|P:-1	copy	NOK,POK,pNOK,pPOK|P:-1
sNeg0	NOK,POK,pNOK,pPOK|P:-1	dec	NOK,pNOK|N:-2
sNeg0	NOK,POK,pNOK,pPOK|P:-1	fbors	NOK,POK,pNOK,pPOK|P:-1
sNeg0	NOK,POK,pNOK,pPOK|P:-1	inc	IOK,pIOK|N:0
sNeg0	NOK,POK,pNOK,pPOK|P:-1	iv	IOK,NOK,POK,pIOK,pNOK,pPOK|P:-1
sNeg0	NOK,POK,pNOK,pPOK|P:-1	nv	NOK,POK,pNOK,pPOK|P:-1
sNeg0	NOK,POK,pNOK,pPOK|P:-1	rng	IOK,NOK,POK,pIOK,pNOK,pPOK|P:-1
sNeg0	NOK,POK,pNOK,pPOK|P:-1	str	NOK,POK,pNOK,pPOK|P:-1
sNeg0	NOK,POK,pNOK,pPOK|P:-1	utf8	NOK,POK,pNOK,pPOK,UTF8|P:-1
sNeg0	NOK,POK,pNOK,pPOK|P:1	add	IOK,NOK,POK,pIOK,pNOK,pPOK|P:1
sNeg0	NOK,POK,pNOK,pPOK|P:1	bors	IOK,NOK,POK,pIOK,pNOK,pPOK|P:1
sNeg0	NOK,POK,pNOK,pPOK|P:1	cat0	POK,pPOK|P:1
sNeg0	NOK,POK,pNOK,pPOK|P:1	catx	POK,pPOK|P:1x
sNeg0	NOK,POK,pNOK,pPOK|P:1	copy	NOK,POK,pNOK,pPOK|P:1
sNeg0	NOK,POK,pNOK,pPOK|P:1	dec	NOK,pNOK|N:0
sNeg0	NOK,POK,pNOK,pPOK|P:1	fbors	NOK,POK,pNOK,pPOK|P:1
sNeg0	NOK,POK,pNOK,pPOK|P:1	inc	IOK,pIOK|N:2
sNeg0	NOK,POK,pNOK,pPOK|P:1	iv	IOK,NOK,POK,pIOK,pNOK,pPOK|P:1
sNeg0	NOK,POK,pNOK,pPOK|P:1	nv	NOK,POK,pNOK,pPOK|P:1
sNeg0	NOK,POK,pNOK,pPOK|P:1	rng	IOK,NOK,POK,pIOK,pNOK,pPOK|P:1
sNeg0	NOK,POK,pNOK,pPOK|P:1	str	NOK,POK,pNOK,pPOK|P:1
sNeg0	NOK,POK,pNOK,pPOK|P:1	utf8	NOK,POK,pNOK,pPOK,UTF8|P:1
sNeg0	NOK,pNOK|N:-1	add	IOK,NOK,pIOK,pNOK|N:-1
sNeg0	NOK,pNOK|N:-1	bors	IOK,NOK,pIOK,pNOK|N:-1
sNeg0	NOK,pNOK|N:-1	cat0	POK,pPOK|P:-1
sNeg0	NOK,pNOK|N:-1	catx	POK,pPOK|P:-1x
sNeg0	NOK,pNOK|N:-1	copy	NOK,pNOK|N:-1
sNeg0	NOK,pNOK|N:-1	dec	NOK,pNOK|N:-2
sNeg0	NOK,pNOK|N:-1	fbors	NOK,pNOK|N:-1
sNeg0	NOK,pNOK|N:-1	inc	IOK,pIOK|N:0
sNeg0	NOK,pNOK|N:-1	iv	IOK,NOK,pIOK,pNOK|N:-1
sNeg0	NOK,pNOK|N:-1	nv	NOK,pNOK|N:-1
sNeg0	NOK,pNOK|N:-1	rng	IOK,NOK,pIOK,pNOK|N:-1
sNeg0	NOK,pNOK|N:-1	str	NOK,pNOK|N:-1
sNeg0	NOK,pNOK|N:-1	utf8	POK,pPOK,UTF8|P:-1
sNeg0	NOK,pNOK|N:-2	add	IOK,NOK,pIOK,pNOK|N:-2
sNeg0	NOK,pNOK|N:-2	bors	IOK,NOK,pIOK,pNOK|N:-2
sNeg0	NOK,pNOK|N:-2	cat0	POK,pPOK|P:-2
sNeg0	NOK,pNOK|N:-2	catx	POK,pPOK|P:-2x
sNeg0	NOK,pNOK|N:-2	copy	NOK,pNOK|N:-2
sNeg0	NOK,pNOK|N:-2	dec	NOK,pNOK|N:-3
sNeg0	NOK,pNOK|N:-2	fbors	NOK,pNOK|N:-2
sNeg0	NOK,pNOK|N:-2	inc	IOK,pIOK|N:-1
sNeg0	NOK,pNOK|N:-2	iv	IOK,NOK,pIOK,pNOK|N:-2
sNeg0	NOK,pNOK|N:-2	nv	NOK,pNOK|N:-2
sNeg0	NOK,pNOK|N:-2	rng	IOK,NOK,pIOK,pNOK|N:-2
sNeg0	NOK,pNOK|N:-2	str	NOK,pNOK|N:-2
sNeg0	NOK,pNOK|N:-2	utf8	POK,pPOK,UTF8|P:-2
sNeg0	NOK,pNOK|N:0	add	IOK,NOK,pIOK,pNOK|N:0
sNeg0	NOK,pNOK|N:0	bors	IOK,NOK,pIOK,pNOK|N:0
sNeg0	NOK,pNOK|N:0	cat0	POK,pPOK|P:0
sNeg0	NOK,pNOK|N:0	catx	POK,pPOK|P:0x
sNeg0	NOK,pNOK|N:0	copy	NOK,pNOK|N:0
sNeg0	NOK,pNOK|N:0	dec	NOK,pNOK|N:-1
sNeg0	NOK,pNOK|N:0	fbors	NOK,pNOK|N:0
sNeg0	NOK,pNOK|N:0	inc	IOK,pIOK|N:1
sNeg0	NOK,pNOK|N:0	iv	IOK,NOK,pIOK,pNOK|N:0
sNeg0	NOK,pNOK|N:0	nv	NOK,pNOK|N:0
sNeg0	NOK,pNOK|N:0	rng	IOK,NOK,pIOK,pNOK|N:0
sNeg0	NOK,pNOK|N:0	str	NOK,pNOK|N:0
sNeg0	NOK,pNOK|N:0	utf8	POK,pPOK,UTF8|P:0
sNeg0	NOK,pNOK|N:1	add	IOK,NOK,pIOK,pNOK|N:1
sNeg0	NOK,pNOK|N:1	bors	IOK,NOK,pIOK,pNOK|N:1
sNeg0	NOK,pNOK|N:1	cat0	POK,pPOK|P:1
sNeg0	NOK,pNOK|N:1	catx	POK,pPOK|P:1x
sNeg0	NOK,pNOK|N:1	copy	NOK,pNOK|N:1
sNeg0	NOK,pNOK|N:1	dec	NOK,pNOK|N:0
sNeg0	NOK,pNOK|N:1	fbors	NOK,pNOK|N:1
sNeg0	NOK,pNOK|N:1	inc	IOK,pIOK|N:2
sNeg0	NOK,pNOK|N:1	iv	IOK,NOK,pIOK,pNOK|N:1
sNeg0	NOK,pNOK|N:1	nv	NOK,pNOK|N:1
sNeg0	NOK,pNOK|N:1	rng	IOK,NOK,pIOK,pNOK|N:1
sNeg0	NOK,pNOK|N:1	str	NOK,pNOK|N:1
sNeg0	NOK,pNOK|N:1	utf8	POK,pPOK,UTF8|P:1
sNeg0	NOK,pNOK|N:2	add	IOK,NOK,pIOK,pNOK|N:2
sNeg0	NOK,pNOK|N:2	bors	IOK,NOK,pIOK,pNOK|N:2
sNeg0	NOK,pNOK|N:2	cat0	POK,pPOK|P:2
sNeg0	NOK,pNOK|N:2	catx	POK,pPOK|P:2x
sNeg0	NOK,pNOK|N:2	copy	NOK,pNOK|N:2
sNeg0	NOK,pNOK|N:2	dec	NOK,pNOK|N:1
sNeg0	NOK,pNOK|N:2	fbors	NOK,pNOK|N:2
sNeg0	NOK,pNOK|N:2	inc	IOK,pIOK|N:3
sNeg0	NOK,pNOK|N:2	iv	IOK,NOK,pIOK,pNOK|N:2
sNeg0	NOK,pNOK|N:2	nv	NOK,pNOK|N:2
sNeg0	NOK,pNOK|N:2	rng	IOK,NOK,pIOK,pNOK|N:2
sNeg0	NOK,pNOK|N:2	str	NOK,pNOK|N:2
sNeg0	NOK,pNOK|N:2	utf8	POK,pPOK,UTF8|P:2
sNeg0	POK,pIOK,pNOK,pPOK,UTF8|P:-0x	add	POK,pIOK,pNOK,pPOK,UTF8|P:-0x
sNeg0	POK,pIOK,pNOK,pPOK,UTF8|P:-0x	bors	POK,pIOK,pNOK,pPOK,UTF8|P:-0x
sNeg0	POK,pIOK,pNOK,pPOK,UTF8|P:-0x	cat0	POK,pIOK,pNOK,pPOK,UTF8|P:-0x
sNeg0	POK,pIOK,pNOK,pPOK,UTF8|P:-0x	catx	POK,pIOK,pNOK,pPOK,UTF8|P:-0xx
sNeg0	POK,pIOK,pNOK,pPOK,UTF8|P:-0x	copy	POK,pIOK,pNOK,pPOK,UTF8|P:-0x
sNeg0	POK,pIOK,pNOK,pPOK,UTF8|P:-0x	dec	NOK,pNOK|N:-1
sNeg0	POK,pIOK,pNOK,pPOK,UTF8|P:-0x	fbors	POK,pIOK,pNOK,pPOK,UTF8|P:-0x
sNeg0	POK,pIOK,pNOK,pPOK,UTF8|P:-0x	inc	NOK,pNOK|N:1
sNeg0	POK,pIOK,pNOK,pPOK,UTF8|P:-0x	iv	POK,pIOK,pNOK,pPOK,UTF8|P:-0x
sNeg0	POK,pIOK,pNOK,pPOK,UTF8|P:-0x	nv	POK,pIOK,pNOK,pPOK,UTF8|P:-0x
sNeg0	POK,pIOK,pNOK,pPOK,UTF8|P:-0x	rng	POK,pIOK,pNOK,pPOK,UTF8|P:-0x
sNeg0	POK,pIOK,pNOK,pPOK,UTF8|P:-0x	str	POK,pIOK,pNOK,pPOK,UTF8|P:-0x
sNeg0	POK,pIOK,pNOK,pPOK,UTF8|P:-0x	utf8	POK,pIOK,pNOK,pPOK,UTF8|P:-0x
sNeg0	POK,pIOK,pNOK,pPOK|P:-0x	add	POK,pIOK,pNOK,pPOK|P:-0x
sNeg0	POK,pIOK,pNOK,pPOK|P:-0x	bors	POK,pIOK,pNOK,pPOK|P:-0x
sNeg0	POK,pIOK,pNOK,pPOK|P:-0x	cat0	POK,pIOK,pNOK,pPOK|P:-0x
sNeg0	POK,pIOK,pNOK,pPOK|P:-0x	catx	POK,pIOK,pNOK,pPOK|P:-0xx
sNeg0	POK,pIOK,pNOK,pPOK|P:-0x	copy	POK,pIOK,pNOK,pPOK|P:-0x
sNeg0	POK,pIOK,pNOK,pPOK|P:-0x	dec	NOK,pNOK|N:-1
sNeg0	POK,pIOK,pNOK,pPOK|P:-0x	fbors	POK,pIOK,pNOK,pPOK|P:-0x
sNeg0	POK,pIOK,pNOK,pPOK|P:-0x	inc	NOK,pNOK|N:1
sNeg0	POK,pIOK,pNOK,pPOK|P:-0x	iv	POK,pIOK,pNOK,pPOK|P:-0x
sNeg0	POK,pIOK,pNOK,pPOK|P:-0x	nv	POK,pIOK,pNOK,pPOK|P:-0x
sNeg0	POK,pIOK,pNOK,pPOK|P:-0x	rng	POK,pIOK,pNOK,pPOK|P:-0x
sNeg0	POK,pIOK,pNOK,pPOK|P:-0x	str	POK,pIOK,pNOK,pPOK|P:-0x
sNeg0	POK,pIOK,pNOK,pPOK|P:-0x	utf8	POK,pIOK,pNOK,pPOK,UTF8|P:-0x
sNeg0	POK,pIOK,pNOK,pPOK|P:-0xx	add	POK,pIOK,pNOK,pPOK|P:-0xx
sNeg0	POK,pIOK,pNOK,pPOK|P:-0xx	bors	POK,pIOK,pNOK,pPOK|P:-0xx
sNeg0	POK,pIOK,pNOK,pPOK|P:-0xx	cat0	POK,pIOK,pNOK,pPOK|P:-0xx
sNeg0	POK,pIOK,pNOK,pPOK|P:-0xx	catx	POK,pIOK,pNOK,pPOK|P:-0xxx
sNeg0	POK,pIOK,pNOK,pPOK|P:-0xx	copy	POK,pIOK,pNOK,pPOK|P:-0xx
sNeg0	POK,pIOK,pNOK,pPOK|P:-0xx	dec	NOK,pNOK|N:-1
sNeg0	POK,pIOK,pNOK,pPOK|P:-0xx	fbors	POK,pIOK,pNOK,pPOK|P:-0xx
sNeg0	POK,pIOK,pNOK,pPOK|P:-0xx	inc	NOK,pNOK|N:1
sNeg0	POK,pIOK,pNOK,pPOK|P:-0xx	iv	POK,pIOK,pNOK,pPOK|P:-0xx
sNeg0	POK,pIOK,pNOK,pPOK|P:-0xx	nv	POK,pIOK,pNOK,pPOK|P:-0xx
sNeg0	POK,pIOK,pNOK,pPOK|P:-0xx	rng	POK,pIOK,pNOK,pPOK|P:-0xx
sNeg0	POK,pIOK,pNOK,pPOK|P:-0xx	str	POK,pIOK,pNOK,pPOK|P:-0xx
sNeg0	POK,pIOK,pNOK,pPOK|P:-0xx	utf8	POK,pIOK,pNOK,pPOK,UTF8|P:-0xx
sNeg0	POK,pIOK,pNOK,pPOK|P:-1x	add	POK,pIOK,pNOK,pPOK|P:-1x
sNeg0	POK,pIOK,pNOK,pPOK|P:-1x	bors	POK,pIOK,pNOK,pPOK|P:-1x
sNeg0	POK,pIOK,pNOK,pPOK|P:-1x	cat0	POK,pIOK,pNOK,pPOK|P:-1x
sNeg0	POK,pIOK,pNOK,pPOK|P:-1x	catx	POK,pIOK,pNOK,pPOK|P:-1xx
sNeg0	POK,pIOK,pNOK,pPOK|P:-1x	copy	POK,pIOK,pNOK,pPOK|P:-1x
sNeg0	POK,pIOK,pNOK,pPOK|P:-1x	dec	NOK,pNOK|N:-2
sNeg0	POK,pIOK,pNOK,pPOK|P:-1x	fbors	POK,pIOK,pNOK,pPOK|P:-1x
sNeg0	POK,pIOK,pNOK,pPOK|P:-1x	inc	NOK,pNOK|N:0
sNeg0	POK,pIOK,pNOK,pPOK|P:-1x	iv	POK,pIOK,pNOK,pPOK|P:-1x
sNeg0	POK,pIOK,pNOK,pPOK|P:-1x	nv	POK,pIOK,pNOK,pPOK|P:-1x
sNeg0	POK,pIOK,pNOK,pPOK|P:-1x	rng	POK,pIOK,pNOK,pPOK|P:-1x
sNeg0	POK,pIOK,pNOK,pPOK|P:-1x	str	POK,pIOK,pNOK,pPOK|P:-1x
sNeg0	POK,pIOK,pNOK,pPOK|P:-1x	utf8	POK,pIOK,pNOK,pPOK,UTF8|P:-1x
sNeg0	POK,pIOK,pNOK,pPOK|P:1x	add	POK,pIOK,pNOK,pPOK|P:1x
sNeg0	POK,pIOK,pNOK,pPOK|P:1x	bors	POK,pIOK,pNOK,pPOK|P:1x
sNeg0	POK,pIOK,pNOK,pPOK|P:1x	cat0	POK,pIOK,pNOK,pPOK|P:1x
sNeg0	POK,pIOK,pNOK,pPOK|P:1x	catx	POK,pIOK,pNOK,pPOK|P:1xx
sNeg0	POK,pIOK,pNOK,pPOK|P:1x	copy	POK,pIOK,pNOK,pPOK|P:1x
sNeg0	POK,pIOK,pNOK,pPOK|P:1x	dec	NOK,pNOK|N:0
sNeg0	POK,pIOK,pNOK,pPOK|P:1x	fbors	POK,pIOK,pNOK,pPOK|P:1x
sNeg0	POK,pIOK,pNOK,pPOK|P:1x	inc	NOK,pNOK|N:2
sNeg0	POK,pIOK,pNOK,pPOK|P:1x	iv	POK,pIOK,pNOK,pPOK|P:1x
sNeg0	POK,pIOK,pNOK,pPOK|P:1x	nv	POK,pIOK,pNOK,pPOK|P:1x
sNeg0	POK,pIOK,pNOK,pPOK|P:1x	rng	POK,pIOK,pNOK,pPOK|P:1x
sNeg0	POK,pIOK,pNOK,pPOK|P:1x	str	POK,pIOK,pNOK,pPOK|P:1x
sNeg0	POK,pIOK,pNOK,pPOK|P:1x	utf8	POK,pIOK,pNOK,pPOK,UTF8|P:1x
sNeg0	POK,pNOK,pPOK,UTF8|P:-0x	add	POK,pIOK,pNOK,pPOK,UTF8|P:-0x
sNeg0	POK,pNOK,pPOK,UTF8|P:-0x	bors	POK,pIOK,pNOK,pPOK,UTF8|P:-0x
sNeg0	POK,pNOK,pPOK,UTF8|P:-0x	cat0	POK,pNOK,pPOK,UTF8|P:-0x
sNeg0	POK,pNOK,pPOK,UTF8|P:-0x	catx	POK,pNOK,pPOK,UTF8|P:-0xx
sNeg0	POK,pNOK,pPOK,UTF8|P:-0x	copy	POK,pNOK,pPOK,UTF8|P:-0x
sNeg0	POK,pNOK,pPOK,UTF8|P:-0x	dec	NOK,pNOK|N:-1
sNeg0	POK,pNOK,pPOK,UTF8|P:-0x	fbors	POK,pNOK,pPOK,UTF8|P:-0x
sNeg0	POK,pNOK,pPOK,UTF8|P:-0x	inc	NOK,pNOK|N:1
sNeg0	POK,pNOK,pPOK,UTF8|P:-0x	iv	POK,pIOK,pNOK,pPOK,UTF8|P:-0x
sNeg0	POK,pNOK,pPOK,UTF8|P:-0x	nv	POK,pNOK,pPOK,UTF8|P:-0x
sNeg0	POK,pNOK,pPOK,UTF8|P:-0x	rng	POK,pIOK,pNOK,pPOK,UTF8|P:-0x
sNeg0	POK,pNOK,pPOK,UTF8|P:-0x	str	POK,pNOK,pPOK,UTF8|P:-0x
sNeg0	POK,pNOK,pPOK,UTF8|P:-0x	utf8	POK,pNOK,pPOK,UTF8|P:-0x
sNeg0	POK,pNOK,pPOK|P:-0x	add	POK,pIOK,pNOK,pPOK|P:-0x
sNeg0	POK,pNOK,pPOK|P:-0x	bors	POK,pIOK,pNOK,pPOK|P:-0x
sNeg0	POK,pNOK,pPOK|P:-0x	cat0	POK,pNOK,pPOK|P:-0x
sNeg0	POK,pNOK,pPOK|P:-0x	catx	POK,pNOK,pPOK|P:-0xx
sNeg0	POK,pNOK,pPOK|P:-0x	copy	POK,pNOK,pPOK|P:-0x
sNeg0	POK,pNOK,pPOK|P:-0x	dec	NOK,pNOK|N:-1
sNeg0	POK,pNOK,pPOK|P:-0x	fbors	POK,pNOK,pPOK|P:-0x
sNeg0	POK,pNOK,pPOK|P:-0x	inc	NOK,pNOK|N:1
sNeg0	POK,pNOK,pPOK|P:-0x	iv	POK,pIOK,pNOK,pPOK|P:-0x
sNeg0	POK,pNOK,pPOK|P:-0x	nv	POK,pNOK,pPOK|P:-0x
sNeg0	POK,pNOK,pPOK|P:-0x	rng	POK,pIOK,pNOK,pPOK|P:-0x
sNeg0	POK,pNOK,pPOK|P:-0x	str	POK,pNOK,pPOK|P:-0x
sNeg0	POK,pNOK,pPOK|P:-0x	utf8	POK,pNOK,pPOK,UTF8|P:-0x
sNeg0	POK,pNOK,pPOK|P:-0xx	add	POK,pIOK,pNOK,pPOK|P:-0xx
sNeg0	POK,pNOK,pPOK|P:-0xx	bors	POK,pIOK,pNOK,pPOK|P:-0xx
sNeg0	POK,pNOK,pPOK|P:-0xx	cat0	POK,pNOK,pPOK|P:-0xx
sNeg0	POK,pNOK,pPOK|P:-0xx	catx	POK,pNOK,pPOK|P:-0xxx
sNeg0	POK,pNOK,pPOK|P:-0xx	copy	POK,pNOK,pPOK|P:-0xx
sNeg0	POK,pNOK,pPOK|P:-0xx	dec	NOK,pNOK|N:-1
sNeg0	POK,pNOK,pPOK|P:-0xx	fbors	POK,pNOK,pPOK|P:-0xx
sNeg0	POK,pNOK,pPOK|P:-0xx	inc	NOK,pNOK|N:1
sNeg0	POK,pNOK,pPOK|P:-0xx	iv	POK,pIOK,pNOK,pPOK|P:-0xx
sNeg0	POK,pNOK,pPOK|P:-0xx	nv	POK,pNOK,pPOK|P:-0xx
sNeg0	POK,pNOK,pPOK|P:-0xx	rng	POK,pIOK,pNOK,pPOK|P:-0xx
sNeg0	POK,pNOK,pPOK|P:-0xx	str	POK,pNOK,pPOK|P:-0xx
sNeg0	POK,pNOK,pPOK|P:-0xx	utf8	POK,pNOK,pPOK,UTF8|P:-0xx
sNeg0	POK,pNOK,pPOK|P:-1x	add	POK,pIOK,pNOK,pPOK|P:-1x
sNeg0	POK,pNOK,pPOK|P:-1x	bors	POK,pIOK,pNOK,pPOK|P:-1x
sNeg0	POK,pNOK,pPOK|P:-1x	cat0	POK,pNOK,pPOK|P:-1x
sNeg0	POK,pNOK,pPOK|P:-1x	catx	POK,pNOK,pPOK|P:-1xx
sNeg0	POK,pNOK,pPOK|P:-1x	copy	POK,pNOK,pPOK|P:-1x
sNeg0	POK,pNOK,pPOK|P:-1x	dec	NOK,pNOK|N:-2
sNeg0	POK,pNOK,pPOK|P:-1x	fbors	POK,pNOK,pPOK|P:-1x
sNeg0	POK,pNOK,pPOK|P:-1x	inc	NOK,pNOK|N:0
sNeg0	POK,pNOK,pPOK|P:-1x	iv	POK,pIOK,pNOK,pPOK|P:-1x
sNeg0	POK,pNOK,pPOK|P:-1x	nv	POK,pNOK,pPOK|P:-1x
sNeg0	POK,pNOK,pPOK|P:-1x	rng	POK,pIOK,pNOK,pPOK|P:-1x
sNeg0	POK,pNOK,pPOK|P:-1x	str	POK,pNOK,pPOK|P:-1x
sNeg0	POK,pNOK,pPOK|P:-1x	utf8	POK,pNOK,pPOK,UTF8|P:-1x
sNeg0	POK,pNOK,pPOK|P:1x	add	POK,pIOK,pNOK,pPOK|P:1x
sNeg0	POK,pNOK,pPOK|P:1x	bors	POK,pIOK,pNOK,pPOK|P:1x
sNeg0	POK,pNOK,pPOK|P:1x	cat0	POK,pNOK,pPOK|P:1x
sNeg0	POK,pNOK,pPOK|P:1x	catx	POK,pNOK,pPOK|P:1xx
sNeg0	POK,pNOK,pPOK|P:1x	copy	POK,pNOK,pPOK|P:1x
sNeg0	POK,pNOK,pPOK|P:1x	dec	NOK,pNOK|N:0
sNeg0	POK,pNOK,pPOK|P:1x	fbors	POK,pNOK,pPOK|P:1x
sNeg0	POK,pNOK,pPOK|P:1x	inc	NOK,pNOK|N:2
sNeg0	POK,pNOK,pPOK|P:1x	iv	POK,pIOK,pNOK,pPOK|P:1x
sNeg0	POK,pNOK,pPOK|P:1x	nv	POK,pNOK,pPOK|P:1x
sNeg0	POK,pNOK,pPOK|P:1x	rng	POK,pIOK,pNOK,pPOK|P:1x
sNeg0	POK,pNOK,pPOK|P:1x	str	POK,pNOK,pPOK|P:1x
sNeg0	POK,pNOK,pPOK|P:1x	utf8	POK,pNOK,pPOK,UTF8|P:1x
sNeg0	POK,pPOK,UTF8|P:-0	add	IOK,POK,pIOK,pPOK,UTF8|P:-0
sNeg0	POK,pPOK,UTF8|P:-0	bors	POK,pPOK,UTF8|P:-0
sNeg0	POK,pPOK,UTF8|P:-0	cat0	POK,pPOK,UTF8|P:-0
sNeg0	POK,pPOK,UTF8|P:-0	catx	POK,pPOK,UTF8|P:-0x
sNeg0	POK,pPOK,UTF8|P:-0	copy	POK,pPOK,UTF8|P:-0
sNeg0	POK,pPOK,UTF8|P:-0	dec	IOK,pIOK|N:-1
sNeg0	POK,pPOK,UTF8|P:-0	fbors	POK,pPOK,UTF8|P:-0
sNeg0	POK,pPOK,UTF8|P:-0	inc	IOK,pIOK|N:1
sNeg0	POK,pPOK,UTF8|P:-0	iv	IOK,POK,pIOK,pPOK,UTF8|P:-0
sNeg0	POK,pPOK,UTF8|P:-0	nv	NOK,POK,pNOK,pPOK,UTF8|P:-0
sNeg0	POK,pPOK,UTF8|P:-0	rng	IOK,NOK,POK,pIOK,pNOK,pPOK,UTF8|P:-0
sNeg0	POK,pPOK,UTF8|P:-0	str	POK,pPOK,UTF8|P:-0
sNeg0	POK,pPOK,UTF8|P:-0	utf8	POK,pPOK,UTF8|P:-0
sNeg0	POK,pPOK,UTF8|P:-0x	add	POK,pIOK,pNOK,pPOK,UTF8|P:-0x
sNeg0	POK,pPOK,UTF8|P:-0x	bors	POK,pPOK,UTF8|P:-0x
sNeg0	POK,pPOK,UTF8|P:-0x	cat0	POK,pPOK,UTF8|P:-0x
sNeg0	POK,pPOK,UTF8|P:-0x	catx	POK,pPOK,UTF8|P:-0xx
sNeg0	POK,pPOK,UTF8|P:-0x	copy	POK,pPOK,UTF8|P:-0x
sNeg0	POK,pPOK,UTF8|P:-0x	dec	NOK,pNOK|N:-1
sNeg0	POK,pPOK,UTF8|P:-0x	fbors	POK,pPOK,UTF8|P:-0x
sNeg0	POK,pPOK,UTF8|P:-0x	inc	NOK,pNOK|N:1
sNeg0	POK,pPOK,UTF8|P:-0x	iv	POK,pIOK,pNOK,pPOK,UTF8|P:-0x
sNeg0	POK,pPOK,UTF8|P:-0x	nv	POK,pNOK,pPOK,UTF8|P:-0x
sNeg0	POK,pPOK,UTF8|P:-0x	rng	POK,pPOK,UTF8|P:-0x
sNeg0	POK,pPOK,UTF8|P:-0x	str	POK,pPOK,UTF8|P:-0x
sNeg0	POK,pPOK,UTF8|P:-0x	utf8	POK,pPOK,UTF8|P:-0x
sNeg0	POK,pPOK,UTF8|P:-0xx	add	POK,pIOK,pNOK,pPOK,UTF8|P:-0xx
sNeg0	POK,pPOK,UTF8|P:-0xx	bors	POK,pPOK,UTF8|P:-0xx
sNeg0	POK,pPOK,UTF8|P:-0xx	cat0	POK,pPOK,UTF8|P:-0xx
sNeg0	POK,pPOK,UTF8|P:-0xx	catx	POK,pPOK,UTF8|P:-0xxx
sNeg0	POK,pPOK,UTF8|P:-0xx	copy	POK,pPOK,UTF8|P:-0xx
sNeg0	POK,pPOK,UTF8|P:-0xx	dec	NOK,pNOK|N:-1
sNeg0	POK,pPOK,UTF8|P:-0xx	fbors	POK,pPOK,UTF8|P:-0xx
sNeg0	POK,pPOK,UTF8|P:-0xx	inc	NOK,pNOK|N:1
sNeg0	POK,pPOK,UTF8|P:-0xx	iv	POK,pIOK,pNOK,pPOK,UTF8|P:-0xx
sNeg0	POK,pPOK,UTF8|P:-0xx	nv	POK,pNOK,pPOK,UTF8|P:-0xx
sNeg0	POK,pPOK,UTF8|P:-0xx	rng	POK,pPOK,UTF8|P:-0xx
sNeg0	POK,pPOK,UTF8|P:-0xx	str	POK,pPOK,UTF8|P:-0xx
sNeg0	POK,pPOK,UTF8|P:-0xx	utf8	POK,pPOK,UTF8|P:-0xx
sNeg0	POK,pPOK,UTF8|P:-1	add	IOK,POK,pIOK,pPOK,UTF8|P:-1
sNeg0	POK,pPOK,UTF8|P:-1	bors	POK,pPOK,UTF8|P:-1
sNeg0	POK,pPOK,UTF8|P:-1	cat0	POK,pPOK,UTF8|P:-1
sNeg0	POK,pPOK,UTF8|P:-1	catx	POK,pPOK,UTF8|P:-1x
sNeg0	POK,pPOK,UTF8|P:-1	copy	POK,pPOK,UTF8|P:-1
sNeg0	POK,pPOK,UTF8|P:-1	dec	IOK,pIOK|N:-2
sNeg0	POK,pPOK,UTF8|P:-1	fbors	POK,pPOK,UTF8|P:-1
sNeg0	POK,pPOK,UTF8|P:-1	inc	IOK,pIOK|N:0
sNeg0	POK,pPOK,UTF8|P:-1	iv	IOK,POK,pIOK,pPOK,UTF8|P:-1
sNeg0	POK,pPOK,UTF8|P:-1	nv	NOK,POK,pNOK,pPOK,UTF8|P:-1
sNeg0	POK,pPOK,UTF8|P:-1	rng	IOK,NOK,POK,pIOK,pNOK,pPOK,UTF8|P:-1
sNeg0	POK,pPOK,UTF8|P:-1	str	POK,pPOK,UTF8|P:-1
sNeg0	POK,pPOK,UTF8|P:-1	utf8	POK,pPOK,UTF8|P:-1
sNeg0	POK,pPOK,UTF8|P:-1x	add	POK,pIOK,pNOK,pPOK,UTF8|P:-1x
sNeg0	POK,pPOK,UTF8|P:-1x	bors	POK,pPOK,UTF8|P:-1x
sNeg0	POK,pPOK,UTF8|P:-1x	cat0	POK,pPOK,UTF8|P:-1x
sNeg0	POK,pPOK,UTF8|P:-1x	catx	POK,pPOK,UTF8|P:-1xx
sNeg0	POK,pPOK,UTF8|P:-1x	copy	POK,pPOK,UTF8|P:-1x
sNeg0	POK,pPOK,UTF8|P:-1x	dec	NOK,pNOK|N:-2
sNeg0	POK,pPOK,UTF8|P:-1x	fbors	POK,pPOK,UTF8|P:-1x
sNeg0	POK,pPOK,UTF8|P:-1x	inc	NOK,pNOK|N:0
sNeg0	POK,pPOK,UTF8|P:-1x	iv	POK,pIOK,pNOK,pPOK,UTF8|P:-1x
sNeg0	POK,pPOK,UTF8|P:-1x	nv	POK,pNOK,pPOK,UTF8|P:-1x
sNeg0	POK,pPOK,UTF8|P:-1x	rng	POK,pPOK,UTF8|P:-1x
sNeg0	POK,pPOK,UTF8|P:-1x	str	POK,pPOK,UTF8|P:-1x
sNeg0	POK,pPOK,UTF8|P:-1x	utf8	POK,pPOK,UTF8|P:-1x
sNeg0	POK,pPOK,UTF8|P:-2	add	IOK,POK,pIOK,pPOK,UTF8|P:-2
sNeg0	POK,pPOK,UTF8|P:-2	bors	POK,pPOK,UTF8|P:-2
sNeg0	POK,pPOK,UTF8|P:-2	cat0	POK,pPOK,UTF8|P:-2
sNeg0	POK,pPOK,UTF8|P:-2	catx	POK,pPOK,UTF8|P:-2x
sNeg0	POK,pPOK,UTF8|P:-2	copy	POK,pPOK,UTF8|P:-2
sNeg0	POK,pPOK,UTF8|P:-2	dec	IOK,pIOK|N:-3
sNeg0	POK,pPOK,UTF8|P:-2	fbors	POK,pPOK,UTF8|P:-2
sNeg0	POK,pPOK,UTF8|P:-2	inc	IOK,pIOK|N:-1
sNeg0	POK,pPOK,UTF8|P:-2	iv	IOK,POK,pIOK,pPOK,UTF8|P:-2
sNeg0	POK,pPOK,UTF8|P:-2	nv	NOK,POK,pNOK,pPOK,UTF8|P:-2
sNeg0	POK,pPOK,UTF8|P:-2	rng	IOK,NOK,POK,pIOK,pNOK,pPOK,UTF8|P:-2
sNeg0	POK,pPOK,UTF8|P:-2	str	POK,pPOK,UTF8|P:-2
sNeg0	POK,pPOK,UTF8|P:-2	utf8	POK,pPOK,UTF8|P:-2
sNeg0	POK,pPOK,UTF8|P:0	add	IOK,POK,pIOK,pPOK,UTF8|P:0
sNeg0	POK,pPOK,UTF8|P:0	bors	POK,pPOK,UTF8|P:0
sNeg0	POK,pPOK,UTF8|P:0	cat0	POK,pPOK,UTF8|P:0
sNeg0	POK,pPOK,UTF8|P:0	catx	POK,pPOK,UTF8|P:0x
sNeg0	POK,pPOK,UTF8|P:0	copy	POK,pPOK,UTF8|P:0
sNeg0	POK,pPOK,UTF8|P:0	dec	IOK,pIOK|N:-1
sNeg0	POK,pPOK,UTF8|P:0	fbors	POK,pPOK,UTF8|P:0
sNeg0	POK,pPOK,UTF8|P:0	inc	POK,pPOK,UTF8|P:1
sNeg0	POK,pPOK,UTF8|P:0	iv	IOK,POK,pIOK,pPOK,UTF8|P:0
sNeg0	POK,pPOK,UTF8|P:0	nv	NOK,POK,pNOK,pPOK,UTF8|P:0
sNeg0	POK,pPOK,UTF8|P:0	rng	IOK,NOK,POK,pIOK,pNOK,pPOK,UTF8|P:0
sNeg0	POK,pPOK,UTF8|P:0	str	POK,pPOK,UTF8|P:0
sNeg0	POK,pPOK,UTF8|P:0	utf8	POK,pPOK,UTF8|P:0
sNeg0	POK,pPOK,UTF8|P:1	add	IOK,POK,pIOK,pPOK,UTF8|P:1
sNeg0	POK,pPOK,UTF8|P:1	bors	POK,pPOK,UTF8|P:1
sNeg0	POK,pPOK,UTF8|P:1	cat0	POK,pPOK,UTF8|P:1
sNeg0	POK,pPOK,UTF8|P:1	catx	POK,pPOK,UTF8|P:1x
sNeg0	POK,pPOK,UTF8|P:1	copy	POK,pPOK,UTF8|P:1
sNeg0	POK,pPOK,UTF8|P:1	dec	IOK,pIOK|N:0
sNeg0	POK,pPOK,UTF8|P:1	fbors	POK,pPOK,UTF8|P:1
sNeg0	POK,pPOK,UTF8|P:1	inc	POK,pPOK,UTF8|P:2
sNeg0	POK,pPOK,UTF8|P:1	iv	IOK,POK,pIOK,pPOK,UTF8|P:1
sNeg0	POK,pPOK,UTF8|P:1	nv	NOK,POK,pNOK,pPOK,UTF8|P:1
sNeg0	POK,pPOK,UTF8|P:1	rng	IOK,NOK,POK,pIOK,pNOK,pPOK,UTF8|P:1
sNeg0	POK,pPOK,UTF8|P:1	str	POK,pPOK,UTF8|P:1
sNeg0	POK,pPOK,UTF8|P:1	utf8	POK,pPOK,UTF8|P:1
sNeg0	POK,pPOK,UTF8|P:1x	add	POK,pIOK,pNOK,pPOK,UTF8|P:1x
sNeg0	POK,pPOK,UTF8|P:1x	bors	POK,pPOK,UTF8|P:1x
sNeg0	POK,pPOK,UTF8|P:1x	cat0	POK,pPOK,UTF8|P:1x
sNeg0	POK,pPOK,UTF8|P:1x	catx	POK,pPOK,UTF8|P:1xx
sNeg0	POK,pPOK,UTF8|P:1x	copy	POK,pPOK,UTF8|P:1x
sNeg0	POK,pPOK,UTF8|P:1x	dec	NOK,pNOK|N:0
sNeg0	POK,pPOK,UTF8|P:1x	fbors	POK,pPOK,UTF8|P:1x
sNeg0	POK,pPOK,UTF8|P:1x	inc	NOK,pNOK|N:2
sNeg0	POK,pPOK,UTF8|P:1x	iv	POK,pIOK,pNOK,pPOK,UTF8|P:1x
sNeg0	POK,pPOK,UTF8|P:1x	nv	POK,pNOK,pPOK,UTF8|P:1x
sNeg0	POK,pPOK,UTF8|P:1x	rng	POK,pPOK,UTF8|P:1x
sNeg0	POK,pPOK,UTF8|P:1x	str	POK,pPOK,UTF8|P:1x
sNeg0	POK,pPOK,UTF8|P:1x	utf8	POK,pPOK,UTF8|P:1x
sNeg0	POK,pPOK,UTF8|P:2	add	IOK,POK,pIOK,pPOK,UTF8|P:2
sNeg0	POK,pPOK,UTF8|P:2	bors	POK,pPOK,UTF8|P:2
sNeg0	POK,pPOK,UTF8|P:2	cat0	POK,pPOK,UTF8|P:2
sNeg0	POK,pPOK,UTF8|P:2	catx	POK,pPOK,UTF8|P:2x
sNeg0	POK,pPOK,UTF8|P:2	copy	POK,pPOK,UTF8|P:2
sNeg0	POK,pPOK,UTF8|P:2	dec	IOK,pIOK|N:1
sNeg0	POK,pPOK,UTF8|P:2	fbors	POK,pPOK,UTF8|P:2
sNeg0	POK,pPOK,UTF8|P:2	inc	POK,pPOK,UTF8|P:3
sNeg0	POK,pPOK,UTF8|P:2	iv	IOK,POK,pIOK,pPOK,UTF8|P:2
sNeg0	POK,pPOK,UTF8|P:2	nv	NOK,POK,pNOK,pPOK,UTF8|P:2
sNeg0	POK,pPOK,UTF8|P:2	rng	IOK,NOK,POK,pIOK,pNOK,pPOK,UTF8|P:2
sNeg0	POK,pPOK,UTF8|P:2	str	POK,pPOK,UTF8|P:2
sNeg0	POK,pPOK,UTF8|P:2	utf8	POK,pPOK,UTF8|P:2
sNeg0	POK,pPOK|P:-0	add	IOK,POK,pIOK,pPOK|P:-0
sNeg0	POK,pPOK|P:-0	bors	POK,pPOK|P:-0
sNeg0	POK,pPOK|P:-0	cat0	POK,pPOK|P:-0
sNeg0	POK,pPOK|P:-0	catx	POK,pPOK|P:-0x
sNeg0	POK,pPOK|P:-0	copy	POK,pPOK|P:-0
sNeg0	POK,pPOK|P:-0	dec	IOK,pIOK|N:-1
sNeg0	POK,pPOK|P:-0	fbors	POK,pPOK|P:-0
sNeg0	POK,pPOK|P:-0	inc	IOK,pIOK|N:1
sNeg0	POK,pPOK|P:-0	iv	IOK,POK,pIOK,pPOK|P:-0
sNeg0	POK,pPOK|P:-0	nv	NOK,POK,pNOK,pPOK|P:-0
sNeg0	POK,pPOK|P:-0	rng	IOK,NOK,POK,pIOK,pNOK,pPOK|P:-0
sNeg0	POK,pPOK|P:-0	str	POK,pPOK|P:-0
sNeg0	POK,pPOK|P:-0	utf8	POK,pPOK,UTF8|P:-0
sNeg0	POK,pPOK|P:-0x	add	POK,pIOK,pNOK,pPOK|P:-0x
sNeg0	POK,pPOK|P:-0x	bors	POK,pPOK|P:-0x
sNeg0	POK,pPOK|P:-0x	cat0	POK,pPOK|P:-0x
sNeg0	POK,pPOK|P:-0x	catx	POK,pPOK|P:-0xx
sNeg0	POK,pPOK|P:-0x	copy	POK,pPOK|P:-0x
sNeg0	POK,pPOK|P:-0x	dec	NOK,pNOK|N:-1
sNeg0	POK,pPOK|P:-0x	fbors	POK,pPOK|P:-0x
sNeg0	POK,pPOK|P:-0x	inc	NOK,pNOK|N:1
sNeg0	POK,pPOK|P:-0x	iv	POK,pIOK,pNOK,pPOK|P:-0x
sNeg0	POK,pPOK|P:-0x	nv	POK,pNOK,pPOK|P:-0x
sNeg0	POK,pPOK|P:-0x	rng	POK,pPOK|P:-0x
sNeg0	POK,pPOK|P:-0x	str	POK,pPOK|P:-0x
sNeg0	POK,pPOK|P:-0x	utf8	POK,pPOK,UTF8|P:-0x
sNeg0	POK,pPOK|P:-0xx	add	POK,pIOK,pNOK,pPOK|P:-0xx
sNeg0	POK,pPOK|P:-0xx	bors	POK,pPOK|P:-0xx
sNeg0	POK,pPOK|P:-0xx	cat0	POK,pPOK|P:-0xx
sNeg0	POK,pPOK|P:-0xx	catx	POK,pPOK|P:-0xxx
sNeg0	POK,pPOK|P:-0xx	copy	POK,pPOK|P:-0xx
sNeg0	POK,pPOK|P:-0xx	dec	NOK,pNOK|N:-1
sNeg0	POK,pPOK|P:-0xx	fbors	POK,pPOK|P:-0xx
sNeg0	POK,pPOK|P:-0xx	inc	NOK,pNOK|N:1
sNeg0	POK,pPOK|P:-0xx	iv	POK,pIOK,pNOK,pPOK|P:-0xx
sNeg0	POK,pPOK|P:-0xx	nv	POK,pNOK,pPOK|P:-0xx
sNeg0	POK,pPOK|P:-0xx	rng	POK,pPOK|P:-0xx
sNeg0	POK,pPOK|P:-0xx	str	POK,pPOK|P:-0xx
sNeg0	POK,pPOK|P:-0xx	utf8	POK,pPOK,UTF8|P:-0xx
sNeg0	POK,pPOK|P:-0xxx	add	POK,pIOK,pNOK,pPOK|P:-0xxx
sNeg0	POK,pPOK|P:-0xxx	bors	POK,pPOK|P:-0xxx
sNeg0	POK,pPOK|P:-0xxx	cat0	POK,pPOK|P:-0xxx
sNeg0	POK,pPOK|P:-0xxx	catx	POK,pPOK|P:-0xxxx
sNeg0	POK,pPOK|P:-0xxx	copy	POK,pPOK|P:-0xxx
sNeg0	POK,pPOK|P:-0xxx	dec	NOK,pNOK|N:-1
sNeg0	POK,pPOK|P:-0xxx	fbors	POK,pPOK|P:-0xxx
sNeg0	POK,pPOK|P:-0xxx	inc	NOK,pNOK|N:1
sNeg0	POK,pPOK|P:-0xxx	iv	POK,pIOK,pNOK,pPOK|P:-0xxx
sNeg0	POK,pPOK|P:-0xxx	nv	POK,pNOK,pPOK|P:-0xxx
sNeg0	POK,pPOK|P:-0xxx	rng	POK,pPOK|P:-0xxx
sNeg0	POK,pPOK|P:-0xxx	str	POK,pPOK|P:-0xxx
sNeg0	POK,pPOK|P:-0xxx	utf8	POK,pPOK,UTF8|P:-0xxx
sNeg0	POK,pPOK|P:-1	add	IOK,POK,pIOK,pPOK|P:-1
sNeg0	POK,pPOK|P:-1	bors	POK,pPOK|P:-1
sNeg0	POK,pPOK|P:-1	cat0	POK,pPOK|P:-1
sNeg0	POK,pPOK|P:-1	catx	POK,pPOK|P:-1x
sNeg0	POK,pPOK|P:-1	copy	POK,pPOK|P:-1
sNeg0	POK,pPOK|P:-1	dec	IOK,pIOK|N:-2
sNeg0	POK,pPOK|P:-1	fbors	POK,pPOK|P:-1
sNeg0	POK,pPOK|P:-1	inc	IOK,pIOK|N:0
sNeg0	POK,pPOK|P:-1	iv	IOK,POK,pIOK,pPOK|P:-1
sNeg0	POK,pPOK|P:-1	nv	NOK,POK,pNOK,pPOK|P:-1
sNeg0	POK,pPOK|P:-1	rng	IOK,NOK,POK,pIOK,pNOK,pPOK|P:-1
sNeg0	POK,pPOK|P:-1	str	POK,pPOK|P:-1
sNeg0	POK,pPOK|P:-1	utf8	POK,pPOK,UTF8|P:-1
sNeg0	POK,pPOK|P:-1x	add	POK,pIOK,pNOK,pPOK|P:-1x
sNeg0	POK,pPOK|P:-1x	bors	POK,pPOK|P:-1x
sNeg0	POK,pPOK|P:-1x	cat0	POK,pPOK|P:-1x
sNeg0	POK,pPOK|P:-1x	catx	POK,pPOK|P:-1xx
sNeg0	POK,pPOK|P:-1x	copy	POK,pPOK|P:-1x
sNeg0	POK,pPOK|P:-1x	dec	NOK,pNOK|N:-2
sNeg0	POK,pPOK|P:-1x	fbors	POK,pPOK|P:-1x
sNeg0	POK,pPOK|P:-1x	inc	NOK,pNOK|N:0
sNeg0	POK,pPOK|P:-1x	iv	POK,pIOK,pNOK,pPOK|P:-1x
sNeg0	POK,pPOK|P:-1x	nv	POK,pNOK,pPOK|P:-1x
sNeg0	POK,pPOK|P:-1x	rng	POK,pPOK|P:-1x
sNeg0	POK,pPOK|P:-1x	str	POK,pPOK|P:-1x
sNeg0	POK,pPOK|P:-1x	utf8	POK,pPOK,UTF8|P:-1x
sNeg0	POK,pPOK|P:-1xx	add	POK,pIOK,pNOK,pPOK|P:-1xx
sNeg0	POK,pPOK|P:-1xx	bors	POK,pPOK|P:-1xx
sNeg0	POK,pPOK|P:-1xx	cat0	POK,pPOK|P:-1xx
sNeg0	POK,pPOK|P:-1xx	catx	POK,pPOK|P:-1xxx
sNeg0	POK,pPOK|P:-1xx	copy	POK,pPOK|P:-1xx
sNeg0	POK,pPOK|P:-1xx	dec	NOK,pNOK|N:-2
sNeg0	POK,pPOK|P:-1xx	fbors	POK,pPOK|P:-1xx
sNeg0	POK,pPOK|P:-1xx	inc	NOK,pNOK|N:0
sNeg0	POK,pPOK|P:-1xx	iv	POK,pIOK,pNOK,pPOK|P:-1xx
sNeg0	POK,pPOK|P:-1xx	nv	POK,pNOK,pPOK|P:-1xx
sNeg0	POK,pPOK|P:-1xx	rng	POK,pPOK|P:-1xx
sNeg0	POK,pPOK|P:-1xx	str	POK,pPOK|P:-1xx
sNeg0	POK,pPOK|P:-1xx	utf8	POK,pPOK,UTF8|P:-1xx
sNeg0	POK,pPOK|P:-2	add	IOK,POK,pIOK,pPOK|P:-2
sNeg0	POK,pPOK|P:-2	bors	POK,pPOK|P:-2
sNeg0	POK,pPOK|P:-2	cat0	POK,pPOK|P:-2
sNeg0	POK,pPOK|P:-2	catx	POK,pPOK|P:-2x
sNeg0	POK,pPOK|P:-2	copy	POK,pPOK|P:-2
sNeg0	POK,pPOK|P:-2	dec	IOK,pIOK|N:-3
sNeg0	POK,pPOK|P:-2	fbors	POK,pPOK|P:-2
sNeg0	POK,pPOK|P:-2	inc	IOK,pIOK|N:-1
sNeg0	POK,pPOK|P:-2	iv	IOK,POK,pIOK,pPOK|P:-2
sNeg0	POK,pPOK|P:-2	nv	NOK,POK,pNOK,pPOK|P:-2
sNeg0	POK,pPOK|P:-2	rng	IOK,NOK,POK,pIOK,pNOK,pPOK|P:-2
sNeg0	POK,pPOK|P:-2	str	POK,pPOK|P:-2
sNeg0	POK,pPOK|P:-2	utf8	POK,pPOK,UTF8|P:-2
sNeg0	POK,pPOK|P:-2x	add	POK,pIOK,pNOK,pPOK|P:-2x
sNeg0	POK,pPOK|P:-2x	bors	POK,pPOK|P:-2x
sNeg0	POK,pPOK|P:-2x	cat0	POK,pPOK|P:-2x
sNeg0	POK,pPOK|P:-2x	catx	POK,pPOK|P:-2xx
sNeg0	POK,pPOK|P:-2x	copy	POK,pPOK|P:-2x
sNeg0	POK,pPOK|P:-2x	dec	NOK,pNOK|N:-3
sNeg0	POK,pPOK|P:-2x	fbors	POK,pPOK|P:-2x
sNeg0	POK,pPOK|P:-2x	inc	NOK,pNOK|N:-1
sNeg0	POK,pPOK|P:-2x	iv	POK,pIOK,pNOK,pPOK|P:-2x
sNeg0	POK,pPOK|P:-2x	nv	POK,pNOK,pPOK|P:-2x
sNeg0	POK,pPOK|P:-2x	rng	POK,pPOK|P:-2x
sNeg0	POK,pPOK|P:-2x	str	POK,pPOK|P:-2x
sNeg0	POK,pPOK|P:-2x	utf8	POK,pPOK,UTF8|P:-2x
sNeg0	POK,pPOK|P:0	add	IOK,POK,pIOK,pPOK|P:0
sNeg0	POK,pPOK|P:0	bors	POK,pPOK|P:0
sNeg0	POK,pPOK|P:0	cat0	POK,pPOK|P:0
sNeg0	POK,pPOK|P:0	catx	POK,pPOK|P:0x
sNeg0	POK,pPOK|P:0	copy	POK,pPOK|P:0
sNeg0	POK,pPOK|P:0	dec	IOK,pIOK|N:-1
sNeg0	POK,pPOK|P:0	fbors	POK,pPOK|P:0
sNeg0	POK,pPOK|P:0	inc	POK,pPOK|P:1
sNeg0	POK,pPOK|P:0	iv	IOK,POK,pIOK,pPOK|P:0
sNeg0	POK,pPOK|P:0	nv	NOK,POK,pNOK,pPOK|P:0
sNeg0	POK,pPOK|P:0	rng	IOK,NOK,POK,pIOK,pNOK,pPOK|P:0
sNeg0	POK,pPOK|P:0	str	POK,pPOK|P:0
sNeg0	POK,pPOK|P:0	utf8	POK,pPOK,UTF8|P:0
sNeg0	POK,pPOK|P:0x	add	POK,pIOK,pNOK,pPOK|P:0x
sNeg0	POK,pPOK|P:0x	bors	POK,pPOK|P:0x
sNeg0	POK,pPOK|P:0x	cat0	POK,pPOK|P:0x
sNeg0	POK,pPOK|P:0x	catx	POK,pPOK|P:0xx
sNeg0	POK,pPOK|P:0x	copy	POK,pPOK|P:0x
sNeg0	POK,pPOK|P:0x	dec	NOK,pNOK|N:-1
sNeg0	POK,pPOK|P:0x	fbors	POK,pPOK|P:0x
sNeg0	POK,pPOK|P:0x	inc	NOK,pNOK|N:1
sNeg0	POK,pPOK|P:0x	iv	POK,pIOK,pNOK,pPOK|P:0x
sNeg0	POK,pPOK|P:0x	nv	POK,pNOK,pPOK|P:0x
sNeg0	POK,pPOK|P:0x	rng	POK,pPOK|P:0x
sNeg0	POK,pPOK|P:0x	str	POK,pPOK|P:0x
sNeg0	POK,pPOK|P:0x	utf8	POK,pPOK,UTF8|P:0x
sNeg0	POK,pPOK|P:1	add	IOK,POK,pIOK,pPOK|P:1
sNeg0	POK,pPOK|P:1	bors	POK,pPOK|P:1
sNeg0	POK,pPOK|P:1	cat0	POK,pPOK|P:1
sNeg0	POK,pPOK|P:1	catx	POK,pPOK|P:1x
sNeg0	POK,pPOK|P:1	copy	POK,pPOK|P:1
sNeg0	POK,pPOK|P:1	dec	IOK,pIOK|N:0
sNeg0	POK,pPOK|P:1	fbors	POK,pPOK|P:1
sNeg0	POK,pPOK|P:1	inc	POK,pPOK|P:2
sNeg0	POK,pPOK|P:1	iv	IOK,POK,pIOK,pPOK|P:1
sNeg0	POK,pPOK|P:1	nv	NOK,POK,pNOK,pPOK|P:1
sNeg0	POK,pPOK|P:1	rng	IOK,NOK,POK,pIOK,pNOK,pPOK|P:1
sNeg0	POK,pPOK|P:1	str	POK,pPOK|P:1
sNeg0	POK,pPOK|P:1	utf8	POK,pPOK,UTF8|P:1
sNeg0	POK,pPOK|P:1x	add	POK,pIOK,pNOK,pPOK|P:1x
sNeg0	POK,pPOK|P:1x	bors	POK,pPOK|P:1x
sNeg0	POK,pPOK|P:1x	cat0	POK,pPOK|P:1x
sNeg0	POK,pPOK|P:1x	catx	POK,pPOK|P:1xx
sNeg0	POK,pPOK|P:1x	copy	POK,pPOK|P:1x
sNeg0	POK,pPOK|P:1x	dec	NOK,pNOK|N:0
sNeg0	POK,pPOK|P:1x	fbors	POK,pPOK|P:1x
sNeg0	POK,pPOK|P:1x	inc	NOK,pNOK|N:2
sNeg0	POK,pPOK|P:1x	iv	POK,pIOK,pNOK,pPOK|P:1x
sNeg0	POK,pPOK|P:1x	nv	POK,pNOK,pPOK|P:1x
sNeg0	POK,pPOK|P:1x	rng	POK,pPOK|P:1x
sNeg0	POK,pPOK|P:1x	str	POK,pPOK|P:1x
sNeg0	POK,pPOK|P:1x	utf8	POK,pPOK,UTF8|P:1x
sNeg0	POK,pPOK|P:1xx	add	POK,pIOK,pNOK,pPOK|P:1xx
sNeg0	POK,pPOK|P:1xx	bors	POK,pPOK|P:1xx
sNeg0	POK,pPOK|P:1xx	cat0	POK,pPOK|P:1xx
sNeg0	POK,pPOK|P:1xx	catx	POK,pPOK|P:1xxx
sNeg0	POK,pPOK|P:1xx	copy	POK,pPOK|P:1xx
sNeg0	POK,pPOK|P:1xx	dec	NOK,pNOK|N:0
sNeg0	POK,pPOK|P:1xx	fbors	POK,pPOK|P:1xx
sNeg0	POK,pPOK|P:1xx	inc	NOK,pNOK|N:2
sNeg0	POK,pPOK|P:1xx	iv	POK,pIOK,pNOK,pPOK|P:1xx
sNeg0	POK,pPOK|P:1xx	nv	POK,pNOK,pPOK|P:1xx
sNeg0	POK,pPOK|P:1xx	rng	POK,pPOK|P:1xx
sNeg0	POK,pPOK|P:1xx	str	POK,pPOK|P:1xx
sNeg0	POK,pPOK|P:1xx	utf8	POK,pPOK,UTF8|P:1xx
sNeg0	POK,pPOK|P:2	add	IOK,POK,pIOK,pPOK|P:2
sNeg0	POK,pPOK|P:2	bors	POK,pPOK|P:2
sNeg0	POK,pPOK|P:2	cat0	POK,pPOK|P:2
sNeg0	POK,pPOK|P:2	catx	POK,pPOK|P:2x
sNeg0	POK,pPOK|P:2	copy	POK,pPOK|P:2
sNeg0	POK,pPOK|P:2	dec	IOK,pIOK|N:1
sNeg0	POK,pPOK|P:2	fbors	POK,pPOK|P:2
sNeg0	POK,pPOK|P:2	inc	POK,pPOK|P:3
sNeg0	POK,pPOK|P:2	iv	IOK,POK,pIOK,pPOK|P:2
sNeg0	POK,pPOK|P:2	nv	NOK,POK,pNOK,pPOK|P:2
sNeg0	POK,pPOK|P:2	rng	IOK,NOK,POK,pIOK,pNOK,pPOK|P:2
sNeg0	POK,pPOK|P:2	str	POK,pPOK|P:2
sNeg0	POK,pPOK|P:2	utf8	POK,pPOK,UTF8|P:2
sNeg0	POK,pPOK|P:2x	add	POK,pIOK,pNOK,pPOK|P:2x
sNeg0	POK,pPOK|P:2x	bors	POK,pPOK|P:2x
sNeg0	POK,pPOK|P:2x	cat0	POK,pPOK|P:2x
sNeg0	POK,pPOK|P:2x	catx	POK,pPOK|P:2xx
sNeg0	POK,pPOK|P:2x	copy	POK,pPOK|P:2x
sNeg0	POK,pPOK|P:2x	dec	NOK,pNOK|N:1
sNeg0	POK,pPOK|P:2x	fbors	POK,pPOK|P:2x
sNeg0	POK,pPOK|P:2x	inc	NOK,pNOK|N:3
sNeg0	POK,pPOK|P:2x	iv	POK,pIOK,pNOK,pPOK|P:2x
sNeg0	POK,pPOK|P:2x	nv	POK,pNOK,pPOK|P:2x
sNeg0	POK,pPOK|P:2x	rng	POK,pPOK|P:2x
sNeg0	POK,pPOK|P:2x	str	POK,pPOK|P:2x
sNeg0	POK,pPOK|P:2x	utf8	POK,pPOK,UTF8|P:2x
sUV	IOK,POK,pIOK,pNOK,pPOK,IsUV,UTF8|P:18446744073709551614	add	IOK,POK,pIOK,pNOK,pPOK,IsUV,UTF8|P:18446744073709551614
sUV	IOK,POK,pIOK,pNOK,pPOK,IsUV,UTF8|P:18446744073709551614	bors	IOK,POK,pIOK,pNOK,pPOK,IsUV,UTF8|P:18446744073709551614
sUV	IOK,POK,pIOK,pNOK,pPOK,IsUV,UTF8|P:18446744073709551614	cat0	POK,pPOK,UTF8|P:18446744073709551614
sUV	IOK,POK,pIOK,pNOK,pPOK,IsUV,UTF8|P:18446744073709551614	catx	POK,pPOK,UTF8|P:18446744073709551614x
sUV	IOK,POK,pIOK,pNOK,pPOK,IsUV,UTF8|P:18446744073709551614	copy	IOK,POK,pIOK,pNOK,pPOK,IsUV,UTF8|P:18446744073709551614
sUV	IOK,POK,pIOK,pNOK,pPOK,IsUV,UTF8|P:18446744073709551614	dec	IOK,pIOK,IsUV|N:1.8446744073709552e+19
sUV	IOK,POK,pIOK,pNOK,pPOK,IsUV,UTF8|P:18446744073709551614	fbors	IOK,POK,pIOK,pNOK,pPOK,IsUV,UTF8|P:18446744073709551614
sUV	IOK,POK,pIOK,pNOK,pPOK,IsUV,UTF8|P:18446744073709551614	inc	IOK,pIOK,IsUV|N:1.8446744073709552e+19
sUV	IOK,POK,pIOK,pNOK,pPOK,IsUV,UTF8|P:18446744073709551614	iv	IOK,POK,pIOK,pNOK,pPOK,IsUV,UTF8|P:18446744073709551614
sUV	IOK,POK,pIOK,pNOK,pPOK,IsUV,UTF8|P:18446744073709551614	nv	IOK,POK,pIOK,pNOK,pPOK,IsUV,UTF8|P:18446744073709551614
sUV	IOK,POK,pIOK,pNOK,pPOK,IsUV,UTF8|P:18446744073709551614	rng	IOK,POK,pIOK,pNOK,pPOK,IsUV,UTF8|P:18446744073709551614
sUV	IOK,POK,pIOK,pNOK,pPOK,IsUV,UTF8|P:18446744073709551614	str	IOK,POK,pIOK,pNOK,pPOK,IsUV,UTF8|P:18446744073709551614
sUV	IOK,POK,pIOK,pNOK,pPOK,IsUV,UTF8|P:18446744073709551614	utf8	IOK,POK,pIOK,pNOK,pPOK,IsUV,UTF8|P:18446744073709551614
sUV	IOK,POK,pIOK,pNOK,pPOK,IsUV,UTF8|P:18446744073709551615	add	IOK,POK,pIOK,pNOK,pPOK,IsUV,UTF8|P:18446744073709551615
sUV	IOK,POK,pIOK,pNOK,pPOK,IsUV,UTF8|P:18446744073709551615	bors	IOK,POK,pIOK,pNOK,pPOK,IsUV,UTF8|P:18446744073709551615
sUV	IOK,POK,pIOK,pNOK,pPOK,IsUV,UTF8|P:18446744073709551615	cat0	POK,pPOK,UTF8|P:18446744073709551615
sUV	IOK,POK,pIOK,pNOK,pPOK,IsUV,UTF8|P:18446744073709551615	catx	POK,pPOK,UTF8|P:18446744073709551615x
sUV	IOK,POK,pIOK,pNOK,pPOK,IsUV,UTF8|P:18446744073709551615	copy	IOK,POK,pIOK,pNOK,pPOK,IsUV,UTF8|P:18446744073709551615
sUV	IOK,POK,pIOK,pNOK,pPOK,IsUV,UTF8|P:18446744073709551615	dec	IOK,pIOK,IsUV|N:1.8446744073709552e+19
sUV	IOK,POK,pIOK,pNOK,pPOK,IsUV,UTF8|P:18446744073709551615	fbors	IOK,POK,pIOK,pNOK,pPOK,IsUV,UTF8|P:18446744073709551615
sUV	IOK,POK,pIOK,pNOK,pPOK,IsUV,UTF8|P:18446744073709551615	inc	NOK,pNOK|N:1.8446744073709552e+19
sUV	IOK,POK,pIOK,pNOK,pPOK,IsUV,UTF8|P:18446744073709551615	iv	IOK,POK,pIOK,pNOK,pPOK,IsUV,UTF8|P:18446744073709551615
sUV	IOK,POK,pIOK,pNOK,pPOK,IsUV,UTF8|P:18446744073709551615	nv	IOK,POK,pIOK,pNOK,pPOK,IsUV,UTF8|P:18446744073709551615
sUV	IOK,POK,pIOK,pNOK,pPOK,IsUV,UTF8|P:18446744073709551615	rng	IOK,POK,pIOK,pNOK,pPOK,IsUV,UTF8|P:18446744073709551615
sUV	IOK,POK,pIOK,pNOK,pPOK,IsUV,UTF8|P:18446744073709551615	str	IOK,POK,pIOK,pNOK,pPOK,IsUV,UTF8|P:18446744073709551615
sUV	IOK,POK,pIOK,pNOK,pPOK,IsUV,UTF8|P:18446744073709551615	utf8	IOK,POK,pIOK,pNOK,pPOK,IsUV,UTF8|P:18446744073709551615
sUV	IOK,POK,pIOK,pNOK,pPOK,IsUV|P:18446744073709551614	add	IOK,POK,pIOK,pNOK,pPOK,IsUV|P:18446744073709551614
sUV	IOK,POK,pIOK,pNOK,pPOK,IsUV|P:18446744073709551614	bors	IOK,POK,pIOK,pNOK,pPOK,IsUV|P:18446744073709551614
sUV	IOK,POK,pIOK,pNOK,pPOK,IsUV|P:18446744073709551614	cat0	POK,pPOK|P:18446744073709551614
sUV	IOK,POK,pIOK,pNOK,pPOK,IsUV|P:18446744073709551614	catx	POK,pPOK|P:18446744073709551614x
sUV	IOK,POK,pIOK,pNOK,pPOK,IsUV|P:18446744073709551614	copy	IOK,POK,pIOK,pNOK,pPOK,IsUV|P:18446744073709551614
sUV	IOK,POK,pIOK,pNOK,pPOK,IsUV|P:18446744073709551614	dec	IOK,pIOK,IsUV|N:1.8446744073709552e+19
sUV	IOK,POK,pIOK,pNOK,pPOK,IsUV|P:18446744073709551614	fbors	IOK,POK,pIOK,pNOK,pPOK,IsUV|P:18446744073709551614
sUV	IOK,POK,pIOK,pNOK,pPOK,IsUV|P:18446744073709551614	inc	IOK,pIOK,IsUV|N:1.8446744073709552e+19
sUV	IOK,POK,pIOK,pNOK,pPOK,IsUV|P:18446744073709551614	iv	IOK,POK,pIOK,pNOK,pPOK,IsUV|P:18446744073709551614
sUV	IOK,POK,pIOK,pNOK,pPOK,IsUV|P:18446744073709551614	nv	IOK,POK,pIOK,pNOK,pPOK,IsUV|P:18446744073709551614
sUV	IOK,POK,pIOK,pNOK,pPOK,IsUV|P:18446744073709551614	rng	IOK,POK,pIOK,pNOK,pPOK,IsUV|P:18446744073709551614
sUV	IOK,POK,pIOK,pNOK,pPOK,IsUV|P:18446744073709551614	str	IOK,POK,pIOK,pNOK,pPOK,IsUV|P:18446744073709551614
sUV	IOK,POK,pIOK,pNOK,pPOK,IsUV|P:18446744073709551614	utf8	IOK,POK,pIOK,pNOK,pPOK,IsUV,UTF8|P:18446744073709551614
sUV	IOK,POK,pIOK,pNOK,pPOK,IsUV|P:18446744073709551615	add	IOK,POK,pIOK,pNOK,pPOK,IsUV|P:18446744073709551615
sUV	IOK,POK,pIOK,pNOK,pPOK,IsUV|P:18446744073709551615	bors	IOK,POK,pIOK,pNOK,pPOK,IsUV|P:18446744073709551615
sUV	IOK,POK,pIOK,pNOK,pPOK,IsUV|P:18446744073709551615	cat0	POK,pPOK|P:18446744073709551615
sUV	IOK,POK,pIOK,pNOK,pPOK,IsUV|P:18446744073709551615	catx	POK,pPOK|P:18446744073709551615x
sUV	IOK,POK,pIOK,pNOK,pPOK,IsUV|P:18446744073709551615	copy	IOK,POK,pIOK,pNOK,pPOK,IsUV|P:18446744073709551615
sUV	IOK,POK,pIOK,pNOK,pPOK,IsUV|P:18446744073709551615	dec	IOK,pIOK,IsUV|N:1.8446744073709552e+19
sUV	IOK,POK,pIOK,pNOK,pPOK,IsUV|P:18446744073709551615	fbors	IOK,POK,pIOK,pNOK,pPOK,IsUV|P:18446744073709551615
sUV	IOK,POK,pIOK,pNOK,pPOK,IsUV|P:18446744073709551615	inc	NOK,pNOK|N:1.8446744073709552e+19
sUV	IOK,POK,pIOK,pNOK,pPOK,IsUV|P:18446744073709551615	iv	IOK,POK,pIOK,pNOK,pPOK,IsUV|P:18446744073709551615
sUV	IOK,POK,pIOK,pNOK,pPOK,IsUV|P:18446744073709551615	nv	IOK,POK,pIOK,pNOK,pPOK,IsUV|P:18446744073709551615
sUV	IOK,POK,pIOK,pNOK,pPOK,IsUV|P:18446744073709551615	rng	IOK,POK,pIOK,pNOK,pPOK,IsUV|P:18446744073709551615
sUV	IOK,POK,pIOK,pNOK,pPOK,IsUV|P:18446744073709551615	str	IOK,POK,pIOK,pNOK,pPOK,IsUV|P:18446744073709551615
sUV	IOK,POK,pIOK,pNOK,pPOK,IsUV|P:18446744073709551615	utf8	IOK,POK,pIOK,pNOK,pPOK,IsUV,UTF8|P:18446744073709551615
sUV	IOK,POK,pIOK,pPOK,IsUV,UTF8|P:18446744073709551614	add	IOK,POK,pIOK,pPOK,IsUV,UTF8|P:18446744073709551614
sUV	IOK,POK,pIOK,pPOK,IsUV,UTF8|P:18446744073709551614	bors	IOK,POK,pIOK,pPOK,IsUV,UTF8|P:18446744073709551614
sUV	IOK,POK,pIOK,pPOK,IsUV,UTF8|P:18446744073709551614	cat0	POK,pPOK,UTF8|P:18446744073709551614
sUV	IOK,POK,pIOK,pPOK,IsUV,UTF8|P:18446744073709551614	catx	POK,pPOK,UTF8|P:18446744073709551614x
sUV	IOK,POK,pIOK,pPOK,IsUV,UTF8|P:18446744073709551614	copy	IOK,POK,pIOK,pPOK,IsUV,UTF8|P:18446744073709551614
sUV	IOK,POK,pIOK,pPOK,IsUV,UTF8|P:18446744073709551614	dec	IOK,pIOK,IsUV|N:1.8446744073709552e+19
sUV	IOK,POK,pIOK,pPOK,IsUV,UTF8|P:18446744073709551614	fbors	IOK,POK,pIOK,pPOK,IsUV,UTF8|P:18446744073709551614
sUV	IOK,POK,pIOK,pPOK,IsUV,UTF8|P:18446744073709551614	inc	IOK,pIOK,IsUV|N:1.8446744073709552e+19
sUV	IOK,POK,pIOK,pPOK,IsUV,UTF8|P:18446744073709551614	iv	IOK,POK,pIOK,pPOK,IsUV,UTF8|P:18446744073709551614
sUV	IOK,POK,pIOK,pPOK,IsUV,UTF8|P:18446744073709551614	nv	IOK,POK,pIOK,pNOK,pPOK,IsUV,UTF8|P:18446744073709551614
sUV	IOK,POK,pIOK,pPOK,IsUV,UTF8|P:18446744073709551614	rng	IOK,POK,pIOK,pPOK,IsUV,UTF8|P:18446744073709551614
sUV	IOK,POK,pIOK,pPOK,IsUV,UTF8|P:18446744073709551614	str	IOK,POK,pIOK,pPOK,IsUV,UTF8|P:18446744073709551614
sUV	IOK,POK,pIOK,pPOK,IsUV,UTF8|P:18446744073709551614	utf8	IOK,POK,pIOK,pPOK,IsUV,UTF8|P:18446744073709551614
sUV	IOK,POK,pIOK,pPOK,IsUV,UTF8|P:18446744073709551615	add	IOK,POK,pIOK,pPOK,IsUV,UTF8|P:18446744073709551615
sUV	IOK,POK,pIOK,pPOK,IsUV,UTF8|P:18446744073709551615	bors	IOK,POK,pIOK,pPOK,IsUV,UTF8|P:18446744073709551615
sUV	IOK,POK,pIOK,pPOK,IsUV,UTF8|P:18446744073709551615	cat0	POK,pPOK,UTF8|P:18446744073709551615
sUV	IOK,POK,pIOK,pPOK,IsUV,UTF8|P:18446744073709551615	catx	POK,pPOK,UTF8|P:18446744073709551615x
sUV	IOK,POK,pIOK,pPOK,IsUV,UTF8|P:18446744073709551615	copy	IOK,POK,pIOK,pPOK,IsUV,UTF8|P:18446744073709551615
sUV	IOK,POK,pIOK,pPOK,IsUV,UTF8|P:18446744073709551615	dec	IOK,pIOK,IsUV|N:1.8446744073709552e+19
sUV	IOK,POK,pIOK,pPOK,IsUV,UTF8|P:18446744073709551615	fbors	IOK,POK,pIOK,pPOK,IsUV,UTF8|P:18446744073709551615
sUV	IOK,POK,pIOK,pPOK,IsUV,UTF8|P:18446744073709551615	inc	NOK,pNOK|N:1.8446744073709552e+19
sUV	IOK,POK,pIOK,pPOK,IsUV,UTF8|P:18446744073709551615	iv	IOK,POK,pIOK,pPOK,IsUV,UTF8|P:18446744073709551615
sUV	IOK,POK,pIOK,pPOK,IsUV,UTF8|P:18446744073709551615	nv	IOK,POK,pIOK,pNOK,pPOK,IsUV,UTF8|P:18446744073709551615
sUV	IOK,POK,pIOK,pPOK,IsUV,UTF8|P:18446744073709551615	rng	IOK,POK,pIOK,pPOK,IsUV,UTF8|P:18446744073709551615
sUV	IOK,POK,pIOK,pPOK,IsUV,UTF8|P:18446744073709551615	str	IOK,POK,pIOK,pPOK,IsUV,UTF8|P:18446744073709551615
sUV	IOK,POK,pIOK,pPOK,IsUV,UTF8|P:18446744073709551615	utf8	IOK,POK,pIOK,pPOK,IsUV,UTF8|P:18446744073709551615
sUV	IOK,POK,pIOK,pPOK,IsUV|P:18446744073709551614	add	IOK,POK,pIOK,pPOK,IsUV|P:18446744073709551614
sUV	IOK,POK,pIOK,pPOK,IsUV|P:18446744073709551614	bors	IOK,POK,pIOK,pPOK,IsUV|P:18446744073709551614
sUV	IOK,POK,pIOK,pPOK,IsUV|P:18446744073709551614	cat0	POK,pPOK|P:18446744073709551614
sUV	IOK,POK,pIOK,pPOK,IsUV|P:18446744073709551614	catx	POK,pPOK|P:18446744073709551614x
sUV	IOK,POK,pIOK,pPOK,IsUV|P:18446744073709551614	copy	IOK,POK,pIOK,pPOK,IsUV|P:18446744073709551614
sUV	IOK,POK,pIOK,pPOK,IsUV|P:18446744073709551614	dec	IOK,pIOK,IsUV|N:1.8446744073709552e+19
sUV	IOK,POK,pIOK,pPOK,IsUV|P:18446744073709551614	fbors	IOK,POK,pIOK,pPOK,IsUV|P:18446744073709551614
sUV	IOK,POK,pIOK,pPOK,IsUV|P:18446744073709551614	inc	IOK,pIOK,IsUV|N:1.8446744073709552e+19
sUV	IOK,POK,pIOK,pPOK,IsUV|P:18446744073709551614	iv	IOK,POK,pIOK,pPOK,IsUV|P:18446744073709551614
sUV	IOK,POK,pIOK,pPOK,IsUV|P:18446744073709551614	nv	IOK,POK,pIOK,pNOK,pPOK,IsUV|P:18446744073709551614
sUV	IOK,POK,pIOK,pPOK,IsUV|P:18446744073709551614	rng	IOK,POK,pIOK,pPOK,IsUV|P:18446744073709551614
sUV	IOK,POK,pIOK,pPOK,IsUV|P:18446744073709551614	str	IOK,POK,pIOK,pPOK,IsUV|P:18446744073709551614
sUV	IOK,POK,pIOK,pPOK,IsUV|P:18446744073709551614	utf8	IOK,POK,pIOK,pPOK,IsUV,UTF8|P:18446744073709551614
sUV	IOK,POK,pIOK,pPOK,IsUV|P:18446744073709551615	add	IOK,POK,pIOK,pPOK,IsUV|P:18446744073709551615
sUV	IOK,POK,pIOK,pPOK,IsUV|P:18446744073709551615	bors	IOK,POK,pIOK,pPOK,IsUV|P:18446744073709551615
sUV	IOK,POK,pIOK,pPOK,IsUV|P:18446744073709551615	cat0	POK,pPOK|P:18446744073709551615
sUV	IOK,POK,pIOK,pPOK,IsUV|P:18446744073709551615	catx	POK,pPOK|P:18446744073709551615x
sUV	IOK,POK,pIOK,pPOK,IsUV|P:18446744073709551615	copy	IOK,POK,pIOK,pPOK,IsUV|P:18446744073709551615
sUV	IOK,POK,pIOK,pPOK,IsUV|P:18446744073709551615	dec	IOK,pIOK,IsUV|N:1.8446744073709552e+19
sUV	IOK,POK,pIOK,pPOK,IsUV|P:18446744073709551615	fbors	IOK,POK,pIOK,pPOK,IsUV|P:18446744073709551615
sUV	IOK,POK,pIOK,pPOK,IsUV|P:18446744073709551615	inc	NOK,pNOK|N:1.8446744073709552e+19
sUV	IOK,POK,pIOK,pPOK,IsUV|P:18446744073709551615	iv	IOK,POK,pIOK,pPOK,IsUV|P:18446744073709551615
sUV	IOK,POK,pIOK,pPOK,IsUV|P:18446744073709551615	nv	IOK,POK,pIOK,pNOK,pPOK,IsUV|P:18446744073709551615
sUV	IOK,POK,pIOK,pPOK,IsUV|P:18446744073709551615	rng	IOK,POK,pIOK,pPOK,IsUV|P:18446744073709551615
sUV	IOK,POK,pIOK,pPOK,IsUV|P:18446744073709551615	str	IOK,POK,pIOK,pPOK,IsUV|P:18446744073709551615
sUV	IOK,POK,pIOK,pPOK,IsUV|P:18446744073709551615	utf8	IOK,POK,pIOK,pPOK,IsUV,UTF8|P:18446744073709551615
sUV	IOK,pIOK,IsUV|N:1.8446744073709552e+19	add	IOK,pIOK,IsUV|N:1.8446744073709552e+19
sUV	IOK,pIOK,IsUV|N:1.8446744073709552e+19	bors	IOK,pIOK,IsUV|N:1.8446744073709552e+19
sUV	IOK,pIOK,IsUV|N:1.8446744073709552e+19	cat0	POK,pPOK|P:18446744073709551614
sUV	IOK,pIOK,IsUV|N:1.8446744073709552e+19	catx	POK,pPOK|P:18446744073709551614x
sUV	IOK,pIOK,IsUV|N:1.8446744073709552e+19	copy	IOK,pIOK,IsUV|N:1.8446744073709552e+19
sUV	IOK,pIOK,IsUV|N:1.8446744073709552e+19	dec	IOK,pIOK,IsUV|N:1.8446744073709552e+19
sUV	IOK,pIOK,IsUV|N:1.8446744073709552e+19	fbors	IOK,pIOK,pPOK,IsUV|N:1.8446744073709552e+19
sUV	IOK,pIOK,IsUV|N:1.8446744073709552e+19	inc	IOK,pIOK,IsUV|N:1.8446744073709552e+19
sUV	IOK,pIOK,IsUV|N:1.8446744073709552e+19	iv	IOK,pIOK,IsUV|N:1.8446744073709552e+19
sUV	IOK,pIOK,IsUV|N:1.8446744073709552e+19	nv	IOK,pIOK,pNOK,IsUV|N:1.8446744073709552e+19
sUV	IOK,pIOK,IsUV|N:1.8446744073709552e+19	rng	IOK,pIOK,IsUV|N:1.8446744073709552e+19
sUV	IOK,pIOK,IsUV|N:1.8446744073709552e+19	str	IOK,pIOK,pPOK,IsUV|N:1.8446744073709552e+19
sUV	IOK,pIOK,IsUV|N:1.8446744073709552e+19	utf8	POK,pPOK,UTF8|P:18446744073709551614
sUV	IOK,pIOK,pNOK,IsUV|N:1.8446744073709552e+19	add	IOK,pIOK,pNOK,IsUV|N:1.8446744073709552e+19
sUV	IOK,pIOK,pNOK,IsUV|N:1.8446744073709552e+19	bors	IOK,pIOK,pNOK,IsUV|N:1.8446744073709552e+19
sUV	IOK,pIOK,pNOK,IsUV|N:1.8446744073709552e+19	cat0	POK,pPOK|P:18446744073709551614
sUV	IOK,pIOK,pNOK,IsUV|N:1.8446744073709552e+19	catx	POK,pPOK|P:18446744073709551614x
sUV	IOK,pIOK,pNOK,IsUV|N:1.8446744073709552e+19	copy	IOK,pIOK,pNOK,IsUV|N:1.8446744073709552e+19
sUV	IOK,pIOK,pNOK,IsUV|N:1.8446744073709552e+19	dec	IOK,pIOK,IsUV|N:1.8446744073709552e+19
sUV	IOK,pIOK,pNOK,IsUV|N:1.8446744073709552e+19	fbors	IOK,pIOK,pNOK,pPOK,IsUV|N:1.8446744073709552e+19
sUV	IOK,pIOK,pNOK,IsUV|N:1.8446744073709552e+19	inc	IOK,pIOK,IsUV|N:1.8446744073709552e+19
sUV	IOK,pIOK,pNOK,IsUV|N:1.8446744073709552e+19	iv	IOK,pIOK,pNOK,IsUV|N:1.8446744073709552e+19
sUV	IOK,pIOK,pNOK,IsUV|N:1.8446744073709552e+19	nv	IOK,pIOK,pNOK,IsUV|N:1.8446744073709552e+19
sUV	IOK,pIOK,pNOK,IsUV|N:1.8446744073709552e+19	rng	IOK,pIOK,pNOK,IsUV|N:1.8446744073709552e+19
sUV	IOK,pIOK,pNOK,IsUV|N:1.8446744073709552e+19	str	IOK,pIOK,pNOK,pPOK,IsUV|N:1.8446744073709552e+19
sUV	IOK,pIOK,pNOK,IsUV|N:1.8446744073709552e+19	utf8	POK,pPOK,UTF8|P:18446744073709551614
sUV	IOK,pIOK,pNOK,pPOK,IsUV|N:1.8446744073709552e+19	add	IOK,pIOK,pNOK,pPOK,IsUV|N:1.8446744073709552e+19
sUV	IOK,pIOK,pNOK,pPOK,IsUV|N:1.8446744073709552e+19	bors	IOK,pIOK,pNOK,pPOK,IsUV|N:1.8446744073709552e+19
sUV	IOK,pIOK,pNOK,pPOK,IsUV|N:1.8446744073709552e+19	cat0	POK,pPOK|P:18446744073709551614
sUV	IOK,pIOK,pNOK,pPOK,IsUV|N:1.8446744073709552e+19	catx	POK,pPOK|P:18446744073709551614x
sUV	IOK,pIOK,pNOK,pPOK,IsUV|N:1.8446744073709552e+19	copy	IOK,pIOK,pNOK,pPOK,IsUV|N:1.8446744073709552e+19
sUV	IOK,pIOK,pNOK,pPOK,IsUV|N:1.8446744073709552e+19	dec	IOK,pIOK,IsUV|N:1.8446744073709552e+19
sUV	IOK,pIOK,pNOK,pPOK,IsUV|N:1.8446744073709552e+19	fbors	IOK,pIOK,pNOK,pPOK,IsUV|N:1.8446744073709552e+19
sUV	IOK,pIOK,pNOK,pPOK,IsUV|N:1.8446744073709552e+19	inc	IOK,pIOK,IsUV|N:1.8446744073709552e+19
sUV	IOK,pIOK,pNOK,pPOK,IsUV|N:1.8446744073709552e+19	iv	IOK,pIOK,pNOK,pPOK,IsUV|N:1.8446744073709552e+19
sUV	IOK,pIOK,pNOK,pPOK,IsUV|N:1.8446744073709552e+19	nv	IOK,pIOK,pNOK,pPOK,IsUV|N:1.8446744073709552e+19
sUV	IOK,pIOK,pNOK,pPOK,IsUV|N:1.8446744073709552e+19	rng	IOK,pIOK,pNOK,pPOK,IsUV|N:1.8446744073709552e+19
sUV	IOK,pIOK,pNOK,pPOK,IsUV|N:1.8446744073709552e+19	str	IOK,pIOK,pNOK,pPOK,IsUV|N:1.8446744073709552e+19
sUV	IOK,pIOK,pNOK,pPOK,IsUV|N:1.8446744073709552e+19	utf8	POK,pPOK,UTF8|P:18446744073709551614
sUV	IOK,pIOK,pPOK,IsUV|N:1.8446744073709552e+19	add	IOK,pIOK,pPOK,IsUV|N:1.8446744073709552e+19
sUV	IOK,pIOK,pPOK,IsUV|N:1.8446744073709552e+19	bors	IOK,pIOK,pPOK,IsUV|N:1.8446744073709552e+19
sUV	IOK,pIOK,pPOK,IsUV|N:1.8446744073709552e+19	cat0	POK,pPOK|P:18446744073709551614
sUV	IOK,pIOK,pPOK,IsUV|N:1.8446744073709552e+19	catx	POK,pPOK|P:18446744073709551614x
sUV	IOK,pIOK,pPOK,IsUV|N:1.8446744073709552e+19	copy	IOK,pIOK,pPOK,IsUV|N:1.8446744073709552e+19
sUV	IOK,pIOK,pPOK,IsUV|N:1.8446744073709552e+19	dec	IOK,pIOK,IsUV|N:1.8446744073709552e+19
sUV	IOK,pIOK,pPOK,IsUV|N:1.8446744073709552e+19	fbors	IOK,pIOK,pPOK,IsUV|N:1.8446744073709552e+19
sUV	IOK,pIOK,pPOK,IsUV|N:1.8446744073709552e+19	inc	IOK,pIOK,IsUV|N:1.8446744073709552e+19
sUV	IOK,pIOK,pPOK,IsUV|N:1.8446744073709552e+19	iv	IOK,pIOK,pPOK,IsUV|N:1.8446744073709552e+19
sUV	IOK,pIOK,pPOK,IsUV|N:1.8446744073709552e+19	nv	IOK,pIOK,pNOK,pPOK,IsUV|N:1.8446744073709552e+19
sUV	IOK,pIOK,pPOK,IsUV|N:1.8446744073709552e+19	rng	IOK,pIOK,pPOK,IsUV|N:1.8446744073709552e+19
sUV	IOK,pIOK,pPOK,IsUV|N:1.8446744073709552e+19	str	IOK,pIOK,pPOK,IsUV|N:1.8446744073709552e+19
sUV	IOK,pIOK,pPOK,IsUV|N:1.8446744073709552e+19	utf8	POK,pPOK,UTF8|P:18446744073709551614
sUV	NOK,POK,pIOK,pNOK,pPOK,IsUV,UTF8|P:18446744073709551616	add	NOK,POK,pIOK,pNOK,pPOK,IsUV,UTF8|P:18446744073709551616
sUV	NOK,POK,pIOK,pNOK,pPOK,IsUV,UTF8|P:18446744073709551616	bors	NOK,POK,pIOK,pNOK,pPOK,IsUV,UTF8|P:18446744073709551616
sUV	NOK,POK,pIOK,pNOK,pPOK,IsUV,UTF8|P:18446744073709551616	cat0	POK,pPOK,UTF8|P:18446744073709551616
sUV	NOK,POK,pIOK,pNOK,pPOK,IsUV,UTF8|P:18446744073709551616	catx	POK,pPOK,UTF8|P:18446744073709551616x
sUV	NOK,POK,pIOK,pNOK,pPOK,IsUV,UTF8|P:18446744073709551616	copy	NOK,POK,pIOK,pNOK,pPOK,IsUV,UTF8|P:18446744073709551616
sUV	NOK,POK,pIOK,pNOK,pPOK,IsUV,UTF8|P:18446744073709551616	dec	NOK,pNOK|N:1.8446744073709552e+19
sUV	NOK,POK,pIOK,pNOK,pPOK,IsUV,UTF8|P:18446744073709551616	fbors	NOK,POK,pIOK,pNOK,pPOK,IsUV,UTF8|P:18446744073709551616
sUV	NOK,POK,pIOK,pNOK,pPOK,IsUV,UTF8|P:18446744073709551616	inc	NOK,pNOK|N:1.8446744073709552e+19
sUV	NOK,POK,pIOK,pNOK,pPOK,IsUV,UTF8|P:18446744073709551616	iv	NOK,POK,pIOK,pNOK,pPOK,IsUV,UTF8|P:18446744073709551616
sUV	NOK,POK,pIOK,pNOK,pPOK,IsUV,UTF8|P:18446744073709551616	nv	NOK,POK,pIOK,pNOK,pPOK,IsUV,UTF8|P:18446744073709551616
sUV	NOK,POK,pIOK,pNOK,pPOK,IsUV,UTF8|P:18446744073709551616	rng	NOK,POK,pIOK,pNOK,pPOK,IsUV,UTF8|P:18446744073709551616
sUV	NOK,POK,pIOK,pNOK,pPOK,IsUV,UTF8|P:18446744073709551616	str	NOK,POK,pIOK,pNOK,pPOK,IsUV,UTF8|P:18446744073709551616
sUV	NOK,POK,pIOK,pNOK,pPOK,IsUV,UTF8|P:18446744073709551616	utf8	NOK,POK,pIOK,pNOK,pPOK,IsUV,UTF8|P:18446744073709551616
sUV	NOK,POK,pIOK,pNOK,pPOK,IsUV|P:18446744073709551616	add	NOK,POK,pIOK,pNOK,pPOK,IsUV|P:18446744073709551616
sUV	NOK,POK,pIOK,pNOK,pPOK,IsUV|P:18446744073709551616	bors	NOK,POK,pIOK,pNOK,pPOK,IsUV|P:18446744073709551616
sUV	NOK,POK,pIOK,pNOK,pPOK,IsUV|P:18446744073709551616	cat0	POK,pPOK|P:18446744073709551616
sUV	NOK,POK,pIOK,pNOK,pPOK,IsUV|P:18446744073709551616	catx	POK,pPOK|P:18446744073709551616x
sUV	NOK,POK,pIOK,pNOK,pPOK,IsUV|P:18446744073709551616	copy	NOK,POK,pIOK,pNOK,pPOK,IsUV|P:18446744073709551616
sUV	NOK,POK,pIOK,pNOK,pPOK,IsUV|P:18446744073709551616	dec	NOK,pNOK|N:1.8446744073709552e+19
sUV	NOK,POK,pIOK,pNOK,pPOK,IsUV|P:18446744073709551616	fbors	NOK,POK,pIOK,pNOK,pPOK,IsUV|P:18446744073709551616
sUV	NOK,POK,pIOK,pNOK,pPOK,IsUV|P:18446744073709551616	inc	NOK,pNOK|N:1.8446744073709552e+19
sUV	NOK,POK,pIOK,pNOK,pPOK,IsUV|P:18446744073709551616	iv	NOK,POK,pIOK,pNOK,pPOK,IsUV|P:18446744073709551616
sUV	NOK,POK,pIOK,pNOK,pPOK,IsUV|P:18446744073709551616	nv	NOK,POK,pIOK,pNOK,pPOK,IsUV|P:18446744073709551616
sUV	NOK,POK,pIOK,pNOK,pPOK,IsUV|P:18446744073709551616	rng	NOK,POK,pIOK,pNOK,pPOK,IsUV|P:18446744073709551616
sUV	NOK,POK,pIOK,pNOK,pPOK,IsUV|P:18446744073709551616	str	NOK,POK,pIOK,pNOK,pPOK,IsUV|P:18446744073709551616
sUV	NOK,POK,pIOK,pNOK,pPOK,IsUV|P:18446744073709551616	utf8	NOK,POK,pIOK,pNOK,pPOK,IsUV,UTF8|P:18446744073709551616
sUV	NOK,POK,pIOK,pNOK,pPOK,IsUV|P:18446744073709551617	add	NOK,POK,pIOK,pNOK,pPOK,IsUV|P:18446744073709551617
sUV	NOK,POK,pIOK,pNOK,pPOK,IsUV|P:18446744073709551617	bors	NOK,POK,pIOK,pNOK,pPOK,IsUV|P:18446744073709551617
sUV	NOK,POK,pIOK,pNOK,pPOK,IsUV|P:18446744073709551617	cat0	POK,pPOK|P:18446744073709551617
sUV	NOK,POK,pIOK,pNOK,pPOK,IsUV|P:18446744073709551617	catx	POK,pPOK|P:18446744073709551617x
sUV	NOK,POK,pIOK,pNOK,pPOK,IsUV|P:18446744073709551617	copy	NOK,POK,pIOK,pNOK,pPOK,IsUV|P:18446744073709551617
sUV	NOK,POK,pIOK,pNOK,pPOK,IsUV|P:18446744073709551617	dec	NOK,pNOK|N:1.8446744073709552e+19
sUV	NOK,POK,pIOK,pNOK,pPOK,IsUV|P:18446744073709551617	fbors	NOK,POK,pIOK,pNOK,pPOK,IsUV|P:18446744073709551617
sUV	NOK,POK,pIOK,pNOK,pPOK,IsUV|P:18446744073709551617	inc	NOK,pNOK|N:1.8446744073709552e+19
sUV	NOK,POK,pIOK,pNOK,pPOK,IsUV|P:18446744073709551617	iv	NOK,POK,pIOK,pNOK,pPOK,IsUV|P:18446744073709551617
sUV	NOK,POK,pIOK,pNOK,pPOK,IsUV|P:18446744073709551617	nv	NOK,POK,pIOK,pNOK,pPOK,IsUV|P:18446744073709551617
sUV	NOK,POK,pIOK,pNOK,pPOK,IsUV|P:18446744073709551617	rng	NOK,POK,pIOK,pNOK,pPOK,IsUV|P:18446744073709551617
sUV	NOK,POK,pIOK,pNOK,pPOK,IsUV|P:18446744073709551617	str	NOK,POK,pIOK,pNOK,pPOK,IsUV|P:18446744073709551617
sUV	NOK,POK,pIOK,pNOK,pPOK,IsUV|P:18446744073709551617	utf8	NOK,POK,pIOK,pNOK,pPOK,IsUV,UTF8|P:18446744073709551617
sUV	NOK,POK,pNOK,pPOK,UTF8|P:18446744073709551616	add	NOK,POK,pIOK,pNOK,pPOK,IsUV,UTF8|P:18446744073709551616
sUV	NOK,POK,pNOK,pPOK,UTF8|P:18446744073709551616	bors	NOK,POK,pIOK,pNOK,pPOK,IsUV,UTF8|P:18446744073709551616
sUV	NOK,POK,pNOK,pPOK,UTF8|P:18446744073709551616	cat0	POK,pPOK,UTF8|P:18446744073709551616
sUV	NOK,POK,pNOK,pPOK,UTF8|P:18446744073709551616	catx	POK,pPOK,UTF8|P:18446744073709551616x
sUV	NOK,POK,pNOK,pPOK,UTF8|P:18446744073709551616	copy	NOK,POK,pNOK,pPOK,UTF8|P:18446744073709551616
sUV	NOK,POK,pNOK,pPOK,UTF8|P:18446744073709551616	dec	NOK,pNOK|N:1.8446744073709552e+19
sUV	NOK,POK,pNOK,pPOK,UTF8|P:18446744073709551616	fbors	NOK,POK,pNOK,pPOK,UTF8|P:18446744073709551616
sUV	NOK,POK,pNOK,pPOK,UTF8|P:18446744073709551616	inc	NOK,pNOK|N:1.8446744073709552e+19
sUV	NOK,POK,pNOK,pPOK,UTF8|P:18446744073709551616	iv	NOK,POK,pIOK,pNOK,pPOK,IsUV,UTF8|P:18446744073709551616
sUV	NOK,POK,pNOK,pPOK,UTF8|P:18446744073709551616	nv	NOK,POK,pNOK,pPOK,UTF8|P:18446744073709551616
sUV	NOK,POK,pNOK,pPOK,UTF8|P:18446744073709551616	rng	NOK,POK,pIOK,pNOK,pPOK,IsUV,UTF8|P:18446744073709551616
sUV	NOK,POK,pNOK,pPOK,UTF8|P:18446744073709551616	str	NOK,POK,pNOK,pPOK,UTF8|P:18446744073709551616
sUV	NOK,POK,pNOK,pPOK,UTF8|P:18446744073709551616	utf8	NOK,POK,pNOK,pPOK,UTF8|P:18446744073709551616
sUV	NOK,POK,pNOK,pPOK|P:18446744073709551616	add	NOK,POK,pIOK,pNOK,pPOK,IsUV|P:18446744073709551616
sUV	NOK,POK,pNOK,pPOK|P:18446744073709551616	bors	NOK,POK,pIOK,pNOK,pPOK,IsUV|P:18446744073709551616
sUV	NOK,POK,pNOK,pPOK|P:18446744073709551616	cat0	POK,pPOK|P:18446744073709551616
sUV	NOK,POK,pNOK,pPOK|P:18446744073709551616	catx	POK,pPOK|P:18446744073709551616x
sUV	NOK,POK,pNOK,pPOK|P:18446744073709551616	copy	NOK,POK,pNOK,pPOK|P:18446744073709551616
sUV	NOK,POK,pNOK,pPOK|P:18446744073709551616	dec	NOK,pNOK|N:1.8446744073709552e+19
sUV	NOK,POK,pNOK,pPOK|P:18446744073709551616	fbors	NOK,POK,pNOK,pPOK|P:18446744073709551616
sUV	NOK,POK,pNOK,pPOK|P:18446744073709551616	inc	NOK,pNOK|N:1.8446744073709552e+19
sUV	NOK,POK,pNOK,pPOK|P:18446744073709551616	iv	NOK,POK,pIOK,pNOK,pPOK,IsUV|P:18446744073709551616
sUV	NOK,POK,pNOK,pPOK|P:18446744073709551616	nv	NOK,POK,pNOK,pPOK|P:18446744073709551616
sUV	NOK,POK,pNOK,pPOK|P:18446744073709551616	rng	NOK,POK,pIOK,pNOK,pPOK,IsUV|P:18446744073709551616
sUV	NOK,POK,pNOK,pPOK|P:18446744073709551616	str	NOK,POK,pNOK,pPOK|P:18446744073709551616
sUV	NOK,POK,pNOK,pPOK|P:18446744073709551616	utf8	NOK,POK,pNOK,pPOK,UTF8|P:18446744073709551616
sUV	NOK,POK,pNOK,pPOK|P:18446744073709551617	add	NOK,POK,pIOK,pNOK,pPOK,IsUV|P:18446744073709551617
sUV	NOK,POK,pNOK,pPOK|P:18446744073709551617	bors	NOK,POK,pIOK,pNOK,pPOK,IsUV|P:18446744073709551617
sUV	NOK,POK,pNOK,pPOK|P:18446744073709551617	cat0	POK,pPOK|P:18446744073709551617
sUV	NOK,POK,pNOK,pPOK|P:18446744073709551617	catx	POK,pPOK|P:18446744073709551617x
sUV	NOK,POK,pNOK,pPOK|P:18446744073709551617	copy	NOK,POK,pNOK,pPOK|P:18446744073709551617
sUV	NOK,POK,pNOK,pPOK|P:18446744073709551617	dec	NOK,pNOK|N:1.8446744073709552e+19
sUV	NOK,POK,pNOK,pPOK|P:18446744073709551617	fbors	NOK,POK,pNOK,pPOK|P:18446744073709551617
sUV	NOK,POK,pNOK,pPOK|P:18446744073709551617	inc	NOK,pNOK|N:1.8446744073709552e+19
sUV	NOK,POK,pNOK,pPOK|P:18446744073709551617	iv	NOK,POK,pIOK,pNOK,pPOK,IsUV|P:18446744073709551617
sUV	NOK,POK,pNOK,pPOK|P:18446744073709551617	nv	NOK,POK,pNOK,pPOK|P:18446744073709551617
sUV	NOK,POK,pNOK,pPOK|P:18446744073709551617	rng	NOK,POK,pIOK,pNOK,pPOK,IsUV|P:18446744073709551617
sUV	NOK,POK,pNOK,pPOK|P:18446744073709551617	str	NOK,POK,pNOK,pPOK|P:18446744073709551617
sUV	NOK,POK,pNOK,pPOK|P:18446744073709551617	utf8	NOK,POK,pNOK,pPOK,UTF8|P:18446744073709551617
sUV	NOK,pIOK,pNOK,IsUV|N:1.8446744073709552e+19	add	NOK,pIOK,pNOK,IsUV|N:1.8446744073709552e+19
sUV	NOK,pIOK,pNOK,IsUV|N:1.8446744073709552e+19	bors	NOK,pIOK,pNOK,IsUV|N:1.8446744073709552e+19
sUV	NOK,pIOK,pNOK,IsUV|N:1.8446744073709552e+19	cat0	POK,pPOK|P:1.84467440737096e+19
sUV	NOK,pIOK,pNOK,IsUV|N:1.8446744073709552e+19	catx	POK,pPOK|P:1.84467440737096e+19x
sUV	NOK,pIOK,pNOK,IsUV|N:1.8446744073709552e+19	copy	NOK,pIOK,pNOK,IsUV|N:1.8446744073709552e+19
sUV	NOK,pIOK,pNOK,IsUV|N:1.8446744073709552e+19	dec	NOK,pNOK|N:1.8446744073709552e+19
sUV	NOK,pIOK,pNOK,IsUV|N:1.8446744073709552e+19	fbors	NOK,pIOK,pNOK,IsUV|N:1.8446744073709552e+19
sUV	NOK,pIOK,pNOK,IsUV|N:1.8446744073709552e+19	inc	NOK,pNOK|N:1.8446744073709552e+19
sUV	NOK,pIOK,pNOK,IsUV|N:1.8446744073709552e+19	iv	NOK,pIOK,pNOK,IsUV|N:1.8446744073709552e+19
sUV	NOK,pIOK,pNOK,IsUV|N:1.8446744073709552e+19	nv	NOK,pIOK,pNOK,IsUV|N:1.8446744073709552e+19
sUV	NOK,pIOK,pNOK,IsUV|N:1.8446744073709552e+19	rng	NOK,pIOK,pNOK,IsUV|N:1.8446744073709552e+19
sUV	NOK,pIOK,pNOK,IsUV|N:1.8446744073709552e+19	str	NOK,pIOK,pNOK,IsUV|N:1.8446744073709552e+19
sUV	NOK,pIOK,pNOK,IsUV|N:1.8446744073709552e+19	utf8	POK,pPOK,UTF8|P:1.84467440737096e+19
sUV	NOK,pNOK|N:1.8446744073709552e+19	add	NOK,pIOK,pNOK,IsUV|N:1.8446744073709552e+19
sUV	NOK,pNOK|N:1.8446744073709552e+19	bors	NOK,pIOK,pNOK,IsUV|N:1.8446744073709552e+19
sUV	NOK,pNOK|N:1.8446744073709552e+19	cat0	POK,pPOK|P:1.84467440737096e+19
sUV	NOK,pNOK|N:1.8446744073709552e+19	catx	POK,pPOK|P:1.84467440737096e+19x
sUV	NOK,pNOK|N:1.8446744073709552e+19	copy	NOK,pNOK|N:1.8446744073709552e+19
sUV	NOK,pNOK|N:1.8446744073709552e+19	dec	NOK,pNOK|N:1.8446744073709552e+19
sUV	NOK,pNOK|N:1.8446744073709552e+19	fbors	NOK,pNOK|N:1.8446744073709552e+19
sUV	NOK,pNOK|N:1.8446744073709552e+19	inc	NOK,pNOK|N:1.8446744073709552e+19
sUV	NOK,pNOK|N:1.8446744073709552e+19	iv	NOK,pIOK,pNOK,IsUV|N:1.8446744073709552e+19
sUV	NOK,pNOK|N:1.8446744073709552e+19	nv	NOK,pNOK|N:1.8446744073709552e+19
sUV	NOK,pNOK|N:1.8446744073709552e+19	rng	NOK,pIOK,pNOK,IsUV|N:1.8446744073709552e+19
sUV	NOK,pNOK|N:1.8446744073709552e+19	str	NOK,pNOK|N:1.8446744073709552e+19
sUV	NOK,pNOK|N:1.8446744073709552e+19	utf8	POK,pPOK,UTF8|P:1.84467440737096e+19
sUV	POK,pIOK,pNOK,pPOK,IsUV,UTF8|P:18446744073709551615x	add	POK,pIOK,pNOK,pPOK,IsUV,UTF8|P:18446744073709551615x
sUV	POK,pIOK,pNOK,pPOK,IsUV,UTF8|P:18446744073709551615x	bors	POK,pIOK,pNOK,pPOK,IsUV,UTF8|P:18446744073709551615x
sUV	POK,pIOK,pNOK,pPOK,IsUV,UTF8|P:18446744073709551615x	cat0	POK,pIOK,pNOK,pPOK,IsUV,UTF8|P:18446744073709551615x
sUV	POK,pIOK,pNOK,pPOK,IsUV,UTF8|P:18446744073709551615x	catx	POK,pIOK,pNOK,pPOK,IsUV,UTF8|P:18446744073709551615xx
sUV	POK,pIOK,pNOK,pPOK,IsUV,UTF8|P:18446744073709551615x	copy	POK,pIOK,pNOK,pPOK,IsUV,UTF8|P:18446744073709551615x
sUV	POK,pIOK,pNOK,pPOK,IsUV,UTF8|P:18446744073709551615x	dec	NOK,pNOK|N:1.8446744073709552e+19
sUV	POK,pIOK,pNOK,pPOK,IsUV,UTF8|P:18446744073709551615x	fbors	POK,pIOK,pNOK,pPOK,IsUV,UTF8|P:18446744073709551615x
sUV	POK,pIOK,pNOK,pPOK,IsUV,UTF8|P:18446744073709551615x	inc	NOK,pNOK|N:1.8446744073709552e+19
sUV	POK,pIOK,pNOK,pPOK,IsUV,UTF8|P:18446744073709551615x	iv	POK,pIOK,pNOK,pPOK,IsUV,UTF8|P:18446744073709551615x
sUV	POK,pIOK,pNOK,pPOK,IsUV,UTF8|P:18446744073709551615x	nv	POK,pIOK,pNOK,pPOK,IsUV,UTF8|P:18446744073709551615x
sUV	POK,pIOK,pNOK,pPOK,IsUV,UTF8|P:18446744073709551615x	rng	POK,pIOK,pNOK,pPOK,IsUV,UTF8|P:18446744073709551615x
sUV	POK,pIOK,pNOK,pPOK,IsUV,UTF8|P:18446744073709551615x	str	POK,pIOK,pNOK,pPOK,IsUV,UTF8|P:18446744073709551615x
sUV	POK,pIOK,pNOK,pPOK,IsUV,UTF8|P:18446744073709551615x	utf8	POK,pIOK,pNOK,pPOK,IsUV,UTF8|P:18446744073709551615x
sUV	POK,pIOK,pNOK,pPOK,IsUV|P:18446744073709551614x	add	POK,pIOK,pNOK,pPOK,IsUV|P:18446744073709551614x
sUV	POK,pIOK,pNOK,pPOK,IsUV|P:18446744073709551614x	bors	POK,pIOK,pNOK,pPOK,IsUV|P:18446744073709551614x
sUV	POK,pIOK,pNOK,pPOK,IsUV|P:18446744073709551614x	cat0	POK,pIOK,pNOK,pPOK,IsUV|P:18446744073709551614x
sUV	POK,pIOK,pNOK,pPOK,IsUV|P:18446744073709551614x	catx	POK,pIOK,pNOK,pPOK,IsUV|P:18446744073709551614xx
sUV	POK,pIOK,pNOK,pPOK,IsUV|P:18446744073709551614x	copy	POK,pIOK,pNOK,pPOK,IsUV|P:18446744073709551614x
sUV	POK,pIOK,pNOK,pPOK,IsUV|P:18446744073709551614x	dec	NOK,pNOK|N:1.8446744073709552e+19
sUV	POK,pIOK,pNOK,pPOK,IsUV|P:18446744073709551614x	fbors	POK,pIOK,pNOK,pPOK,IsUV|P:18446744073709551614x
sUV	POK,pIOK,pNOK,pPOK,IsUV|P:18446744073709551614x	inc	NOK,pNOK|N:1.8446744073709552e+19
sUV	POK,pIOK,pNOK,pPOK,IsUV|P:18446744073709551614x	iv	POK,pIOK,pNOK,pPOK,IsUV|P:18446744073709551614x
sUV	POK,pIOK,pNOK,pPOK,IsUV|P:18446744073709551614x	nv	POK,pIOK,pNOK,pPOK,IsUV|P:18446744073709551614x
sUV	POK,pIOK,pNOK,pPOK,IsUV|P:18446744073709551614x	rng	POK,pIOK,pNOK,pPOK,IsUV|P:18446744073709551614x
sUV	POK,pIOK,pNOK,pPOK,IsUV|P:18446744073709551614x	str	POK,pIOK,pNOK,pPOK,IsUV|P:18446744073709551614x
sUV	POK,pIOK,pNOK,pPOK,IsUV|P:18446744073709551614x	utf8	POK,pIOK,pNOK,pPOK,IsUV,UTF8|P:18446744073709551614x
sUV	POK,pIOK,pNOK,pPOK,IsUV|P:18446744073709551615x	add	POK,pIOK,pNOK,pPOK,IsUV|P:18446744073709551615x
sUV	POK,pIOK,pNOK,pPOK,IsUV|P:18446744073709551615x	bors	POK,pIOK,pNOK,pPOK,IsUV|P:18446744073709551615x
sUV	POK,pIOK,pNOK,pPOK,IsUV|P:18446744073709551615x	cat0	POK,pIOK,pNOK,pPOK,IsUV|P:18446744073709551615x
sUV	POK,pIOK,pNOK,pPOK,IsUV|P:18446744073709551615x	catx	POK,pIOK,pNOK,pPOK,IsUV|P:18446744073709551615xx
sUV	POK,pIOK,pNOK,pPOK,IsUV|P:18446744073709551615x	copy	POK,pIOK,pNOK,pPOK,IsUV|P:18446744073709551615x
sUV	POK,pIOK,pNOK,pPOK,IsUV|P:18446744073709551615x	dec	NOK,pNOK|N:1.8446744073709552e+19
sUV	POK,pIOK,pNOK,pPOK,IsUV|P:18446744073709551615x	fbors	POK,pIOK,pNOK,pPOK,IsUV|P:18446744073709551615x
sUV	POK,pIOK,pNOK,pPOK,IsUV|P:18446744073709551615x	inc	NOK,pNOK|N:1.8446744073709552e+19
sUV	POK,pIOK,pNOK,pPOK,IsUV|P:18446744073709551615x	iv	POK,pIOK,pNOK,pPOK,IsUV|P:18446744073709551615x
sUV	POK,pIOK,pNOK,pPOK,IsUV|P:18446744073709551615x	nv	POK,pIOK,pNOK,pPOK,IsUV|P:18446744073709551615x
sUV	POK,pIOK,pNOK,pPOK,IsUV|P:18446744073709551615x	rng	POK,pIOK,pNOK,pPOK,IsUV|P:18446744073709551615x
sUV	POK,pIOK,pNOK,pPOK,IsUV|P:18446744073709551615x	str	POK,pIOK,pNOK,pPOK,IsUV|P:18446744073709551615x
sUV	POK,pIOK,pNOK,pPOK,IsUV|P:18446744073709551615x	utf8	POK,pIOK,pNOK,pPOK,IsUV,UTF8|P:18446744073709551615x
sUV	POK,pIOK,pNOK,pPOK,IsUV|P:18446744073709551615xx	add	POK,pIOK,pNOK,pPOK,IsUV|P:18446744073709551615xx
sUV	POK,pIOK,pNOK,pPOK,IsUV|P:18446744073709551615xx	bors	POK,pIOK,pNOK,pPOK,IsUV|P:18446744073709551615xx
sUV	POK,pIOK,pNOK,pPOK,IsUV|P:18446744073709551615xx	cat0	POK,pIOK,pNOK,pPOK,IsUV|P:18446744073709551615xx
sUV	POK,pIOK,pNOK,pPOK,IsUV|P:18446744073709551615xx	catx	POK,pIOK,pNOK,pPOK,IsUV|P:18446744073709551615xxx
sUV	POK,pIOK,pNOK,pPOK,IsUV|P:18446744073709551615xx	copy	POK,pIOK,pNOK,pPOK,IsUV|P:18446744073709551615xx
sUV	POK,pIOK,pNOK,pPOK,IsUV|P:18446744073709551615xx	dec	NOK,pNOK|N:1.8446744073709552e+19
sUV	POK,pIOK,pNOK,pPOK,IsUV|P:18446744073709551615xx	fbors	POK,pIOK,pNOK,pPOK,IsUV|P:18446744073709551615xx
sUV	POK,pIOK,pNOK,pPOK,IsUV|P:18446744073709551615xx	inc	NOK,pNOK|N:1.8446744073709552e+19
sUV	POK,pIOK,pNOK,pPOK,IsUV|P:18446744073709551615xx	iv	POK,pIOK,pNOK,pPOK,IsUV|P:18446744073709551615xx
sUV	POK,pIOK,pNOK,pPOK,IsUV|P:18446744073709551615xx	nv	POK,pIOK,pNOK,pPOK,IsUV|P:18446744073709551615xx
sUV	POK,pIOK,pNOK,pPOK,IsUV|P:18446744073709551615xx	rng	POK,pIOK,pNOK,pPOK,IsUV|P:18446744073709551615xx
sUV	POK,pIOK,pNOK,pPOK,IsUV|P:18446744073709551615xx	str	POK,pIOK,pNOK,pPOK,IsUV|P:18446744073709551615xx
sUV	POK,pIOK,pNOK,pPOK,IsUV|P:18446744073709551615xx	utf8	POK,pIOK,pNOK,pPOK,IsUV,UTF8|P:18446744073709551615xx
sUV	POK,pIOK,pNOK,pPOK,IsUV|P:18446744073709551616x	add	POK,pIOK,pNOK,pPOK,IsUV|P:18446744073709551616x
sUV	POK,pIOK,pNOK,pPOK,IsUV|P:18446744073709551616x	bors	POK,pIOK,pNOK,pPOK,IsUV|P:18446744073709551616x
sUV	POK,pIOK,pNOK,pPOK,IsUV|P:18446744073709551616x	cat0	POK,pIOK,pNOK,pPOK,IsUV|P:18446744073709551616x
sUV	POK,pIOK,pNOK,pPOK,IsUV|P:18446744073709551616x	catx	POK,pIOK,pNOK,pPOK,IsUV|P:18446744073709551616xx
sUV	POK,pIOK,pNOK,pPOK,IsUV|P:18446744073709551616x	copy	POK,pIOK,pNOK,pPOK,IsUV|P:18446744073709551616x
sUV	POK,pIOK,pNOK,pPOK,IsUV|P:18446744073709551616x	dec	NOK,pNOK|N:1.8446744073709552e+19
sUV	POK,pIOK,pNOK,pPOK,IsUV|P:18446744073709551616x	fbors	POK,pIOK,pNOK,pPOK,IsUV|P:18446744073709551616x
sUV	POK,pIOK,pNOK,pPOK,IsUV|P:18446744073709551616x	inc	NOK,pNOK|N:1.8446744073709552e+19
sUV	POK,pIOK,pNOK,pPOK,IsUV|P:18446744073709551616x	iv	POK,pIOK,pNOK,pPOK,IsUV|P:18446744073709551616x
sUV	POK,pIOK,pNOK,pPOK,IsUV|P:18446744073709551616x	nv	POK,pIOK,pNOK,pPOK,IsUV|P:18446744073709551616x
sUV	POK,pIOK,pNOK,pPOK,IsUV|P:18446744073709551616x	rng	POK,pIOK,pNOK,pPOK,IsUV|P:18446744073709551616x
sUV	POK,pIOK,pNOK,pPOK,IsUV|P:18446744073709551616x	str	POK,pIOK,pNOK,pPOK,IsUV|P:18446744073709551616x
sUV	POK,pIOK,pNOK,pPOK,IsUV|P:18446744073709551616x	utf8	POK,pIOK,pNOK,pPOK,IsUV,UTF8|P:18446744073709551616x
sUV	POK,pNOK,pPOK,UTF8|P:18446744073709551615x	add	POK,pIOK,pNOK,pPOK,IsUV,UTF8|P:18446744073709551615x
sUV	POK,pNOK,pPOK,UTF8|P:18446744073709551615x	bors	POK,pIOK,pNOK,pPOK,IsUV,UTF8|P:18446744073709551615x
sUV	POK,pNOK,pPOK,UTF8|P:18446744073709551615x	cat0	POK,pNOK,pPOK,UTF8|P:18446744073709551615x
sUV	POK,pNOK,pPOK,UTF8|P:18446744073709551615x	catx	POK,pNOK,pPOK,UTF8|P:18446744073709551615xx
sUV	POK,pNOK,pPOK,UTF8|P:18446744073709551615x	copy	POK,pNOK,pPOK,UTF8|P:18446744073709551615x
sUV	POK,pNOK,pPOK,UTF8|P:18446744073709551615x	dec	NOK,pNOK|N:1.8446744073709552e+19
sUV	POK,pNOK,pPOK,UTF8|P:18446744073709551615x	fbors	POK,pNOK,pPOK,UTF8|P:18446744073709551615x
sUV	POK,pNOK,pPOK,UTF8|P:18446744073709551615x	inc	NOK,pNOK|N:1.8446744073709552e+19
sUV	POK,pNOK,pPOK,UTF8|P:18446744073709551615x	iv	POK,pIOK,pNOK,pPOK,IsUV,UTF8|P:18446744073709551615x
sUV	POK,pNOK,pPOK,UTF8|P:18446744073709551615x	nv	POK,pNOK,pPOK,UTF8|P:18446744073709551615x
sUV	POK,pNOK,pPOK,UTF8|P:18446744073709551615x	rng	POK,pIOK,pNOK,pPOK,IsUV,UTF8|P:18446744073709551615x
sUV	POK,pNOK,pPOK,UTF8|P:18446744073709551615x	str	POK,pNOK,pPOK,UTF8|P:18446744073709551615x
sUV	POK,pNOK,pPOK,UTF8|P:18446744073709551615x	utf8	POK,pNOK,pPOK,UTF8|P:18446744073709551615x
sUV	POK,pNOK,pPOK|P:18446744073709551614x	add	POK,pIOK,pNOK,pPOK,IsUV|P:18446744073709551614x
sUV	POK,pNOK,pPOK|P:18446744073709551614x	bors	POK,pIOK,pNOK,pPOK,IsUV|P:18446744073709551614x
sUV	POK,pNOK,pPOK|P:18446744073709551614x	cat0	POK,pNOK,pPOK|P:18446744073709551614x
sUV	POK,pNOK,pPOK|P:18446744073709551614x	catx	POK,pNOK,pPOK|P:18446744073709551614xx
sUV	POK,pNOK,pPOK|P:18446744073709551614x	copy	POK,pNOK,pPOK|P:18446744073709551614x
sUV	POK,pNOK,pPOK|P:18446744073709551614x	dec	NOK,pNOK|N:1.8446744073709552e+19
sUV	POK,pNOK,pPOK|P:18446744073709551614x	fbors	POK,pNOK,pPOK|P:18446744073709551614x
sUV	POK,pNOK,pPOK|P:18446744073709551614x	inc	NOK,pNOK|N:1.8446744073709552e+19
sUV	POK,pNOK,pPOK|P:18446744073709551614x	iv	POK,pIOK,pNOK,pPOK,IsUV|P:18446744073709551614x
sUV	POK,pNOK,pPOK|P:18446744073709551614x	nv	POK,pNOK,pPOK|P:18446744073709551614x
sUV	POK,pNOK,pPOK|P:18446744073709551614x	rng	POK,pIOK,pNOK,pPOK,IsUV|P:18446744073709551614x
sUV	POK,pNOK,pPOK|P:18446744073709551614x	str	POK,pNOK,pPOK|P:18446744073709551614x
sUV	POK,pNOK,pPOK|P:18446744073709551614x	utf8	POK,pNOK,pPOK,UTF8|P:18446744073709551614x
sUV	POK,pNOK,pPOK|P:18446744073709551615x	add	POK,pIOK,pNOK,pPOK,IsUV|P:18446744073709551615x
sUV	POK,pNOK,pPOK|P:18446744073709551615x	bors	POK,pIOK,pNOK,pPOK,IsUV|P:18446744073709551615x
sUV	POK,pNOK,pPOK|P:18446744073709551615x	cat0	POK,pNOK,pPOK|P:18446744073709551615x
sUV	POK,pNOK,pPOK|P:18446744073709551615x	catx	POK,pNOK,pPOK|P:18446744073709551615xx
sUV	POK,pNOK,pPOK|P:18446744073709551615x	copy	POK,pNOK,pPOK|P:18446744073709551615x
sUV	POK,pNOK,pPOK|P:18446744073709551615x	dec	NOK,pNOK|N:1.8446744073709552e+19
sUV	POK,pNOK,pPOK|P:18446744073709551615x	fbors	POK,pNOK,pPOK|P:18446744073709551615x
sUV	POK,pNOK,pPOK|P:18446744073709551615x	inc	NOK,pNOK|N:1.8446744073709552e+19
sUV	POK,pNOK,pPOK|P:18446744073709551615x	iv	POK,pIOK,pNOK,pPOK,IsUV|P:18446744073709551615x
sUV	POK,pNOK,pPOK|P:18446744073709551615x	nv	POK,pNOK,pPOK|P:18446744073709551615x
sUV	POK,pNOK,pPOK|P:18446744073709551615x	rng	POK,pIOK,pNOK,pPOK,IsUV|P:18446744073709551615x
sUV	POK,pNOK,pPOK|P:18446744073709551615x	str	POK,pNOK,pPOK|P:18446744073709551615x
sUV	POK,pNOK,pPOK|P:18446744073709551615x	utf8	POK,pNOK,pPOK,UTF8|P:18446744073709551615x
sUV	POK,pNOK,pPOK|P:18446744073709551615xx	add	POK,pIOK,pNOK,pPOK,IsUV|P:18446744073709551615xx
sUV	POK,pNOK,pPOK|P:18446744073709551615xx	bors	POK,pIOK,pNOK,pPOK,IsUV|P:18446744073709551615xx
sUV	POK,pNOK,pPOK|P:18446744073709551615xx	cat0	POK,pNOK,pPOK|P:18446744073709551615xx
sUV	POK,pNOK,pPOK|P:18446744073709551615xx	catx	POK,pNOK,pPOK|P:18446744073709551615xxx
sUV	POK,pNOK,pPOK|P:18446744073709551615xx	copy	POK,pNOK,pPOK|P:18446744073709551615xx
sUV	POK,pNOK,pPOK|P:18446744073709551615xx	dec	NOK,pNOK|N:1.8446744073709552e+19
sUV	POK,pNOK,pPOK|P:18446744073709551615xx	fbors	POK,pNOK,pPOK|P:18446744073709551615xx
sUV	POK,pNOK,pPOK|P:18446744073709551615xx	inc	NOK,pNOK|N:1.8446744073709552e+19
sUV	POK,pNOK,pPOK|P:18446744073709551615xx	iv	POK,pIOK,pNOK,pPOK,IsUV|P:18446744073709551615xx
sUV	POK,pNOK,pPOK|P:18446744073709551615xx	nv	POK,pNOK,pPOK|P:18446744073709551615xx
sUV	POK,pNOK,pPOK|P:18446744073709551615xx	rng	POK,pIOK,pNOK,pPOK,IsUV|P:18446744073709551615xx
sUV	POK,pNOK,pPOK|P:18446744073709551615xx	str	POK,pNOK,pPOK|P:18446744073709551615xx
sUV	POK,pNOK,pPOK|P:18446744073709551615xx	utf8	POK,pNOK,pPOK,UTF8|P:18446744073709551615xx
sUV	POK,pNOK,pPOK|P:18446744073709551616x	add	POK,pIOK,pNOK,pPOK,IsUV|P:18446744073709551616x
sUV	POK,pNOK,pPOK|P:18446744073709551616x	bors	POK,pIOK,pNOK,pPOK,IsUV|P:18446744073709551616x
sUV	POK,pNOK,pPOK|P:18446744073709551616x	cat0	POK,pNOK,pPOK|P:18446744073709551616x
sUV	POK,pNOK,pPOK|P:18446744073709551616x	catx	POK,pNOK,pPOK|P:18446744073709551616xx
sUV	POK,pNOK,pPOK|P:18446744073709551616x	copy	POK,pNOK,pPOK|P:18446744073709551616x
sUV	POK,pNOK,pPOK|P:18446744073709551616x	dec	NOK,pNOK|N:1.8446744073709552e+19
sUV	POK,pNOK,pPOK|P:18446744073709551616x	fbors	POK,pNOK,pPOK|P:18446744073709551616x
sUV	POK,pNOK,pPOK|P:18446744073709551616x	inc	NOK,pNOK|N:1.8446744073709552e+19
sUV	POK,pNOK,pPOK|P:18446744073709551616x	iv	POK,pIOK,pNOK,pPOK,IsUV|P:18446744073709551616x
sUV	POK,pNOK,pPOK|P:18446744073709551616x	nv	POK,pNOK,pPOK|P:18446744073709551616x
sUV	POK,pNOK,pPOK|P:18446744073709551616x	rng	POK,pIOK,pNOK,pPOK,IsUV|P:18446744073709551616x
sUV	POK,pNOK,pPOK|P:18446744073709551616x	str	POK,pNOK,pPOK|P:18446744073709551616x
sUV	POK,pNOK,pPOK|P:18446744073709551616x	utf8	POK,pNOK,pPOK,UTF8|P:18446744073709551616x
sUV	POK,pPOK,UTF8|P:1.84467440737096e+19	add	NOK,POK,pIOK,pNOK,pPOK,IsUV,UTF8|P:1.84467440737096e+19
sUV	POK,pPOK,UTF8|P:1.84467440737096e+19	bors	POK,pPOK,UTF8|P:1.84467440737096e+19
sUV	POK,pPOK,UTF8|P:1.84467440737096e+19	cat0	POK,pPOK,UTF8|P:1.84467440737096e+19
sUV	POK,pPOK,UTF8|P:1.84467440737096e+19	catx	POK,pPOK,UTF8|P:1.84467440737096e+19x
sUV	POK,pPOK,UTF8|P:1.84467440737096e+19	copy	POK,pPOK,UTF8|P:1.84467440737096e+19
sUV	POK,pPOK,UTF8|P:1.84467440737096e+19	dec	NOK,pNOK|N:1.8446744073709601e+19
sUV	POK,pPOK,UTF8|P:1.84467440737096e+19	fbors	POK,pPOK,UTF8|P:1.84467440737096e+19
sUV	POK,pPOK,UTF8|P:1.84467440737096e+19	inc	NOK,pNOK|N:1.8446744073709601e+19
sUV	POK,pPOK,UTF8|P:1.84467440737096e+19	iv	NOK,POK,pIOK,pNOK,pPOK,IsUV,UTF8|P:1.84467440737096e+19
sUV	POK,pPOK,UTF8|P:1.84467440737096e+19	nv	NOK,POK,pNOK,pPOK,UTF8|P:1.84467440737096e+19
sUV	POK,pPOK,UTF8|P:1.84467440737096e+19	rng	NOK,POK,pIOK,pNOK,pPOK,IsUV,UTF8|P:1.84467440737096e+19
sUV	POK,pPOK,UTF8|P:1.84467440737096e+19	str	POK,pPOK,UTF8|P:1.84467440737096e+19
sUV	POK,pPOK,UTF8|P:1.84467440737096e+19	utf8	POK,pPOK,UTF8|P:1.84467440737096e+19
sUV	POK,pPOK,UTF8|P:18446744073709551614	add	IOK,POK,pIOK,pPOK,IsUV,UTF8|P:18446744073709551614
sUV	POK,pPOK,UTF8|P:18446744073709551614	bors	POK,pPOK,UTF8|P:18446744073709551614
sUV	POK,pPOK,UTF8|P:18446744073709551614	cat0	POK,pPOK,UTF8|P:18446744073709551614
sUV	POK,pPOK,UTF8|P:18446744073709551614	catx	POK,pPOK,UTF8|P:18446744073709551614x
sUV	POK,pPOK,UTF8|P:18446744073709551614	copy	POK,pPOK,UTF8|P:18446744073709551614
sUV	POK,pPOK,UTF8|P:18446744073709551614	dec	IOK,pIOK,IsUV|N:1.8446744073709552e+19
sUV	POK,pPOK,UTF8|P:18446744073709551614	fbors	POK,pPOK,UTF8|P:18446744073709551614
sUV	POK,pPOK,UTF8|P:18446744073709551614	inc	POK,pPOK,UTF8|P:18446744073709551615
sUV	POK,pPOK,UTF8|P:18446744073709551614	iv	IOK,POK,pIOK,pPOK,IsUV,UTF8|P:18446744073709551614
sUV	POK,pPOK,UTF8|P:18446744073709551614	nv	IOK,POK,pIOK,pNOK,pPOK,IsUV,UTF8|P:18446744073709551614
sUV	POK,pPOK,UTF8|P:18446744073709551614	rng	IOK,POK,pIOK,pNOK,pPOK,IsUV,UTF8|P:18446744073709551614
sUV	POK,pPOK,UTF8|P:18446744073709551614	str	POK,pPOK,UTF8|P:18446744073709551614
sUV	POK,pPOK,UTF8|P:18446744073709551614	utf8	POK,pPOK,UTF8|P:18446744073709551614
sUV	POK,pPOK,UTF8|P:18446744073709551614x	add	POK,pIOK,pNOK,pPOK,IsUV,UTF8|P:18446744073709551614x
sUV	POK,pPOK,UTF8|P:18446744073709551614x	bors	POK,pPOK,UTF8|P:18446744073709551614x
sUV	POK,pPOK,UTF8|P:18446744073709551614x	cat0	POK,pPOK,UTF8|P:18446744073709551614x
sUV	POK,pPOK,UTF8|P:18446744073709551614x	catx	POK,pPOK,UTF8|P:18446744073709551614xx
sUV	POK,pPOK,UTF8|P:18446744073709551614x	copy	POK,pPOK,UTF8|P:18446744073709551614x
sUV	POK,pPOK,UTF8|P:18446744073709551614x	dec	NOK,pNOK|N:1.8446744073709552e+19
sUV	POK,pPOK,UTF8|P:18446744073709551614x	fbors	POK,pPOK,UTF8|P:18446744073709551614x
sUV	POK,pPOK,UTF8|P:18446744073709551614x	inc	NOK,pNOK|N:1.8446744073709552e+19
sUV	POK,pPOK,UTF8|P:18446744073709551614x	iv	POK,pIOK,pNOK,pPOK,IsUV,UTF8|P:18446744073709551614x
sUV	POK,pPOK,UTF8|P:18446744073709551614x	nv	POK,pNOK,pPOK,UTF8|P:18446744073709551614x
sUV	POK,pPOK,UTF8|P:18446744073709551614x	rng	POK,pPOK,UTF8|P:18446744073709551614x
sUV	POK,pPOK,UTF8|P:18446744073709551614x	str	POK,pPOK,UTF8|P:18446744073709551614x
sUV	POK,pPOK,UTF8|P:18446744073709551614x	utf8	POK,pPOK,UTF8|P:18446744073709551614x
sUV	POK,pPOK,UTF8|P:18446744073709551615	add	IOK,POK,pIOK,pPOK,IsUV,UTF8|P:18446744073709551615
sUV	POK,pPOK,UTF8|P:18446744073709551615	bors	POK,pPOK,UTF8|P:18446744073709551615
sUV	POK,pPOK,UTF8|P:18446744073709551615	cat0	POK,pPOK,UTF8|P:18446744073709551615
sUV	POK,pPOK,UTF8|P:18446744073709551615	catx	POK,pPOK,UTF8|P:18446744073709551615x
sUV	POK,pPOK,UTF8|P:18446744073709551615	copy	POK,pPOK,UTF8|P:18446744073709551615
sUV	POK,pPOK,UTF8|P:18446744073709551615	dec	IOK,pIOK,IsUV|N:1.8446744073709552e+19
sUV	POK,pPOK,UTF8|P:18446744073709551615	fbors	POK,pPOK,UTF8|P:18446744073709551615
sUV	POK,pPOK,UTF8|P:18446744073709551615	inc	POK,pPOK,UTF8|P:18446744073709551616
sUV	POK,pPOK,UTF8|P:18446744073709551615	iv	IOK,POK,pIOK,pPOK,IsUV,UTF8|P:18446744073709551615
sUV	POK,pPOK,UTF8|P:18446744073709551615	nv	IOK,POK,pIOK,pNOK,pPOK,IsUV,UTF8|P:18446744073709551615
sUV	POK,pPOK,UTF8|P:18446744073709551615	rng	IOK,POK,pIOK,pNOK,pPOK,IsUV,UTF8|P:18446744073709551615
sUV	POK,pPOK,UTF8|P:18446744073709551615	str	POK,pPOK,UTF8|P:18446744073709551615
sUV	POK,pPOK,UTF8|P:18446744073709551615	utf8	POK,pPOK,UTF8|P:18446744073709551615
sUV	POK,pPOK,UTF8|P:18446744073709551615x	add	POK,pIOK,pNOK,pPOK,IsUV,UTF8|P:18446744073709551615x
sUV	POK,pPOK,UTF8|P:18446744073709551615x	bors	POK,pPOK,UTF8|P:18446744073709551615x
sUV	POK,pPOK,UTF8|P:18446744073709551615x	cat0	POK,pPOK,UTF8|P:18446744073709551615x
sUV	POK,pPOK,UTF8|P:18446744073709551615x	catx	POK,pPOK,UTF8|P:18446744073709551615xx
sUV	POK,pPOK,UTF8|P:18446744073709551615x	copy	POK,pPOK,UTF8|P:18446744073709551615x
sUV	POK,pPOK,UTF8|P:18446744073709551615x	dec	NOK,pNOK|N:1.8446744073709552e+19
sUV	POK,pPOK,UTF8|P:18446744073709551615x	fbors	POK,pPOK,UTF8|P:18446744073709551615x
sUV	POK,pPOK,UTF8|P:18446744073709551615x	inc	NOK,pNOK|N:1.8446744073709552e+19
sUV	POK,pPOK,UTF8|P:18446744073709551615x	iv	POK,pIOK,pNOK,pPOK,IsUV,UTF8|P:18446744073709551615x
sUV	POK,pPOK,UTF8|P:18446744073709551615x	nv	POK,pNOK,pPOK,UTF8|P:18446744073709551615x
sUV	POK,pPOK,UTF8|P:18446744073709551615x	rng	POK,pPOK,UTF8|P:18446744073709551615x
sUV	POK,pPOK,UTF8|P:18446744073709551615x	str	POK,pPOK,UTF8|P:18446744073709551615x
sUV	POK,pPOK,UTF8|P:18446744073709551615x	utf8	POK,pPOK,UTF8|P:18446744073709551615x
sUV	POK,pPOK,UTF8|P:18446744073709551615xx	add	POK,pIOK,pNOK,pPOK,IsUV,UTF8|P:18446744073709551615xx
sUV	POK,pPOK,UTF8|P:18446744073709551615xx	bors	POK,pPOK,UTF8|P:18446744073709551615xx
sUV	POK,pPOK,UTF8|P:18446744073709551615xx	cat0	POK,pPOK,UTF8|P:18446744073709551615xx
sUV	POK,pPOK,UTF8|P:18446744073709551615xx	catx	POK,pPOK,UTF8|P:18446744073709551615xxx
sUV	POK,pPOK,UTF8|P:18446744073709551615xx	copy	POK,pPOK,UTF8|P:18446744073709551615xx
sUV	POK,pPOK,UTF8|P:18446744073709551615xx	dec	NOK,pNOK|N:1.8446744073709552e+19
sUV	POK,pPOK,UTF8|P:18446744073709551615xx	fbors	POK,pPOK,UTF8|P:18446744073709551615xx
sUV	POK,pPOK,UTF8|P:18446744073709551615xx	inc	NOK,pNOK|N:1.8446744073709552e+19
sUV	POK,pPOK,UTF8|P:18446744073709551615xx	iv	POK,pIOK,pNOK,pPOK,IsUV,UTF8|P:18446744073709551615xx
sUV	POK,pPOK,UTF8|P:18446744073709551615xx	nv	POK,pNOK,pPOK,UTF8|P:18446744073709551615xx
sUV	POK,pPOK,UTF8|P:18446744073709551615xx	rng	POK,pPOK,UTF8|P:18446744073709551615xx
sUV	POK,pPOK,UTF8|P:18446744073709551615xx	str	POK,pPOK,UTF8|P:18446744073709551615xx
sUV	POK,pPOK,UTF8|P:18446744073709551615xx	utf8	POK,pPOK,UTF8|P:18446744073709551615xx
sUV	POK,pPOK,UTF8|P:18446744073709551616	add	NOK,POK,pIOK,pNOK,pPOK,IsUV,UTF8|P:18446744073709551616
sUV	POK,pPOK,UTF8|P:18446744073709551616	bors	POK,pPOK,UTF8|P:18446744073709551616
sUV	POK,pPOK,UTF8|P:18446744073709551616	cat0	POK,pPOK,UTF8|P:18446744073709551616
sUV	POK,pPOK,UTF8|P:18446744073709551616	catx	POK,pPOK,UTF8|P:18446744073709551616x
sUV	POK,pPOK,UTF8|P:18446744073709551616	copy	POK,pPOK,UTF8|P:18446744073709551616
sUV	POK,pPOK,UTF8|P:18446744073709551616	dec	NOK,pNOK|N:1.8446744073709552e+19
sUV	POK,pPOK,UTF8|P:18446744073709551616	fbors	POK,pPOK,UTF8|P:18446744073709551616
sUV	POK,pPOK,UTF8|P:18446744073709551616	inc	POK,pPOK,UTF8|P:18446744073709551617
sUV	POK,pPOK,UTF8|P:18446744073709551616	iv	NOK,POK,pIOK,pNOK,pPOK,IsUV,UTF8|P:18446744073709551616
sUV	POK,pPOK,UTF8|P:18446744073709551616	nv	NOK,POK,pNOK,pPOK,UTF8|P:18446744073709551616
sUV	POK,pPOK,UTF8|P:18446744073709551616	rng	NOK,POK,pIOK,pNOK,pPOK,IsUV,UTF8|P:18446744073709551616
sUV	POK,pPOK,UTF8|P:18446744073709551616	str	POK,pPOK,UTF8|P:18446744073709551616
sUV	POK,pPOK,UTF8|P:18446744073709551616	utf8	POK,pPOK,UTF8|P:18446744073709551616
sUV	POK,pPOK,UTF8|P:18446744073709551616x	add	POK,pIOK,pNOK,pPOK,IsUV,UTF8|P:18446744073709551616x
sUV	POK,pPOK,UTF8|P:18446744073709551616x	bors	POK,pPOK,UTF8|P:18446744073709551616x
sUV	POK,pPOK,UTF8|P:18446744073709551616x	cat0	POK,pPOK,UTF8|P:18446744073709551616x
sUV	POK,pPOK,UTF8|P:18446744073709551616x	catx	POK,pPOK,UTF8|P:18446744073709551616xx
sUV	POK,pPOK,UTF8|P:18446744073709551616x	copy	POK,pPOK,UTF8|P:18446744073709551616x
sUV	POK,pPOK,UTF8|P:18446744073709551616x	dec	NOK,pNOK|N:1.8446744073709552e+19
sUV	POK,pPOK,UTF8|P:18446744073709551616x	fbors	POK,pPOK,UTF8|P:18446744073709551616x
sUV	POK,pPOK,UTF8|P:18446744073709551616x	inc	NOK,pNOK|N:1.8446744073709552e+19
sUV	POK,pPOK,UTF8|P:18446744073709551616x	iv	POK,pIOK,pNOK,pPOK,IsUV,UTF8|P:18446744073709551616x
sUV	POK,pPOK,UTF8|P:18446744073709551616x	nv	POK,pNOK,pPOK,UTF8|P:18446744073709551616x
sUV	POK,pPOK,UTF8|P:18446744073709551616x	rng	POK,pPOK,UTF8|P:18446744073709551616x
sUV	POK,pPOK,UTF8|P:18446744073709551616x	str	POK,pPOK,UTF8|P:18446744073709551616x
sUV	POK,pPOK,UTF8|P:18446744073709551616x	utf8	POK,pPOK,UTF8|P:18446744073709551616x
sUV	POK,pPOK,UTF8|P:18446744073709551617	add	NOK,POK,pIOK,pNOK,pPOK,IsUV,UTF8|P:18446744073709551617
sUV	POK,pPOK,UTF8|P:18446744073709551617	bors	POK,pPOK,UTF8|P:18446744073709551617
sUV	POK,pPOK,UTF8|P:18446744073709551617	cat0	POK,pPOK,UTF8|P:18446744073709551617
sUV	POK,pPOK,UTF8|P:18446744073709551617	catx	POK,pPOK,UTF8|P:18446744073709551617x
sUV	POK,pPOK,UTF8|P:18446744073709551617	copy	POK,pPOK,UTF8|P:18446744073709551617
sUV	POK,pPOK,UTF8|P:18446744073709551617	dec	NOK,pNOK|N:1.8446744073709552e+19
sUV	POK,pPOK,UTF8|P:18446744073709551617	fbors	POK,pPOK,UTF8|P:18446744073709551617
sUV	POK,pPOK,UTF8|P:18446744073709551617	inc	POK,pPOK,UTF8|P:18446744073709551618
sUV	POK,pPOK,UTF8|P:18446744073709551617	iv	NOK,POK,pIOK,pNOK,pPOK,IsUV,UTF8|P:18446744073709551617
sUV	POK,pPOK,UTF8|P:18446744073709551617	nv	NOK,POK,pNOK,pPOK,UTF8|P:18446744073709551617
sUV	POK,pPOK,UTF8|P:18446744073709551617	rng	NOK,POK,pIOK,pNOK,pPOK,IsUV,UTF8|P:18446744073709551617
sUV	POK,pPOK,UTF8|P:18446744073709551617	str	POK,pPOK,UTF8|P:18446744073709551617
sUV	POK,pPOK,UTF8|P:18446744073709551617	utf8	POK,pPOK,UTF8|P:18446744073709551617
sUV	POK,pPOK|P:1.84467440737096e+19	add	NOK,POK,pIOK,pNOK,pPOK,IsUV|P:1.84467440737096e+19
sUV	POK,pPOK|P:1.84467440737096e+19	bors	POK,pPOK|P:1.84467440737096e+19
sUV	POK,pPOK|P:1.84467440737096e+19	cat0	POK,pPOK|P:1.84467440737096e+19
sUV	POK,pPOK|P:1.84467440737096e+19	catx	POK,pPOK|P:1.84467440737096e+19x
sUV	POK,pPOK|P:1.84467440737096e+19	copy	POK,pPOK|P:1.84467440737096e+19
sUV	POK,pPOK|P:1.84467440737096e+19	dec	NOK,pNOK|N:1.8446744073709601e+19
sUV	POK,pPOK|P:1.84467440737096e+19	fbors	POK,pPOK|P:1.84467440737096e+19
sUV	POK,pPOK|P:1.84467440737096e+19	inc	NOK,pNOK|N:1.8446744073709601e+19
sUV	POK,pPOK|P:1.84467440737096e+19	iv	NOK,POK,pIOK,pNOK,pPOK,IsUV|P:1.84467440737096e+19
sUV	POK,pPOK|P:1.84467440737096e+19	nv	NOK,POK,pNOK,pPOK|P:1.84467440737096e+19
sUV	POK,pPOK|P:1.84467440737096e+19	rng	NOK,POK,pIOK,pNOK,pPOK,IsUV|P:1.84467440737096e+19
sUV	POK,pPOK|P:1.84467440737096e+19	str	POK,pPOK|P:1.84467440737096e+19
sUV	POK,pPOK|P:1.84467440737096e+19	utf8	POK,pPOK,UTF8|P:1.84467440737096e+19
sUV	POK,pPOK|P:1.84467440737096e+19x	add	POK,pIOK,pNOK,pPOK,IsUV|P:1.84467440737096e+19x
sUV	POK,pPOK|P:1.84467440737096e+19x	bors	POK,pPOK|P:1.84467440737096e+19x
sUV	POK,pPOK|P:1.84467440737096e+19x	cat0	POK,pPOK|P:1.84467440737096e+19x
sUV	POK,pPOK|P:1.84467440737096e+19x	catx	POK,pPOK|P:1.84467440737096e+19xx
sUV	POK,pPOK|P:1.84467440737096e+19x	copy	POK,pPOK|P:1.84467440737096e+19x
sUV	POK,pPOK|P:1.84467440737096e+19x	dec	NOK,pNOK|N:1.8446744073709601e+19
sUV	POK,pPOK|P:1.84467440737096e+19x	fbors	POK,pPOK|P:1.84467440737096e+19x
sUV	POK,pPOK|P:1.84467440737096e+19x	inc	NOK,pNOK|N:1.8446744073709601e+19
sUV	POK,pPOK|P:1.84467440737096e+19x	iv	POK,pIOK,pNOK,pPOK,IsUV|P:1.84467440737096e+19x
sUV	POK,pPOK|P:1.84467440737096e+19x	nv	POK,pNOK,pPOK|P:1.84467440737096e+19x
sUV	POK,pPOK|P:1.84467440737096e+19x	rng	POK,pPOK|P:1.84467440737096e+19x
sUV	POK,pPOK|P:1.84467440737096e+19x	str	POK,pPOK|P:1.84467440737096e+19x
sUV	POK,pPOK|P:1.84467440737096e+19x	utf8	POK,pPOK,UTF8|P:1.84467440737096e+19x
sUV	POK,pPOK|P:18446744073709551614	add	IOK,POK,pIOK,pPOK,IsUV|P:18446744073709551614
sUV	POK,pPOK|P:18446744073709551614	bors	POK,pPOK|P:18446744073709551614
sUV	POK,pPOK|P:18446744073709551614	cat0	POK,pPOK|P:18446744073709551614
sUV	POK,pPOK|P:18446744073709551614	catx	POK,pPOK|P:18446744073709551614x
sUV	POK,pPOK|P:18446744073709551614	copy	POK,pPOK|P:18446744073709551614
sUV	POK,pPOK|P:18446744073709551614	dec	IOK,pIOK,IsUV|N:1.8446744073709552e+19
sUV	POK,pPOK|P:18446744073709551614	fbors	POK,pPOK|P:18446744073709551614
sUV	POK,pPOK|P:18446744073709551614	inc	POK,pPOK|P:18446744073709551615
sUV	POK,pPOK|P:18446744073709551614	iv	IOK,POK,pIOK,pPOK,IsUV|P:18446744073709551614
sUV	POK,pPOK|P:18446744073709551614	nv	IOK,POK,pIOK,pNOK,pPOK,IsUV|P:18446744073709551614
sUV	POK,pPOK|P:18446744073709551614	rng	IOK,POK,pIOK,pNOK,pPOK,IsUV|P:18446744073709551614
sUV	POK,pPOK|P:18446744073709551614	str	POK,pPOK|P:18446744073709551614
sUV	POK,pPOK|P:18446744073709551614	utf8	POK,pPOK,UTF8|P:18446744073709551614
sUV	POK,pPOK|P:18446744073709551614x	add	POK,pIOK,pNOK,pPOK,IsUV|P:18446744073709551614x
sUV	POK,pPOK|P:18446744073709551614x	bors	POK,pPOK|P:18446744073709551614x
sUV	POK,pPOK|P:18446744073709551614x	cat0	POK,pPOK|P:18446744073709551614x
sUV	POK,pPOK|P:18446744073709551614x	catx	POK,pPOK|P:18446744073709551614xx
sUV	POK,pPOK|P:18446744073709551614x	copy	POK,pPOK|P:18446744073709551614x
sUV	POK,pPOK|P:18446744073709551614x	dec	NOK,pNOK|N:1.8446744073709552e+19
sUV	POK,pPOK|P:18446744073709551614x	fbors	POK,pPOK|P:18446744073709551614x
sUV	POK,pPOK|P:18446744073709551614x	inc	NOK,pNOK|N:1.8446744073709552e+19
sUV	POK,pPOK|P:18446744073709551614x	iv	POK,pIOK,pNOK,pPOK,IsUV|P:18446744073709551614x
sUV	POK,pPOK|P:18446744073709551614x	nv	POK,pNOK,pPOK|P:18446744073709551614x
sUV	POK,pPOK|P:18446744073709551614x	rng	POK,pPOK|P:18446744073709551614x
sUV	POK,pPOK|P:18446744073709551614x	str	POK,pPOK|P:18446744073709551614x
sUV	POK,pPOK|P:18446744073709551614x	utf8	POK,pPOK,UTF8|P:18446744073709551614x
sUV	POK,pPOK|P:18446744073709551614xx	add	POK,pIOK,pNOK,pPOK,IsUV|P:18446744073709551614xx
sUV	POK,pPOK|P:18446744073709551614xx	bors	POK,pPOK|P:18446744073709551614xx
sUV	POK,pPOK|P:18446744073709551614xx	cat0	POK,pPOK|P:18446744073709551614xx
sUV	POK,pPOK|P:18446744073709551614xx	catx	POK,pPOK|P:18446744073709551614xxx
sUV	POK,pPOK|P:18446744073709551614xx	copy	POK,pPOK|P:18446744073709551614xx
sUV	POK,pPOK|P:18446744073709551614xx	dec	NOK,pNOK|N:1.8446744073709552e+19
sUV	POK,pPOK|P:18446744073709551614xx	fbors	POK,pPOK|P:18446744073709551614xx
sUV	POK,pPOK|P:18446744073709551614xx	inc	NOK,pNOK|N:1.8446744073709552e+19
sUV	POK,pPOK|P:18446744073709551614xx	iv	POK,pIOK,pNOK,pPOK,IsUV|P:18446744073709551614xx
sUV	POK,pPOK|P:18446744073709551614xx	nv	POK,pNOK,pPOK|P:18446744073709551614xx
sUV	POK,pPOK|P:18446744073709551614xx	rng	POK,pPOK|P:18446744073709551614xx
sUV	POK,pPOK|P:18446744073709551614xx	str	POK,pPOK|P:18446744073709551614xx
sUV	POK,pPOK|P:18446744073709551614xx	utf8	POK,pPOK,UTF8|P:18446744073709551614xx
sUV	POK,pPOK|P:18446744073709551615	add	IOK,POK,pIOK,pPOK,IsUV|P:18446744073709551615
sUV	POK,pPOK|P:18446744073709551615	bors	POK,pPOK|P:18446744073709551615
sUV	POK,pPOK|P:18446744073709551615	cat0	POK,pPOK|P:18446744073709551615
sUV	POK,pPOK|P:18446744073709551615	catx	POK,pPOK|P:18446744073709551615x
sUV	POK,pPOK|P:18446744073709551615	copy	POK,pPOK|P:18446744073709551615
sUV	POK,pPOK|P:18446744073709551615	dec	IOK,pIOK,IsUV|N:1.8446744073709552e+19
sUV	POK,pPOK|P:18446744073709551615	fbors	POK,pPOK|P:18446744073709551615
sUV	POK,pPOK|P:18446744073709551615	inc	POK,pPOK|P:18446744073709551616
sUV	POK,pPOK|P:18446744073709551615	iv	IOK,POK,pIOK,pPOK,IsUV|P:18446744073709551615
sUV	POK,pPOK|P:18446744073709551615	nv	IOK,POK,pIOK,pNOK,pPOK,IsUV|P:18446744073709551615
sUV	POK,pPOK|P:18446744073709551615	rng	IOK,POK,pIOK,pNOK,pPOK,IsUV|P:18446744073709551615
sUV	POK,pPOK|P:18446744073709551615	str	POK,pPOK|P:18446744073709551615
sUV	POK,pPOK|P:18446744073709551615	utf8	POK,pPOK,UTF8|P:18446744073709551615
sUV	POK,pPOK|P:18446744073709551615x	add	POK,pIOK,pNOK,pPOK,IsUV|P:18446744073709551615x
sUV	POK,pPOK|P:18446744073709551615x	bors	POK,pPOK|P:18446744073709551615x
sUV	POK,pPOK|P:18446744073709551615x	cat0	POK,pPOK|P:18446744073709551615x
sUV	POK,pPOK|P:18446744073709551615x	catx	POK,pPOK|P:18446744073709551615xx
sUV	POK,pPOK|P:18446744073709551615x	copy	POK,pPOK|P:18446744073709551615x
sUV	POK,pPOK|P:18446744073709551615x	dec	NOK,pNOK|N:1.8446744073709552e+19
sUV	POK,pPOK|P:18446744073709551615x	fbors	POK,pPOK|P:18446744073709551615x
sUV	POK,pPOK|P:18446744073709551615x	inc	NOK,pNOK|N:1.8446744073709552e+19
sUV	POK,pPOK|P:18446744073709551615x	iv	POK,pIOK,pNOK,pPOK,IsUV|P:18446744073709551615x
sUV	POK,pPOK|P:18446744073709551615x	nv	POK,pNOK,pPOK|P:18446744073709551615x
sUV	POK,pPOK|P:18446744073709551615x	rng	POK,pPOK|P:18446744073709551615x
sUV	POK,pPOK|P:18446744073709551615x	str	POK,pPOK|P:18446744073709551615x
sUV	POK,pPOK|P:18446744073709551615x	utf8	POK,pPOK,UTF8|P:18446744073709551615x
sUV	POK,pPOK|P:18446744073709551615xx	add	POK,pIOK,pNOK,pPOK,IsUV|P:18446744073709551615xx
sUV	POK,pPOK|P:18446744073709551615xx	bors	POK,pPOK|P:18446744073709551615xx
sUV	POK,pPOK|P:18446744073709551615xx	cat0	POK,pPOK|P:18446744073709551615xx
sUV	POK,pPOK|P:18446744073709551615xx	catx	POK,pPOK|P:18446744073709551615xxx
sUV	POK,pPOK|P:18446744073709551615xx	copy	POK,pPOK|P:18446744073709551615xx
sUV	POK,pPOK|P:18446744073709551615xx	dec	NOK,pNOK|N:1.8446744073709552e+19
sUV	POK,pPOK|P:18446744073709551615xx	fbors	POK,pPOK|P:18446744073709551615xx
sUV	POK,pPOK|P:18446744073709551615xx	inc	NOK,pNOK|N:1.8446744073709552e+19
sUV	POK,pPOK|P:18446744073709551615xx	iv	POK,pIOK,pNOK,pPOK,IsUV|P:18446744073709551615xx
sUV	POK,pPOK|P:18446744073709551615xx	nv	POK,pNOK,pPOK|P:18446744073709551615xx
sUV	POK,pPOK|P:18446744073709551615xx	rng	POK,pPOK|P:18446744073709551615xx
sUV	POK,pPOK|P:18446744073709551615xx	str	POK,pPOK|P:18446744073709551615xx
sUV	POK,pPOK|P:18446744073709551615xx	utf8	POK,pPOK,UTF8|P:18446744073709551615xx
sUV	POK,pPOK|P:18446744073709551615xxx	add	POK,pIOK,pNOK,pPOK,IsUV|P:18446744073709551615xxx
sUV	POK,pPOK|P:18446744073709551615xxx	bors	POK,pPOK|P:18446744073709551615xxx
sUV	POK,pPOK|P:18446744073709551615xxx	cat0	POK,pPOK|P:18446744073709551615xxx
sUV	POK,pPOK|P:18446744073709551615xxx	catx	POK,pPOK|P:18446744073709551615xxxx
sUV	POK,pPOK|P:18446744073709551615xxx	copy	POK,pPOK|P:18446744073709551615xxx
sUV	POK,pPOK|P:18446744073709551615xxx	dec	NOK,pNOK|N:1.8446744073709552e+19
sUV	POK,pPOK|P:18446744073709551615xxx	fbors	POK,pPOK|P:18446744073709551615xxx
sUV	POK,pPOK|P:18446744073709551615xxx	inc	NOK,pNOK|N:1.8446744073709552e+19
sUV	POK,pPOK|P:18446744073709551615xxx	iv	POK,pIOK,pNOK,pPOK,IsUV|P:18446744073709551615xxx
sUV	POK,pPOK|P:18446744073709551615xxx	nv	POK,pNOK,pPOK|P:18446744073709551615xxx
sUV	POK,pPOK|P:18446744073709551615xxx	rng	POK,pPOK|P:18446744073709551615xxx
sUV	POK,pPOK|P:18446744073709551615xxx	str	POK,pPOK|P:18446744073709551615xxx
sUV	POK,pPOK|P:18446744073709551615xxx	utf8	POK,pPOK,UTF8|P:18446744073709551615xxx
sUV	POK,pPOK|P:18446744073709551616	add	NOK,POK,pIOK,pNOK,pPOK,IsUV|P:18446744073709551616
sUV	POK,pPOK|P:18446744073709551616	bors	POK,pPOK|P:18446744073709551616
sUV	POK,pPOK|P:18446744073709551616	cat0	POK,pPOK|P:18446744073709551616
sUV	POK,pPOK|P:18446744073709551616	catx	POK,pPOK|P:18446744073709551616x
sUV	POK,pPOK|P:18446744073709551616	copy	POK,pPOK|P:18446744073709551616
sUV	POK,pPOK|P:18446744073709551616	dec	NOK,pNOK|N:1.8446744073709552e+19
sUV	POK,pPOK|P:18446744073709551616	fbors	POK,pPOK|P:18446744073709551616
sUV	POK,pPOK|P:18446744073709551616	inc	POK,pPOK|P:18446744073709551617
sUV	POK,pPOK|P:18446744073709551616	iv	NOK,POK,pIOK,pNOK,pPOK,IsUV|P:18446744073709551616
sUV	POK,pPOK|P:18446744073709551616	nv	NOK,POK,pNOK,pPOK|P:18446744073709551616
sUV	POK,pPOK|P:18446744073709551616	rng	NOK,POK,pIOK,pNOK,pPOK,IsUV|P:18446744073709551616
sUV	POK,pPOK|P:18446744073709551616	str	POK,pPOK|P:18446744073709551616
sUV	POK,pPOK|P:18446744073709551616	utf8	POK,pPOK,UTF8|P:18446744073709551616
sUV	POK,pPOK|P:18446744073709551616x	add	POK,pIOK,pNOK,pPOK,IsUV|P:18446744073709551616x
sUV	POK,pPOK|P:18446744073709551616x	bors	POK,pPOK|P:18446744073709551616x
sUV	POK,pPOK|P:18446744073709551616x	cat0	POK,pPOK|P:18446744073709551616x
sUV	POK,pPOK|P:18446744073709551616x	catx	POK,pPOK|P:18446744073709551616xx
sUV	POK,pPOK|P:18446744073709551616x	copy	POK,pPOK|P:18446744073709551616x
sUV	POK,pPOK|P:18446744073709551616x	dec	NOK,pNOK|N:1.8446744073709552e+19
sUV	POK,pPOK|P:18446744073709551616x	fbors	POK,pPOK|P:18446744073709551616x
sUV	POK,pPOK|P:18446744073709551616x	inc	NOK,pNOK|N:1.8446744073709552e+19
sUV	POK,pPOK|P:18446744073709551616x	iv	POK,pIOK,pNOK,pPOK,IsUV|P:18446744073709551616x
sUV	POK,pPOK|P:18446744073709551616x	nv	POK,pNOK,pPOK|P:18446744073709551616x
sUV	POK,pPOK|P:18446744073709551616x	rng	POK,pPOK|P:18446744073709551616x
sUV	POK,pPOK|P:18446744073709551616x	str	POK,pPOK|P:18446744073709551616x
sUV	POK,pPOK|P:18446744073709551616x	utf8	POK,pPOK,UTF8|P:18446744073709551616x
sUV	POK,pPOK|P:18446744073709551616xx	add	POK,pIOK,pNOK,pPOK,IsUV|P:18446744073709551616xx
sUV	POK,pPOK|P:18446744073709551616xx	bors	POK,pPOK|P:18446744073709551616xx
sUV	POK,pPOK|P:18446744073709551616xx	cat0	POK,pPOK|P:18446744073709551616xx
sUV	POK,pPOK|P:18446744073709551616xx	catx	POK,pPOK|P:18446744073709551616xxx
sUV	POK,pPOK|P:18446744073709551616xx	copy	POK,pPOK|P:18446744073709551616xx
sUV	POK,pPOK|P:18446744073709551616xx	dec	NOK,pNOK|N:1.8446744073709552e+19
sUV	POK,pPOK|P:18446744073709551616xx	fbors	POK,pPOK|P:18446744073709551616xx
sUV	POK,pPOK|P:18446744073709551616xx	inc	NOK,pNOK|N:1.8446744073709552e+19
sUV	POK,pPOK|P:18446744073709551616xx	iv	POK,pIOK,pNOK,pPOK,IsUV|P:18446744073709551616xx
sUV	POK,pPOK|P:18446744073709551616xx	nv	POK,pNOK,pPOK|P:18446744073709551616xx
sUV	POK,pPOK|P:18446744073709551616xx	rng	POK,pPOK|P:18446744073709551616xx
sUV	POK,pPOK|P:18446744073709551616xx	str	POK,pPOK|P:18446744073709551616xx
sUV	POK,pPOK|P:18446744073709551616xx	utf8	POK,pPOK,UTF8|P:18446744073709551616xx
sUV	POK,pPOK|P:18446744073709551617	add	NOK,POK,pIOK,pNOK,pPOK,IsUV|P:18446744073709551617
sUV	POK,pPOK|P:18446744073709551617	bors	POK,pPOK|P:18446744073709551617
sUV	POK,pPOK|P:18446744073709551617	cat0	POK,pPOK|P:18446744073709551617
sUV	POK,pPOK|P:18446744073709551617	catx	POK,pPOK|P:18446744073709551617x
sUV	POK,pPOK|P:18446744073709551617	copy	POK,pPOK|P:18446744073709551617
sUV	POK,pPOK|P:18446744073709551617	dec	NOK,pNOK|N:1.8446744073709552e+19
sUV	POK,pPOK|P:18446744073709551617	fbors	POK,pPOK|P:18446744073709551617
sUV	POK,pPOK|P:18446744073709551617	inc	POK,pPOK|P:18446744073709551618
sUV	POK,pPOK|P:18446744073709551617	iv	NOK,POK,pIOK,pNOK,pPOK,IsUV|P:18446744073709551617
sUV	POK,pPOK|P:18446744073709551617	nv	NOK,POK,pNOK,pPOK|P:18446744073709551617
sUV	POK,pPOK|P:18446744073709551617	rng	NOK,POK,pIOK,pNOK,pPOK,IsUV|P:18446744073709551617
sUV	POK,pPOK|P:18446744073709551617	str	POK,pPOK|P:18446744073709551617
sUV	POK,pPOK|P:18446744073709551617	utf8	POK,pPOK,UTF8|P:18446744073709551617
sUV	POK,pPOK|P:18446744073709551617x	add	POK,pIOK,pNOK,pPOK,IsUV|P:18446744073709551617x
sUV	POK,pPOK|P:18446744073709551617x	bors	POK,pPOK|P:18446744073709551617x
sUV	POK,pPOK|P:18446744073709551617x	cat0	POK,pPOK|P:18446744073709551617x
sUV	POK,pPOK|P:18446744073709551617x	catx	POK,pPOK|P:18446744073709551617xx
sUV	POK,pPOK|P:18446744073709551617x	copy	POK,pPOK|P:18446744073709551617x
sUV	POK,pPOK|P:18446744073709551617x	dec	NOK,pNOK|N:1.8446744073709552e+19
sUV	POK,pPOK|P:18446744073709551617x	fbors	POK,pPOK|P:18446744073709551617x
sUV	POK,pPOK|P:18446744073709551617x	inc	NOK,pNOK|N:1.8446744073709552e+19
sUV	POK,pPOK|P:18446744073709551617x	iv	POK,pIOK,pNOK,pPOK,IsUV|P:18446744073709551617x
sUV	POK,pPOK|P:18446744073709551617x	nv	POK,pNOK,pPOK|P:18446744073709551617x
sUV	POK,pPOK|P:18446744073709551617x	rng	POK,pPOK|P:18446744073709551617x
sUV	POK,pPOK|P:18446744073709551617x	str	POK,pPOK|P:18446744073709551617x
sUV	POK,pPOK|P:18446744073709551617x	utf8	POK,pPOK,UTF8|P:18446744073709551617x
sUV	POK,pPOK|P:18446744073709551618	add	NOK,POK,pIOK,pNOK,pPOK,IsUV|P:18446744073709551618
sUV	POK,pPOK|P:18446744073709551618	bors	POK,pPOK|P:18446744073709551618
sUV	POK,pPOK|P:18446744073709551618	cat0	POK,pPOK|P:18446744073709551618
sUV	POK,pPOK|P:18446744073709551618	catx	POK,pPOK|P:18446744073709551618x
sUV	POK,pPOK|P:18446744073709551618	copy	POK,pPOK|P:18446744073709551618
sUV	POK,pPOK|P:18446744073709551618	dec	NOK,pNOK|N:1.8446744073709552e+19
sUV	POK,pPOK|P:18446744073709551618	fbors	POK,pPOK|P:18446744073709551618
sUV	POK,pPOK|P:18446744073709551618	inc	POK,pPOK|P:18446744073709551619
sUV	POK,pPOK|P:18446744073709551618	iv	NOK,POK,pIOK,pNOK,pPOK,IsUV|P:18446744073709551618
sUV	POK,pPOK|P:18446744073709551618	nv	NOK,POK,pNOK,pPOK|P:18446744073709551618
sUV	POK,pPOK|P:18446744073709551618	rng	NOK,POK,pIOK,pNOK,pPOK,IsUV|P:18446744073709551618
sUV	POK,pPOK|P:18446744073709551618	str	POK,pPOK|P:18446744073709551618
sUV	POK,pPOK|P:18446744073709551618	utf8	POK,pPOK,UTF8|P:18446744073709551618
sabc	IOK,NOK,POK,pIOK,pNOK,pPOK,UTF8|P:-1	add	IOK,NOK,POK,pIOK,pNOK,pPOK,UTF8|P:-1
sabc	IOK,NOK,POK,pIOK,pNOK,pPOK,UTF8|P:-1	bors	IOK,NOK,POK,pIOK,pNOK,pPOK,UTF8|P:-1
sabc	IOK,NOK,POK,pIOK,pNOK,pPOK,UTF8|P:-1	cat0	POK,pPOK,UTF8|P:-1
sabc	IOK,NOK,POK,pIOK,pNOK,pPOK,UTF8|P:-1	catx	POK,pPOK,UTF8|P:-1x
sabc	IOK,NOK,POK,pIOK,pNOK,pPOK,UTF8|P:-1	copy	IOK,NOK,POK,pIOK,pNOK,pPOK,UTF8|P:-1
sabc	IOK,NOK,POK,pIOK,pNOK,pPOK,UTF8|P:-1	dec	IOK,pIOK|N:-2
sabc	IOK,NOK,POK,pIOK,pNOK,pPOK,UTF8|P:-1	fbors	IOK,NOK,POK,pIOK,pNOK,pPOK,UTF8|P:-1
sabc	IOK,NOK,POK,pIOK,pNOK,pPOK,UTF8|P:-1	inc	IOK,pIOK|N:0
sabc	IOK,NOK,POK,pIOK,pNOK,pPOK,UTF8|P:-1	iv	IOK,NOK,POK,pIOK,pNOK,pPOK,UTF8|P:-1
sabc	IOK,NOK,POK,pIOK,pNOK,pPOK,UTF8|P:-1	nv	IOK,NOK,POK,pIOK,pNOK,pPOK,UTF8|P:-1
sabc	IOK,NOK,POK,pIOK,pNOK,pPOK,UTF8|P:-1	rng	IOK,NOK,POK,pIOK,pNOK,pPOK,UTF8|P:-1
sabc	IOK,NOK,POK,pIOK,pNOK,pPOK,UTF8|P:-1	str	IOK,NOK,POK,pIOK,pNOK,pPOK,UTF8|P:-1
sabc	IOK,NOK,POK,pIOK,pNOK,pPOK,UTF8|P:-1	utf8	IOK,NOK,POK,pIOK,pNOK,pPOK,UTF8|P:-1
sabc	IOK,NOK,POK,pIOK,pNOK,pPOK|P:-1	add	IOK,NOK,POK,pIOK,pNOK,pPOK|P:-1
sabc	IOK,NOK,POK,pIOK,pNOK,pPOK|P:-1	bors	IOK,NOK,POK,pIOK,pNOK,pPOK|P:-1
sabc	IOK,NOK,POK,pIOK,pNOK,pPOK|P:-1	cat0	POK,pPOK|P:-1
sabc	IOK,NOK,POK,pIOK,pNOK,pPOK|P:-1	catx	POK,pPOK|P:-1x
sabc	IOK,NOK,POK,pIOK,pNOK,pPOK|P:-1	copy	IOK,NOK,POK,pIOK,pNOK,pPOK|P:-1
sabc	IOK,NOK,POK,pIOK,pNOK,pPOK|P:-1	dec	IOK,pIOK|N:-2
sabc	IOK,NOK,POK,pIOK,pNOK,pPOK|P:-1	fbors	IOK,NOK,POK,pIOK,pNOK,pPOK|P:-1
sabc	IOK,NOK,POK,pIOK,pNOK,pPOK|P:-1	inc	IOK,pIOK|N:0
sabc	IOK,NOK,POK,pIOK,pNOK,pPOK|P:-1	iv	IOK,NOK,POK,pIOK,pNOK,pPOK|P:-1
sabc	IOK,NOK,POK,pIOK,pNOK,pPOK|P:-1	nv	IOK,NOK,POK,pIOK,pNOK,pPOK|P:-1
sabc	IOK,NOK,POK,pIOK,pNOK,pPOK|P:-1	rng	IOK,NOK,POK,pIOK,pNOK,pPOK|P:-1
sabc	IOK,NOK,POK,pIOK,pNOK,pPOK|P:-1	str	IOK,NOK,POK,pIOK,pNOK,pPOK|P:-1
sabc	IOK,NOK,POK,pIOK,pNOK,pPOK|P:-1	utf8	IOK,NOK,POK,pIOK,pNOK,pPOK,UTF8|P:-1
sabc	IOK,NOK,pIOK,pNOK,pPOK|N:-1	add	IOK,NOK,pIOK,pNOK,pPOK|N:-1
sabc	IOK,NOK,pIOK,pNOK,pPOK|N:-1	bors	IOK,NOK,pIOK,pNOK,pPOK|N:-1
sabc	IOK,NOK,pIOK,pNOK,pPOK|N:-1	cat0	POK,pPOK|P:-1
sabc	IOK,NOK,pIOK,pNOK,pPOK|N:-1	catx	POK,pPOK|P:-1x
sabc	IOK,NOK,pIOK,pNOK,pPOK|N:-1	copy	IOK,NOK,pIOK,pNOK,pPOK|N:-1
sabc	IOK,NOK,pIOK,pNOK,pPOK|N:-1	dec	IOK,pIOK|N:-2
sabc	IOK,NOK,pIOK,pNOK,pPOK|N:-1	fbors	IOK,NOK,pIOK,pNOK,pPOK|N:-1
sabc	IOK,NOK,pIOK,pNOK,pPOK|N:-1	inc	IOK,pIOK|N:0
sabc	IOK,NOK,pIOK,pNOK,pPOK|N:-1	iv	IOK,NOK,pIOK,pNOK,pPOK|N:-1
sabc	IOK,NOK,pIOK,pNOK,pPOK|N:-1	nv	IOK,NOK,pIOK,pNOK,pPOK|N:-1
sabc	IOK,NOK,pIOK,pNOK,pPOK|N:-1	rng	IOK,NOK,pIOK,pNOK,pPOK|N:-1
sabc	IOK,NOK,pIOK,pNOK,pPOK|N:-1	str	IOK,NOK,pIOK,pNOK,pPOK|N:-1
sabc	IOK,NOK,pIOK,pNOK,pPOK|N:-1	utf8	POK,pPOK,UTF8|P:-1
sabc	IOK,NOK,pIOK,pNOK|N:-1	add	IOK,NOK,pIOK,pNOK|N:-1
sabc	IOK,NOK,pIOK,pNOK|N:-1	bors	IOK,NOK,pIOK,pNOK|N:-1
sabc	IOK,NOK,pIOK,pNOK|N:-1	cat0	POK,pPOK|P:-1
sabc	IOK,NOK,pIOK,pNOK|N:-1	catx	POK,pPOK|P:-1x
sabc	IOK,NOK,pIOK,pNOK|N:-1	copy	IOK,NOK,pIOK,pNOK|N:-1
sabc	IOK,NOK,pIOK,pNOK|N:-1	dec	IOK,pIOK|N:-2
sabc	IOK,NOK,pIOK,pNOK|N:-1	fbors	IOK,NOK,pIOK,pNOK,pPOK|N:-1
sabc	IOK,NOK,pIOK,pNOK|N:-1	inc	IOK,pIOK|N:0
sabc	IOK,NOK,pIOK,pNOK|N:-1	iv	IOK,NOK,pIOK,pNOK|N:-1
sabc	IOK,NOK,pIOK,pNOK|N:-1	nv	IOK,NOK,pIOK,pNOK|N:-1
sabc	IOK,NOK,pIOK,pNOK|N:-1	rng	IOK,NOK,pIOK,pNOK|N:-1
sabc	IOK,NOK,pIOK,pNOK|N:-1	str	IOK,NOK,pIOK,pNOK,pPOK|N:-1
sabc	IOK,NOK,pIOK,pNOK|N:-1	utf8	POK,pPOK,UTF8|P:-1
sabc	IOK,NOK,pIOK,pNOK|N:-2	add	IOK,NOK,pIOK,pNOK|N:-2
sabc	IOK,NOK,pIOK,pNOK|N:-2	bors	IOK,NOK,pIOK,pNOK|N:-2
sabc	IOK,NOK,pIOK,pNOK|N:-2	cat0	POK,pPOK|P:-2
sabc	IOK,NOK,pIOK,pNOK|N:-2	catx	POK,pPOK|P:-2x
sabc	IOK,NOK,pIOK,pNOK|N:-2	copy	IOK,NOK,pIOK,pNOK|N:-2
sabc	IOK,NOK,pIOK,pNOK|N:-2	dec	IOK,pIOK|N:-3
sabc	IOK,NOK,pIOK,pNOK|N:-2	fbors	IOK,NOK,pIOK,pNOK,pPOK|N:-2
sabc	IOK,NOK,pIOK,pNOK|N:-2	inc	IOK,pIOK|N:-1
sabc	IOK,NOK,pIOK,pNOK|N:-2	iv	IOK,NOK,pIOK,pNOK|N:-2
sabc	IOK,NOK,pIOK,pNOK|N:-2	nv	IOK,NOK,pIOK,pNOK|N:-2
sabc	IOK,NOK,pIOK,pNOK|N:-2	rng	IOK,NOK,pIOK,pNOK|N:-2
sabc	IOK,NOK,pIOK,pNOK|N:-2	str	IOK,NOK,pIOK,pNOK,pPOK|N:-2
sabc	IOK,NOK,pIOK,pNOK|N:-2	utf8	POK,pPOK,UTF8|P:-2
sabc	IOK,NOK,pIOK,pNOK|N:0	add	IOK,NOK,pIOK,pNOK|N:0
sabc	IOK,NOK,pIOK,pNOK|N:0	bors	IOK,NOK,pIOK,pNOK|N:0
sabc	IOK,NOK,pIOK,pNOK|N:0	cat0	POK,pPOK|P:0
sabc	IOK,NOK,pIOK,pNOK|N:0	catx	POK,pPOK|P:0x
sabc	IOK,NOK,pIOK,pNOK|N:0	copy	IOK,NOK,pIOK,pNOK|N:0
sabc	IOK,NOK,pIOK,pNOK|N:0	dec	IOK,pIOK|N:-1
sabc	IOK,NOK,pIOK,pNOK|N:0	fbors	IOK,NOK,pIOK,pNOK,pPOK|N:0
sabc	IOK,NOK,pIOK,pNOK|N:0	inc	IOK,pIOK|N:1
sabc	IOK,NOK,pIOK,pNOK|N:0	iv	IOK,NOK,pIOK,pNOK|N:0
sabc	IOK,NOK,pIOK,pNOK|N:0	nv	IOK,NOK,pIOK,pNOK|N:0
sabc	IOK,NOK,pIOK,pNOK|N:0	rng	IOK,NOK,pIOK,pNOK|N:0
sabc	IOK,NOK,pIOK,pNOK|N:0	str	IOK,NOK,pIOK,pNOK,pPOK|N:0
sabc	IOK,NOK,pIOK,pNOK|N:0	utf8	POK,pPOK,UTF8|P:0
sabc	IOK,NOK,pIOK,pNOK|N:1	add	IOK,NOK,pIOK,pNOK|N:1
sabc	IOK,NOK,pIOK,pNOK|N:1	bors	IOK,NOK,pIOK,pNOK|N:1
sabc	IOK,NOK,pIOK,pNOK|N:1	cat0	POK,pPOK|P:1
sabc	IOK,NOK,pIOK,pNOK|N:1	catx	POK,pPOK|P:1x
sabc	IOK,NOK,pIOK,pNOK|N:1	copy	IOK,NOK,pIOK,pNOK|N:1
sabc	IOK,NOK,pIOK,pNOK|N:1	dec	IOK,pIOK|N:0
sabc	IOK,NOK,pIOK,pNOK|N:1	fbors	IOK,NOK,pIOK,pNOK,pPOK|N:1
sabc	IOK,NOK,pIOK,pNOK|N:1	inc	IOK,pIOK|N:2
sabc	IOK,NOK,pIOK,pNOK|N:1	iv	IOK,NOK,pIOK,pNOK|N:1
sabc	IOK,NOK,pIOK,pNOK|N:1	nv	IOK,NOK,pIOK,pNOK|N:1
sabc	IOK,NOK,pIOK,pNOK|N:1	rng	IOK,NOK,pIOK,pNOK|N:1
sabc	IOK,NOK,pIOK,pNOK|N:1	str	IOK,NOK,pIOK,pNOK,pPOK|N:1
sabc	IOK,NOK,pIOK,pNOK|N:1	utf8	POK,pPOK,UTF8|P:1
sabc	IOK,POK,pIOK,pPOK,UTF8|P:-1	add	IOK,POK,pIOK,pPOK,UTF8|P:-1
sabc	IOK,POK,pIOK,pPOK,UTF8|P:-1	bors	IOK,POK,pIOK,pPOK,UTF8|P:-1
sabc	IOK,POK,pIOK,pPOK,UTF8|P:-1	cat0	POK,pPOK,UTF8|P:-1
sabc	IOK,POK,pIOK,pPOK,UTF8|P:-1	catx	POK,pPOK,UTF8|P:-1x
sabc	IOK,POK,pIOK,pPOK,UTF8|P:-1	copy	IOK,POK,pIOK,pPOK,UTF8|P:-1
sabc	IOK,POK,pIOK,pPOK,UTF8|P:-1	dec	IOK,pIOK|N:-2
sabc	IOK,POK,pIOK,pPOK,UTF8|P:-1	fbors	IOK,POK,pIOK,pPOK,UTF8|P:-1
sabc	IOK,POK,pIOK,pPOK,UTF8|P:-1	inc	IOK,pIOK|N:0
sabc	IOK,POK,pIOK,pPOK,UTF8|P:-1	iv	IOK,POK,pIOK,pPOK,UTF8|P:-1
sabc	IOK,POK,pIOK,pPOK,UTF8|P:-1	nv	IOK,NOK,POK,pIOK,pNOK,pPOK,UTF8|P:-1
sabc	IOK,POK,pIOK,pPOK,UTF8|P:-1	rng	IOK,POK,pIOK,pPOK,UTF8|P:-1
sabc	IOK,POK,pIOK,pPOK,UTF8|P:-1	str	IOK,POK,pIOK,pPOK,UTF8|P:-1
sabc	IOK,POK,pIOK,pPOK,UTF8|P:-1	utf8	IOK,POK,pIOK,pPOK,UTF8|P:-1
sabc	IOK,POK,pIOK,pPOK|P:-1	add	IOK,POK,pIOK,pPOK|P:-1
sabc	IOK,POK,pIOK,pPOK|P:-1	bors	IOK,POK,pIOK,pPOK|P:-1
sabc	IOK,POK,pIOK,pPOK|P:-1	cat0	POK,pPOK|P:-1
sabc	IOK,POK,pIOK,pPOK|P:-1	catx	POK,pPOK|P:-1x
sabc	IOK,POK,pIOK,pPOK|P:-1	copy	IOK,POK,pIOK,pPOK|P:-1
sabc	IOK,POK,pIOK,pPOK|P:-1	dec	IOK,pIOK|N:-2
sabc	IOK,POK,pIOK,pPOK|P:-1	fbors	IOK,POK,pIOK,pPOK|P:-1
sabc	IOK,POK,pIOK,pPOK|P:-1	inc	IOK,pIOK|N:0
sabc	IOK,POK,pIOK,pPOK|P:-1	iv	IOK,POK,pIOK,pPOK|P:-1
sabc	IOK,POK,pIOK,pPOK|P:-1	nv	IOK,NOK,POK,pIOK,pNOK,pPOK|P:-1
sabc	IOK,POK,pIOK,pPOK|P:-1	rng	IOK,POK,pIOK,pPOK|P:-1
sabc	IOK,POK,pIOK,pPOK|P:-1	str	IOK,POK,pIOK,pPOK|P:-1
sabc	IOK,POK,pIOK,pPOK|P:-1	utf8	IOK,POK,pIOK,pPOK,UTF8|P:-1
sabc	IOK,pIOK,pPOK|N:0	add	IOK,pIOK,pPOK|N:0
sabc	IOK,pIOK,pPOK|N:0	bors	IOK,pIOK,pPOK|N:0
sabc	IOK,pIOK,pPOK|N:0	cat0	POK,pPOK|P:0
sabc	IOK,pIOK,pPOK|N:0	catx	POK,pPOK|P:0x
sabc	IOK,pIOK,pPOK|N:0	copy	IOK,pIOK,pPOK|N:0
sabc	IOK,pIOK,pPOK|N:0	dec	IOK,pIOK|N:-1
sabc	IOK,pIOK,pPOK|N:0	fbors	IOK,pIOK,pPOK|N:0
sabc	IOK,pIOK,pPOK|N:0	inc	IOK,pIOK|N:1
sabc	IOK,pIOK,pPOK|N:0	iv	IOK,pIOK,pPOK|N:0
sabc	IOK,pIOK,pPOK|N:0	nv	IOK,NOK,pIOK,pNOK,pPOK|N:0
sabc	IOK,pIOK,pPOK|N:0	rng	IOK,pIOK,pPOK|N:0
sabc	IOK,pIOK,pPOK|N:0	str	IOK,pIOK,pPOK|N:0
sabc	IOK,pIOK,pPOK|N:0	utf8	POK,pPOK,UTF8|P:0
sabc	IOK,pIOK|N:-1	add	IOK,pIOK|N:-1
sabc	IOK,pIOK|N:-1	bors	IOK,pIOK|N:-1
sabc	IOK,pIOK|N:-1	cat0	POK,pPOK|P:-1
sabc	IOK,pIOK|N:-1	catx	POK,pPOK|P:-1x
sabc	IOK,pIOK|N:-1	copy	IOK,pIOK|N:-1
sabc	IOK,pIOK|N:-1	dec	IOK,pIOK|N:-2
sabc	IOK,pIOK|N:-1	fbors	IOK,pIOK,pPOK|N:-1
sabc	IOK,pIOK|N:-1	inc	IOK,pIOK|N:0
sabc	IOK,pIOK|N:-1	iv	IOK,pIOK|N:-1
sabc	IOK,pIOK|N:-1	nv	IOK,NOK,pIOK,pNOK|N:-1
sabc	IOK,pIOK|N:-1	rng	IOK,pIOK|N:-1
sabc	IOK,pIOK|N:-1	str	IOK,pIOK,pPOK|N:-1
sabc	IOK,pIOK|N:-1	utf8	POK,pPOK,UTF8|P:-1
sabc	IOK,pIOK|N:-2	add	IOK,pIOK|N:-2
sabc	IOK,pIOK|N:-2	bors	IOK,pIOK|N:-2
sabc	IOK,pIOK|N:-2	cat0	POK,pPOK|P:-2
sabc	IOK,pIOK|N:-2	catx	POK,pPOK|P:-2x
sabc	IOK,pIOK|N:-2	copy	IOK,pIOK|N:-2
sabc	IOK,pIOK|N:-2	dec	IOK,pIOK|N:-3
sabc	IOK,pIOK|N:-2	fbors	IOK,pIOK,pPOK|N:-2
sabc	IOK,pIOK|N:-2	inc	IOK,pIOK|N:-1
sabc	IOK,pIOK|N:-2	iv	IOK,pIOK|N:-2
sabc	IOK,pIOK|N:-2	nv	IOK,NOK,pIOK,pNOK|N:-2
sabc	IOK,pIOK|N:-2	rng	IOK,pIOK|N:-2
sabc	IOK,pIOK|N:-2	str	IOK,pIOK,pPOK|N:-2
sabc	IOK,pIOK|N:-2	utf8	POK,pPOK,UTF8|P:-2
sabc	IOK,pIOK|N:0	add	IOK,pIOK|N:0
sabc	IOK,pIOK|N:0	bors	IOK,pIOK|N:0
sabc	IOK,pIOK|N:0	cat0	POK,pPOK|P:0
sabc	IOK,pIOK|N:0	catx	POK,pPOK|P:0x
sabc	IOK,pIOK|N:0	copy	IOK,pIOK|N:0
sabc	IOK,pIOK|N:0	dec	IOK,pIOK|N:-1
sabc	IOK,pIOK|N:0	fbors	IOK,pIOK,pPOK|N:0
sabc	IOK,pIOK|N:0	inc	IOK,pIOK|N:1
sabc	IOK,pIOK|N:0	iv	IOK,pIOK|N:0
sabc	IOK,pIOK|N:0	nv	IOK,NOK,pIOK,pNOK|N:0
sabc	IOK,pIOK|N:0	rng	IOK,pIOK|N:0
sabc	IOK,pIOK|N:0	str	IOK,pIOK,pPOK|N:0
sabc	IOK,pIOK|N:0	utf8	POK,pPOK,UTF8|P:0
sabc	IOK,pIOK|N:1	add	IOK,pIOK|N:1
sabc	IOK,pIOK|N:1	bors	IOK,pIOK|N:1
sabc	IOK,pIOK|N:1	cat0	POK,pPOK|P:1
sabc	IOK,pIOK|N:1	catx	POK,pPOK|P:1x
sabc	IOK,pIOK|N:1	copy	IOK,pIOK|N:1
sabc	IOK,pIOK|N:1	dec	IOK,pIOK|N:0
sabc	IOK,pIOK|N:1	fbors	IOK,pIOK,pPOK|N:1
sabc	IOK,pIOK|N:1	inc	IOK,pIOK|N:2
sabc	IOK,pIOK|N:1	iv	IOK,pIOK|N:1
sabc	IOK,pIOK|N:1	nv	IOK,NOK,pIOK,pNOK|N:1
sabc	IOK,pIOK|N:1	rng	IOK,pIOK|N:1
sabc	IOK,pIOK|N:1	str	IOK,pIOK,pPOK|N:1
sabc	IOK,pIOK|N:1	utf8	POK,pPOK,UTF8|P:1
sabc	IOK,pIOK|N:2	add	IOK,pIOK|N:2
sabc	IOK,pIOK|N:2	bors	IOK,pIOK|N:2
sabc	IOK,pIOK|N:2	cat0	POK,pPOK|P:2
sabc	IOK,pIOK|N:2	catx	POK,pPOK|P:2x
sabc	IOK,pIOK|N:2	copy	IOK,pIOK|N:2
sabc	IOK,pIOK|N:2	dec	IOK,pIOK|N:1
sabc	IOK,pIOK|N:2	fbors	IOK,pIOK,pPOK|N:2
sabc	IOK,pIOK|N:2	inc	IOK,pIOK|N:3
sabc	IOK,pIOK|N:2	iv	IOK,pIOK|N:2
sabc	IOK,pIOK|N:2	nv	IOK,NOK,pIOK,pNOK|N:2
sabc	IOK,pIOK|N:2	rng	IOK,pIOK|N:2
sabc	IOK,pIOK|N:2	str	IOK,pIOK,pPOK|N:2
sabc	IOK,pIOK|N:2	utf8	POK,pPOK,UTF8|P:2
sabc	NOK,POK,pNOK,pPOK,UTF8|P:-1	add	IOK,NOK,POK,pIOK,pNOK,pPOK,UTF8|P:-1
sabc	NOK,POK,pNOK,pPOK,UTF8|P:-1	bors	IOK,NOK,POK,pIOK,pNOK,pPOK,UTF8|P:-1
sabc	NOK,POK,pNOK,pPOK,UTF8|P:-1	cat0	POK,pPOK,UTF8|P:-1
sabc	NOK,POK,pNOK,pPOK,UTF8|P:-1	catx	POK,pPOK,UTF8|P:-1x
sabc	NOK,POK,pNOK,pPOK,UTF8|P:-1	copy	NOK,POK,pNOK,pPOK,UTF8|P:-1
sabc	NOK,POK,pNOK,pPOK,UTF8|P:-1	dec	NOK,pNOK|N:-2
sabc	NOK,POK,pNOK,pPOK,UTF8|P:-1	fbors	NOK,POK,pNOK,pPOK,UTF8|P:-1
sabc	NOK,POK,pNOK,pPOK,UTF8|P:-1	inc	IOK,pIOK|N:0
sabc	NOK,POK,pNOK,pPOK,UTF8|P:-1	iv	IOK,NOK,POK,pIOK,pNOK,pPOK,UTF8|P:-1
sabc	NOK,POK,pNOK,pPOK,UTF8|P:-1	nv	NOK,POK,pNOK,pPOK,UTF8|P:-1
sabc	NOK,POK,pNOK,pPOK,UTF8|P:-1	rng	IOK,NOK,POK,pIOK,pNOK,pPOK,UTF8|P:-1
sabc	NOK,POK,pNOK,pPOK,UTF8|P:-1	str	NOK,POK,pNOK,pPOK,UTF8|P:-1
sabc	NOK,POK,pNOK,pPOK,UTF8|P:-1	utf8	NOK,POK,pNOK,pPOK,UTF8|P:-1
sabc	NOK,POK,pNOK,pPOK|P:-1	add	IOK,NOK,POK,pIOK,pNOK,pPOK|P:-1
sabc	NOK,POK,pNOK,pPOK|P:-1	bors	IOK,NOK,POK,pIOK,pNOK,pPOK|P:-1
sabc	NOK,POK,pNOK,pPOK|P:-1	cat0	POK,pPOK|P:-1
sabc	NOK,POK,pNOK,pPOK|P:-1	catx	POK,pPOK|P:-1x
sabc	NOK,POK,pNOK,pPOK|P:-1	copy	NOK,POK,pNOK,pPOK|P:-1
sabc	NOK,POK,pNOK,pPOK|P:-1	dec	NOK,pNOK|N:-2
sabc	NOK,POK,pNOK,pPOK|P:-1	fbors	NOK,POK,pNOK,pPOK|P:-1
sabc	NOK,POK,pNOK,pPOK|P:-1	inc	IOK,pIOK|N:0
sabc	NOK,POK,pNOK,pPOK|P:-1	iv	IOK,NOK,POK,pIOK,pNOK,pPOK|P:-1
sabc	NOK,POK,pNOK,pPOK|P:-1	nv	NOK,POK,pNOK,pPOK|P:-1
sabc	NOK,POK,pNOK,pPOK|P:-1	rng	IOK,NOK,POK,pIOK,pNOK,pPOK|P:-1
sabc	NOK,POK,pNOK,pPOK|P:-1	str	NOK,POK,pNOK,pPOK|P:-1
sabc	NOK,POK,pNOK,pPOK|P:-1	utf8	NOK,POK,pNOK,pPOK,UTF8|P:-1
sabc	NOK,pNOK|N:-1	add	IOK,NOK,pIOK,pNOK|N:-1
sabc	NOK,pNOK|N:-1	bors	IOK,NOK,pIOK,pNOK|N:-1
sabc	NOK,pNOK|N:-1	cat0	POK,pPOK|P:-1
sabc	NOK,pNOK|N:-1	catx	POK,pPOK|P:-1x
sabc	NOK,pNOK|N:-1	copy	NOK,pNOK|N:-1
sabc	NOK,pNOK|N:-1	dec	NOK,pNOK|N:-2
sabc	NOK,pNOK|N:-1	fbors	NOK,pNOK|N:-1
sabc	NOK,pNOK|N:-1	inc	IOK,pIOK|N:0
sabc	NOK,pNOK|N:-1	iv	IOK,NOK,pIOK,pNOK|N:-1
sabc	NOK,pNOK|N:-1	nv	NOK,pNOK|N:-1
sabc	NOK,pNOK|N:-1	rng	IOK,NOK,pIOK,pNOK|N:-1
sabc	NOK,pNOK|N:-1	str	NOK,pNOK|N:-1
sabc	NOK,pNOK|N:-1	utf8	POK,pPOK,UTF8|P:-1
sabc	NOK,pNOK|N:-2	add	IOK,NOK,pIOK,pNOK|N:-2
sabc	NOK,pNOK|N:-2	bors	IOK,NOK,pIOK,pNOK|N:-2
sabc	NOK,pNOK|N:-2	cat0	POK,pPOK|P:-2
sabc	NOK,pNOK|N:-2	catx	POK,pPOK|P:-2x
sabc	NOK,pNOK|N:-2	copy	NOK,pNOK|N:-2
sabc	NOK,pNOK|N:-2	dec	NOK,pNOK|N:-3
sabc	NOK,pNOK|N:-2	fbors	NOK,pNOK|N:-2
sabc	NOK,pNOK|N:-2	inc	IOK,pIOK|N:-1
sabc	NOK,pNOK|N:-2	iv	IOK,NOK,pIOK,pNOK|N:-2
sabc	NOK,pNOK|N:-2	nv	NOK,pNOK|N:-2
sabc	NOK,pNOK|N:-2	rng	IOK,NOK,pIOK,pNOK|N:-2
sabc	NOK,pNOK|N:-2	str	NOK,pNOK|N:-2
sabc	NOK,pNOK|N:-2	utf8	POK,pPOK,UTF8|P:-2
sabc	NOK,pNOK|N:-3	add	IOK,NOK,pIOK,pNOK|N:-3
sabc	NOK,pNOK|N:-3	bors	IOK,NOK,pIOK,pNOK|N:-3
sabc	NOK,pNOK|N:-3	cat0	POK,pPOK|P:-3
sabc	NOK,pNOK|N:-3	catx	POK,pPOK|P:-3x
sabc	NOK,pNOK|N:-3	copy	NOK,pNOK|N:-3
sabc	NOK,pNOK|N:-3	dec	NOK,pNOK|N:-4
sabc	NOK,pNOK|N:-3	fbors	NOK,pNOK|N:-3
sabc	NOK,pNOK|N:-3	inc	IOK,pIOK|N:-2
sabc	NOK,pNOK|N:-3	iv	IOK,NOK,pIOK,pNOK|N:-3
sabc	NOK,pNOK|N:-3	nv	NOK,pNOK|N:-3
sabc	NOK,pNOK|N:-3	rng	IOK,NOK,pIOK,pNOK|N:-3
sabc	NOK,pNOK|N:-3	str	NOK,pNOK|N:-3
sabc	NOK,pNOK|N:-3	utf8	POK,pPOK,UTF8|P:-3
sabc	NOK,pNOK|N:0	add	IOK,NOK,pIOK,pNOK|N:0
sabc	NOK,pNOK|N:0	bors	IOK,NOK,pIOK,pNOK|N:0
sabc	NOK,pNOK|N:0	cat0	POK,pPOK|P:0
sabc	NOK,pNOK|N:0	catx	POK,pPOK|P:0x
sabc	NOK,pNOK|N:0	copy	NOK,pNOK|N:0
sabc	NOK,pNOK|N:0	dec	NOK,pNOK|N:-1
sabc	NOK,pNOK|N:0	fbors	NOK,pNOK|N:0
sabc	NOK,pNOK|N:0	inc	IOK,pIOK|N:1
sabc	NOK,pNOK|N:0	iv	IOK,NOK,pIOK,pNOK|N:0
sabc	NOK,pNOK|N:0	nv	NOK,pNOK|N:0
sabc	NOK,pNOK|N:0	rng	IOK,NOK,pIOK,pNOK|N:0
sabc	NOK,pNOK|N:0	str	NOK,pNOK|N:0
sabc	NOK,pNOK|N:0	utf8	POK,pPOK,UTF8|P:0
sabc	NOK,pNOK|N:1	add	IOK,NOK,pIOK,pNOK|N:1
sabc	NOK,pNOK|N:1	bors	IOK,NOK,pIOK,pNOK|N:1
sabc	NOK,pNOK|N:1	cat0	POK,pPOK|P:1
sabc	NOK,pNOK|N:1	catx	POK,pPOK|P:1x
sabc	NOK,pNOK|N:1	copy	NOK,pNOK|N:1
sabc	NOK,pNOK|N:1	dec	NOK,pNOK|N:0
sabc	NOK,pNOK|N:1	fbors	NOK,pNOK|N:1
sabc	NOK,pNOK|N:1	inc	IOK,pIOK|N:2
sabc	NOK,pNOK|N:1	iv	IOK,NOK,pIOK,pNOK|N:1
sabc	NOK,pNOK|N:1	nv	NOK,pNOK|N:1
sabc	NOK,pNOK|N:1	rng	IOK,NOK,pIOK,pNOK|N:1
sabc	NOK,pNOK|N:1	str	NOK,pNOK|N:1
sabc	NOK,pNOK|N:1	utf8	POK,pPOK,UTF8|P:1
sabc	POK,pIOK,pNOK,pPOK,UTF8|P:abc	add	POK,pIOK,pNOK,pPOK,UTF8|P:abc
sabc	POK,pIOK,pNOK,pPOK,UTF8|P:abc	bors	POK,pIOK,pNOK,pPOK,UTF8|P:abc
sabc	POK,pIOK,pNOK,pPOK,UTF8|P:abc	cat0	POK,pIOK,pNOK,pPOK,UTF8|P:abc
sabc	POK,pIOK,pNOK,pPOK,UTF8|P:abc	catx	POK,pIOK,pNOK,pPOK,UTF8|P:abcx
sabc	POK,pIOK,pNOK,pPOK,UTF8|P:abc	copy	POK,pIOK,pNOK,pPOK,UTF8|P:abc
sabc	POK,pIOK,pNOK,pPOK,UTF8|P:abc	dec	NOK,pNOK|N:-1
sabc	POK,pIOK,pNOK,pPOK,UTF8|P:abc	fbors	POK,pIOK,pNOK,pPOK,UTF8|P:abc
sabc	POK,pIOK,pNOK,pPOK,UTF8|P:abc	inc	NOK,pNOK|N:1
sabc	POK,pIOK,pNOK,pPOK,UTF8|P:abc	iv	POK,pIOK,pNOK,pPOK,UTF8|P:abc
sabc	POK,pIOK,pNOK,pPOK,UTF8|P:abc	nv	POK,pIOK,pNOK,pPOK,UTF8|P:abc
sabc	POK,pIOK,pNOK,pPOK,UTF8|P:abc	rng	POK,pIOK,pNOK,pPOK,UTF8|P:abc
sabc	POK,pIOK,pNOK,pPOK,UTF8|P:abc	str	POK,pIOK,pNOK,pPOK,UTF8|P:abc
sabc	POK,pIOK,pNOK,pPOK,UTF8|P:abc	utf8	POK,pIOK,pNOK,pPOK,UTF8|P:abc
sabc	POK,pIOK,pNOK,pPOK,UTF8|P:abcx	add	POK,pIOK,pNOK,pPOK,UTF8|P:abcx
sabc	POK,pIOK,pNOK,pPOK,UTF8|P:abcx	bors	POK,pIOK,pNOK,pPOK,UTF8|P:abcx
sabc	POK,pIOK,pNOK,pPOK,UTF8|P:abcx	cat0	POK,pIOK,pNOK,pPOK,UTF8|P:abcx
sabc	POK,pIOK,pNOK,pPOK,UTF8|P:abcx	catx	POK,pIOK,pNOK,pPOK,UTF8|P:abcxx
sabc	POK,pIOK,pNOK,pPOK,UTF8|P:abcx	copy	POK,pIOK,pNOK,pPOK,UTF8|P:abcx
sabc	POK,pIOK,pNOK,pPOK,UTF8|P:abcx	dec	NOK,pNOK|N:-1
sabc	POK,pIOK,pNOK,pPOK,UTF8|P:abcx	fbors	POK,pIOK,pNOK,pPOK,UTF8|P:abcx
sabc	POK,pIOK,pNOK,pPOK,UTF8|P:abcx	inc	NOK,pNOK|N:1
sabc	POK,pIOK,pNOK,pPOK,UTF8|P:abcx	iv	POK,pIOK,pNOK,pPOK,UTF8|P:abcx
sabc	POK,pIOK,pNOK,pPOK,UTF8|P:abcx	nv	POK,pIOK,pNOK,pPOK,UTF8|P:abcx
sabc	POK,pIOK,pNOK,pPOK,UTF8|P:abcx	rng	POK,pIOK,pNOK,pPOK,UTF8|P:abcx
sabc	POK,pIOK,pNOK,pPOK,UTF8|P:abcx	str	POK,pIOK,pNOK,pPOK,UTF8|P:abcx
sabc	POK,pIOK,pNOK,pPOK,UTF8|P:abcx	utf8	POK,pIOK,pNOK,pPOK,UTF8|P:abcx
sabc	POK,pIOK,pNOK,pPOK,UTF8|P:abd	add	POK,pIOK,pNOK,pPOK,UTF8|P:abd
sabc	POK,pIOK,pNOK,pPOK,UTF8|P:abd	bors	POK,pIOK,pNOK,pPOK,UTF8|P:abd
sabc	POK,pIOK,pNOK,pPOK,UTF8|P:abd	cat0	POK,pIOK,pNOK,pPOK,UTF8|P:abd
sabc	POK,pIOK,pNOK,pPOK,UTF8|P:abd	catx	POK,pIOK,pNOK,pPOK,UTF8|P:abdx
sabc	POK,pIOK,pNOK,pPOK,UTF8|P:abd	copy	POK,pIOK,pNOK,pPOK,UTF8|P:abd
sabc	POK,pIOK,pNOK,pPOK,UTF8|P:abd	dec	NOK,pNOK|N:-1
sabc	POK,pIOK,pNOK,pPOK,UTF8|P:abd	fbors	POK,pIOK,pNOK,pPOK,UTF8|P:abd
sabc	POK,pIOK,pNOK,pPOK,UTF8|P:abd	inc	NOK,pNOK|N:1
sabc	POK,pIOK,pNOK,pPOK,UTF8|P:abd	iv	POK,pIOK,pNOK,pPOK,UTF8|P:abd
sabc	POK,pIOK,pNOK,pPOK,UTF8|P:abd	nv	POK,pIOK,pNOK,pPOK,UTF8|P:abd
sabc	POK,pIOK,pNOK,pPOK,UTF8|P:abd	rng	POK,pIOK,pNOK,pPOK,UTF8|P:abd
sabc	POK,pIOK,pNOK,pPOK,UTF8|P:abd	str	POK,pIOK,pNOK,pPOK,UTF8|P:abd
sabc	POK,pIOK,pNOK,pPOK,UTF8|P:abd	utf8	POK,pIOK,pNOK,pPOK,UTF8|P:abd
sabc	POK,pIOK,pNOK,pPOK|P:-1x	add	POK,pIOK,pNOK,pPOK|P:-1x
sabc	POK,pIOK,pNOK,pPOK|P:-1x	bors	POK,pIOK,pNOK,pPOK|P:-1x
sabc	POK,pIOK,pNOK,pPOK|P:-1x	cat0	POK,pIOK,pNOK,pPOK|P:-1x
sabc	POK,pIOK,pNOK,pPOK|P:-1x	catx	POK,pIOK,pNOK,pPOK|P:-1xx
sabc	POK,pIOK,pNOK,pPOK|P:-1x	copy	POK,pIOK,pNOK,pPOK|P:-1x
sabc	POK,pIOK,pNOK,pPOK|P:-1x	dec	NOK,pNOK|N:-2
sabc	POK,pIOK,pNOK,pPOK|P:-1x	fbors	POK,pIOK,pNOK,pPOK|P:-1x
sabc	POK,pIOK,pNOK,pPOK|P:-1x	inc	NOK,pNOK|N:0
sabc	POK,pIOK,pNOK,pPOK|P:-1x	iv	POK,pIOK,pNOK,pPOK|P:-1x
sabc	POK,pIOK,pNOK,pPOK|P:-1x	nv	POK,pIOK,pNOK,pPOK|P:-1x
sabc	POK,pIOK,pNOK,pPOK|P:-1x	rng	POK,pIOK,pNOK,pPOK|P:-1x
sabc	POK,pIOK,pNOK,pPOK|P:-1x	str	POK,pIOK,pNOK,pPOK|P:-1x
sabc	POK,pIOK,pNOK,pPOK|P:-1x	utf8	POK,pIOK,pNOK,pPOK,UTF8|P:-1x
sabc	POK,pIOK,pNOK,pPOK|P:abc	add	POK,pIOK,pNOK,pPOK|P:abc
sabc	POK,pIOK,pNOK,pPOK|P:abc	bors	POK,pIOK,pNOK,pPOK|P:abc
sabc	POK,pIOK,pNOK,pPOK|P:abc	cat0	POK,pPOK|P:abc
sabc	POK,pIOK,pNOK,pPOK|P:abc	catx	POK,pPOK|P:abcx
sabc	POK,pIOK,pNOK,pPOK|P:abc	copy	POK,pIOK,pNOK,pPOK|P:abc
sabc	POK,pIOK,pNOK,pPOK|P:abc	dec	NOK,pNOK|N:-1
sabc	POK,pIOK,pNOK,pPOK|P:abc	fbors	POK,pIOK,pNOK,pPOK|P:abc
sabc	POK,pIOK,pNOK,pPOK|P:abc	inc	NOK,pNOK|N:1
sabc	POK,pIOK,pNOK,pPOK|P:abc	iv	POK,pIOK,pNOK,pPOK|P:abc
sabc	POK,pIOK,pNOK,pPOK|P:abc	nv	POK,pIOK,pNOK,pPOK|P:abc
sabc	POK,pIOK,pNOK,pPOK|P:abc	rng	POK,pIOK,pNOK,pPOK|P:abc
sabc	POK,pIOK,pNOK,pPOK|P:abc	str	POK,pIOK,pNOK,pPOK|P:abc
sabc	POK,pIOK,pNOK,pPOK|P:abc	utf8	POK,pIOK,pNOK,pPOK,UTF8|P:abc
sabc	POK,pIOK,pNOK,pPOK|P:abcx	add	POK,pIOK,pNOK,pPOK|P:abcx
sabc	POK,pIOK,pNOK,pPOK|P:abcx	bors	POK,pIOK,pNOK,pPOK|P:abcx
sabc	POK,pIOK,pNOK,pPOK|P:abcx	cat0	POK,pIOK,pNOK,pPOK|P:abcx
sabc	POK,pIOK,pNOK,pPOK|P:abcx	catx	POK,pIOK,pNOK,pPOK|P:abcxx
sabc	POK,pIOK,pNOK,pPOK|P:abcx	copy	POK,pIOK,pNOK,pPOK|P:abcx
sabc	POK,pIOK,pNOK,pPOK|P:abcx	dec	NOK,pNOK|N:-1
sabc	POK,pIOK,pNOK,pPOK|P:abcx	fbors	POK,pIOK,pNOK,pPOK|P:abcx
sabc	POK,pIOK,pNOK,pPOK|P:abcx	inc	NOK,pNOK|N:1
sabc	POK,pIOK,pNOK,pPOK|P:abcx	iv	POK,pIOK,pNOK,pPOK|P:abcx
sabc	POK,pIOK,pNOK,pPOK|P:abcx	nv	POK,pIOK,pNOK,pPOK|P:abcx
sabc	POK,pIOK,pNOK,pPOK|P:abcx	rng	POK,pIOK,pNOK,pPOK|P:abcx
sabc	POK,pIOK,pNOK,pPOK|P:abcx	str	POK,pIOK,pNOK,pPOK|P:abcx
sabc	POK,pIOK,pNOK,pPOK|P:abcx	utf8	POK,pIOK,pNOK,pPOK,UTF8|P:abcx
sabc	POK,pIOK,pNOK,pPOK|P:abcxx	add	POK,pIOK,pNOK,pPOK|P:abcxx
sabc	POK,pIOK,pNOK,pPOK|P:abcxx	bors	POK,pIOK,pNOK,pPOK|P:abcxx
sabc	POK,pIOK,pNOK,pPOK|P:abcxx	cat0	POK,pIOK,pNOK,pPOK|P:abcxx
sabc	POK,pIOK,pNOK,pPOK|P:abcxx	catx	POK,pIOK,pNOK,pPOK|P:abcxxx
sabc	POK,pIOK,pNOK,pPOK|P:abcxx	copy	POK,pIOK,pNOK,pPOK|P:abcxx
sabc	POK,pIOK,pNOK,pPOK|P:abcxx	dec	NOK,pNOK|N:-1
sabc	POK,pIOK,pNOK,pPOK|P:abcxx	fbors	POK,pIOK,pNOK,pPOK|P:abcxx
sabc	POK,pIOK,pNOK,pPOK|P:abcxx	inc	NOK,pNOK|N:1
sabc	POK,pIOK,pNOK,pPOK|P:abcxx	iv	POK,pIOK,pNOK,pPOK|P:abcxx
sabc	POK,pIOK,pNOK,pPOK|P:abcxx	nv	POK,pIOK,pNOK,pPOK|P:abcxx
sabc	POK,pIOK,pNOK,pPOK|P:abcxx	rng	POK,pIOK,pNOK,pPOK|P:abcxx
sabc	POK,pIOK,pNOK,pPOK|P:abcxx	str	POK,pIOK,pNOK,pPOK|P:abcxx
sabc	POK,pIOK,pNOK,pPOK|P:abcxx	utf8	POK,pIOK,pNOK,pPOK,UTF8|P:abcxx
sabc	POK,pIOK,pNOK,pPOK|P:abcy	add	POK,pIOK,pNOK,pPOK|P:abcy
sabc	POK,pIOK,pNOK,pPOK|P:abcy	bors	POK,pIOK,pNOK,pPOK|P:abcy
sabc	POK,pIOK,pNOK,pPOK|P:abcy	cat0	POK,pIOK,pNOK,pPOK|P:abcy
sabc	POK,pIOK,pNOK,pPOK|P:abcy	catx	POK,pIOK,pNOK,pPOK|P:abcyx
sabc	POK,pIOK,pNOK,pPOK|P:abcy	copy	POK,pIOK,pNOK,pPOK|P:abcy
sabc	POK,pIOK,pNOK,pPOK|P:abcy	dec	NOK,pNOK|N:-1
sabc	POK,pIOK,pNOK,pPOK|P:abcy	fbors	POK,pIOK,pNOK,pPOK|P:abcy
sabc	POK,pIOK,pNOK,pPOK|P:abcy	inc	NOK,pNOK|N:1
sabc	POK,pIOK,pNOK,pPOK|P:abcy	iv	POK,pIOK,pNOK,pPOK|P:abcy
sabc	POK,pIOK,pNOK,pPOK|P:abcy	nv	POK,pIOK,pNOK,pPOK|P:abcy
sabc	POK,pIOK,pNOK,pPOK|P:abcy	rng	POK,pIOK,pNOK,pPOK|P:abcy
sabc	POK,pIOK,pNOK,pPOK|P:abcy	str	POK,pIOK,pNOK,pPOK|P:abcy
sabc	POK,pIOK,pNOK,pPOK|P:abcy	utf8	POK,pIOK,pNOK,pPOK,UTF8|P:abcy
sabc	POK,pIOK,pNOK,pPOK|P:abd	add	POK,pIOK,pNOK,pPOK|P:abd
sabc	POK,pIOK,pNOK,pPOK|P:abd	bors	POK,pIOK,pNOK,pPOK|P:abd
sabc	POK,pIOK,pNOK,pPOK|P:abd	cat0	POK,pIOK,pNOK,pPOK|P:abd
sabc	POK,pIOK,pNOK,pPOK|P:abd	catx	POK,pIOK,pNOK,pPOK|P:abdx
sabc	POK,pIOK,pNOK,pPOK|P:abd	copy	POK,pIOK,pNOK,pPOK|P:abd
sabc	POK,pIOK,pNOK,pPOK|P:abd	dec	NOK,pNOK|N:-1
sabc	POK,pIOK,pNOK,pPOK|P:abd	fbors	POK,pIOK,pNOK,pPOK|P:abd
sabc	POK,pIOK,pNOK,pPOK|P:abd	inc	NOK,pNOK|N:1
sabc	POK,pIOK,pNOK,pPOK|P:abd	iv	POK,pIOK,pNOK,pPOK|P:abd
sabc	POK,pIOK,pNOK,pPOK|P:abd	nv	POK,pIOK,pNOK,pPOK|P:abd
sabc	POK,pIOK,pNOK,pPOK|P:abd	rng	POK,pIOK,pNOK,pPOK|P:abd
sabc	POK,pIOK,pNOK,pPOK|P:abd	str	POK,pIOK,pNOK,pPOK|P:abd
sabc	POK,pIOK,pNOK,pPOK|P:abd	utf8	POK,pIOK,pNOK,pPOK,UTF8|P:abd
sabc	POK,pIOK,pNOK,pPOK|P:abdx	add	POK,pIOK,pNOK,pPOK|P:abdx
sabc	POK,pIOK,pNOK,pPOK|P:abdx	bors	POK,pIOK,pNOK,pPOK|P:abdx
sabc	POK,pIOK,pNOK,pPOK|P:abdx	cat0	POK,pIOK,pNOK,pPOK|P:abdx
sabc	POK,pIOK,pNOK,pPOK|P:abdx	catx	POK,pIOK,pNOK,pPOK|P:abdxx
sabc	POK,pIOK,pNOK,pPOK|P:abdx	copy	POK,pIOK,pNOK,pPOK|P:abdx
sabc	POK,pIOK,pNOK,pPOK|P:abdx	dec	NOK,pNOK|N:-1
sabc	POK,pIOK,pNOK,pPOK|P:abdx	fbors	POK,pIOK,pNOK,pPOK|P:abdx
sabc	POK,pIOK,pNOK,pPOK|P:abdx	inc	NOK,pNOK|N:1
sabc	POK,pIOK,pNOK,pPOK|P:abdx	iv	POK,pIOK,pNOK,pPOK|P:abdx
sabc	POK,pIOK,pNOK,pPOK|P:abdx	nv	POK,pIOK,pNOK,pPOK|P:abdx
sabc	POK,pIOK,pNOK,pPOK|P:abdx	rng	POK,pIOK,pNOK,pPOK|P:abdx
sabc	POK,pIOK,pNOK,pPOK|P:abdx	str	POK,pIOK,pNOK,pPOK|P:abdx
sabc	POK,pIOK,pNOK,pPOK|P:abdx	utf8	POK,pIOK,pNOK,pPOK,UTF8|P:abdx
sabc	POK,pIOK,pNOK,pPOK|P:abe	add	POK,pIOK,pNOK,pPOK|P:abe
sabc	POK,pIOK,pNOK,pPOK|P:abe	bors	POK,pIOK,pNOK,pPOK|P:abe
sabc	POK,pIOK,pNOK,pPOK|P:abe	cat0	POK,pIOK,pNOK,pPOK|P:abe
sabc	POK,pIOK,pNOK,pPOK|P:abe	catx	POK,pIOK,pNOK,pPOK|P:abex
sabc	POK,pIOK,pNOK,pPOK|P:abe	copy	POK,pIOK,pNOK,pPOK|P:abe
sabc	POK,pIOK,pNOK,pPOK|P:abe	dec	NOK,pNOK|N:-1
sabc	POK,pIOK,pNOK,pPOK|P:abe	fbors	POK,pIOK,pNOK,pPOK|P:abe
sabc	POK,pIOK,pNOK,pPOK|P:abe	inc	NOK,pNOK|N:1
sabc	POK,pIOK,pNOK,pPOK|P:abe	iv	POK,pIOK,pNOK,pPOK|P:abe
sabc	POK,pIOK,pNOK,pPOK|P:abe	nv	POK,pIOK,pNOK,pPOK|P:abe
sabc	POK,pIOK,pNOK,pPOK|P:abe	rng	POK,pIOK,pNOK,pPOK|P:abe
sabc	POK,pIOK,pNOK,pPOK|P:abe	str	POK,pIOK,pNOK,pPOK|P:abe
sabc	POK,pIOK,pNOK,pPOK|P:abe	utf8	POK,pIOK,pNOK,pPOK,UTF8|P:abe
sabc	POK,pNOK,pPOK,UTF8|P:abc	add	POK,pIOK,pNOK,pPOK,UTF8|P:abc
sabc	POK,pNOK,pPOK,UTF8|P:abc	bors	POK,pIOK,pNOK,pPOK,UTF8|P:abc
sabc	POK,pNOK,pPOK,UTF8|P:abc	cat0	POK,pNOK,pPOK,UTF8|P:abc
sabc	POK,pNOK,pPOK,UTF8|P:abc	catx	POK,pNOK,pPOK,UTF8|P:abcx
sabc	POK,pNOK,pPOK,UTF8|P:abc	copy	POK,pNOK,pPOK,UTF8|P:abc
sabc	POK,pNOK,pPOK,UTF8|P:abc	dec	NOK,pNOK|N:-1
sabc	POK,pNOK,pPOK,UTF8|P:abc	fbors	POK,pNOK,pPOK,UTF8|P:abc
sabc	POK,pNOK,pPOK,UTF8|P:abc	inc	NOK,pNOK|N:1
sabc	POK,pNOK,pPOK,UTF8|P:abc	iv	POK,pIOK,pNOK,pPOK,UTF8|P:abc
sabc	POK,pNOK,pPOK,UTF8|P:abc	nv	POK,pNOK,pPOK,UTF8|P:abc
sabc	POK,pNOK,pPOK,UTF8|P:abc	rng	POK,pIOK,pNOK,pPOK,UTF8|P:abc
sabc	POK,pNOK,pPOK,UTF8|P:abc	str	POK,pNOK,pPOK,UTF8|P:abc
sabc	POK,pNOK,pPOK,UTF8|P:abc	utf8	POK,pNOK,pPOK,UTF8|P:abc
sabc	POK,pNOK,pPOK,UTF8|P:abcx	add	POK,pIOK,pNOK,pPOK,UTF8|P:abcx
sabc	POK,pNOK,pPOK,UTF8|P:abcx	bors	POK,pIOK,pNOK,pPOK,UTF8|P:abcx
sabc	POK,pNOK,pPOK,UTF8|P:abcx	cat0	POK,pNOK,pPOK,UTF8|P:abcx
sabc	POK,pNOK,pPOK,UTF8|P:abcx	catx	POK,pNOK,pPOK,UTF8|P:abcxx
sabc	POK,pNOK,pPOK,UTF8|P:abcx	copy	POK,pNOK,pPOK,UTF8|P:abcx
sabc	POK,pNOK,pPOK,UTF8|P:abcx	dec	NOK,pNOK|N:-1
sabc	POK,pNOK,pPOK,UTF8|P:abcx	fbors	POK,pNOK,pPOK,UTF8|P:abcx
sabc	POK,pNOK,pPOK,UTF8|P:abcx	inc	NOK,pNOK|N:1
sabc	POK,pNOK,pPOK,UTF8|P:abcx	iv	POK,pIOK,pNOK,pPOK,UTF8|P:abcx
sabc	POK,pNOK,pPOK,UTF8|P:abcx	nv	POK,pNOK,pPOK,UTF8|P:abcx
sabc	POK,pNOK,pPOK,UTF8|P:abcx	rng	POK,pIOK,pNOK,pPOK,UTF8|P:abcx
sabc	POK,pNOK,pPOK,UTF8|P:abcx	str	POK,pNOK,pPOK,UTF8|P:abcx
sabc	POK,pNOK,pPOK,UTF8|P:abcx	utf8	POK,pNOK,pPOK,UTF8|P:abcx
sabc	POK,pNOK,pPOK,UTF8|P:abd	add	POK,pIOK,pNOK,pPOK,UTF8|P:abd
sabc	POK,pNOK,pPOK,UTF8|P:abd	bors	POK,pIOK,pNOK,pPOK,UTF8|P:abd
sabc	POK,pNOK,pPOK,UTF8|P:abd	cat0	POK,pNOK,pPOK,UTF8|P:abd
sabc	POK,pNOK,pPOK,UTF8|P:abd	catx	POK,pNOK,pPOK,UTF8|P:abdx
sabc	POK,pNOK,pPOK,UTF8|P:abd	copy	POK,pNOK,pPOK,UTF8|P:abd
sabc	POK,pNOK,pPOK,UTF8|P:abd	dec	NOK,pNOK|N:-1
sabc	POK,pNOK,pPOK,UTF8|P:abd	fbors	POK,pNOK,pPOK,UTF8|P:abd
sabc	POK,pNOK,pPOK,UTF8|P:abd	inc	NOK,pNOK|N:1
sabc	POK,pNOK,pPOK,UTF8|P:abd	iv	POK,pIOK,pNOK,pPOK,UTF8|P:abd
sabc	POK,pNOK,pPOK,UTF8|P:abd	nv	POK,pNOK,pPOK,UTF8|P:abd
sabc	POK,pNOK,pPOK,UTF8|P:abd	rng	POK,pIOK,pNOK,pPOK,UTF8|P:abd
sabc	POK,pNOK,pPOK,UTF8|P:abd	str	POK,pNOK,pPOK,UTF8|P:abd
sabc	POK,pNOK,pPOK,UTF8|P:abd	utf8	POK,pNOK,pPOK,UTF8|P:abd
sabc	POK,pNOK,pPOK|P:-1x	add	POK,pIOK,pNOK,pPOK|P:-1x
sabc	POK,pNOK,pPOK|P:-1x	bors	POK,pIOK,pNOK,pPOK|P:-1x
sabc	POK,pNOK,pPOK|P:-1x	cat0	POK,pNOK,pPOK|P:-1x
sabc	POK,pNOK,pPOK|P:-1x	catx	POK,pNOK,pPOK|P:-1xx
sabc	POK,pNOK,pPOK|P:-1x	copy	POK,pNOK,pPOK|P:-1x
sabc	POK,pNOK,pPOK|P:-1x	dec	NOK,pNOK|N:-2
sabc	POK,pNOK,pPOK|P:-1x	fbors	POK,pNOK,pPOK|P:-1x
sabc	POK,pNOK,pPOK|P:-1x	inc	NOK,pNOK|N:0
sabc	POK,pNOK,pPOK|P:-1x	iv	POK,pIOK,pNOK,pPOK|P:-1x
sabc	POK,pNOK,pPOK|P:-1x	nv	POK,pNOK,pPOK|P:-1x
sabc	POK,pNOK,pPOK|P:-1x	rng	POK,pIOK,pNOK,pPOK|P:-1x
sabc	POK,pNOK,pPOK|P:-1x	str	POK,pNOK,pPOK|P:-1x
sabc	POK,pNOK,pPOK|P:-1x	utf8	POK,pNOK,pPOK,UTF8|P:-1x
sabc	POK,pNOK,pPOK|P:abc	add	POK,pIOK,pNOK,pPOK|P:abc
sabc	POK,pNOK,pPOK|P:abc	bors	POK,pIOK,pNOK,pPOK|P:abc
sabc	POK,pNOK,pPOK|P:abc	cat0	POK,pPOK|P:abc
sabc	POK,pNOK,pPOK|P:abc	catx	POK,pPOK|P:abcx
sabc	POK,pNOK,pPOK|P:abc	copy	POK,pNOK,pPOK|P:abc
sabc	POK,pNOK,pPOK|P:abc	dec	NOK,pNOK|N:-1
sabc	POK,pNOK,pPOK|P:abc	fbors	POK,pNOK,pPOK|P:abc
sabc	POK,pNOK,pPOK|P:abc	inc	NOK,pNOK|N:1
sabc	POK,pNOK,pPOK|P:abc	iv	POK,pIOK,pNOK,pPOK|P:abc
sabc	POK,pNOK,pPOK|P:abc	nv	POK,pNOK,pPOK|P:abc
sabc	POK,pNOK,pPOK|P:abc	rng	POK,pIOK,pNOK,pPOK|P:abc
sabc	POK,pNOK,pPOK|P:abc	str	POK,pNOK,pPOK|P:abc
sabc	POK,pNOK,pPOK|P:abc	utf8	POK,pNOK,pPOK,UTF8|P:abc
sabc	POK,pNOK,pPOK|P:abcx	add	POK,pIOK,pNOK,pPOK|P:abcx
sabc	POK,pNOK,pPOK|P:abcx	bors	POK,pIOK,pNOK,pPOK|P:abcx
sabc	POK,pNOK,pPOK|P:abcx	cat0	POK,pNOK,pPOK|P:abcx
sabc	POK,pNOK,pPOK|P:abcx	catx	POK,pNOK,pPOK|P:abcxx
sabc	POK,pNOK,pPOK|P:abcx	copy	POK,pNOK,pPOK|P:abcx
sabc	POK,pNOK,pPOK|P:abcx	dec	NOK,pNOK|N:-1
sabc	POK,pNOK,pPOK|P:abcx	fbors	POK,pNOK,pPOK|P:abcx
sabc	POK,pNOK,pPOK|P:abcx	inc	NOK,pNOK|N:1
sabc	POK,pNOK,pPOK|P:abcx	iv	POK,pIOK,pNOK,pPOK|P:abcx
sabc	POK,pNOK,pPOK|P:abcx	nv	POK,pNOK,pPOK|P:abcx
sabc	POK,pNOK,pPOK|P:abcx	rng	POK,pIOK,pNOK,pPOK|P:abcx
sabc	POK,pNOK,pPOK|P:abcx	str	POK,pNOK,pPOK|P:abcx
sabc	POK,pNOK,pPOK|P:abcx	utf8	POK,pNOK,pPOK,UTF8|P:abcx
sabc	POK,pNOK,pPOK|P:abcxx	add	POK,pIOK,pNOK,pPOK|P:abcxx
sabc	POK,pNOK,pPOK|P:abcxx	bors	POK,pIOK,pNOK,pPOK|P:abcxx
sabc	POK,pNOK,pPOK|P:abcxx	cat0	POK,pNOK,pPOK|P:abcxx
sabc	POK,pNOK,pPOK|P:abcxx	catx	POK,pNOK,pPOK|P:abcxxx
sabc	POK,pNOK,pPOK|P:abcxx	copy	POK,pNOK,pPOK|P:abcxx
sabc	POK,pNOK,pPOK|P:abcxx	dec	NOK,pNOK|N:-1
sabc	POK,pNOK,pPOK|P:abcxx	fbors	POK,pNOK,pPOK|P:abcxx
sabc	POK,pNOK,pPOK|P:abcxx	inc	NOK,pNOK|N:1
sabc	POK,pNOK,pPOK|P:abcxx	iv	POK,pIOK,pNOK,pPOK|P:abcxx
sabc	POK,pNOK,pPOK|P:abcxx	nv	POK,pNOK,pPOK|P:abcxx
sabc	POK,pNOK,pPOK|P:abcxx	rng	POK,pIOK,pNOK,pPOK|P:abcxx
sabc	POK,pNOK,pPOK|P:abcxx	str	POK,pNOK,pPOK|P:abcxx
sabc	POK,pNOK,pPOK|P:abcxx	utf8	POK,pNOK,pPOK,UTF8|P:abcxx
sabc	POK,pNOK,pPOK|P:abcy	add	POK,pIOK,pNOK,pPOK|P:abcy
sabc	POK,pNOK,pPOK|P:abcy	bors	POK,pIOK,pNOK,pPOK|P:abcy
sabc	POK,pNOK,pPOK|P:abcy	cat0	POK,pNOK,pPOK|P:abcy
sabc	POK,pNOK,pPOK|P:abcy	catx	POK,pNOK,pPOK|P:abcyx
sabc	POK,pNOK,pPOK|P:abcy	copy	POK,pNOK,pPOK|P:abcy
sabc	POK,pNOK,pPOK|P:abcy	dec	NOK,pNOK|N:-1
sabc	POK,pNOK,pPOK|P:abcy	fbors	POK,pNOK,pPOK|P:abcy
sabc	POK,pNOK,pPOK|P:abcy	inc	NOK,pNOK|N:1
sabc	POK,pNOK,pPOK|P:abcy	iv	POK,pIOK,pNOK,pPOK|P:abcy
sabc	POK,pNOK,pPOK|P:abcy	nv	POK,pNOK,pPOK|P:abcy
sabc	POK,pNOK,pPOK|P:abcy	rng	POK,pIOK,pNOK,pPOK|P:abcy
sabc	POK,pNOK,pPOK|P:abcy	str	POK,pNOK,pPOK|P:abcy
sabc	POK,pNOK,pPOK|P:abcy	utf8	POK,pNOK,pPOK,UTF8|P:abcy
sabc	POK,pNOK,pPOK|P:abd	add	POK,pIOK,pNOK,pPOK|P:abd
sabc	POK,pNOK,pPOK|P:abd	bors	POK,pIOK,pNOK,pPOK|P:abd
sabc	POK,pNOK,pPOK|P:abd	cat0	POK,pNOK,pPOK|P:abd
sabc	POK,pNOK,pPOK|P:abd	catx	POK,pNOK,pPOK|P:abdx
sabc	POK,pNOK,pPOK|P:abd	copy	POK,pNOK,pPOK|P:abd
sabc	POK,pNOK,pPOK|P:abd	dec	NOK,pNOK|N:-1
sabc	POK,pNOK,pPOK|P:abd	fbors	POK,pNOK,pPOK|P:abd
sabc	POK,pNOK,pPOK|P:abd	inc	NOK,pNOK|N:1
sabc	POK,pNOK,pPOK|P:abd	iv	POK,pIOK,pNOK,pPOK|P:abd
sabc	POK,pNOK,pPOK|P:abd	nv	POK,pNOK,pPOK|P:abd
sabc	POK,pNOK,pPOK|P:abd	rng	POK,pIOK,pNOK,pPOK|P:abd
sabc	POK,pNOK,pPOK|P:abd	str	POK,pNOK,pPOK|P:abd
sabc	POK,pNOK,pPOK|P:abd	utf8	POK,pNOK,pPOK,UTF8|P:abd
sabc	POK,pNOK,pPOK|P:abdx	add	POK,pIOK,pNOK,pPOK|P:abdx
sabc	POK,pNOK,pPOK|P:abdx	bors	POK,pIOK,pNOK,pPOK|P:abdx
sabc	POK,pNOK,pPOK|P:abdx	cat0	POK,pNOK,pPOK|P:abdx
sabc	POK,pNOK,pPOK|P:abdx	catx	POK,pNOK,pPOK|P:abdxx
sabc	POK,pNOK,pPOK|P:abdx	copy	POK,pNOK,pPOK|P:abdx
sabc	POK,pNOK,pPOK|P:abdx	dec	NOK,pNOK|N:-1
sabc	POK,pNOK,pPOK|P:abdx	fbors	POK,pNOK,pPOK|P:abdx
sabc	POK,pNOK,pPOK|P:abdx	inc	NOK,pNOK|N:1
sabc	POK,pNOK,pPOK|P:abdx	iv	POK,pIOK,pNOK,pPOK|P:abdx
sabc	POK,pNOK,pPOK|P:abdx	nv	POK,pNOK,pPOK|P:abdx
sabc	POK,pNOK,pPOK|P:abdx	rng	POK,pIOK,pNOK,pPOK|P:abdx
sabc	POK,pNOK,pPOK|P:abdx	str	POK,pNOK,pPOK|P:abdx
sabc	POK,pNOK,pPOK|P:abdx	utf8	POK,pNOK,pPOK,UTF8|P:abdx
sabc	POK,pNOK,pPOK|P:abe	add	POK,pIOK,pNOK,pPOK|P:abe
sabc	POK,pNOK,pPOK|P:abe	bors	POK,pIOK,pNOK,pPOK|P:abe
sabc	POK,pNOK,pPOK|P:abe	cat0	POK,pNOK,pPOK|P:abe
sabc	POK,pNOK,pPOK|P:abe	catx	POK,pNOK,pPOK|P:abex
sabc	POK,pNOK,pPOK|P:abe	copy	POK,pNOK,pPOK|P:abe
sabc	POK,pNOK,pPOK|P:abe	dec	NOK,pNOK|N:-1
sabc	POK,pNOK,pPOK|P:abe	fbors	POK,pNOK,pPOK|P:abe
sabc	POK,pNOK,pPOK|P:abe	inc	NOK,pNOK|N:1
sabc	POK,pNOK,pPOK|P:abe	iv	POK,pIOK,pNOK,pPOK|P:abe
sabc	POK,pNOK,pPOK|P:abe	nv	POK,pNOK,pPOK|P:abe
sabc	POK,pNOK,pPOK|P:abe	rng	POK,pIOK,pNOK,pPOK|P:abe
sabc	POK,pNOK,pPOK|P:abe	str	POK,pNOK,pPOK|P:abe
sabc	POK,pNOK,pPOK|P:abe	utf8	POK,pNOK,pPOK,UTF8|P:abe
sabc	POK,pPOK,UTF8|P:-1	add	IOK,POK,pIOK,pPOK,UTF8|P:-1
sabc	POK,pPOK,UTF8|P:-1	bors	POK,pPOK,UTF8|P:-1
sabc	POK,pPOK,UTF8|P:-1	cat0	POK,pPOK,UTF8|P:-1
sabc	POK,pPOK,UTF8|P:-1	catx	POK,pPOK,UTF8|P:-1x
sabc	POK,pPOK,UTF8|P:-1	copy	POK,pPOK,UTF8|P:-1
sabc	POK,pPOK,UTF8|P:-1	dec	IOK,pIOK|N:-2
sabc	POK,pPOK,UTF8|P:-1	fbors	POK,pPOK,UTF8|P:-1
sabc	POK,pPOK,UTF8|P:-1	inc	IOK,pIOK|N:0
sabc	POK,pPOK,UTF8|P:-1	iv	IOK,POK,pIOK,pPOK,UTF8|P:-1
sabc	POK,pPOK,UTF8|P:-1	nv	NOK,POK,pNOK,pPOK,UTF8|P:-1
sabc	POK,pPOK,UTF8|P:-1	rng	IOK,NOK,POK,pIOK,pNOK,pPOK,UTF8|P:-1
sabc	POK,pPOK,UTF8|P:-1	str	POK,pPOK,UTF8|P:-1
sabc	POK,pPOK,UTF8|P:-1	utf8	POK,pPOK,UTF8|P:-1
sabc	POK,pPOK,UTF8|P:-1x	add	POK,pIOK,pNOK,pPOK,UTF8|P:-1x
sabc	POK,pPOK,UTF8|P:-1x	bors	POK,pPOK,UTF8|P:-1x
sabc	POK,pPOK,UTF8|P:-1x	cat0	POK,pPOK,UTF8|P:-1x
sabc	POK,pPOK,UTF8|P:-1x	catx	POK,pPOK,UTF8|P:-1xx
sabc	POK,pPOK,UTF8|P:-1x	copy	POK,pPOK,UTF8|P:-1x
sabc	POK,pPOK,UTF8|P:-1x	dec	NOK,pNOK|N:-2
sabc	POK,pPOK,UTF8|P:-1x	fbors	POK,pPOK,UTF8|P:-1x
sabc	POK,pPOK,UTF8|P:-1x	inc	NOK,pNOK|N:0
sabc	POK,pPOK,UTF8|P:-1x	iv	POK,pIOK,pNOK,pPOK,UTF8|P:-1x
sabc	POK,pPOK,UTF8|P:-1x	nv	POK,pNOK,pPOK,UTF8|P:-1x
sabc	POK,pPOK,UTF8|P:-1x	rng	POK,pPOK,UTF8|P:-1x
sabc	POK,pPOK,UTF8|P:-1x	str	POK,pPOK,UTF8|P:-1x
sabc	POK,pPOK,UTF8|P:-1x	utf8	POK,pPOK,UTF8|P:-1x
sabc	POK,pPOK,UTF8|P:-2	add	IOK,POK,pIOK,pPOK,UTF8|P:-2
sabc	POK,pPOK,UTF8|P:-2	bors	POK,pPOK,UTF8|P:-2
sabc	POK,pPOK,UTF8|P:-2	cat0	POK,pPOK,UTF8|P:-2
sabc	POK,pPOK,UTF8|P:-2	catx	POK,pPOK,UTF8|P:-2x
sabc	POK,pPOK,UTF8|P:-2	copy	POK,pPOK,UTF8|P:-2
sabc	POK,pPOK,UTF8|P:-2	dec	IOK,pIOK|N:-3
sabc	POK,pPOK,UTF8|P:-2	fbors	POK,pPOK,UTF8|P:-2
sabc	POK,pPOK,UTF8|P:-2	inc	IOK,pIOK|N:-1
sabc	POK,pPOK,UTF8|P:-2	iv	IOK,POK,pIOK,pPOK,UTF8|P:-2
sabc	POK,pPOK,UTF8|P:-2	nv	NOK,POK,pNOK,pPOK,UTF8|P:-2
sabc	POK,pPOK,UTF8|P:-2	rng	IOK,NOK,POK,pIOK,pNOK,pPOK,UTF8|P:-2
sabc	POK,pPOK,UTF8|P:-2	str	POK,pPOK,UTF8|P:-2
sabc	POK,pPOK,UTF8|P:-2	utf8	POK,pPOK,UTF8|P:-2
sabc	POK,pPOK,UTF8|P:0	add	IOK,POK,pIOK,pPOK,UTF8|P:0
sabc	POK,pPOK,UTF8|P:0	bors	POK,pPOK,UTF8|P:0
sabc	POK,pPOK,UTF8|P:0	cat0	POK,pPOK,UTF8|P:0
sabc	POK,pPOK,UTF8|P:0	catx	POK,pPOK,UTF8|P:0x
sabc	POK,pPOK,UTF8|P:0	copy	POK,pPOK,UTF8|P:0
sabc	POK,pPOK,UTF8|P:0	dec	IOK,pIOK|N:-1
sabc	POK,pPOK,UTF8|P:0	fbors	POK,pPOK,UTF8|P:0
sabc	POK,pPOK,UTF8|P:0	inc	POK,pPOK,UTF8|P:1
sabc	POK,pPOK,UTF8|P:0	iv	IOK,POK,pIOK,pPOK,UTF8|P:0
sabc	POK,pPOK,UTF8|P:0	nv	NOK,POK,pNOK,pPOK,UTF8|P:0
sabc	POK,pPOK,UTF8|P:0	rng	IOK,NOK,POK,pIOK,pNOK,pPOK,UTF8|P:0
sabc	POK,pPOK,UTF8|P:0	str	POK,pPOK,UTF8|P:0
sabc	POK,pPOK,UTF8|P:0	utf8	POK,pPOK,UTF8|P:0
sabc	POK,pPOK,UTF8|P:1	add	IOK,POK,pIOK,pPOK,UTF8|P:1
sabc	POK,pPOK,UTF8|P:1	bors	POK,pPOK,UTF8|P:1
sabc	POK,pPOK,UTF8|P:1	cat0	POK,pPOK,UTF8|P:1
sabc	POK,pPOK,UTF8|P:1	catx	POK,pPOK,UTF8|P:1x
sabc	POK,pPOK,UTF8|P:1	copy	POK,pPOK,UTF8|P:1
sabc	POK,pPOK,UTF8|P:1	dec	IOK,pIOK|N:0
sabc	POK,pPOK,UTF8|P:1	fbors	POK,pPOK,UTF8|P:1
sabc	POK,pPOK,UTF8|P:1	inc	POK,pPOK,UTF8|P:2
sabc	POK,pPOK,UTF8|P:1	iv	IOK,POK,pIOK,pPOK,UTF8|P:1
sabc	POK,pPOK,UTF8|P:1	nv	NOK,POK,pNOK,pPOK,UTF8|P:1
sabc	POK,pPOK,UTF8|P:1	rng	IOK,NOK,POK,pIOK,pNOK,pPOK,UTF8|P:1
sabc	POK,pPOK,UTF8|P:1	str	POK,pPOK,UTF8|P:1
sabc	POK,pPOK,UTF8|P:1	utf8	POK,pPOK,UTF8|P:1
sabc	POK,pPOK,UTF8|P:abc	add	POK,pIOK,pNOK,pPOK,UTF8|P:abc
sabc	POK,pPOK,UTF8|P:abc	bors	POK,pPOK,UTF8|P:abc
sabc	POK,pPOK,UTF8|P:abc	cat0	POK,pPOK,UTF8|P:abc
sabc	POK,pPOK,UTF8|P:abc	catx	POK,pPOK,UTF8|P:abcx
sabc	POK,pPOK,UTF8|P:abc	copy	POK,pPOK,UTF8|P:abc
sabc	POK,pPOK,UTF8|P:abc	dec	NOK,pNOK|N:-1
sabc	POK,pPOK,UTF8|P:abc	fbors	POK,pPOK,UTF8|P:abc
sabc	POK,pPOK,UTF8|P:abc	inc	POK,pPOK,UTF8|P:abd
sabc	POK,pPOK,UTF8|P:abc	iv	POK,pIOK,pNOK,pPOK,UTF8|P:abc
sabc	POK,pPOK,UTF8|P:abc	nv	POK,pNOK,pPOK,UTF8|P:abc
sabc	POK,pPOK,UTF8|P:abc	rng	POK,pPOK,UTF8|P:abc
sabc	POK,pPOK,UTF8|P:abc	str	POK,pPOK,UTF8|P:abc
sabc	POK,pPOK,UTF8|P:abc	utf8	POK,pPOK,UTF8|P:abc
sabc	POK,pPOK,UTF8|P:abcx	add	POK,pIOK,pNOK,pPOK,UTF8|P:abcx
sabc	POK,pPOK,UTF8|P:abcx	bors	POK,pPOK,UTF8|P:abcx
sabc	POK,pPOK,UTF8|P:abcx	cat0	POK,pPOK,UTF8|P:abcx
sabc	POK,pPOK,UTF8|P:abcx	catx	POK,pPOK,UTF8|P:abcxx
sabc	POK,pPOK,UTF8|P:abcx	copy	POK,pPOK,UTF8|P:abcx
sabc	POK,pPOK,UTF8|P:abcx	dec	NOK,pNOK|N:-1
sabc	POK,pPOK,UTF8|P:abcx	fbors	POK,pPOK,UTF8|P:abcx
sabc	POK,pPOK,UTF8|P:abcx	inc	POK,pPOK,UTF8|P:abcy
sabc	POK,pPOK,UTF8|P:abcx	iv	POK,pIOK,pNOK,pPOK,UTF8|P:abcx
sabc	POK,pPOK,UTF8|P:abcx	nv	POK,pNOK,pPOK,UTF8|P:abcx
sabc	POK,pPOK,UTF8|P:abcx	rng	POK,pPOK,UTF8|P:abcx
sabc	POK,pPOK,UTF8|P:abcx	str	POK,pPOK,UTF8|P:abcx
sabc	POK,pPOK,UTF8|P:abcx	utf8	POK,pPOK,UTF8|P:abcx
sabc	POK,pPOK,UTF8|P:abcxx	add	POK,pIOK,pNOK,pPOK,UTF8|P:abcxx
sabc	POK,pPOK,UTF8|P:abcxx	bors	POK,pPOK,UTF8|P:abcxx
sabc	POK,pPOK,UTF8|P:abcxx	cat0	POK,pPOK,UTF8|P:abcxx
sabc	POK,pPOK,UTF8|P:abcxx	catx	POK,pPOK,UTF8|P:abcxxx
sabc	POK,pPOK,UTF8|P:abcxx	copy	POK,pPOK,UTF8|P:abcxx
sabc	POK,pPOK,UTF8|P:abcxx	dec	NOK,pNOK|N:-1
sabc	POK,pPOK,UTF8|P:abcxx	fbors	POK,pPOK,UTF8|P:abcxx
sabc	POK,pPOK,UTF8|P:abcxx	inc	POK,pPOK,UTF8|P:abcxy
sabc	POK,pPOK,UTF8|P:abcxx	iv	POK,pIOK,pNOK,pPOK,UTF8|P:abcxx
sabc	POK,pPOK,UTF8|P:abcxx	nv	POK,pNOK,pPOK,UTF8|P:abcxx
sabc	POK,pPOK,UTF8|P:abcxx	rng	POK,pPOK,UTF8|P:abcxx
sabc	POK,pPOK,UTF8|P:abcxx	str	POK,pPOK,UTF8|P:abcxx
sabc	POK,pPOK,UTF8|P:abcxx	utf8	POK,pPOK,UTF8|P:abcxx
sabc	POK,pPOK,UTF8|P:abcy	add	POK,pIOK,pNOK,pPOK,UTF8|P:abcy
sabc	POK,pPOK,UTF8|P:abcy	bors	POK,pPOK,UTF8|P:abcy
sabc	POK,pPOK,UTF8|P:abcy	cat0	POK,pPOK,UTF8|P:abcy
sabc	POK,pPOK,UTF8|P:abcy	catx	POK,pPOK,UTF8|P:abcyx
sabc	POK,pPOK,UTF8|P:abcy	copy	POK,pPOK,UTF8|P:abcy
sabc	POK,pPOK,UTF8|P:abcy	dec	NOK,pNOK|N:-1
sabc	POK,pPOK,UTF8|P:abcy	fbors	POK,pPOK,UTF8|P:abcy
sabc	POK,pPOK,UTF8|P:abcy	inc	POK,pPOK,UTF8|P:abcz
sabc	POK,pPOK,UTF8|P:abcy	iv	POK,pIOK,pNOK,pPOK,UTF8|P:abcy
sabc	POK,pPOK,UTF8|P:abcy	nv	POK,pNOK,pPOK,UTF8|P:abcy
sabc	POK,pPOK,UTF8|P:abcy	rng	POK,pPOK,UTF8|P:abcy
sabc	POK,pPOK,UTF8|P:abcy	str	POK,pPOK,UTF8|P:abcy
sabc	POK,pPOK,UTF8|P:abcy	utf8	POK,pPOK,UTF8|P:abcy
sabc	POK,pPOK,UTF8|P:abd	add	POK,pIOK,pNOK,pPOK,UTF8|P:abd
sabc	POK,pPOK,UTF8|P:abd	bors	POK,pPOK,UTF8|P:abd
sabc	POK,pPOK,UTF8|P:abd	cat0	POK,pPOK,UTF8|P:abd
sabc	POK,pPOK,UTF8|P:abd	catx	POK,pPOK,UTF8|P:abdx
sabc	POK,pPOK,UTF8|P:abd	copy	POK,pPOK,UTF8|P:abd
sabc	POK,pPOK,UTF8|P:abd	dec	NOK,pNOK|N:-1
sabc	POK,pPOK,UTF8|P:abd	fbors	POK,pPOK,UTF8|P:abd
sabc	POK,pPOK,UTF8|P:abd	inc	POK,pPOK,UTF8|P:abe
sabc	POK,pPOK,UTF8|P:abd	iv	POK,pIOK,pNOK,pPOK,UTF8|P:abd
sabc	POK,pPOK,UTF8|P:abd	nv	POK,pNOK,pPOK,UTF8|P:abd
sabc	POK,pPOK,UTF8|P:abd	rng	POK,pPOK,UTF8|P:abd
sabc	POK,pPOK,UTF8|P:abd	str	POK,pPOK,UTF8|P:abd
sabc	POK,pPOK,UTF8|P:abd	utf8	POK,pPOK,UTF8|P:abd
sabc	POK,pPOK,UTF8|P:abdx	add	POK,pIOK,pNOK,pPOK,UTF8|P:abdx
sabc	POK,pPOK,UTF8|P:abdx	bors	POK,pPOK,UTF8|P:abdx
sabc	POK,pPOK,UTF8|P:abdx	cat0	POK,pPOK,UTF8|P:abdx
sabc	POK,pPOK,UTF8|P:abdx	catx	POK,pPOK,UTF8|P:abdxx
sabc	POK,pPOK,UTF8|P:abdx	copy	POK,pPOK,UTF8|P:abdx
sabc	POK,pPOK,UTF8|P:abdx	dec	NOK,pNOK|N:-1
sabc	POK,pPOK,UTF8|P:abdx	fbors	POK,pPOK,UTF8|P:abdx
sabc	POK,pPOK,UTF8|P:abdx	inc	POK,pPOK,UTF8|P:abdy
sabc	POK,pPOK,UTF8|P:abdx	iv	POK,pIOK,pNOK,pPOK,UTF8|P:abdx
sabc	POK,pPOK,UTF8|P:abdx	nv	POK,pNOK,pPOK,UTF8|P:abdx
sabc	POK,pPOK,UTF8|P:abdx	rng	POK,pPOK,UTF8|P:abdx
sabc	POK,pPOK,UTF8|P:abdx	str	POK,pPOK,UTF8|P:abdx
sabc	POK,pPOK,UTF8|P:abdx	utf8	POK,pPOK,UTF8|P:abdx
sabc	POK,pPOK,UTF8|P:abe	add	POK,pIOK,pNOK,pPOK,UTF8|P:abe
sabc	POK,pPOK,UTF8|P:abe	bors	POK,pPOK,UTF8|P:abe
sabc	POK,pPOK,UTF8|P:abe	cat0	POK,pPOK,UTF8|P:abe
sabc	POK,pPOK,UTF8|P:abe	catx	POK,pPOK,UTF8|P:abex
sabc	POK,pPOK,UTF8|P:abe	copy	POK,pPOK,UTF8|P:abe
sabc	POK,pPOK,UTF8|P:abe	dec	NOK,pNOK|N:-1
sabc	POK,pPOK,UTF8|P:abe	fbors	POK,pPOK,UTF8|P:abe
sabc	POK,pPOK,UTF8|P:abe	inc	POK,pPOK,UTF8|P:abf
sabc	POK,pPOK,UTF8|P:abe	iv	POK,pIOK,pNOK,pPOK,UTF8|P:abe
sabc	POK,pPOK,UTF8|P:abe	nv	POK,pNOK,pPOK,UTF8|P:abe
sabc	POK,pPOK,UTF8|P:abe	rng	POK,pPOK,UTF8|P:abe
sabc	POK,pPOK,UTF8|P:abe	str	POK,pPOK,UTF8|P:abe
sabc	POK,pPOK,UTF8|P:abe	utf8	POK,pPOK,UTF8|P:abe
sabc	POK,pPOK|P:-1	add	IOK,POK,pIOK,pPOK|P:-1
sabc	POK,pPOK|P:-1	bors	POK,pPOK|P:-1
sabc	POK,pPOK|P:-1	cat0	POK,pPOK|P:-1
sabc	POK,pPOK|P:-1	catx	POK,pPOK|P:-1x
sabc	POK,pPOK|P:-1	copy	POK,pPOK|P:-1
sabc	POK,pPOK|P:-1	dec	IOK,pIOK|N:-2
sabc	POK,pPOK|P:-1	fbors	POK,pPOK|P:-1
sabc	POK,pPOK|P:-1	inc	IOK,pIOK|N:0
sabc	POK,pPOK|P:-1	iv	IOK,POK,pIOK,pPOK|P:-1
sabc	POK,pPOK|P:-1	nv	NOK,POK,pNOK,pPOK|P:-1
sabc	POK,pPOK|P:-1	rng	IOK,NOK,POK,pIOK,pNOK,pPOK|P:-1
sabc	POK,pPOK|P:-1	str	POK,pPOK|P:-1
sabc	POK,pPOK|P:-1	utf8	POK,pPOK,UTF8|P:-1
sabc	POK,pPOK|P:-1x	add	POK,pIOK,pNOK,pPOK|P:-1x
sabc	POK,pPOK|P:-1x	bors	POK,pPOK|P:-1x
sabc	POK,pPOK|P:-1x	cat0	POK,pPOK|P:-1x
sabc	POK,pPOK|P:-1x	catx	POK,pPOK|P:-1xx
sabc	POK,pPOK|P:-1x	copy	POK,pPOK|P:-1x
sabc	POK,pPOK|P:-1x	dec	NOK,pNOK|N:-2
sabc	POK,pPOK|P:-1x	fbors	POK,pPOK|P:-1x
sabc	POK,pPOK|P:-1x	inc	NOK,pNOK|N:0
sabc	POK,pPOK|P:-1x	iv	POK,pIOK,pNOK,pPOK|P:-1x
sabc	POK,pPOK|P:-1x	nv	POK,pNOK,pPOK|P:-1x
sabc	POK,pPOK|P:-1x	rng	POK,pPOK|P:-1x
sabc	POK,pPOK|P:-1x	str	POK,pPOK|P:-1x
sabc	POK,pPOK|P:-1x	utf8	POK,pPOK,UTF8|P:-1x
sabc	POK,pPOK|P:-1xx	add	POK,pIOK,pNOK,pPOK|P:-1xx
sabc	POK,pPOK|P:-1xx	bors	POK,pPOK|P:-1xx
sabc	POK,pPOK|P:-1xx	cat0	POK,pPOK|P:-1xx
sabc	POK,pPOK|P:-1xx	catx	POK,pPOK|P:-1xxx
sabc	POK,pPOK|P:-1xx	copy	POK,pPOK|P:-1xx
sabc	POK,pPOK|P:-1xx	dec	NOK,pNOK|N:-2
sabc	POK,pPOK|P:-1xx	fbors	POK,pPOK|P:-1xx
sabc	POK,pPOK|P:-1xx	inc	NOK,pNOK|N:0
sabc	POK,pPOK|P:-1xx	iv	POK,pIOK,pNOK,pPOK|P:-1xx
sabc	POK,pPOK|P:-1xx	nv	POK,pNOK,pPOK|P:-1xx
sabc	POK,pPOK|P:-1xx	rng	POK,pPOK|P:-1xx
sabc	POK,pPOK|P:-1xx	str	POK,pPOK|P:-1xx
sabc	POK,pPOK|P:-1xx	utf8	POK,pPOK,UTF8|P:-1xx
sabc	POK,pPOK|P:-2	add	IOK,POK,pIOK,pPOK|P:-2
sabc	POK,pPOK|P:-2	bors	POK,pPOK|P:-2
sabc	POK,pPOK|P:-2	cat0	POK,pPOK|P:-2
sabc	POK,pPOK|P:-2	catx	POK,pPOK|P:-2x
sabc	POK,pPOK|P:-2	copy	POK,pPOK|P:-2
sabc	POK,pPOK|P:-2	dec	IOK,pIOK|N:-3
sabc	POK,pPOK|P:-2	fbors	POK,pPOK|P:-2
sabc	POK,pPOK|P:-2	inc	IOK,pIOK|N:-1
sabc	POK,pPOK|P:-2	iv	IOK,POK,pIOK,pPOK|P:-2
sabc	POK,pPOK|P:-2	nv	NOK,POK,pNOK,pPOK|P:-2
sabc	POK,pPOK|P:-2	rng	IOK,NOK,POK,pIOK,pNOK,pPOK|P:-2
sabc	POK,pPOK|P:-2	str	POK,pPOK|P:-2
sabc	POK,pPOK|P:-2	utf8	POK,pPOK,UTF8|P:-2
sabc	POK,pPOK|P:-2x	add	POK,pIOK,pNOK,pPOK|P:-2x
sabc	POK,pPOK|P:-2x	bors	POK,pPOK|P:-2x
sabc	POK,pPOK|P:-2x	cat0	POK,pPOK|P:-2x
sabc	POK,pPOK|P:-2x	catx	POK,pPOK|P:-2xx
sabc	POK,pPOK|P:-2x	copy	POK,pPOK|P:-2x
sabc	POK,pPOK|P:-2x	dec	NOK,pNOK|N:-3
sabc	POK,pPOK|P:-2x	fbors	POK,pPOK|P:-2x
sabc	POK,pPOK|P:-2x	inc	NOK,pNOK|N:-1
sabc	POK,pPOK|P:-2x	iv	POK,pIOK,pNOK,pPOK|P:-2x
sabc	POK,pPOK|P:-2x	nv	POK,pNOK,pPOK|P:-2x
sabc	POK,pPOK|P:-2x	rng	POK,pPOK|P:-2x
sabc	POK,pPOK|P:-2x	str	POK,pPOK|P:-2x
sabc	POK,pPOK|P:-2x	utf8	POK,pPOK,UTF8|P:-2x
sabc	POK,pPOK|P:0	add	IOK,POK,pIOK,pPOK|P:0
sabc	POK,pPOK|P:0	bors	POK,pPOK|P:0
sabc	POK,pPOK|P:0	cat0	POK,pPOK|P:0
sabc	POK,pPOK|P:0	catx	POK,pPOK|P:0x
sabc	POK,pPOK|P:0	copy	POK,pPOK|P:0
sabc	POK,pPOK|P:0	dec	IOK,pIOK|N:-1
sabc	POK,pPOK|P:0	fbors	POK,pPOK|P:0
sabc	POK,pPOK|P:0	inc	POK,pPOK|P:1
sabc	POK,pPOK|P:0	iv	IOK,POK,pIOK,pPOK|P:0
sabc	POK,pPOK|P:0	nv	NOK,POK,pNOK,pPOK|P:0
sabc	POK,pPOK|P:0	rng	IOK,NOK,POK,pIOK,pNOK,pPOK|P:0
sabc	POK,pPOK|P:0	str	POK,pPOK|P:0
sabc	POK,pPOK|P:0	utf8	POK,pPOK,UTF8|P:0
sabc	POK,pPOK|P:0x	add	POK,pIOK,pNOK,pPOK|P:0x
sabc	POK,pPOK|P:0x	bors	POK,pPOK|P:0x
sabc	POK,pPOK|P:0x	cat0	POK,pPOK|P:0x
sabc	POK,pPOK|P:0x	catx	POK,pPOK|P:0xx
sabc	POK,pPOK|P:0x	copy	POK,pPOK|P:0x
sabc	POK,pPOK|P:0x	dec	NOK,pNOK|N:-1
sabc	POK,pPOK|P:0x	fbors	POK,pPOK|P:0x
sabc	POK,pPOK|P:0x	inc	NOK,pNOK|N:1
sabc	POK,pPOK|P:0x	iv	POK,pIOK,pNOK,pPOK|P:0x
sabc	POK,pPOK|P:0x	nv	POK,pNOK,pPOK|P:0x
sabc	POK,pPOK|P:0x	rng	POK,pPOK|P:0x
sabc	POK,pPOK|P:0x	str	POK,pPOK|P:0x
sabc	POK,pPOK|P:0x	utf8	POK,pPOK,UTF8|P:0x
sabc	POK,pPOK|P:1	add	IOK,POK,pIOK,pPOK|P:1
sabc	POK,pPOK|P:1	bors	POK,pPOK|P:1
sabc	POK,pPOK|P:1	cat0	POK,pPOK|P:1
sabc	POK,pPOK|P:1	catx	POK,pPOK|P:1x
sabc	POK,pPOK|P:1	copy	POK,pPOK|P:1
sabc	POK,pPOK|P:1	dec	IOK,pIOK|N:0
sabc	POK,pPOK|P:1	fbors	POK,pPOK|P:1
sabc	POK,pPOK|P:1	inc	POK,pPOK|P:2
sabc	POK,pPOK|P:1	iv	IOK,POK,pIOK,pPOK|P:1
sabc	POK,pPOK|P:1	nv	NOK,POK,pNOK,pPOK|P:1
sabc	POK,pPOK|P:1	rng	IOK,NOK,POK,pIOK,pNOK,pPOK|P:1
sabc	POK,pPOK|P:1	str	POK,pPOK|P:1
sabc	POK,pPOK|P:1	utf8	POK,pPOK,UTF8|P:1
sabc	POK,pPOK|P:1x	add	POK,pIOK,pNOK,pPOK|P:1x
sabc	POK,pPOK|P:1x	bors	POK,pPOK|P:1x
sabc	POK,pPOK|P:1x	cat0	POK,pPOK|P:1x
sabc	POK,pPOK|P:1x	catx	POK,pPOK|P:1xx
sabc	POK,pPOK|P:1x	copy	POK,pPOK|P:1x
sabc	POK,pPOK|P:1x	dec	NOK,pNOK|N:0
sabc	POK,pPOK|P:1x	fbors	POK,pPOK|P:1x
sabc	POK,pPOK|P:1x	inc	NOK,pNOK|N:2
sabc	POK,pPOK|P:1x	iv	POK,pIOK,pNOK,pPOK|P:1x
sabc	POK,pPOK|P:1x	nv	POK,pNOK,pPOK|P:1x
sabc	POK,pPOK|P:1x	rng	POK,pPOK|P:1x
sabc	POK,pPOK|P:1x	str	POK,pPOK|P:1x
sabc	POK,pPOK|P:1x	utf8	POK,pPOK,UTF8|P:1x
sabc	POK,pPOK|P:abc	add	POK,pIOK,pNOK,pPOK|P:abc
sabc	POK,pPOK|P:abc	bors	POK,pPOK|P:abc
sabc	POK,pPOK|P:abc	cat0	POK,pPOK|P:abc
sabc	POK,pPOK|P:abc	catx	POK,pPOK|P:abcx
sabc	POK,pPOK|P:abc	copy	POK,pPOK|P:abc
sabc	POK,pPOK|P:abc	dec	NOK,pNOK|N:-1
sabc	POK,pPOK|P:abc	fbors	POK,pPOK|P:abc
sabc	POK,pPOK|P:abc	inc	POK,pPOK|P:abd
sabc	POK,pPOK|P:abc	iv	POK,pIOK,pNOK,pPOK|P:abc
sabc	POK,pPOK|P:abc	nv	POK,pNOK,pPOK|P:abc
sabc	POK,pPOK|P:abc	rng	POK,pPOK|P:abc
sabc	POK,pPOK|P:abc	str	POK,pPOK|P:abc
sabc	POK,pPOK|P:abc	utf8	POK,pPOK,UTF8|P:abc
sabc	POK,pPOK|P:abcx	add	POK,pIOK,pNOK,pPOK|P:abcx
sabc	POK,pPOK|P:abcx	bors	POK,pPOK|P:abcx
sabc	POK,pPOK|P:abcx	cat0	POK,pPOK|P:abcx
sabc	POK,pPOK|P:abcx	catx	POK,pPOK|P:abcxx
sabc	POK,pPOK|P:abcx	copy	POK,pPOK|P:abcx
sabc	POK,pPOK|P:abcx	dec	NOK,pNOK|N:-1
sabc	POK,pPOK|P:abcx	fbors	POK,pPOK|P:abcx
sabc	POK,pPOK|P:abcx	inc	POK,pPOK|P:abcy
sabc	POK,pPOK|P:abcx	iv	POK,pIOK,pNOK,pPOK|P:abcx
sabc	POK,pPOK|P:abcx	nv	POK,pNOK,pPOK|P:abcx
sabc	POK,pPOK|P:abcx	rng	POK,pPOK|P:abcx
sabc	POK,pPOK|P:abcx	str	POK,pPOK|P:abcx
sabc	POK,pPOK|P:abcx	utf8	POK,pPOK,UTF8|P:abcx
sabc	POK,pPOK|P:abcxx	add	POK,pIOK,pNOK,pPOK|P:abcxx
sabc	POK,pPOK|P:abcxx	bors	POK,pPOK|P:abcxx
sabc	POK,pPOK|P:abcxx	cat0	POK,pPOK|P:abcxx
sabc	POK,pPOK|P:abcxx	catx	POK,pPOK|P:abcxxx
sabc	POK,pPOK|P:abcxx	copy	POK,pPOK|P:abcxx
sabc	POK,pPOK|P:abcxx	dec	NOK,pNOK|N:-1
sabc	POK,pPOK|P:abcxx	fbors	POK,pPOK|P:abcxx
sabc	POK,pPOK|P:abcxx	inc	POK,pPOK|P:abcxy
sabc	POK,pPOK|P:abcxx	iv	POK,pIOK,pNOK,pPOK|P:abcxx
sabc	POK,pPOK|P:abcxx	nv	POK,pNOK,pPOK|P:abcxx
sabc	POK,pPOK|P:abcxx	rng	POK,pPOK|P:abcxx
sabc	POK,pPOK|P:abcxx	str	POK,pPOK|P:abcxx
sabc	POK,pPOK|P:abcxx	utf8	POK,pPOK,UTF8|P:abcxx
sabc	POK,pPOK|P:abcxxx	add	POK,pIOK,pNOK,pPOK|P:abcxxx
sabc	POK,pPOK|P:abcxxx	bors	POK,pPOK|P:abcxxx
sabc	POK,pPOK|P:abcxxx	cat0	POK,pPOK|P:abcxxx
sabc	POK,pPOK|P:abcxxx	catx	POK,pPOK|P:abcxxxx
sabc	POK,pPOK|P:abcxxx	copy	POK,pPOK|P:abcxxx
sabc	POK,pPOK|P:abcxxx	dec	NOK,pNOK|N:-1
sabc	POK,pPOK|P:abcxxx	fbors	POK,pPOK|P:abcxxx
sabc	POK,pPOK|P:abcxxx	inc	POK,pPOK|P:abcxxy
sabc	POK,pPOK|P:abcxxx	iv	POK,pIOK,pNOK,pPOK|P:abcxxx
sabc	POK,pPOK|P:abcxxx	nv	POK,pNOK,pPOK|P:abcxxx
sabc	POK,pPOK|P:abcxxx	rng	POK,pPOK|P:abcxxx
sabc	POK,pPOK|P:abcxxx	str	POK,pPOK|P:abcxxx
sabc	POK,pPOK|P:abcxxx	utf8	POK,pPOK,UTF8|P:abcxxx
sabc	POK,pPOK|P:abcxy	add	POK,pIOK,pNOK,pPOK|P:abcxy
sabc	POK,pPOK|P:abcxy	bors	POK,pPOK|P:abcxy
sabc	POK,pPOK|P:abcxy	cat0	POK,pPOK|P:abcxy
sabc	POK,pPOK|P:abcxy	catx	POK,pPOK|P:abcxyx
sabc	POK,pPOK|P:abcxy	copy	POK,pPOK|P:abcxy
sabc	POK,pPOK|P:abcxy	dec	NOK,pNOK|N:-1
sabc	POK,pPOK|P:abcxy	fbors	POK,pPOK|P:abcxy
sabc	POK,pPOK|P:abcxy	inc	POK,pPOK|P:abcxz
sabc	POK,pPOK|P:abcxy	iv	POK,pIOK,pNOK,pPOK|P:abcxy
sabc	POK,pPOK|P:abcxy	nv	POK,pNOK,pPOK|P:abcxy
sabc	POK,pPOK|P:abcxy	rng	POK,pPOK|P:abcxy
sabc	POK,pPOK|P:abcxy	str	POK,pPOK|P:abcxy
sabc	POK,pPOK|P:abcxy	utf8	POK,pPOK,UTF8|P:abcxy
sabc	POK,pPOK|P:abcy	add	POK,pIOK,pNOK,pPOK|P:abcy
sabc	POK,pPOK|P:abcy	bors	POK,pPOK|P:abcy
sabc	POK,pPOK|P:abcy	cat0	POK,pPOK|P:abcy
sabc	POK,pPOK|P:abcy	catx	POK,pPOK|P:abcyx
sabc	POK,pPOK|P:abcy	copy	POK,pPOK|P:abcy
sabc	POK,pPOK|P:abcy	dec	NOK,pNOK|N:-1
sabc	POK,pPOK|P:abcy	fbors	POK,pPOK|P:abcy
sabc	POK,pPOK|P:abcy	inc	POK,pPOK|P:abcz
sabc	POK,pPOK|P:abcy	iv	POK,pIOK,pNOK,pPOK|P:abcy
sabc	POK,pPOK|P:abcy	nv	POK,pNOK,pPOK|P:abcy
sabc	POK,pPOK|P:abcy	rng	POK,pPOK|P:abcy
sabc	POK,pPOK|P:abcy	str	POK,pPOK|P:abcy
sabc	POK,pPOK|P:abcy	utf8	POK,pPOK,UTF8|P:abcy
sabc	POK,pPOK|P:abcyx	add	POK,pIOK,pNOK,pPOK|P:abcyx
sabc	POK,pPOK|P:abcyx	bors	POK,pPOK|P:abcyx
sabc	POK,pPOK|P:abcyx	cat0	POK,pPOK|P:abcyx
sabc	POK,pPOK|P:abcyx	catx	POK,pPOK|P:abcyxx
sabc	POK,pPOK|P:abcyx	copy	POK,pPOK|P:abcyx
sabc	POK,pPOK|P:abcyx	dec	NOK,pNOK|N:-1
sabc	POK,pPOK|P:abcyx	fbors	POK,pPOK|P:abcyx
sabc	POK,pPOK|P:abcyx	inc	POK,pPOK|P:abcyy
sabc	POK,pPOK|P:abcyx	iv	POK,pIOK,pNOK,pPOK|P:abcyx
sabc	POK,pPOK|P:abcyx	nv	POK,pNOK,pPOK|P:abcyx
sabc	POK,pPOK|P:abcyx	rng	POK,pPOK|P:abcyx
sabc	POK,pPOK|P:abcyx	str	POK,pPOK|P:abcyx
sabc	POK,pPOK|P:abcyx	utf8	POK,pPOK,UTF8|P:abcyx
sabc	POK,pPOK|P:abcz	add	POK,pIOK,pNOK,pPOK|P:abcz
sabc	POK,pPOK|P:abcz	bors	POK,pPOK|P:abcz
sabc	POK,pPOK|P:abcz	cat0	POK,pPOK|P:abcz
sabc	POK,pPOK|P:abcz	catx	POK,pPOK|P:abczx
sabc	POK,pPOK|P:abcz	copy	POK,pPOK|P:abcz
sabc	POK,pPOK|P:abcz	dec	NOK,pNOK|N:-1
sabc	POK,pPOK|P:abcz	fbors	POK,pPOK|P:abcz
sabc	POK,pPOK|P:abcz	inc	POK,pPOK|P:abda
sabc	POK,pPOK|P:abcz	iv	POK,pIOK,pNOK,pPOK|P:abcz
sabc	POK,pPOK|P:abcz	nv	POK,pNOK,pPOK|P:abcz
sabc	POK,pPOK|P:abcz	rng	POK,pPOK|P:abcz
sabc	POK,pPOK|P:abcz	str	POK,pPOK|P:abcz
sabc	POK,pPOK|P:abcz	utf8	POK,pPOK,UTF8|P:abcz
sabc	POK,pPOK|P:abd	add	POK,pIOK,pNOK,pPOK|P:abd
sabc	POK,pPOK|P:abd	bors	POK,pPOK|P:abd
sabc	POK,pPOK|P:abd	cat0	POK,pPOK|P:abd
sabc	POK,pPOK|P:abd	catx	POK,pPOK|P:abdx
sabc	POK,pPOK|P:abd	copy	POK,pPOK|P:abd
sabc	POK,pPOK|P:abd	dec	NOK,pNOK|N:-1
sabc	POK,pPOK|P:abd	fbors	POK,pPOK|P:abd
sabc	POK,pPOK|P:abd	inc	POK,pPOK|P:abe
sabc	POK,pPOK|P:abd	iv	POK,pIOK,pNOK,pPOK|P:abd
sabc	POK,pPOK|P:abd	nv	POK,pNOK,pPOK|P:abd
sabc	POK,pPOK|P:abd	rng	POK,pPOK|P:abd
sabc	POK,pPOK|P:abd	str	POK,pPOK|P:abd
sabc	POK,pPOK|P:abd	utf8	POK,pPOK,UTF8|P:abd
sabc	POK,pPOK|P:abdx	add	POK,pIOK,pNOK,pPOK|P:abdx
sabc	POK,pPOK|P:abdx	bors	POK,pPOK|P:abdx
sabc	POK,pPOK|P:abdx	cat0	POK,pPOK|P:abdx
sabc	POK,pPOK|P:abdx	catx	POK,pPOK|P:abdxx
sabc	POK,pPOK|P:abdx	copy	POK,pPOK|P:abdx
sabc	POK,pPOK|P:abdx	dec	NOK,pNOK|N:-1
sabc	POK,pPOK|P:abdx	fbors	POK,pPOK|P:abdx
sabc	POK,pPOK|P:abdx	inc	POK,pPOK|P:abdy
sabc	POK,pPOK|P:abdx	iv	POK,pIOK,pNOK,pPOK|P:abdx
sabc	POK,pPOK|P:abdx	nv	POK,pNOK,pPOK|P:abdx
sabc	POK,pPOK|P:abdx	rng	POK,pPOK|P:abdx
sabc	POK,pPOK|P:abdx	str	POK,pPOK|P:abdx
sabc	POK,pPOK|P:abdx	utf8	POK,pPOK,UTF8|P:abdx
sabc	POK,pPOK|P:abdxx	add	POK,pIOK,pNOK,pPOK|P:abdxx
sabc	POK,pPOK|P:abdxx	bors	POK,pPOK|P:abdxx
sabc	POK,pPOK|P:abdxx	cat0	POK,pPOK|P:abdxx
sabc	POK,pPOK|P:abdxx	catx	POK,pPOK|P:abdxxx
sabc	POK,pPOK|P:abdxx	copy	POK,pPOK|P:abdxx
sabc	POK,pPOK|P:abdxx	dec	NOK,pNOK|N:-1
sabc	POK,pPOK|P:abdxx	fbors	POK,pPOK|P:abdxx
sabc	POK,pPOK|P:abdxx	inc	POK,pPOK|P:abdxy
sabc	POK,pPOK|P:abdxx	iv	POK,pIOK,pNOK,pPOK|P:abdxx
sabc	POK,pPOK|P:abdxx	nv	POK,pNOK,pPOK|P:abdxx
sabc	POK,pPOK|P:abdxx	rng	POK,pPOK|P:abdxx
sabc	POK,pPOK|P:abdxx	str	POK,pPOK|P:abdxx
sabc	POK,pPOK|P:abdxx	utf8	POK,pPOK,UTF8|P:abdxx
sabc	POK,pPOK|P:abdy	add	POK,pIOK,pNOK,pPOK|P:abdy
sabc	POK,pPOK|P:abdy	bors	POK,pPOK|P:abdy
sabc	POK,pPOK|P:abdy	cat0	POK,pPOK|P:abdy
sabc	POK,pPOK|P:abdy	catx	POK,pPOK|P:abdyx
sabc	POK,pPOK|P:abdy	copy	POK,pPOK|P:abdy
sabc	POK,pPOK|P:abdy	dec	NOK,pNOK|N:-1
sabc	POK,pPOK|P:abdy	fbors	POK,pPOK|P:abdy
sabc	POK,pPOK|P:abdy	inc	POK,pPOK|P:abdz
sabc	POK,pPOK|P:abdy	iv	POK,pIOK,pNOK,pPOK|P:abdy
sabc	POK,pPOK|P:abdy	nv	POK,pNOK,pPOK|P:abdy
sabc	POK,pPOK|P:abdy	rng	POK,pPOK|P:abdy
sabc	POK,pPOK|P:abdy	str	POK,pPOK|P:abdy
sabc	POK,pPOK|P:abdy	utf8	POK,pPOK,UTF8|P:abdy
sabc	POK,pPOK|P:abe	add	POK,pIOK,pNOK,pPOK|P:abe
sabc	POK,pPOK|P:abe	bors	POK,pPOK|P:abe
sabc	POK,pPOK|P:abe	cat0	POK,pPOK|P:abe
sabc	POK,pPOK|P:abe	catx	POK,pPOK|P:abex
sabc	POK,pPOK|P:abe	copy	POK,pPOK|P:abe
sabc	POK,pPOK|P:abe	dec	NOK,pNOK|N:-1
sabc	POK,pPOK|P:abe	fbors	POK,pPOK|P:abe
sabc	POK,pPOK|P:abe	inc	POK,pPOK|P:abf
sabc	POK,pPOK|P:abe	iv	POK,pIOK,pNOK,pPOK|P:abe
sabc	POK,pPOK|P:abe	nv	POK,pNOK,pPOK|P:abe
sabc	POK,pPOK|P:abe	rng	POK,pPOK|P:abe
sabc	POK,pPOK|P:abe	str	POK,pPOK|P:abe
sabc	POK,pPOK|P:abe	utf8	POK,pPOK,UTF8|P:abe
sabc	POK,pPOK|P:abex	add	POK,pIOK,pNOK,pPOK|P:abex
sabc	POK,pPOK|P:abex	bors	POK,pPOK|P:abex
sabc	POK,pPOK|P:abex	cat0	POK,pPOK|P:abex
sabc	POK,pPOK|P:abex	catx	POK,pPOK|P:abexx
sabc	POK,pPOK|P:abex	copy	POK,pPOK|P:abex
sabc	POK,pPOK|P:abex	dec	NOK,pNOK|N:-1
sabc	POK,pPOK|P:abex	fbors	POK,pPOK|P:abex
sabc	POK,pPOK|P:abex	inc	POK,pPOK|P:abey
sabc	POK,pPOK|P:abex	iv	POK,pIOK,pNOK,pPOK|P:abex
sabc	POK,pPOK|P:abex	nv	POK,pNOK,pPOK|P:abex
sabc	POK,pPOK|P:abex	rng	POK,pPOK|P:abex
sabc	POK,pPOK|P:abex	str	POK,pPOK|P:abex
sabc	POK,pPOK|P:abex	utf8	POK,pPOK,UTF8|P:abex
sabc	POK,pPOK|P:abf	add	POK,pIOK,pNOK,pPOK|P:abf
sabc	POK,pPOK|P:abf	bors	POK,pPOK|P:abf
sabc	POK,pPOK|P:abf	cat0	POK,pPOK|P:abf
sabc	POK,pPOK|P:abf	catx	POK,pPOK|P:abfx
sabc	POK,pPOK|P:abf	copy	POK,pPOK|P:abf
sabc	POK,pPOK|P:abf	dec	NOK,pNOK|N:-1
sabc	POK,pPOK|P:abf	fbors	POK,pPOK|P:abf
sabc	POK,pPOK|P:abf	inc	POK,pPOK|P:abg
sabc	POK,pPOK|P:abf	iv	POK,pIOK,pNOK,pPOK|P:abf
sabc	POK,pPOK|P:abf	nv	POK,pNOK,pPOK|P:abf
sabc	POK,pPOK|P:abf	rng	POK,pPOK|P:abf
sabc	POK,pPOK|P:abf	str	POK,pPOK|P:abf
sabc	POK,pPOK|P:abf	utf8	POK,pPOK,UTF8|P:abf
